labID,participantID,birthyear,sex,residence_country,country_of_origin,instrument,instrument_training,musical_level,musical_training_year,music_hour,group_singing,group_singing_year,solo_vocal,solo_vocal_year,met_score,final_rating,response_f_rel,response_f_rel_st,stimuli_direction,response_dir,response_f,correct,recovered_f0,delta_t,delta_f,delta_f_raw,delta_f_raw_st,language_name_1,language_name_2,language_name_3,overall_fluency_1,overall_fluency_2,overall_fluency_3,age_of_acquisition_onset_1,age_of_acquisition_onset_2,age_of_acquisition_onset_3,listening_1,listening_2,listening_3,speaking_1,speaking_2,speaking_3,reading_1,reading_2,reading_3,writing_1,writing_2,writing_3
unknown_lab,aqmw,2007,male,United Kingdom,United Kingdom,TRUE,TRUE,intermediate,3,14,TRUE,1,FALSE,NA,38,12,5,0.5676685773402819,p,h,155,1,0.125,40,40,40,4.092443014020803,English,Polish,NA,1,1,NA,0,0,NA,1,1,NA,1,1,NA,1,1,NA,1,1,NA
unknown_lab,aqmw,2007,male,United Kingdom,United Kingdom,TRUE,TRUE,intermediate,3,14,TRUE,1,FALSE,NA,38,11,0,0,p,m,150,0,0,100,10,10,1.1173128526977774,English,Polish,NA,1,1,NA,0,0,NA,1,1,NA,1,1,NA,1,1,NA,1,1,NA
unknown_lab,aqmw,2007,male,United Kingdom,United Kingdom,TRUE,TRUE,intermediate,3,14,TRUE,1,FALSE,NA,38,11,0,0,0,m,150,1,NA,20,0,-0,0,English,Polish,NA,1,1,NA,0,0,NA,1,1,NA,1,1,NA,1,1,NA,1,1,NA
unknown_lab,aqmw,2007,male,United Kingdom,United Kingdom,TRUE,TRUE,intermediate,3,14,TRUE,1,FALSE,NA,38,12,5,0.5676685773402819,p,h,155,1,0.25,140,20,20,2.16686694770185,English,Polish,NA,1,1,NA,0,0,NA,1,1,NA,1,1,NA,1,1,NA,1,1,NA
unknown_lab,aqmw,2007,male,United Kingdom,United Kingdom,TRUE,TRUE,intermediate,3,14,TRUE,1,FALSE,NA,38,11,0,0,p,m,150,0,0,80,30,30,3.1564128700055254,English,Polish,NA,1,1,NA,0,0,NA,1,1,NA,1,1,NA,1,1,NA,1,1,NA
unknown_lab,aqmw,2007,male,United Kingdom,United Kingdom,TRUE,TRUE,intermediate,3,14,TRUE,1,FALSE,NA,38,12,5,0.5676685773402819,p,h,155,1,0.125,140,40,40,4.092443014020803,English,Polish,NA,1,1,NA,0,0,NA,1,1,NA,1,1,NA,1,1,NA,1,1,NA
unknown_lab,aqmw,2007,male,United Kingdom,United Kingdom,TRUE,TRUE,intermediate,3,14,TRUE,1,FALSE,NA,38,12,5,0.5676685773402819,p,h,155,1,0.16666666666666666,140,30,30,3.1564128700055254,English,Polish,NA,1,1,NA,0,0,NA,1,1,NA,1,1,NA,1,1,NA,1,1,NA
unknown_lab,aqmw,2007,male,United Kingdom,United Kingdom,TRUE,TRUE,intermediate,3,14,TRUE,1,FALSE,NA,38,10,-5,-0.5869152057713568,n,l,145,1,0.16666666666666666,100,30,-30,-3.8631371386483475,English,Polish,NA,1,1,NA,0,0,NA,1,1,NA,1,1,NA,1,1,NA,1,1,NA
unknown_lab,aqmw,2007,male,United Kingdom,United Kingdom,TRUE,TRUE,intermediate,3,14,TRUE,1,FALSE,NA,38,11,0,0,0,m,150,1,NA,80,0,-0,0,English,Polish,NA,1,1,NA,0,0,NA,1,1,NA,1,1,NA,1,1,NA,1,1,NA
unknown_lab,aqmw,2007,male,United Kingdom,United Kingdom,TRUE,TRUE,intermediate,3,14,TRUE,1,FALSE,NA,38,11,0,0,n,m,150,0,-0,40,10,-10,-1.1944280826109728,English,Polish,NA,1,1,NA,0,0,NA,1,1,NA,1,1,NA,1,1,NA,1,1,NA
unknown_lab,aqmw,2007,male,United Kingdom,United Kingdom,TRUE,TRUE,intermediate,3,14,TRUE,1,FALSE,NA,38,11,0,0,p,m,150,0,0,20,30,30,3.1564128700055254,English,Polish,NA,1,1,NA,0,0,NA,1,1,NA,1,1,NA,1,1,NA,1,1,NA
unknown_lab,aqmw,2007,male,United Kingdom,United Kingdom,TRUE,TRUE,intermediate,3,14,TRUE,1,FALSE,NA,38,10,-5,-0.5869152057713568,n,l,145,1,0.25,120,20,-20,-2.477410529609116,English,Polish,NA,1,1,NA,0,0,NA,1,1,NA,1,1,NA,1,1,NA,1,1,NA
unknown_lab,aqmw,2007,male,United Kingdom,United Kingdom,TRUE,TRUE,intermediate,3,14,TRUE,1,FALSE,NA,38,12,5,0.5676685773402819,p,h,155,1,0.5,120,10,10,1.1173128526977774,English,Polish,NA,1,1,NA,0,0,NA,1,1,NA,1,1,NA,1,1,NA,1,1,NA
unknown_lab,aqmw,2007,male,United Kingdom,United Kingdom,TRUE,TRUE,intermediate,3,14,TRUE,1,FALSE,NA,38,12,5,0.5676685773402819,n,h,155,0,-0.25,100,20,-20,-2.477410529609116,English,Polish,NA,1,1,NA,0,0,NA,1,1,NA,1,1,NA,1,1,NA,1,1,NA
unknown_lab,aqmw,2007,male,United Kingdom,United Kingdom,TRUE,TRUE,intermediate,3,14,TRUE,1,FALSE,NA,38,12,5,0.5676685773402819,p,h,155,1,0.25,120,20,20,2.16686694770185,English,Polish,NA,1,1,NA,0,0,NA,1,1,NA,1,1,NA,1,1,NA,1,1,NA
unknown_lab,aqmw,2007,male,United Kingdom,United Kingdom,TRUE,TRUE,intermediate,3,14,TRUE,1,FALSE,NA,38,11,0,0,p,m,150,0,0,60,20,20,2.16686694770185,English,Polish,NA,1,1,NA,0,0,NA,1,1,NA,1,1,NA,1,1,NA,1,1,NA
unknown_lab,aqmw,2007,male,United Kingdom,United Kingdom,TRUE,TRUE,intermediate,3,14,TRUE,1,FALSE,NA,38,13,10,1.1173128526977774,p,h,160,1,0.5,20,20,20,2.16686694770185,English,Polish,NA,1,1,NA,0,0,NA,1,1,NA,1,1,NA,1,1,NA,1,1,NA
unknown_lab,aqmw,2007,male,United Kingdom,United Kingdom,TRUE,TRUE,intermediate,3,14,TRUE,1,FALSE,NA,38,12,5,0.5676685773402819,p,h,155,1,0.25,40,20,20,2.16686694770185,English,Polish,NA,1,1,NA,0,0,NA,1,1,NA,1,1,NA,1,1,NA,1,1,NA
unknown_lab,aqmw,2007,male,United Kingdom,United Kingdom,TRUE,TRUE,intermediate,3,14,TRUE,1,FALSE,NA,38,12,5,0.5676685773402819,p,h,155,1,0.125,20,40,40,4.092443014020803,English,Polish,NA,1,1,NA,0,0,NA,1,1,NA,1,1,NA,1,1,NA,1,1,NA
unknown_lab,aqmw,2007,male,United Kingdom,United Kingdom,TRUE,TRUE,intermediate,3,14,TRUE,1,FALSE,NA,38,12,5,0.5676685773402819,p,h,155,1,0.125,100,40,40,4.092443014020803,English,Polish,NA,1,1,NA,0,0,NA,1,1,NA,1,1,NA,1,1,NA,1,1,NA
unknown_lab,aqmw,2007,male,United Kingdom,United Kingdom,TRUE,TRUE,intermediate,3,14,TRUE,1,FALSE,NA,38,12,5,0.5676685773402819,n,h,155,0,-0.5,120,10,-10,-1.1944280826109728,English,Polish,NA,1,1,NA,0,0,NA,1,1,NA,1,1,NA,1,1,NA,1,1,NA
unknown_lab,aqmw,2007,male,United Kingdom,United Kingdom,TRUE,TRUE,intermediate,3,14,TRUE,1,FALSE,NA,38,11,0,0,n,m,150,0,-0,60,40,-40,-5.369507723654657,English,Polish,NA,1,1,NA,0,0,NA,1,1,NA,1,1,NA,1,1,NA,1,1,NA
unknown_lab,aqmw,2007,male,United Kingdom,United Kingdom,TRUE,TRUE,intermediate,3,14,TRUE,1,FALSE,NA,38,10,-5,-0.5869152057713568,p,l,145,0,-0.16666666666666666,60,30,30,3.1564128700055254,English,Polish,NA,1,1,NA,0,0,NA,1,1,NA,1,1,NA,1,1,NA,1,1,NA
unknown_lab,aqmw,2007,male,United Kingdom,United Kingdom,TRUE,TRUE,intermediate,3,14,TRUE,1,FALSE,NA,38,12,5,0.5676685773402819,0,h,155,0,NA,40,0,-0,0,English,Polish,NA,1,1,NA,0,0,NA,1,1,NA,1,1,NA,1,1,NA,1,1,NA
unknown_lab,aqmw,2007,male,United Kingdom,United Kingdom,TRUE,TRUE,intermediate,3,14,TRUE,1,FALSE,NA,38,10,-5,-0.5869152057713568,n,l,145,1,0.16666666666666666,120,30,-30,-3.8631371386483475,English,Polish,NA,1,1,NA,0,0,NA,1,1,NA,1,1,NA,1,1,NA,1,1,NA
unknown_lab,aqmw,2007,male,United Kingdom,United Kingdom,TRUE,TRUE,intermediate,3,14,TRUE,1,FALSE,NA,38,10,-5,-0.5869152057713568,n,l,145,1,0.5,140,10,-10,-1.1944280826109728,English,Polish,NA,1,1,NA,0,0,NA,1,1,NA,1,1,NA,1,1,NA,1,1,NA
unknown_lab,aqmw,2007,male,United Kingdom,United Kingdom,TRUE,TRUE,intermediate,3,14,TRUE,1,FALSE,NA,38,11,0,0,n,m,150,0,-0,80,30,-30,-3.8631371386483475,English,Polish,NA,1,1,NA,0,0,NA,1,1,NA,1,1,NA,1,1,NA,1,1,NA
unknown_lab,aqmw,2007,male,United Kingdom,United Kingdom,TRUE,TRUE,intermediate,3,14,TRUE,1,FALSE,NA,38,13,10,1.1173128526977774,p,h,160,1,0.5,100,20,20,2.16686694770185,English,Polish,NA,1,1,NA,0,0,NA,1,1,NA,1,1,NA,1,1,NA,1,1,NA
unknown_lab,aqmw,2007,male,United Kingdom,United Kingdom,TRUE,TRUE,intermediate,3,14,TRUE,1,FALSE,NA,38,12,5,0.5676685773402819,n,h,155,0,-0.25,140,20,-20,-2.477410529609116,English,Polish,NA,1,1,NA,0,0,NA,1,1,NA,1,1,NA,1,1,NA,1,1,NA
unknown_lab,aqmw,2007,male,United Kingdom,United Kingdom,TRUE,TRUE,intermediate,3,14,TRUE,1,FALSE,NA,38,12,5,0.5676685773402819,n,h,155,0,-0.16666666666666666,20,30,-30,-3.8631371386483475,English,Polish,NA,1,1,NA,0,0,NA,1,1,NA,1,1,NA,1,1,NA,1,1,NA
unknown_lab,aqmw,2007,male,United Kingdom,United Kingdom,TRUE,TRUE,intermediate,3,14,TRUE,1,FALSE,NA,38,11,0,0,0,m,150,1,NA,60,0,-0,0,English,Polish,NA,1,1,NA,0,0,NA,1,1,NA,1,1,NA,1,1,NA,1,1,NA
unknown_lab,aqmw,2007,male,United Kingdom,United Kingdom,TRUE,TRUE,intermediate,3,14,TRUE,1,FALSE,NA,38,13,10,1.1173128526977774,p,h,160,1,0.25,120,40,40,4.092443014020803,English,Polish,NA,1,1,NA,0,0,NA,1,1,NA,1,1,NA,1,1,NA,1,1,NA
unknown_lab,aqmw,2007,male,United Kingdom,United Kingdom,TRUE,TRUE,intermediate,3,14,TRUE,1,FALSE,NA,38,13,10,1.1173128526977774,n,h,160,0,-1,80,10,-10,-1.1944280826109728,English,Polish,NA,1,1,NA,0,0,NA,1,1,NA,1,1,NA,1,1,NA,1,1,NA
unknown_lab,aqmw,2007,male,United Kingdom,United Kingdom,TRUE,TRUE,intermediate,3,14,TRUE,1,FALSE,NA,38,13,10,1.1173128526977774,p,h,160,1,0.25,60,40,40,4.092443014020803,English,Polish,NA,1,1,NA,0,0,NA,1,1,NA,1,1,NA,1,1,NA,1,1,NA
unknown_lab,aqmw,2007,male,United Kingdom,United Kingdom,TRUE,TRUE,intermediate,3,14,TRUE,1,FALSE,NA,38,11,0,0,n,m,150,0,-0,40,40,-40,-5.369507723654657,English,Polish,NA,1,1,NA,0,0,NA,1,1,NA,1,1,NA,1,1,NA,1,1,NA
unknown_lab,aqmw,2007,male,United Kingdom,United Kingdom,TRUE,TRUE,intermediate,3,14,TRUE,1,FALSE,NA,38,10,-5,-0.5869152057713568,n,l,145,1,0.125,140,40,-40,-5.369507723654657,English,Polish,NA,1,1,NA,0,0,NA,1,1,NA,1,1,NA,1,1,NA,1,1,NA
unknown_lab,aqmw,2007,male,United Kingdom,United Kingdom,TRUE,TRUE,intermediate,3,14,TRUE,1,FALSE,NA,38,11,0,0,n,m,150,0,-0,20,40,-40,-5.369507723654657,English,Polish,NA,1,1,NA,0,0,NA,1,1,NA,1,1,NA,1,1,NA,1,1,NA
unknown_lab,aqmw,2007,male,United Kingdom,United Kingdom,TRUE,TRUE,intermediate,3,14,TRUE,1,FALSE,NA,38,11,0,0,p,m,150,0,0,40,10,10,1.1173128526977774,English,Polish,NA,1,1,NA,0,0,NA,1,1,NA,1,1,NA,1,1,NA,1,1,NA
unknown_lab,aqmw,2007,male,United Kingdom,United Kingdom,TRUE,TRUE,intermediate,3,14,TRUE,1,FALSE,NA,38,12,5,0.5676685773402819,n,h,155,0,-0.5,100,10,-10,-1.1944280826109728,English,Polish,NA,1,1,NA,0,0,NA,1,1,NA,1,1,NA,1,1,NA,1,1,NA
unknown_lab,aqmw,2007,male,United Kingdom,United Kingdom,TRUE,TRUE,intermediate,3,14,TRUE,1,FALSE,NA,38,12,5,0.5676685773402819,p,h,155,1,0.5,80,10,10,1.1173128526977774,English,Polish,NA,1,1,NA,0,0,NA,1,1,NA,1,1,NA,1,1,NA,1,1,NA
unknown_lab,aqmw,2007,male,United Kingdom,United Kingdom,TRUE,TRUE,intermediate,3,14,TRUE,1,FALSE,NA,38,10,-5,-0.5869152057713568,n,l,145,1,0.125,80,40,-40,-5.369507723654657,English,Polish,NA,1,1,NA,0,0,NA,1,1,NA,1,1,NA,1,1,NA,1,1,NA
unknown_lab,aqmw,2007,male,United Kingdom,United Kingdom,TRUE,TRUE,intermediate,3,14,TRUE,1,FALSE,NA,38,13,10,1.1173128526977774,p,h,160,1,0.3333333333333333,100,30,30,3.1564128700055254,English,Polish,NA,1,1,NA,0,0,NA,1,1,NA,1,1,NA,1,1,NA,1,1,NA
unknown_lab,aqmw,2007,male,United Kingdom,United Kingdom,TRUE,TRUE,intermediate,3,14,TRUE,1,FALSE,NA,38,13,10,1.1173128526977774,n,h,160,0,-0.5,40,20,-20,-2.477410529609116,English,Polish,NA,1,1,NA,0,0,NA,1,1,NA,1,1,NA,1,1,NA,1,1,NA
unknown_lab,aqmw,2007,male,United Kingdom,United Kingdom,TRUE,TRUE,intermediate,3,14,TRUE,1,FALSE,NA,38,9,-10,-1.1944280826109728,n,l,140,1,0.3333333333333333,140,30,-30,-3.8631371386483475,English,Polish,NA,1,1,NA,0,0,NA,1,1,NA,1,1,NA,1,1,NA,1,1,NA
unknown_lab,aqmw,2007,male,United Kingdom,United Kingdom,TRUE,TRUE,intermediate,3,14,TRUE,1,FALSE,NA,38,12,5,0.5676685773402819,n,h,155,0,-0.25,20,20,-20,-2.477410529609116,English,Polish,NA,1,1,NA,0,0,NA,1,1,NA,1,1,NA,1,1,NA,1,1,NA
unknown_lab,aqmw,2007,male,United Kingdom,United Kingdom,TRUE,TRUE,intermediate,3,14,TRUE,1,FALSE,NA,38,12,5,0.5676685773402819,n,h,155,0,-0.125,100,40,-40,-5.369507723654657,English,Polish,NA,1,1,NA,0,0,NA,1,1,NA,1,1,NA,1,1,NA,1,1,NA
unknown_lab,aqmw,2007,male,United Kingdom,United Kingdom,TRUE,TRUE,intermediate,3,14,TRUE,1,FALSE,NA,38,13,10,1.1173128526977774,n,h,160,0,-0.3333333333333333,40,30,-30,-3.8631371386483475,English,Polish,NA,1,1,NA,0,0,NA,1,1,NA,1,1,NA,1,1,NA,1,1,NA
unknown_lab,aqmw,2007,male,United Kingdom,United Kingdom,TRUE,TRUE,intermediate,3,14,TRUE,1,FALSE,NA,38,12,5,0.5676685773402819,p,h,155,1,0.5,60,10,10,1.1173128526977774,English,Polish,NA,1,1,NA,0,0,NA,1,1,NA,1,1,NA,1,1,NA,1,1,NA
unknown_lab,aqmw,2007,male,United Kingdom,United Kingdom,TRUE,TRUE,intermediate,3,14,TRUE,1,FALSE,NA,38,11,0,0,p,m,150,0,0,40,30,30,3.1564128700055254,English,Polish,NA,1,1,NA,0,0,NA,1,1,NA,1,1,NA,1,1,NA,1,1,NA
unknown_lab,aqmw,2007,male,United Kingdom,United Kingdom,TRUE,TRUE,intermediate,3,14,TRUE,1,FALSE,NA,38,11,0,0,p,m,150,0,0,20,10,10,1.1173128526977774,English,Polish,NA,1,1,NA,0,0,NA,1,1,NA,1,1,NA,1,1,NA,1,1,NA
unknown_lab,aqmw,2007,male,United Kingdom,United Kingdom,TRUE,TRUE,intermediate,3,14,TRUE,1,FALSE,NA,38,12,5,0.5676685773402819,p,h,155,1,0.25,80,20,20,2.16686694770185,English,Polish,NA,1,1,NA,0,0,NA,1,1,NA,1,1,NA,1,1,NA,1,1,NA
unknown_lab,aqmw,2007,male,United Kingdom,United Kingdom,TRUE,TRUE,intermediate,3,14,TRUE,1,FALSE,NA,38,11,0,0,n,m,150,0,-0,120,40,-40,-5.369507723654657,English,Polish,NA,1,1,NA,0,0,NA,1,1,NA,1,1,NA,1,1,NA,1,1,NA
unknown_lab,aqmw,2007,male,United Kingdom,United Kingdom,TRUE,TRUE,intermediate,3,14,TRUE,1,FALSE,NA,38,12,5,0.5676685773402819,p,h,155,1,0.5,140,10,10,1.1173128526977774,English,Polish,NA,1,1,NA,0,0,NA,1,1,NA,1,1,NA,1,1,NA,1,1,NA
unknown_lab,aqmw,2007,male,United Kingdom,United Kingdom,TRUE,TRUE,intermediate,3,14,TRUE,1,FALSE,NA,38,12,5,0.5676685773402819,n,h,155,0,-0.5,20,10,-10,-1.1944280826109728,English,Polish,NA,1,1,NA,0,0,NA,1,1,NA,1,1,NA,1,1,NA,1,1,NA
unknown_lab,aqmw,2007,male,United Kingdom,United Kingdom,TRUE,TRUE,intermediate,3,14,TRUE,1,FALSE,NA,38,12,5,0.5676685773402819,p,h,155,1,0.16666666666666666,120,30,30,3.1564128700055254,English,Polish,NA,1,1,NA,0,0,NA,1,1,NA,1,1,NA,1,1,NA,1,1,NA
unknown_lab,aqmw,2007,male,United Kingdom,United Kingdom,TRUE,TRUE,intermediate,3,14,TRUE,1,FALSE,NA,38,13,10,1.1173128526977774,0,h,160,0,NA,120,0,-0,0,English,Polish,NA,1,1,NA,0,0,NA,1,1,NA,1,1,NA,1,1,NA,1,1,NA
unknown_lab,aqmw,2007,male,United Kingdom,United Kingdom,TRUE,TRUE,intermediate,3,14,TRUE,1,FALSE,NA,38,12,5,0.5676685773402819,0,h,155,0,NA,20,0,-0,0,English,Polish,NA,1,1,NA,0,0,NA,1,1,NA,1,1,NA,1,1,NA,1,1,NA
unknown_lab,aqmw,2007,male,United Kingdom,United Kingdom,TRUE,TRUE,intermediate,3,14,TRUE,1,FALSE,NA,38,12,5,0.5676685773402819,p,h,155,1,0.125,80,40,40,4.092443014020803,English,Polish,NA,1,1,NA,0,0,NA,1,1,NA,1,1,NA,1,1,NA,1,1,NA
unknown_lab,aqmw,2007,male,United Kingdom,United Kingdom,TRUE,TRUE,intermediate,3,14,TRUE,1,FALSE,NA,38,12,5,0.5676685773402819,0,h,155,0,NA,100,0,-0,0,English,Polish,NA,1,1,NA,0,0,NA,1,1,NA,1,1,NA,1,1,NA,1,1,NA
unknown_lab,aqmw,2007,male,United Kingdom,United Kingdom,TRUE,TRUE,intermediate,3,14,TRUE,1,FALSE,NA,38,11,0,0,n,m,150,0,-0,60,10,-10,-1.1944280826109728,English,Polish,NA,1,1,NA,0,0,NA,1,1,NA,1,1,NA,1,1,NA,1,1,NA
unknown_lab,aqmw,2007,male,United Kingdom,United Kingdom,TRUE,TRUE,intermediate,3,14,TRUE,1,FALSE,NA,38,12,5,0.5676685773402819,n,h,155,0,-0.25,60,20,-20,-2.477410529609116,English,Polish,NA,1,1,NA,0,0,NA,1,1,NA,1,1,NA,1,1,NA,1,1,NA
unknown_lab,aqmw,2007,male,United Kingdom,United Kingdom,TRUE,TRUE,intermediate,3,14,TRUE,1,FALSE,NA,38,10,-5,-0.5869152057713568,p,l,145,0,-0.25,120,20,20,2.16686694770185,English,Polish,NA,1,1,NA,0,0,NA,1,1,NA,1,1,NA,1,1,NA,1,1,NA
unknown_lab,aqmw,2007,male,United Kingdom,United Kingdom,TRUE,TRUE,intermediate,3,14,TRUE,1,FALSE,NA,38,12,5,0.5676685773402819,p,h,155,1,0.125,100,40,40,4.092443014020803,English,Polish,NA,1,1,NA,0,0,NA,1,1,NA,1,1,NA,1,1,NA,1,1,NA
unknown_lab,aqmw,2007,male,United Kingdom,United Kingdom,TRUE,TRUE,intermediate,3,14,TRUE,1,FALSE,NA,38,10,-5,-0.5869152057713568,n,l,145,1,0.125,60,40,-40,-5.369507723654657,English,Polish,NA,1,1,NA,0,0,NA,1,1,NA,1,1,NA,1,1,NA,1,1,NA
unknown_lab,aqmw,2007,male,United Kingdom,United Kingdom,TRUE,TRUE,intermediate,3,14,TRUE,1,FALSE,NA,38,9,-10,-1.1944280826109728,n,l,140,1,0.5,120,20,-20,-2.477410529609116,English,Polish,NA,1,1,NA,0,0,NA,1,1,NA,1,1,NA,1,1,NA,1,1,NA
unknown_lab,aqmw,2007,male,United Kingdom,United Kingdom,TRUE,TRUE,intermediate,3,14,TRUE,1,FALSE,NA,38,10,-5,-0.5869152057713568,n,l,145,1,0.5,20,10,-10,-1.1944280826109728,English,Polish,NA,1,1,NA,0,0,NA,1,1,NA,1,1,NA,1,1,NA,1,1,NA
unknown_lab,aqmw,2007,male,United Kingdom,United Kingdom,TRUE,TRUE,intermediate,3,14,TRUE,1,FALSE,NA,38,10,-5,-0.5869152057713568,p,l,145,0,-0.16666666666666666,80,30,30,3.1564128700055254,English,Polish,NA,1,1,NA,0,0,NA,1,1,NA,1,1,NA,1,1,NA,1,1,NA
unknown_lab,aqmw,2007,male,United Kingdom,United Kingdom,TRUE,TRUE,intermediate,3,14,TRUE,1,FALSE,NA,38,11,0,0,n,m,150,0,-0,100,10,-10,-1.1944280826109728,English,Polish,NA,1,1,NA,0,0,NA,1,1,NA,1,1,NA,1,1,NA,1,1,NA
unknown_lab,aqmw,2007,male,United Kingdom,United Kingdom,TRUE,TRUE,intermediate,3,14,TRUE,1,FALSE,NA,38,10,-5,-0.5869152057713568,p,l,145,0,-0.125,60,40,40,4.092443014020803,English,Polish,NA,1,1,NA,0,0,NA,1,1,NA,1,1,NA,1,1,NA,1,1,NA
unknown_lab,aqmw,2007,male,United Kingdom,United Kingdom,TRUE,TRUE,intermediate,3,14,TRUE,1,FALSE,NA,38,12,5,0.5676685773402819,p,h,155,1,0.16666666666666666,60,30,30,3.1564128700055254,English,Polish,NA,1,1,NA,0,0,NA,1,1,NA,1,1,NA,1,1,NA,1,1,NA
unknown_lab,aqmw,2007,male,United Kingdom,United Kingdom,TRUE,TRUE,intermediate,3,14,TRUE,1,FALSE,NA,38,10,-5,-0.5869152057713568,n,l,145,1,0.125,40,40,-40,-5.369507723654657,English,Polish,NA,1,1,NA,0,0,NA,1,1,NA,1,1,NA,1,1,NA,1,1,NA
unknown_lab,aqmw,2007,male,United Kingdom,United Kingdom,TRUE,TRUE,intermediate,3,14,TRUE,1,FALSE,NA,38,12,5,0.5676685773402819,0,h,155,0,NA,60,0,-0,0,English,Polish,NA,1,1,NA,0,0,NA,1,1,NA,1,1,NA,1,1,NA,1,1,NA
unknown_lab,aqmw,2007,male,United Kingdom,United Kingdom,TRUE,TRUE,intermediate,3,14,TRUE,1,FALSE,NA,38,12,5,0.5676685773402819,n,h,155,0,-0.5,140,10,-10,-1.1944280826109728,English,Polish,NA,1,1,NA,0,0,NA,1,1,NA,1,1,NA,1,1,NA,1,1,NA
unknown_lab,aqmw,2007,male,United Kingdom,United Kingdom,TRUE,TRUE,intermediate,3,14,TRUE,1,FALSE,NA,38,10,-5,-0.5869152057713568,n,l,145,1,0.5,40,10,-10,-1.1944280826109728,English,Polish,NA,1,1,NA,0,0,NA,1,1,NA,1,1,NA,1,1,NA,1,1,NA
unknown_lab,aqmw,2007,male,United Kingdom,United Kingdom,TRUE,TRUE,intermediate,3,14,TRUE,1,FALSE,NA,38,10,-5,-0.5869152057713568,p,l,145,0,-0.25,140,20,20,2.16686694770185,English,Polish,NA,1,1,NA,0,0,NA,1,1,NA,1,1,NA,1,1,NA,1,1,NA
unknown_lab,aqmw,2007,male,United Kingdom,United Kingdom,TRUE,TRUE,intermediate,3,14,TRUE,1,FALSE,NA,38,11,0,0,p,m,150,0,0,140,10,10,1.1173128526977774,English,Polish,NA,1,1,NA,0,0,NA,1,1,NA,1,1,NA,1,1,NA,1,1,NA
unknown_lab,aqmw,2007,male,United Kingdom,United Kingdom,TRUE,TRUE,intermediate,3,14,TRUE,1,FALSE,NA,38,11,0,0,p,m,150,0,0,40,40,40,4.092443014020803,English,Polish,NA,1,1,NA,0,0,NA,1,1,NA,1,1,NA,1,1,NA,1,1,NA
unknown_lab,aqmw,2007,male,United Kingdom,United Kingdom,TRUE,TRUE,intermediate,3,14,TRUE,1,FALSE,NA,38,11,0,0,p,m,150,0,0,100,30,30,3.1564128700055254,English,Polish,NA,1,1,NA,0,0,NA,1,1,NA,1,1,NA,1,1,NA,1,1,NA
unknown_lab,aqmw,2007,male,United Kingdom,United Kingdom,TRUE,TRUE,intermediate,3,14,TRUE,1,FALSE,NA,38,12,5,0.5676685773402819,0,h,155,0,NA,140,0,-0,0,English,Polish,NA,1,1,NA,0,0,NA,1,1,NA,1,1,NA,1,1,NA,1,1,NA
unknown_lab,aqmw,2007,male,United Kingdom,United Kingdom,TRUE,TRUE,intermediate,3,14,TRUE,1,FALSE,NA,38,12,5,0.5676685773402819,n,h,155,0,-0.25,20,20,-20,-2.477410529609116,English,Polish,NA,1,1,NA,0,0,NA,1,1,NA,1,1,NA,1,1,NA,1,1,NA
unknown_lab,aqmw,2007,male,United Kingdom,United Kingdom,TRUE,TRUE,intermediate,3,14,TRUE,1,FALSE,NA,38,12,5,0.5676685773402819,p,h,155,1,0.5,120,10,10,1.1173128526977774,English,Polish,NA,1,1,NA,0,0,NA,1,1,NA,1,1,NA,1,1,NA,1,1,NA
unknown_lab,aqmw,2007,male,United Kingdom,United Kingdom,TRUE,TRUE,intermediate,3,14,TRUE,1,FALSE,NA,38,12,5,0.5676685773402819,n,h,155,0,-0.25,60,20,-20,-2.477410529609116,English,Polish,NA,1,1,NA,0,0,NA,1,1,NA,1,1,NA,1,1,NA,1,1,NA
unknown_lab,aqmw,2007,male,United Kingdom,United Kingdom,TRUE,TRUE,intermediate,3,14,TRUE,1,FALSE,NA,38,10,-5,-0.5869152057713568,p,l,145,0,-0.125,140,40,40,4.092443014020803,English,Polish,NA,1,1,NA,0,0,NA,1,1,NA,1,1,NA,1,1,NA,1,1,NA
unknown_lab,aqmw,2007,male,United Kingdom,United Kingdom,TRUE,TRUE,intermediate,3,14,TRUE,1,FALSE,NA,38,10,-5,-0.5869152057713568,p,l,145,0,-0.5,40,10,10,1.1173128526977774,English,Polish,NA,1,1,NA,0,0,NA,1,1,NA,1,1,NA,1,1,NA,1,1,NA
unknown_lab,aqmw,2007,male,United Kingdom,United Kingdom,TRUE,TRUE,intermediate,3,14,TRUE,1,FALSE,NA,38,12,5,0.5676685773402819,p,h,155,1,0.5,20,10,10,1.1173128526977774,English,Polish,NA,1,1,NA,0,0,NA,1,1,NA,1,1,NA,1,1,NA,1,1,NA
unknown_lab,aqmw,2007,male,United Kingdom,United Kingdom,TRUE,TRUE,intermediate,3,14,TRUE,1,FALSE,NA,38,10,-5,-0.5869152057713568,n,l,145,1,0.16666666666666666,140,30,-30,-3.8631371386483475,English,Polish,NA,1,1,NA,0,0,NA,1,1,NA,1,1,NA,1,1,NA,1,1,NA
unknown_lab,aqmw,2007,male,United Kingdom,United Kingdom,TRUE,TRUE,intermediate,3,14,TRUE,1,FALSE,NA,38,12,5,0.5676685773402819,p,h,155,1,0.25,60,20,20,2.16686694770185,English,Polish,NA,1,1,NA,0,0,NA,1,1,NA,1,1,NA,1,1,NA,1,1,NA
unknown_lab,aqmw,2007,male,United Kingdom,United Kingdom,TRUE,TRUE,intermediate,3,14,TRUE,1,FALSE,NA,38,11,0,0,p,m,150,0,0,60,10,10,1.1173128526977774,English,Polish,NA,1,1,NA,0,0,NA,1,1,NA,1,1,NA,1,1,NA,1,1,NA
unknown_lab,aqmw,2007,male,United Kingdom,United Kingdom,TRUE,TRUE,intermediate,3,14,TRUE,1,FALSE,NA,38,11,0,0,0,m,150,1,NA,140,0,-0,0,English,Polish,NA,1,1,NA,0,0,NA,1,1,NA,1,1,NA,1,1,NA,1,1,NA
unknown_lab,aqmw,2007,male,United Kingdom,United Kingdom,TRUE,TRUE,intermediate,3,14,TRUE,1,FALSE,NA,38,10,-5,-0.5869152057713568,n,l,145,1,0.125,120,40,-40,-5.369507723654657,English,Polish,NA,1,1,NA,0,0,NA,1,1,NA,1,1,NA,1,1,NA,1,1,NA
unknown_lab,aqmw,2007,male,United Kingdom,United Kingdom,TRUE,TRUE,intermediate,3,14,TRUE,1,FALSE,NA,38,9,-10,-1.1944280826109728,n,l,140,1,1,80,10,-10,-1.1944280826109728,English,Polish,NA,1,1,NA,0,0,NA,1,1,NA,1,1,NA,1,1,NA,1,1,NA
unknown_lab,aqmw,2007,male,United Kingdom,United Kingdom,TRUE,TRUE,intermediate,3,14,TRUE,1,FALSE,NA,38,12,5,0.5676685773402819,p,h,155,1,0.125,120,40,40,4.092443014020803,English,Polish,NA,1,1,NA,0,0,NA,1,1,NA,1,1,NA,1,1,NA,1,1,NA
unknown_lab,aqmw,2007,male,United Kingdom,United Kingdom,TRUE,TRUE,intermediate,3,14,TRUE,1,FALSE,NA,38,12,5,0.5676685773402819,p,h,155,1,0.5,80,10,10,1.1173128526977774,English,Polish,NA,1,1,NA,0,0,NA,1,1,NA,1,1,NA,1,1,NA,1,1,NA
unknown_lab,aqmw,2007,male,United Kingdom,United Kingdom,TRUE,TRUE,intermediate,3,14,TRUE,1,FALSE,NA,38,9,-10,-1.1944280826109728,n,l,140,1,0.25,80,40,-40,-5.369507723654657,English,Polish,NA,1,1,NA,0,0,NA,1,1,NA,1,1,NA,1,1,NA,1,1,NA
unknown_lab,aqmw,2007,male,United Kingdom,United Kingdom,TRUE,TRUE,intermediate,3,14,TRUE,1,FALSE,NA,38,10,-5,-0.5869152057713568,n,l,145,1,0.16666666666666666,100,30,-30,-3.8631371386483475,English,Polish,NA,1,1,NA,0,0,NA,1,1,NA,1,1,NA,1,1,NA,1,1,NA
unknown_lab,aqmw,2007,male,United Kingdom,United Kingdom,TRUE,TRUE,intermediate,3,14,TRUE,1,FALSE,NA,38,10,-5,-0.5869152057713568,n,l,145,1,0.16666666666666666,40,30,-30,-3.8631371386483475,English,Polish,NA,1,1,NA,0,0,NA,1,1,NA,1,1,NA,1,1,NA,1,1,NA
unknown_lab,aqmw,2007,male,United Kingdom,United Kingdom,TRUE,TRUE,intermediate,3,14,TRUE,1,FALSE,NA,38,10,-5,-0.5869152057713568,n,l,145,1,0.125,140,40,-40,-5.369507723654657,English,Polish,NA,1,1,NA,0,0,NA,1,1,NA,1,1,NA,1,1,NA,1,1,NA
unknown_lab,aqmw,2007,male,United Kingdom,United Kingdom,TRUE,TRUE,intermediate,3,14,TRUE,1,FALSE,NA,38,11,0,0,n,m,150,0,-0,20,30,-30,-3.8631371386483475,English,Polish,NA,1,1,NA,0,0,NA,1,1,NA,1,1,NA,1,1,NA,1,1,NA
unknown_lab,aqmw,2007,male,United Kingdom,United Kingdom,TRUE,TRUE,intermediate,3,14,TRUE,1,FALSE,NA,38,12,5,0.5676685773402819,p,h,155,1,0.16666666666666666,120,30,30,3.1564128700055254,English,Polish,NA,1,1,NA,0,0,NA,1,1,NA,1,1,NA,1,1,NA,1,1,NA
unknown_lab,aqmw,2007,male,United Kingdom,United Kingdom,TRUE,TRUE,intermediate,3,14,TRUE,1,FALSE,NA,38,11,0,0,0,m,150,1,NA,40,0,-0,0,English,Polish,NA,1,1,NA,0,0,NA,1,1,NA,1,1,NA,1,1,NA,1,1,NA
unknown_lab,aqmw,2007,male,United Kingdom,United Kingdom,TRUE,TRUE,intermediate,3,14,TRUE,1,FALSE,NA,38,10,-5,-0.5869152057713568,0,l,145,0,NA,80,0,-0,0,English,Polish,NA,1,1,NA,0,0,NA,1,1,NA,1,1,NA,1,1,NA,1,1,NA
unknown_lab,aqmw,2007,male,United Kingdom,United Kingdom,TRUE,TRUE,intermediate,3,14,TRUE,1,FALSE,NA,38,11,0,0,n,m,150,0,-0,60,10,-10,-1.1944280826109728,English,Polish,NA,1,1,NA,0,0,NA,1,1,NA,1,1,NA,1,1,NA,1,1,NA
unknown_lab,aqmw,2007,male,United Kingdom,United Kingdom,TRUE,TRUE,intermediate,3,14,TRUE,1,FALSE,NA,38,10,-5,-0.5869152057713568,p,l,145,0,-0.16666666666666666,40,30,30,3.1564128700055254,English,Polish,NA,1,1,NA,0,0,NA,1,1,NA,1,1,NA,1,1,NA,1,1,NA
unknown_lab,aqmw,2007,male,United Kingdom,United Kingdom,TRUE,TRUE,intermediate,3,14,TRUE,1,FALSE,NA,38,12,5,0.5676685773402819,n,h,155,0,-0.25,40,20,-20,-2.477410529609116,English,Polish,NA,1,1,NA,0,0,NA,1,1,NA,1,1,NA,1,1,NA,1,1,NA
unknown_lab,aqmw,2007,male,United Kingdom,United Kingdom,TRUE,TRUE,intermediate,3,14,TRUE,1,FALSE,NA,38,12,5,0.5676685773402819,p,h,155,1,0.16666666666666666,20,30,30,3.1564128700055254,English,Polish,NA,1,1,NA,0,0,NA,1,1,NA,1,1,NA,1,1,NA,1,1,NA
unknown_lab,aqmw,2007,male,United Kingdom,United Kingdom,TRUE,TRUE,intermediate,3,14,TRUE,1,FALSE,NA,38,12,5,0.5676685773402819,p,h,155,1,0.25,80,20,20,2.16686694770185,English,Polish,NA,1,1,NA,0,0,NA,1,1,NA,1,1,NA,1,1,NA,1,1,NA
unknown_lab,aqmw,2007,male,United Kingdom,United Kingdom,TRUE,TRUE,intermediate,3,14,TRUE,1,FALSE,NA,38,10,-5,-0.5869152057713568,n,l,145,1,0.16666666666666666,80,30,-30,-3.8631371386483475,English,Polish,NA,1,1,NA,0,0,NA,1,1,NA,1,1,NA,1,1,NA,1,1,NA
unknown_lab,aqmw,2007,male,United Kingdom,United Kingdom,TRUE,TRUE,intermediate,3,14,TRUE,1,FALSE,NA,38,11,0,0,p,m,150,0,0,100,20,20,2.16686694770185,English,Polish,NA,1,1,NA,0,0,NA,1,1,NA,1,1,NA,1,1,NA,1,1,NA
unknown_lab,aqmw,2007,male,United Kingdom,United Kingdom,TRUE,TRUE,intermediate,3,14,TRUE,1,FALSE,NA,38,11,0,0,0,m,150,1,NA,100,0,-0,0,English,Polish,NA,1,1,NA,0,0,NA,1,1,NA,1,1,NA,1,1,NA,1,1,NA
unknown_lab,aqmw,2007,male,United Kingdom,United Kingdom,TRUE,TRUE,intermediate,3,14,TRUE,1,FALSE,NA,38,11,0,0,n,m,150,0,-0,80,20,-20,-2.477410529609116,English,Polish,NA,1,1,NA,0,0,NA,1,1,NA,1,1,NA,1,1,NA,1,1,NA
unknown_lab,aqmw,2007,male,United Kingdom,United Kingdom,TRUE,TRUE,intermediate,3,14,TRUE,1,FALSE,NA,38,10,-5,-0.5869152057713568,n,l,145,1,0.125,20,40,-40,-5.369507723654657,English,Polish,NA,1,1,NA,0,0,NA,1,1,NA,1,1,NA,1,1,NA,1,1,NA
unknown_lab,aqmw,2007,male,United Kingdom,United Kingdom,TRUE,TRUE,intermediate,3,14,TRUE,1,FALSE,NA,38,12,5,0.5676685773402819,p,h,155,1,0.25,20,20,20,2.16686694770185,English,Polish,NA,1,1,NA,0,0,NA,1,1,NA,1,1,NA,1,1,NA,1,1,NA
unknown_lab,aqmw,2007,male,United Kingdom,United Kingdom,TRUE,TRUE,intermediate,3,14,TRUE,1,FALSE,NA,38,10,-5,-0.5869152057713568,0,l,145,0,NA,120,0,-0,0,English,Polish,NA,1,1,NA,0,0,NA,1,1,NA,1,1,NA,1,1,NA,1,1,NA
unknown_lab,aqmw,2007,male,United Kingdom,United Kingdom,TRUE,TRUE,intermediate,3,14,TRUE,1,FALSE,NA,38,12,5,0.5676685773402819,p,h,155,1,0.125,80,40,40,4.092443014020803,English,Polish,NA,1,1,NA,0,0,NA,1,1,NA,1,1,NA,1,1,NA,1,1,NA
unknown_lab,aqmw,2007,male,United Kingdom,United Kingdom,TRUE,TRUE,intermediate,3,14,TRUE,1,FALSE,NA,38,12,5,0.5676685773402819,p,h,155,1,0.16666666666666666,140,30,30,3.1564128700055254,English,Polish,NA,1,1,NA,0,0,NA,1,1,NA,1,1,NA,1,1,NA,1,1,NA
unknown_lab,aqmw,2007,male,United Kingdom,United Kingdom,TRUE,TRUE,intermediate,3,14,TRUE,1,FALSE,NA,38,11,0,0,p,m,150,0,0,100,10,10,1.1173128526977774,English,Polish,NA,1,1,NA,0,0,NA,1,1,NA,1,1,NA,1,1,NA,1,1,NA
unknown_lab,aqmw,2007,male,United Kingdom,United Kingdom,TRUE,TRUE,intermediate,3,14,TRUE,1,FALSE,NA,38,10,-5,-0.5869152057713568,n,l,145,1,0.125,100,40,-40,-5.369507723654657,English,Polish,NA,1,1,NA,0,0,NA,1,1,NA,1,1,NA,1,1,NA,1,1,NA
unknown_lab,aqmw,2007,male,United Kingdom,United Kingdom,TRUE,TRUE,intermediate,3,14,TRUE,1,FALSE,NA,38,11,0,0,n,m,150,0,-0,120,10,-10,-1.1944280826109728,English,Polish,NA,1,1,NA,0,0,NA,1,1,NA,1,1,NA,1,1,NA,1,1,NA
unknown_lab,aqmw,2007,male,United Kingdom,United Kingdom,TRUE,TRUE,intermediate,3,14,TRUE,1,FALSE,NA,38,11,0,0,p,m,150,0,0,20,40,40,4.092443014020803,English,Polish,NA,1,1,NA,0,0,NA,1,1,NA,1,1,NA,1,1,NA,1,1,NA
unknown_lab,le39,1995,male,"England, UK",United Kingdom,TRUE,FALSE,beginner,NA,30,FALSE,NA,FALSE,NA,31,12,5,0.5676685773402819,p,h,155,1,0.125,80,40,40,4.092443014020803,English,NA,NA,1,NA,NA,0,NA,NA,1,NA,NA,1,NA,NA,1,NA,NA,1,NA,NA
unknown_lab,le39,1995,male,"England, UK",United Kingdom,TRUE,FALSE,beginner,NA,30,FALSE,NA,FALSE,NA,31,11,0,0,n,m,150,0,-0,120,20,-20,-2.477410529609116,English,NA,NA,1,NA,NA,0,NA,NA,1,NA,NA,1,NA,NA,1,NA,NA,1,NA,NA
unknown_lab,le39,1995,male,"England, UK",United Kingdom,TRUE,FALSE,beginner,NA,30,FALSE,NA,FALSE,NA,31,11,0,0,n,m,150,0,-0,120,40,-40,-5.369507723654657,English,NA,NA,1,NA,NA,0,NA,NA,1,NA,NA,1,NA,NA,1,NA,NA,1,NA,NA
unknown_lab,le39,1995,male,"England, UK",United Kingdom,TRUE,FALSE,beginner,NA,30,FALSE,NA,FALSE,NA,31,11,0,0,n,m,150,0,-0,20,10,-10,-1.1944280826109728,English,NA,NA,1,NA,NA,0,NA,NA,1,NA,NA,1,NA,NA,1,NA,NA,1,NA,NA
unknown_lab,le39,1995,male,"England, UK",United Kingdom,TRUE,FALSE,beginner,NA,30,FALSE,NA,FALSE,NA,31,11,0,0,p,m,150,0,0,40,40,40,4.092443014020803,English,NA,NA,1,NA,NA,0,NA,NA,1,NA,NA,1,NA,NA,1,NA,NA,1,NA,NA
unknown_lab,le39,1995,male,"England, UK",United Kingdom,TRUE,FALSE,beginner,NA,30,FALSE,NA,FALSE,NA,31,11,0,0,n,m,150,0,-0,60,30,-30,-3.8631371386483475,English,NA,NA,1,NA,NA,0,NA,NA,1,NA,NA,1,NA,NA,1,NA,NA,1,NA,NA
unknown_lab,le39,1995,male,"England, UK",United Kingdom,TRUE,FALSE,beginner,NA,30,FALSE,NA,FALSE,NA,31,11,0,0,p,m,150,0,0,120,20,20,2.16686694770185,English,NA,NA,1,NA,NA,0,NA,NA,1,NA,NA,1,NA,NA,1,NA,NA,1,NA,NA
unknown_lab,le39,1995,male,"England, UK",United Kingdom,TRUE,FALSE,beginner,NA,30,FALSE,NA,FALSE,NA,31,11,0,0,n,m,150,0,-0,80,10,-10,-1.1944280826109728,English,NA,NA,1,NA,NA,0,NA,NA,1,NA,NA,1,NA,NA,1,NA,NA,1,NA,NA
unknown_lab,le39,1995,male,"England, UK",United Kingdom,TRUE,FALSE,beginner,NA,30,FALSE,NA,FALSE,NA,31,11,0,0,p,m,150,0,0,80,10,10,1.1173128526977774,English,NA,NA,1,NA,NA,0,NA,NA,1,NA,NA,1,NA,NA,1,NA,NA,1,NA,NA
unknown_lab,le39,1995,male,"England, UK",United Kingdom,TRUE,FALSE,beginner,NA,30,FALSE,NA,FALSE,NA,31,11,0,0,0,m,150,1,NA,100,0,-0,0,English,NA,NA,1,NA,NA,0,NA,NA,1,NA,NA,1,NA,NA,1,NA,NA,1,NA,NA
unknown_lab,le39,1995,male,"England, UK",United Kingdom,TRUE,FALSE,beginner,NA,30,FALSE,NA,FALSE,NA,31,11,0,0,n,m,150,0,-0,100,40,-40,-5.369507723654657,English,NA,NA,1,NA,NA,0,NA,NA,1,NA,NA,1,NA,NA,1,NA,NA,1,NA,NA
unknown_lab,le39,1995,male,"England, UK",United Kingdom,TRUE,FALSE,beginner,NA,30,FALSE,NA,FALSE,NA,31,11,0,0,n,m,150,0,-0,140,20,-20,-2.477410529609116,English,NA,NA,1,NA,NA,0,NA,NA,1,NA,NA,1,NA,NA,1,NA,NA,1,NA,NA
unknown_lab,le39,1995,male,"England, UK",United Kingdom,TRUE,FALSE,beginner,NA,30,FALSE,NA,FALSE,NA,31,11,0,0,p,m,150,0,0,20,30,30,3.1564128700055254,English,NA,NA,1,NA,NA,0,NA,NA,1,NA,NA,1,NA,NA,1,NA,NA,1,NA,NA
unknown_lab,le39,1995,male,"England, UK",United Kingdom,TRUE,FALSE,beginner,NA,30,FALSE,NA,FALSE,NA,31,11,0,0,p,m,150,0,0,120,30,30,3.1564128700055254,English,NA,NA,1,NA,NA,0,NA,NA,1,NA,NA,1,NA,NA,1,NA,NA,1,NA,NA
unknown_lab,le39,1995,male,"England, UK",United Kingdom,TRUE,FALSE,beginner,NA,30,FALSE,NA,FALSE,NA,31,11,0,0,n,m,150,0,-0,120,30,-30,-3.8631371386483475,English,NA,NA,1,NA,NA,0,NA,NA,1,NA,NA,1,NA,NA,1,NA,NA,1,NA,NA
unknown_lab,le39,1995,male,"England, UK",United Kingdom,TRUE,FALSE,beginner,NA,30,FALSE,NA,FALSE,NA,31,11,0,0,0,m,150,1,NA,60,0,-0,0,English,NA,NA,1,NA,NA,0,NA,NA,1,NA,NA,1,NA,NA,1,NA,NA,1,NA,NA
unknown_lab,le39,1995,male,"England, UK",United Kingdom,TRUE,FALSE,beginner,NA,30,FALSE,NA,FALSE,NA,31,11,0,0,n,m,150,0,-0,140,10,-10,-1.1944280826109728,English,NA,NA,1,NA,NA,0,NA,NA,1,NA,NA,1,NA,NA,1,NA,NA,1,NA,NA
unknown_lab,le39,1995,male,"England, UK",United Kingdom,TRUE,FALSE,beginner,NA,30,FALSE,NA,FALSE,NA,31,11,0,0,p,m,150,0,0,100,10,10,1.1173128526977774,English,NA,NA,1,NA,NA,0,NA,NA,1,NA,NA,1,NA,NA,1,NA,NA,1,NA,NA
unknown_lab,le39,1995,male,"England, UK",United Kingdom,TRUE,FALSE,beginner,NA,30,FALSE,NA,FALSE,NA,31,11,0,0,n,m,150,0,-0,80,20,-20,-2.477410529609116,English,NA,NA,1,NA,NA,0,NA,NA,1,NA,NA,1,NA,NA,1,NA,NA,1,NA,NA
unknown_lab,le39,1995,male,"England, UK",United Kingdom,TRUE,FALSE,beginner,NA,30,FALSE,NA,FALSE,NA,31,11,0,0,n,m,150,0,-0,60,20,-20,-2.477410529609116,English,NA,NA,1,NA,NA,0,NA,NA,1,NA,NA,1,NA,NA,1,NA,NA,1,NA,NA
unknown_lab,le39,1995,male,"England, UK",United Kingdom,TRUE,FALSE,beginner,NA,30,FALSE,NA,FALSE,NA,31,11,0,0,p,m,150,0,0,100,20,20,2.16686694770185,English,NA,NA,1,NA,NA,0,NA,NA,1,NA,NA,1,NA,NA,1,NA,NA,1,NA,NA
unknown_lab,le39,1995,male,"England, UK",United Kingdom,TRUE,FALSE,beginner,NA,30,FALSE,NA,FALSE,NA,31,11,0,0,p,m,150,0,0,120,40,40,4.092443014020803,English,NA,NA,1,NA,NA,0,NA,NA,1,NA,NA,1,NA,NA,1,NA,NA,1,NA,NA
unknown_lab,le39,1995,male,"England, UK",United Kingdom,TRUE,FALSE,beginner,NA,30,FALSE,NA,FALSE,NA,31,11,0,0,p,m,150,0,0,140,30,30,3.1564128700055254,English,NA,NA,1,NA,NA,0,NA,NA,1,NA,NA,1,NA,NA,1,NA,NA,1,NA,NA
unknown_lab,le39,1995,male,"England, UK",United Kingdom,TRUE,FALSE,beginner,NA,30,FALSE,NA,FALSE,NA,31,11,0,0,0,m,150,1,NA,20,0,-0,0,English,NA,NA,1,NA,NA,0,NA,NA,1,NA,NA,1,NA,NA,1,NA,NA,1,NA,NA
unknown_lab,le39,1995,male,"England, UK",United Kingdom,TRUE,FALSE,beginner,NA,30,FALSE,NA,FALSE,NA,31,11,0,0,n,m,150,0,-0,100,20,-20,-2.477410529609116,English,NA,NA,1,NA,NA,0,NA,NA,1,NA,NA,1,NA,NA,1,NA,NA,1,NA,NA
unknown_lab,le39,1995,male,"England, UK",United Kingdom,TRUE,FALSE,beginner,NA,30,FALSE,NA,FALSE,NA,31,11,0,0,n,m,150,0,-0,40,20,-20,-2.477410529609116,English,NA,NA,1,NA,NA,0,NA,NA,1,NA,NA,1,NA,NA,1,NA,NA,1,NA,NA
unknown_lab,le39,1995,male,"England, UK",United Kingdom,TRUE,FALSE,beginner,NA,30,FALSE,NA,FALSE,NA,31,11,0,0,p,m,150,0,0,60,40,40,4.092443014020803,English,NA,NA,1,NA,NA,0,NA,NA,1,NA,NA,1,NA,NA,1,NA,NA,1,NA,NA
unknown_lab,le39,1995,male,"England, UK",United Kingdom,TRUE,FALSE,beginner,NA,30,FALSE,NA,FALSE,NA,31,11,0,0,n,m,150,0,-0,80,40,-40,-5.369507723654657,English,NA,NA,1,NA,NA,0,NA,NA,1,NA,NA,1,NA,NA,1,NA,NA,1,NA,NA
unknown_lab,le39,1995,male,"England, UK",United Kingdom,TRUE,FALSE,beginner,NA,30,FALSE,NA,FALSE,NA,31,11,0,0,p,m,150,0,0,20,10,10,1.1173128526977774,English,NA,NA,1,NA,NA,0,NA,NA,1,NA,NA,1,NA,NA,1,NA,NA,1,NA,NA
unknown_lab,le39,1995,male,"England, UK",United Kingdom,TRUE,FALSE,beginner,NA,30,FALSE,NA,FALSE,NA,31,11,0,0,0,m,150,1,NA,40,0,-0,0,English,NA,NA,1,NA,NA,0,NA,NA,1,NA,NA,1,NA,NA,1,NA,NA,1,NA,NA
unknown_lab,le39,1995,male,"England, UK",United Kingdom,TRUE,FALSE,beginner,NA,30,FALSE,NA,FALSE,NA,31,11,0,0,0,m,150,1,NA,20,0,-0,0,English,NA,NA,1,NA,NA,0,NA,NA,1,NA,NA,1,NA,NA,1,NA,NA,1,NA,NA
unknown_lab,le39,1995,male,"England, UK",United Kingdom,TRUE,FALSE,beginner,NA,30,FALSE,NA,FALSE,NA,31,11,0,0,0,m,150,1,NA,40,0,-0,0,English,NA,NA,1,NA,NA,0,NA,NA,1,NA,NA,1,NA,NA,1,NA,NA,1,NA,NA
unknown_lab,le39,1995,male,"England, UK",United Kingdom,TRUE,FALSE,beginner,NA,30,FALSE,NA,FALSE,NA,31,11,0,0,n,m,150,0,-0,20,20,-20,-2.477410529609116,English,NA,NA,1,NA,NA,0,NA,NA,1,NA,NA,1,NA,NA,1,NA,NA,1,NA,NA
unknown_lab,le39,1995,male,"England, UK",United Kingdom,TRUE,FALSE,beginner,NA,30,FALSE,NA,FALSE,NA,31,11,0,0,n,m,150,0,-0,60,10,-10,-1.1944280826109728,English,NA,NA,1,NA,NA,0,NA,NA,1,NA,NA,1,NA,NA,1,NA,NA,1,NA,NA
unknown_lab,le39,1995,male,"England, UK",United Kingdom,TRUE,FALSE,beginner,NA,30,FALSE,NA,FALSE,NA,31,11,0,0,p,m,150,0,0,140,20,20,2.16686694770185,English,NA,NA,1,NA,NA,0,NA,NA,1,NA,NA,1,NA,NA,1,NA,NA,1,NA,NA
unknown_lab,le39,1995,male,"England, UK",United Kingdom,TRUE,FALSE,beginner,NA,30,FALSE,NA,FALSE,NA,31,11,0,0,0,m,150,1,NA,120,0,-0,0,English,NA,NA,1,NA,NA,0,NA,NA,1,NA,NA,1,NA,NA,1,NA,NA,1,NA,NA
unknown_lab,le39,1995,male,"England, UK",United Kingdom,TRUE,FALSE,beginner,NA,30,FALSE,NA,FALSE,NA,31,11,0,0,p,m,150,0,0,40,10,10,1.1173128526977774,English,NA,NA,1,NA,NA,0,NA,NA,1,NA,NA,1,NA,NA,1,NA,NA,1,NA,NA
unknown_lab,le39,1995,male,"England, UK",United Kingdom,TRUE,FALSE,beginner,NA,30,FALSE,NA,FALSE,NA,31,11,0,0,p,m,150,0,0,40,30,30,3.1564128700055254,English,NA,NA,1,NA,NA,0,NA,NA,1,NA,NA,1,NA,NA,1,NA,NA,1,NA,NA
unknown_lab,le39,1995,male,"England, UK",United Kingdom,TRUE,FALSE,beginner,NA,30,FALSE,NA,FALSE,NA,31,11,0,0,p,m,150,0,0,20,20,20,2.16686694770185,English,NA,NA,1,NA,NA,0,NA,NA,1,NA,NA,1,NA,NA,1,NA,NA,1,NA,NA
unknown_lab,le39,1995,male,"England, UK",United Kingdom,TRUE,FALSE,beginner,NA,30,FALSE,NA,FALSE,NA,31,11,0,0,p,m,150,0,0,140,10,10,1.1173128526977774,English,NA,NA,1,NA,NA,0,NA,NA,1,NA,NA,1,NA,NA,1,NA,NA,1,NA,NA
unknown_lab,le39,1995,male,"England, UK",United Kingdom,TRUE,FALSE,beginner,NA,30,FALSE,NA,FALSE,NA,31,11,0,0,n,m,150,0,-0,120,10,-10,-1.1944280826109728,English,NA,NA,1,NA,NA,0,NA,NA,1,NA,NA,1,NA,NA,1,NA,NA,1,NA,NA
unknown_lab,le39,1995,male,"England, UK",United Kingdom,TRUE,FALSE,beginner,NA,30,FALSE,NA,FALSE,NA,31,11,0,0,p,m,150,0,0,20,40,40,4.092443014020803,English,NA,NA,1,NA,NA,0,NA,NA,1,NA,NA,1,NA,NA,1,NA,NA,1,NA,NA
unknown_lab,le39,1995,male,"England, UK",United Kingdom,TRUE,FALSE,beginner,NA,30,FALSE,NA,FALSE,NA,31,11,0,0,n,m,150,0,-0,20,40,-40,-5.369507723654657,English,NA,NA,1,NA,NA,0,NA,NA,1,NA,NA,1,NA,NA,1,NA,NA,1,NA,NA
unknown_lab,le39,1995,male,"England, UK",United Kingdom,TRUE,FALSE,beginner,NA,30,FALSE,NA,FALSE,NA,31,11,0,0,n,m,150,0,-0,100,30,-30,-3.8631371386483475,English,NA,NA,1,NA,NA,0,NA,NA,1,NA,NA,1,NA,NA,1,NA,NA,1,NA,NA
unknown_lab,le39,1995,male,"England, UK",United Kingdom,TRUE,FALSE,beginner,NA,30,FALSE,NA,FALSE,NA,31,11,0,0,n,m,150,0,-0,100,10,-10,-1.1944280826109728,English,NA,NA,1,NA,NA,0,NA,NA,1,NA,NA,1,NA,NA,1,NA,NA,1,NA,NA
unknown_lab,le39,1995,male,"England, UK",United Kingdom,TRUE,FALSE,beginner,NA,30,FALSE,NA,FALSE,NA,31,11,0,0,p,m,150,0,0,60,10,10,1.1173128526977774,English,NA,NA,1,NA,NA,0,NA,NA,1,NA,NA,1,NA,NA,1,NA,NA,1,NA,NA
unknown_lab,le39,1995,male,"England, UK",United Kingdom,TRUE,FALSE,beginner,NA,30,FALSE,NA,FALSE,NA,31,11,0,0,p,m,150,0,0,100,40,40,4.092443014020803,English,NA,NA,1,NA,NA,0,NA,NA,1,NA,NA,1,NA,NA,1,NA,NA,1,NA,NA
unknown_lab,le39,1995,male,"England, UK",United Kingdom,TRUE,FALSE,beginner,NA,30,FALSE,NA,FALSE,NA,31,11,0,0,n,m,150,0,-0,20,30,-30,-3.8631371386483475,English,NA,NA,1,NA,NA,0,NA,NA,1,NA,NA,1,NA,NA,1,NA,NA,1,NA,NA
unknown_lab,le39,1995,male,"England, UK",United Kingdom,TRUE,FALSE,beginner,NA,30,FALSE,NA,FALSE,NA,31,11,0,0,p,m,150,0,0,40,20,20,2.16686694770185,English,NA,NA,1,NA,NA,0,NA,NA,1,NA,NA,1,NA,NA,1,NA,NA,1,NA,NA
unknown_lab,le39,1995,male,"England, UK",United Kingdom,TRUE,FALSE,beginner,NA,30,FALSE,NA,FALSE,NA,31,11,0,0,p,m,150,0,0,80,30,30,3.1564128700055254,English,NA,NA,1,NA,NA,0,NA,NA,1,NA,NA,1,NA,NA,1,NA,NA,1,NA,NA
unknown_lab,le39,1995,male,"England, UK",United Kingdom,TRUE,FALSE,beginner,NA,30,FALSE,NA,FALSE,NA,31,11,0,0,p,m,150,0,0,120,10,10,1.1173128526977774,English,NA,NA,1,NA,NA,0,NA,NA,1,NA,NA,1,NA,NA,1,NA,NA,1,NA,NA
unknown_lab,le39,1995,male,"England, UK",United Kingdom,TRUE,FALSE,beginner,NA,30,FALSE,NA,FALSE,NA,31,11,0,0,n,m,150,0,-0,40,10,-10,-1.1944280826109728,English,NA,NA,1,NA,NA,0,NA,NA,1,NA,NA,1,NA,NA,1,NA,NA,1,NA,NA
unknown_lab,le39,1995,male,"England, UK",United Kingdom,TRUE,FALSE,beginner,NA,30,FALSE,NA,FALSE,NA,31,11,0,0,n,m,150,0,-0,60,40,-40,-5.369507723654657,English,NA,NA,1,NA,NA,0,NA,NA,1,NA,NA,1,NA,NA,1,NA,NA,1,NA,NA
unknown_lab,le39,1995,male,"England, UK",United Kingdom,TRUE,FALSE,beginner,NA,30,FALSE,NA,FALSE,NA,31,11,0,0,n,m,150,0,-0,80,30,-30,-3.8631371386483475,English,NA,NA,1,NA,NA,0,NA,NA,1,NA,NA,1,NA,NA,1,NA,NA,1,NA,NA
unknown_lab,le39,1995,male,"England, UK",United Kingdom,TRUE,FALSE,beginner,NA,30,FALSE,NA,FALSE,NA,31,11,0,0,n,m,150,0,-0,60,20,-20,-2.477410529609116,English,NA,NA,1,NA,NA,0,NA,NA,1,NA,NA,1,NA,NA,1,NA,NA,1,NA,NA
unknown_lab,le39,1995,male,"England, UK",United Kingdom,TRUE,FALSE,beginner,NA,30,FALSE,NA,FALSE,NA,31,11,0,0,n,m,150,0,-0,120,10,-10,-1.1944280826109728,English,NA,NA,1,NA,NA,0,NA,NA,1,NA,NA,1,NA,NA,1,NA,NA,1,NA,NA
unknown_lab,le39,1995,male,"England, UK",United Kingdom,TRUE,FALSE,beginner,NA,30,FALSE,NA,FALSE,NA,31,11,0,0,p,m,150,0,0,20,30,30,3.1564128700055254,English,NA,NA,1,NA,NA,0,NA,NA,1,NA,NA,1,NA,NA,1,NA,NA,1,NA,NA
unknown_lab,le39,1995,male,"England, UK",United Kingdom,TRUE,FALSE,beginner,NA,30,FALSE,NA,FALSE,NA,31,11,0,0,p,m,150,0,0,20,20,20,2.16686694770185,English,NA,NA,1,NA,NA,0,NA,NA,1,NA,NA,1,NA,NA,1,NA,NA,1,NA,NA
unknown_lab,le39,1995,male,"England, UK",United Kingdom,TRUE,FALSE,beginner,NA,30,FALSE,NA,FALSE,NA,31,11,0,0,p,m,150,0,0,100,30,30,3.1564128700055254,English,NA,NA,1,NA,NA,0,NA,NA,1,NA,NA,1,NA,NA,1,NA,NA,1,NA,NA
unknown_lab,le39,1995,male,"England, UK",United Kingdom,TRUE,FALSE,beginner,NA,30,FALSE,NA,FALSE,NA,31,11,0,0,n,m,150,0,-0,100,10,-10,-1.1944280826109728,English,NA,NA,1,NA,NA,0,NA,NA,1,NA,NA,1,NA,NA,1,NA,NA,1,NA,NA
unknown_lab,le39,1995,male,"England, UK",United Kingdom,TRUE,FALSE,beginner,NA,30,FALSE,NA,FALSE,NA,31,11,0,0,p,m,150,0,0,40,30,30,3.1564128700055254,English,NA,NA,1,NA,NA,0,NA,NA,1,NA,NA,1,NA,NA,1,NA,NA,1,NA,NA
unknown_lab,le39,1995,male,"England, UK",United Kingdom,TRUE,FALSE,beginner,NA,30,FALSE,NA,FALSE,NA,31,12,5,0.5676685773402819,p,h,155,1,0.125,80,40,40,4.092443014020803,English,NA,NA,1,NA,NA,0,NA,NA,1,NA,NA,1,NA,NA,1,NA,NA,1,NA,NA
unknown_lab,le39,1995,male,"England, UK",United Kingdom,TRUE,FALSE,beginner,NA,30,FALSE,NA,FALSE,NA,31,10,-5,-0.5869152057713568,n,l,145,1,0.16666666666666666,120,30,-30,-3.8631371386483475,English,NA,NA,1,NA,NA,0,NA,NA,1,NA,NA,1,NA,NA,1,NA,NA,1,NA,NA
unknown_lab,le39,1995,male,"England, UK",United Kingdom,TRUE,FALSE,beginner,NA,30,FALSE,NA,FALSE,NA,31,11,0,0,n,m,150,0,-0,80,10,-10,-1.1944280826109728,English,NA,NA,1,NA,NA,0,NA,NA,1,NA,NA,1,NA,NA,1,NA,NA,1,NA,NA
unknown_lab,le39,1995,male,"England, UK",United Kingdom,TRUE,FALSE,beginner,NA,30,FALSE,NA,FALSE,NA,31,11,0,0,0,m,150,1,NA,140,0,-0,0,English,NA,NA,1,NA,NA,0,NA,NA,1,NA,NA,1,NA,NA,1,NA,NA,1,NA,NA
unknown_lab,le39,1995,male,"England, UK",United Kingdom,TRUE,FALSE,beginner,NA,30,FALSE,NA,FALSE,NA,31,11,0,0,n,m,150,0,-0,140,30,-30,-3.8631371386483475,English,NA,NA,1,NA,NA,0,NA,NA,1,NA,NA,1,NA,NA,1,NA,NA,1,NA,NA
unknown_lab,le39,1995,male,"England, UK",United Kingdom,TRUE,FALSE,beginner,NA,30,FALSE,NA,FALSE,NA,31,11,0,0,n,m,150,0,-0,140,40,-40,-5.369507723654657,English,NA,NA,1,NA,NA,0,NA,NA,1,NA,NA,1,NA,NA,1,NA,NA,1,NA,NA
unknown_lab,le39,1995,male,"England, UK",United Kingdom,TRUE,FALSE,beginner,NA,30,FALSE,NA,FALSE,NA,31,11,0,0,n,m,150,0,-0,40,30,-30,-3.8631371386483475,English,NA,NA,1,NA,NA,0,NA,NA,1,NA,NA,1,NA,NA,1,NA,NA,1,NA,NA
unknown_lab,le39,1995,male,"England, UK",United Kingdom,TRUE,FALSE,beginner,NA,30,FALSE,NA,FALSE,NA,31,11,0,0,p,m,150,0,0,140,30,30,3.1564128700055254,English,NA,NA,1,NA,NA,0,NA,NA,1,NA,NA,1,NA,NA,1,NA,NA,1,NA,NA
unknown_lab,le39,1995,male,"England, UK",United Kingdom,TRUE,FALSE,beginner,NA,30,FALSE,NA,FALSE,NA,31,11,0,0,p,m,150,0,0,120,10,10,1.1173128526977774,English,NA,NA,1,NA,NA,0,NA,NA,1,NA,NA,1,NA,NA,1,NA,NA,1,NA,NA
unknown_lab,le39,1995,male,"England, UK",United Kingdom,TRUE,FALSE,beginner,NA,30,FALSE,NA,FALSE,NA,31,11,0,0,p,m,150,0,0,20,40,40,4.092443014020803,English,NA,NA,1,NA,NA,0,NA,NA,1,NA,NA,1,NA,NA,1,NA,NA,1,NA,NA
unknown_lab,le39,1995,male,"England, UK",United Kingdom,TRUE,FALSE,beginner,NA,30,FALSE,NA,FALSE,NA,31,11,0,0,0,m,150,1,NA,140,0,-0,0,English,NA,NA,1,NA,NA,0,NA,NA,1,NA,NA,1,NA,NA,1,NA,NA,1,NA,NA
unknown_lab,le39,1995,male,"England, UK",United Kingdom,TRUE,FALSE,beginner,NA,30,FALSE,NA,FALSE,NA,31,11,0,0,p,m,150,0,0,140,40,40,4.092443014020803,English,NA,NA,1,NA,NA,0,NA,NA,1,NA,NA,1,NA,NA,1,NA,NA,1,NA,NA
unknown_lab,le39,1995,male,"England, UK",United Kingdom,TRUE,FALSE,beginner,NA,30,FALSE,NA,FALSE,NA,31,11,0,0,n,m,150,0,-0,40,40,-40,-5.369507723654657,English,NA,NA,1,NA,NA,0,NA,NA,1,NA,NA,1,NA,NA,1,NA,NA,1,NA,NA
unknown_lab,le39,1995,male,"England, UK",United Kingdom,TRUE,FALSE,beginner,NA,30,FALSE,NA,FALSE,NA,31,11,0,0,n,m,150,0,-0,20,30,-30,-3.8631371386483475,English,NA,NA,1,NA,NA,0,NA,NA,1,NA,NA,1,NA,NA,1,NA,NA,1,NA,NA
unknown_lab,le39,1995,male,"England, UK",United Kingdom,TRUE,FALSE,beginner,NA,30,FALSE,NA,FALSE,NA,31,11,0,0,0,m,150,1,NA,120,0,-0,0,English,NA,NA,1,NA,NA,0,NA,NA,1,NA,NA,1,NA,NA,1,NA,NA,1,NA,NA
unknown_lab,le39,1995,male,"England, UK",United Kingdom,TRUE,FALSE,beginner,NA,30,FALSE,NA,FALSE,NA,31,11,0,0,p,m,150,0,0,100,20,20,2.16686694770185,English,NA,NA,1,NA,NA,0,NA,NA,1,NA,NA,1,NA,NA,1,NA,NA,1,NA,NA
unknown_lab,le39,1995,male,"England, UK",United Kingdom,TRUE,FALSE,beginner,NA,30,FALSE,NA,FALSE,NA,31,11,0,0,n,m,150,0,-0,40,20,-20,-2.477410529609116,English,NA,NA,1,NA,NA,0,NA,NA,1,NA,NA,1,NA,NA,1,NA,NA,1,NA,NA
unknown_lab,le39,1995,male,"England, UK",United Kingdom,TRUE,FALSE,beginner,NA,30,FALSE,NA,FALSE,NA,31,11,0,0,n,m,150,0,-0,40,10,-10,-1.1944280826109728,English,NA,NA,1,NA,NA,0,NA,NA,1,NA,NA,1,NA,NA,1,NA,NA,1,NA,NA
unknown_lab,le39,1995,male,"England, UK",United Kingdom,TRUE,FALSE,beginner,NA,30,FALSE,NA,FALSE,NA,31,11,0,0,p,m,150,0,0,60,20,20,2.16686694770185,English,NA,NA,1,NA,NA,0,NA,NA,1,NA,NA,1,NA,NA,1,NA,NA,1,NA,NA
unknown_lab,le39,1995,male,"England, UK",United Kingdom,TRUE,FALSE,beginner,NA,30,FALSE,NA,FALSE,NA,31,11,0,0,p,m,150,0,0,140,10,10,1.1173128526977774,English,NA,NA,1,NA,NA,0,NA,NA,1,NA,NA,1,NA,NA,1,NA,NA,1,NA,NA
unknown_lab,le39,1995,male,"England, UK",United Kingdom,TRUE,FALSE,beginner,NA,30,FALSE,NA,FALSE,NA,31,11,0,0,p,m,150,0,0,120,20,20,2.16686694770185,English,NA,NA,1,NA,NA,0,NA,NA,1,NA,NA,1,NA,NA,1,NA,NA,1,NA,NA
unknown_lab,le39,1995,male,"England, UK",United Kingdom,TRUE,FALSE,beginner,NA,30,FALSE,NA,FALSE,NA,31,11,0,0,p,m,150,0,0,40,20,20,2.16686694770185,English,NA,NA,1,NA,NA,0,NA,NA,1,NA,NA,1,NA,NA,1,NA,NA,1,NA,NA
unknown_lab,le39,1995,male,"England, UK",United Kingdom,TRUE,FALSE,beginner,NA,30,FALSE,NA,FALSE,NA,31,11,0,0,n,m,150,0,-0,100,20,-20,-2.477410529609116,English,NA,NA,1,NA,NA,0,NA,NA,1,NA,NA,1,NA,NA,1,NA,NA,1,NA,NA
unknown_lab,le39,1995,male,"England, UK",United Kingdom,TRUE,FALSE,beginner,NA,30,FALSE,NA,FALSE,NA,31,11,0,0,0,m,150,1,NA,80,0,-0,0,English,NA,NA,1,NA,NA,0,NA,NA,1,NA,NA,1,NA,NA,1,NA,NA,1,NA,NA
unknown_lab,le39,1995,male,"England, UK",United Kingdom,TRUE,FALSE,beginner,NA,30,FALSE,NA,FALSE,NA,31,11,0,0,n,m,150,0,-0,20,10,-10,-1.1944280826109728,English,NA,NA,1,NA,NA,0,NA,NA,1,NA,NA,1,NA,NA,1,NA,NA,1,NA,NA
unknown_lab,le39,1995,male,"England, UK",United Kingdom,TRUE,FALSE,beginner,NA,30,FALSE,NA,FALSE,NA,31,11,0,0,n,m,150,0,-0,100,40,-40,-5.369507723654657,English,NA,NA,1,NA,NA,0,NA,NA,1,NA,NA,1,NA,NA,1,NA,NA,1,NA,NA
unknown_lab,le39,1995,male,"England, UK",United Kingdom,TRUE,FALSE,beginner,NA,30,FALSE,NA,FALSE,NA,31,11,0,0,p,m,150,0,0,100,10,10,1.1173128526977774,English,NA,NA,1,NA,NA,0,NA,NA,1,NA,NA,1,NA,NA,1,NA,NA,1,NA,NA
unknown_lab,le39,1995,male,"England, UK",United Kingdom,TRUE,FALSE,beginner,NA,30,FALSE,NA,FALSE,NA,31,11,0,0,p,m,150,0,0,120,30,30,3.1564128700055254,English,NA,NA,1,NA,NA,0,NA,NA,1,NA,NA,1,NA,NA,1,NA,NA,1,NA,NA
unknown_lab,le39,1995,male,"England, UK",United Kingdom,TRUE,FALSE,beginner,NA,30,FALSE,NA,FALSE,NA,31,11,0,0,p,m,150,0,0,80,30,30,3.1564128700055254,English,NA,NA,1,NA,NA,0,NA,NA,1,NA,NA,1,NA,NA,1,NA,NA,1,NA,NA
unknown_lab,le39,1995,male,"England, UK",United Kingdom,TRUE,FALSE,beginner,NA,30,FALSE,NA,FALSE,NA,31,11,0,0,n,m,150,0,-0,80,30,-30,-3.8631371386483475,English,NA,NA,1,NA,NA,0,NA,NA,1,NA,NA,1,NA,NA,1,NA,NA,1,NA,NA
unknown_lab,le39,1995,male,"England, UK",United Kingdom,TRUE,FALSE,beginner,NA,30,FALSE,NA,FALSE,NA,31,11,0,0,n,m,150,0,-0,120,40,-40,-5.369507723654657,English,NA,NA,1,NA,NA,0,NA,NA,1,NA,NA,1,NA,NA,1,NA,NA,1,NA,NA
unknown_lab,le39,1995,male,"England, UK",United Kingdom,TRUE,FALSE,beginner,NA,30,FALSE,NA,FALSE,NA,31,11,0,0,n,m,150,0,-0,80,40,-40,-5.369507723654657,English,NA,NA,1,NA,NA,0,NA,NA,1,NA,NA,1,NA,NA,1,NA,NA,1,NA,NA
unknown_lab,le39,1995,male,"England, UK",United Kingdom,TRUE,FALSE,beginner,NA,30,FALSE,NA,FALSE,NA,31,11,0,0,p,m,150,0,0,80,10,10,1.1173128526977774,English,NA,NA,1,NA,NA,0,NA,NA,1,NA,NA,1,NA,NA,1,NA,NA,1,NA,NA
unknown_lab,le39,1995,male,"England, UK",United Kingdom,TRUE,FALSE,beginner,NA,30,FALSE,NA,FALSE,NA,31,11,0,0,p,m,150,0,0,40,10,10,1.1173128526977774,English,NA,NA,1,NA,NA,0,NA,NA,1,NA,NA,1,NA,NA,1,NA,NA,1,NA,NA
unknown_lab,le39,1995,male,"England, UK",United Kingdom,TRUE,FALSE,beginner,NA,30,FALSE,NA,FALSE,NA,31,11,0,0,p,m,150,0,0,60,10,10,1.1173128526977774,English,NA,NA,1,NA,NA,0,NA,NA,1,NA,NA,1,NA,NA,1,NA,NA,1,NA,NA
unknown_lab,le39,1995,male,"England, UK",United Kingdom,TRUE,FALSE,beginner,NA,30,FALSE,NA,FALSE,NA,31,11,0,0,p,m,150,0,0,60,40,40,4.092443014020803,English,NA,NA,1,NA,NA,0,NA,NA,1,NA,NA,1,NA,NA,1,NA,NA,1,NA,NA
unknown_lab,le39,1995,male,"England, UK",United Kingdom,TRUE,FALSE,beginner,NA,30,FALSE,NA,FALSE,NA,31,11,0,0,n,m,150,0,-0,20,20,-20,-2.477410529609116,English,NA,NA,1,NA,NA,0,NA,NA,1,NA,NA,1,NA,NA,1,NA,NA,1,NA,NA
unknown_lab,le39,1995,male,"England, UK",United Kingdom,TRUE,FALSE,beginner,NA,30,FALSE,NA,FALSE,NA,31,10,-5,-0.5869152057713568,0,l,145,0,NA,100,0,-0,0,English,NA,NA,1,NA,NA,0,NA,NA,1,NA,NA,1,NA,NA,1,NA,NA,1,NA,NA
unknown_lab,le39,1995,male,"England, UK",United Kingdom,TRUE,FALSE,beginner,NA,30,FALSE,NA,FALSE,NA,31,11,0,0,0,m,150,1,NA,60,0,-0,0,English,NA,NA,1,NA,NA,0,NA,NA,1,NA,NA,1,NA,NA,1,NA,NA,1,NA,NA
unknown_lab,le39,1995,male,"England, UK",United Kingdom,TRUE,FALSE,beginner,NA,30,FALSE,NA,FALSE,NA,31,11,0,0,p,m,150,0,0,120,40,40,4.092443014020803,English,NA,NA,1,NA,NA,0,NA,NA,1,NA,NA,1,NA,NA,1,NA,NA,1,NA,NA
unknown_lab,le39,1995,male,"England, UK",United Kingdom,TRUE,FALSE,beginner,NA,30,FALSE,NA,FALSE,NA,31,11,0,0,n,m,150,0,-0,60,10,-10,-1.1944280826109728,English,NA,NA,1,NA,NA,0,NA,NA,1,NA,NA,1,NA,NA,1,NA,NA,1,NA,NA
unknown_lab,le39,1995,male,"England, UK",United Kingdom,TRUE,FALSE,beginner,NA,30,FALSE,NA,FALSE,NA,31,11,0,0,p,m,150,0,0,20,10,10,1.1173128526977774,English,NA,NA,1,NA,NA,0,NA,NA,1,NA,NA,1,NA,NA,1,NA,NA,1,NA,NA
unknown_lab,le39,1995,male,"England, UK",United Kingdom,TRUE,FALSE,beginner,NA,30,FALSE,NA,FALSE,NA,31,11,0,0,n,m,150,0,-0,140,20,-20,-2.477410529609116,English,NA,NA,1,NA,NA,0,NA,NA,1,NA,NA,1,NA,NA,1,NA,NA,1,NA,NA
unknown_lab,le39,1995,male,"England, UK",United Kingdom,TRUE,FALSE,beginner,NA,30,FALSE,NA,FALSE,NA,31,11,0,0,n,m,150,0,-0,80,20,-20,-2.477410529609116,English,NA,NA,1,NA,NA,0,NA,NA,1,NA,NA,1,NA,NA,1,NA,NA,1,NA,NA
unknown_lab,le39,1995,male,"England, UK",United Kingdom,TRUE,FALSE,beginner,NA,30,FALSE,NA,FALSE,NA,31,11,0,0,n,m,150,0,-0,60,40,-40,-5.369507723654657,English,NA,NA,1,NA,NA,0,NA,NA,1,NA,NA,1,NA,NA,1,NA,NA,1,NA,NA
unknown_lab,le39,1995,male,"England, UK",United Kingdom,TRUE,FALSE,beginner,NA,30,FALSE,NA,FALSE,NA,31,11,0,0,p,m,150,0,0,80,20,20,2.16686694770185,English,NA,NA,1,NA,NA,0,NA,NA,1,NA,NA,1,NA,NA,1,NA,NA,1,NA,NA
unknown_lab,le39,1995,male,"England, UK",United Kingdom,TRUE,FALSE,beginner,NA,30,FALSE,NA,FALSE,NA,31,11,0,0,p,m,150,0,0,100,40,40,4.092443014020803,English,NA,NA,1,NA,NA,0,NA,NA,1,NA,NA,1,NA,NA,1,NA,NA,1,NA,NA
unknown_lab,le39,1995,male,"England, UK",United Kingdom,TRUE,FALSE,beginner,NA,30,FALSE,NA,FALSE,NA,31,11,0,0,0,m,150,1,NA,80,0,-0,0,English,NA,NA,1,NA,NA,0,NA,NA,1,NA,NA,1,NA,NA,1,NA,NA,1,NA,NA
unknown_lab,le39,1995,male,"England, UK",United Kingdom,TRUE,FALSE,beginner,NA,30,FALSE,NA,FALSE,NA,31,11,0,0,n,m,150,0,-0,60,30,-30,-3.8631371386483475,English,NA,NA,1,NA,NA,0,NA,NA,1,NA,NA,1,NA,NA,1,NA,NA,1,NA,NA
unknown_lab,le39,1995,male,"England, UK",United Kingdom,TRUE,FALSE,beginner,NA,30,FALSE,NA,FALSE,NA,31,11,0,0,n,m,150,0,-0,140,10,-10,-1.1944280826109728,English,NA,NA,1,NA,NA,0,NA,NA,1,NA,NA,1,NA,NA,1,NA,NA,1,NA,NA
unknown_lab,le39,1995,male,"England, UK",United Kingdom,TRUE,FALSE,beginner,NA,30,FALSE,NA,FALSE,NA,31,11,0,0,n,m,150,0,-0,20,40,-40,-5.369507723654657,English,NA,NA,1,NA,NA,0,NA,NA,1,NA,NA,1,NA,NA,1,NA,NA,1,NA,NA
unknown_lab,le39,1995,male,"England, UK",United Kingdom,TRUE,FALSE,beginner,NA,30,FALSE,NA,FALSE,NA,31,11,0,0,p,m,150,0,0,140,20,20,2.16686694770185,English,NA,NA,1,NA,NA,0,NA,NA,1,NA,NA,1,NA,NA,1,NA,NA,1,NA,NA
4698,7ury,2005,female,United States,United States,TRUE,TRUE,intermediate,0,10,FALSE,NA,FALSE,NA,35,11,0,0,n,m,150,0,-0,60,30,-30,-3.8631371386483475,English,Spanish,NA,1,4,NA,NA,10,NA,1,4,NA,1,4,NA,1,3,NA,1,4,NA
4698,7ury,2005,female,United States,United States,TRUE,TRUE,intermediate,0,10,FALSE,NA,FALSE,NA,35,11,0,0,n,m,150,0,-0,140,40,-40,-5.369507723654657,English,Spanish,NA,1,4,NA,NA,10,NA,1,4,NA,1,4,NA,1,3,NA,1,4,NA
4698,7ury,2005,female,United States,United States,TRUE,TRUE,intermediate,0,10,FALSE,NA,FALSE,NA,35,12,5,0.5676685773402819,p,h,155,1,0.125,120,40,40,4.092443014020803,English,Spanish,NA,1,4,NA,NA,10,NA,1,4,NA,1,4,NA,1,3,NA,1,4,NA
4698,7ury,2005,female,United States,United States,TRUE,TRUE,intermediate,0,10,FALSE,NA,FALSE,NA,35,11,0,0,n,m,150,0,-0,20,30,-30,-3.8631371386483475,English,Spanish,NA,1,4,NA,NA,10,NA,1,4,NA,1,4,NA,1,3,NA,1,4,NA
4698,7ury,2005,female,United States,United States,TRUE,TRUE,intermediate,0,10,FALSE,NA,FALSE,NA,35,11,0,0,n,m,150,0,-0,40,20,-20,-2.477410529609116,English,Spanish,NA,1,4,NA,NA,10,NA,1,4,NA,1,4,NA,1,3,NA,1,4,NA
4698,7ury,2005,female,United States,United States,TRUE,TRUE,intermediate,0,10,FALSE,NA,FALSE,NA,35,11,0,0,n,m,150,0,-0,100,30,-30,-3.8631371386483475,English,Spanish,NA,1,4,NA,NA,10,NA,1,4,NA,1,4,NA,1,3,NA,1,4,NA
4698,7ury,2005,female,United States,United States,TRUE,TRUE,intermediate,0,10,FALSE,NA,FALSE,NA,35,11,0,0,n,m,150,0,-0,120,10,-10,-1.1944280826109728,English,Spanish,NA,1,4,NA,NA,10,NA,1,4,NA,1,4,NA,1,3,NA,1,4,NA
4698,7ury,2005,female,United States,United States,TRUE,TRUE,intermediate,0,10,FALSE,NA,FALSE,NA,35,11,0,0,n,m,150,0,-0,40,30,-30,-3.8631371386483475,English,Spanish,NA,1,4,NA,NA,10,NA,1,4,NA,1,4,NA,1,3,NA,1,4,NA
4698,7ury,2005,female,United States,United States,TRUE,TRUE,intermediate,0,10,FALSE,NA,FALSE,NA,35,11,0,0,n,m,150,0,-0,20,10,-10,-1.1944280826109728,English,Spanish,NA,1,4,NA,NA,10,NA,1,4,NA,1,4,NA,1,3,NA,1,4,NA
4698,7ury,2005,female,United States,United States,TRUE,TRUE,intermediate,0,10,FALSE,NA,FALSE,NA,35,11,0,0,n,m,150,0,-0,20,40,-40,-5.369507723654657,English,Spanish,NA,1,4,NA,NA,10,NA,1,4,NA,1,4,NA,1,3,NA,1,4,NA
4698,7ury,2005,female,United States,United States,TRUE,TRUE,intermediate,0,10,FALSE,NA,FALSE,NA,35,12,5,0.5676685773402819,p,h,155,1,0.25,100,20,20,2.16686694770185,English,Spanish,NA,1,4,NA,NA,10,NA,1,4,NA,1,4,NA,1,3,NA,1,4,NA
4698,7ury,2005,female,United States,United States,TRUE,TRUE,intermediate,0,10,FALSE,NA,FALSE,NA,35,10,-5,-0.5869152057713568,n,l,145,1,0.16666666666666666,120,30,-30,-3.8631371386483475,English,Spanish,NA,1,4,NA,NA,10,NA,1,4,NA,1,4,NA,1,3,NA,1,4,NA
4698,7ury,2005,female,United States,United States,TRUE,TRUE,intermediate,0,10,FALSE,NA,FALSE,NA,35,12,5,0.5676685773402819,p,h,155,1,0.25,40,20,20,2.16686694770185,English,Spanish,NA,1,4,NA,NA,10,NA,1,4,NA,1,4,NA,1,3,NA,1,4,NA
4698,7ury,2005,female,United States,United States,TRUE,TRUE,intermediate,0,10,FALSE,NA,FALSE,NA,35,11,0,0,n,m,150,0,-0,140,30,-30,-3.8631371386483475,English,Spanish,NA,1,4,NA,NA,10,NA,1,4,NA,1,4,NA,1,3,NA,1,4,NA
4698,7ury,2005,female,United States,United States,TRUE,TRUE,intermediate,0,10,FALSE,NA,FALSE,NA,35,11,0,0,p,m,150,0,0,120,10,10,1.1173128526977774,English,Spanish,NA,1,4,NA,NA,10,NA,1,4,NA,1,4,NA,1,3,NA,1,4,NA
4698,7ury,2005,female,United States,United States,TRUE,TRUE,intermediate,0,10,FALSE,NA,FALSE,NA,35,11,0,0,p,m,150,0,0,60,20,20,2.16686694770185,English,Spanish,NA,1,4,NA,NA,10,NA,1,4,NA,1,4,NA,1,3,NA,1,4,NA
4698,7ury,2005,female,United States,United States,TRUE,TRUE,intermediate,0,10,FALSE,NA,FALSE,NA,35,11,0,0,n,m,150,0,-0,20,20,-20,-2.477410529609116,English,Spanish,NA,1,4,NA,NA,10,NA,1,4,NA,1,4,NA,1,3,NA,1,4,NA
4698,7ury,2005,female,United States,United States,TRUE,TRUE,intermediate,0,10,FALSE,NA,FALSE,NA,35,11,0,0,p,m,150,0,0,80,10,10,1.1173128526977774,English,Spanish,NA,1,4,NA,NA,10,NA,1,4,NA,1,4,NA,1,3,NA,1,4,NA
4698,7ury,2005,female,United States,United States,TRUE,TRUE,intermediate,0,10,FALSE,NA,FALSE,NA,35,11,0,0,n,m,150,0,-0,40,10,-10,-1.1944280826109728,English,Spanish,NA,1,4,NA,NA,10,NA,1,4,NA,1,4,NA,1,3,NA,1,4,NA
4698,7ury,2005,female,United States,United States,TRUE,TRUE,intermediate,0,10,FALSE,NA,FALSE,NA,35,11,0,0,n,m,150,0,-0,40,40,-40,-5.369507723654657,English,Spanish,NA,1,4,NA,NA,10,NA,1,4,NA,1,4,NA,1,3,NA,1,4,NA
4698,7ury,2005,female,United States,United States,TRUE,TRUE,intermediate,0,10,FALSE,NA,FALSE,NA,35,11,0,0,n,m,150,0,-0,100,20,-20,-2.477410529609116,English,Spanish,NA,1,4,NA,NA,10,NA,1,4,NA,1,4,NA,1,3,NA,1,4,NA
4698,7ury,2005,female,United States,United States,TRUE,TRUE,intermediate,0,10,FALSE,NA,FALSE,NA,35,11,0,0,p,m,150,0,0,60,40,40,4.092443014020803,English,Spanish,NA,1,4,NA,NA,10,NA,1,4,NA,1,4,NA,1,3,NA,1,4,NA
4698,7ury,2005,female,United States,United States,TRUE,TRUE,intermediate,0,10,FALSE,NA,FALSE,NA,35,11,0,0,0,m,150,1,NA,20,0,-0,0,English,Spanish,NA,1,4,NA,NA,10,NA,1,4,NA,1,4,NA,1,3,NA,1,4,NA
4698,7ury,2005,female,United States,United States,TRUE,TRUE,intermediate,0,10,FALSE,NA,FALSE,NA,35,12,5,0.5676685773402819,p,h,155,1,0.25,20,20,20,2.16686694770185,English,Spanish,NA,1,4,NA,NA,10,NA,1,4,NA,1,4,NA,1,3,NA,1,4,NA
4698,7ury,2005,female,United States,United States,TRUE,TRUE,intermediate,0,10,FALSE,NA,FALSE,NA,35,11,0,0,n,m,150,0,-0,60,10,-10,-1.1944280826109728,English,Spanish,NA,1,4,NA,NA,10,NA,1,4,NA,1,4,NA,1,3,NA,1,4,NA
4698,7ury,2005,female,United States,United States,TRUE,TRUE,intermediate,0,10,FALSE,NA,FALSE,NA,35,11,0,0,p,m,150,0,0,20,30,30,3.1564128700055254,English,Spanish,NA,1,4,NA,NA,10,NA,1,4,NA,1,4,NA,1,3,NA,1,4,NA
4698,7ury,2005,female,United States,United States,TRUE,TRUE,intermediate,0,10,FALSE,NA,FALSE,NA,35,11,0,0,p,m,150,0,0,80,30,30,3.1564128700055254,English,Spanish,NA,1,4,NA,NA,10,NA,1,4,NA,1,4,NA,1,3,NA,1,4,NA
4698,7ury,2005,female,United States,United States,TRUE,TRUE,intermediate,0,10,FALSE,NA,FALSE,NA,35,11,0,0,p,m,150,0,0,100,30,30,3.1564128700055254,English,Spanish,NA,1,4,NA,NA,10,NA,1,4,NA,1,4,NA,1,3,NA,1,4,NA
4698,7ury,2005,female,United States,United States,TRUE,TRUE,intermediate,0,10,FALSE,NA,FALSE,NA,35,11,0,0,n,m,150,0,-0,80,10,-10,-1.1944280826109728,English,Spanish,NA,1,4,NA,NA,10,NA,1,4,NA,1,4,NA,1,3,NA,1,4,NA
4698,7ury,2005,female,United States,United States,TRUE,TRUE,intermediate,0,10,FALSE,NA,FALSE,NA,35,12,5,0.5676685773402819,n,h,155,0,-0.25,140,20,-20,-2.477410529609116,English,Spanish,NA,1,4,NA,NA,10,NA,1,4,NA,1,4,NA,1,3,NA,1,4,NA
4698,7ury,2005,female,United States,United States,TRUE,TRUE,intermediate,0,10,FALSE,NA,FALSE,NA,35,12,5,0.5676685773402819,n,h,155,0,-0.125,80,40,-40,-5.369507723654657,English,Spanish,NA,1,4,NA,NA,10,NA,1,4,NA,1,4,NA,1,3,NA,1,4,NA
4698,7ury,2005,female,United States,United States,TRUE,TRUE,intermediate,0,10,FALSE,NA,FALSE,NA,35,12,5,0.5676685773402819,p,h,155,1,0.125,140,40,40,4.092443014020803,English,Spanish,NA,1,4,NA,NA,10,NA,1,4,NA,1,4,NA,1,3,NA,1,4,NA
4698,7ury,2005,female,United States,United States,TRUE,TRUE,intermediate,0,10,FALSE,NA,FALSE,NA,35,12,5,0.5676685773402819,p,h,155,1,0.25,120,20,20,2.16686694770185,English,Spanish,NA,1,4,NA,NA,10,NA,1,4,NA,1,4,NA,1,3,NA,1,4,NA
4698,7ury,2005,female,United States,United States,TRUE,TRUE,intermediate,0,10,FALSE,NA,FALSE,NA,35,11,0,0,p,m,150,0,0,20,40,40,4.092443014020803,English,Spanish,NA,1,4,NA,NA,10,NA,1,4,NA,1,4,NA,1,3,NA,1,4,NA
4698,7ury,2005,female,United States,United States,TRUE,TRUE,intermediate,0,10,FALSE,NA,FALSE,NA,35,11,0,0,p,m,150,0,0,40,40,40,4.092443014020803,English,Spanish,NA,1,4,NA,NA,10,NA,1,4,NA,1,4,NA,1,3,NA,1,4,NA
4698,7ury,2005,female,United States,United States,TRUE,TRUE,intermediate,0,10,FALSE,NA,FALSE,NA,35,11,0,0,p,m,150,0,0,100,10,10,1.1173128526977774,English,Spanish,NA,1,4,NA,NA,10,NA,1,4,NA,1,4,NA,1,3,NA,1,4,NA
4698,7ury,2005,female,United States,United States,TRUE,TRUE,intermediate,0,10,FALSE,NA,FALSE,NA,35,12,5,0.5676685773402819,p,h,155,1,0.16666666666666666,140,30,30,3.1564128700055254,English,Spanish,NA,1,4,NA,NA,10,NA,1,4,NA,1,4,NA,1,3,NA,1,4,NA
4698,7ury,2005,female,United States,United States,TRUE,TRUE,intermediate,0,10,FALSE,NA,FALSE,NA,35,11,0,0,0,m,150,1,NA,140,0,-0,0,English,Spanish,NA,1,4,NA,NA,10,NA,1,4,NA,1,4,NA,1,3,NA,1,4,NA
4698,7ury,2005,female,United States,United States,TRUE,TRUE,intermediate,0,10,FALSE,NA,FALSE,NA,35,12,5,0.5676685773402819,p,h,155,1,0.16666666666666666,40,30,30,3.1564128700055254,English,Spanish,NA,1,4,NA,NA,10,NA,1,4,NA,1,4,NA,1,3,NA,1,4,NA
4698,7ury,2005,female,United States,United States,TRUE,TRUE,intermediate,0,10,FALSE,NA,FALSE,NA,35,11,0,0,0,m,150,1,NA,40,0,-0,0,English,Spanish,NA,1,4,NA,NA,10,NA,1,4,NA,1,4,NA,1,3,NA,1,4,NA
4698,7ury,2005,female,United States,United States,TRUE,TRUE,intermediate,0,10,FALSE,NA,FALSE,NA,35,12,5,0.5676685773402819,n,h,155,0,-0.5,100,10,-10,-1.1944280826109728,English,Spanish,NA,1,4,NA,NA,10,NA,1,4,NA,1,4,NA,1,3,NA,1,4,NA
4698,7ury,2005,female,United States,United States,TRUE,TRUE,intermediate,0,10,FALSE,NA,FALSE,NA,35,12,5,0.5676685773402819,p,h,155,1,0.16666666666666666,120,30,30,3.1564128700055254,English,Spanish,NA,1,4,NA,NA,10,NA,1,4,NA,1,4,NA,1,3,NA,1,4,NA
4698,7ury,2005,female,United States,United States,TRUE,TRUE,intermediate,0,10,FALSE,NA,FALSE,NA,35,11,0,0,p,m,150,0,0,20,10,10,1.1173128526977774,English,Spanish,NA,1,4,NA,NA,10,NA,1,4,NA,1,4,NA,1,3,NA,1,4,NA
4698,7ury,2005,female,United States,United States,TRUE,TRUE,intermediate,0,10,FALSE,NA,FALSE,NA,35,11,0,0,p,m,150,0,0,40,10,10,1.1173128526977774,English,Spanish,NA,1,4,NA,NA,10,NA,1,4,NA,1,4,NA,1,3,NA,1,4,NA
4698,7ury,2005,female,United States,United States,TRUE,TRUE,intermediate,0,10,FALSE,NA,FALSE,NA,35,11,0,0,p,m,150,0,0,80,40,40,4.092443014020803,English,Spanish,NA,1,4,NA,NA,10,NA,1,4,NA,1,4,NA,1,3,NA,1,4,NA
4698,7ury,2005,female,United States,United States,TRUE,TRUE,intermediate,0,10,FALSE,NA,FALSE,NA,35,11,0,0,n,m,150,0,-0,80,30,-30,-3.8631371386483475,English,Spanish,NA,1,4,NA,NA,10,NA,1,4,NA,1,4,NA,1,3,NA,1,4,NA
4698,7ury,2005,female,United States,United States,TRUE,TRUE,intermediate,0,10,FALSE,NA,FALSE,NA,35,11,0,0,p,m,150,0,0,60,10,10,1.1173128526977774,English,Spanish,NA,1,4,NA,NA,10,NA,1,4,NA,1,4,NA,1,3,NA,1,4,NA
4698,7ury,2005,female,United States,United States,TRUE,TRUE,intermediate,0,10,FALSE,NA,FALSE,NA,35,11,0,0,n,m,150,0,-0,60,40,-40,-5.369507723654657,English,Spanish,NA,1,4,NA,NA,10,NA,1,4,NA,1,4,NA,1,3,NA,1,4,NA
4698,7ury,2005,female,United States,United States,TRUE,TRUE,intermediate,0,10,FALSE,NA,FALSE,NA,35,11,0,0,n,m,150,0,-0,80,20,-20,-2.477410529609116,English,Spanish,NA,1,4,NA,NA,10,NA,1,4,NA,1,4,NA,1,3,NA,1,4,NA
4698,7ury,2005,female,United States,United States,TRUE,TRUE,intermediate,0,10,FALSE,NA,FALSE,NA,35,12,5,0.5676685773402819,p,h,155,1,0.125,100,40,40,4.092443014020803,English,Spanish,NA,1,4,NA,NA,10,NA,1,4,NA,1,4,NA,1,3,NA,1,4,NA
4698,7ury,2005,female,United States,United States,TRUE,TRUE,intermediate,0,10,FALSE,NA,FALSE,NA,35,11,0,0,0,m,150,1,NA,140,0,-0,0,English,Spanish,NA,1,4,NA,NA,10,NA,1,4,NA,1,4,NA,1,3,NA,1,4,NA
4698,7ury,2005,female,United States,United States,TRUE,TRUE,intermediate,0,10,FALSE,NA,FALSE,NA,35,11,0,0,p,m,150,0,0,140,20,20,2.16686694770185,English,Spanish,NA,1,4,NA,NA,10,NA,1,4,NA,1,4,NA,1,3,NA,1,4,NA
4698,7ury,2005,female,United States,United States,TRUE,TRUE,intermediate,0,10,FALSE,NA,FALSE,NA,35,11,0,0,0,m,150,1,NA,120,0,-0,0,English,Spanish,NA,1,4,NA,NA,10,NA,1,4,NA,1,4,NA,1,3,NA,1,4,NA
4698,7ury,2005,female,United States,United States,TRUE,TRUE,intermediate,0,10,FALSE,NA,FALSE,NA,35,11,0,0,0,m,150,1,NA,100,0,-0,0,English,Spanish,NA,1,4,NA,NA,10,NA,1,4,NA,1,4,NA,1,3,NA,1,4,NA
4698,7ury,2005,female,United States,United States,TRUE,TRUE,intermediate,0,10,FALSE,NA,FALSE,NA,35,11,0,0,n,m,150,0,-0,140,10,-10,-1.1944280826109728,English,Spanish,NA,1,4,NA,NA,10,NA,1,4,NA,1,4,NA,1,3,NA,1,4,NA
4698,7ury,2005,female,United States,United States,TRUE,TRUE,intermediate,0,10,FALSE,NA,FALSE,NA,35,11,0,0,n,m,150,0,-0,60,20,-20,-2.477410529609116,English,Spanish,NA,1,4,NA,NA,10,NA,1,4,NA,1,4,NA,1,3,NA,1,4,NA
4698,7ury,2005,female,United States,United States,TRUE,TRUE,intermediate,0,10,FALSE,NA,FALSE,NA,35,11,0,0,p,m,150,0,0,80,20,20,2.16686694770185,English,Spanish,NA,1,4,NA,NA,10,NA,1,4,NA,1,4,NA,1,3,NA,1,4,NA
4698,7ury,2005,female,United States,United States,TRUE,TRUE,intermediate,0,10,FALSE,NA,FALSE,NA,35,11,0,0,p,m,150,0,0,60,30,30,3.1564128700055254,English,Spanish,NA,1,4,NA,NA,10,NA,1,4,NA,1,4,NA,1,3,NA,1,4,NA
4698,7ury,2005,female,United States,United States,TRUE,TRUE,intermediate,0,10,FALSE,NA,FALSE,NA,35,10,-5,-0.5869152057713568,0,l,145,0,NA,120,0,-0,0,English,Spanish,NA,1,4,NA,NA,10,NA,1,4,NA,1,4,NA,1,3,NA,1,4,NA
4698,7ury,2005,female,United States,United States,TRUE,TRUE,intermediate,0,10,FALSE,NA,FALSE,NA,35,10,-5,-0.5869152057713568,n,l,145,1,0.25,120,20,-20,-2.477410529609116,English,Spanish,NA,1,4,NA,NA,10,NA,1,4,NA,1,4,NA,1,3,NA,1,4,NA
4698,7ury,2005,female,United States,United States,TRUE,TRUE,intermediate,0,10,FALSE,NA,FALSE,NA,35,9,-10,-1.1944280826109728,n,l,140,1,0.25,40,40,-40,-5.369507723654657,English,Spanish,NA,1,4,NA,NA,10,NA,1,4,NA,1,4,NA,1,3,NA,1,4,NA
4698,7ury,2005,female,United States,United States,TRUE,TRUE,intermediate,0,10,FALSE,NA,FALSE,NA,35,9,-10,-1.1944280826109728,n,l,140,1,0.3333333333333333,20,30,-30,-3.8631371386483475,English,Spanish,NA,1,4,NA,NA,10,NA,1,4,NA,1,4,NA,1,3,NA,1,4,NA
4698,7ury,2005,female,United States,United States,TRUE,TRUE,intermediate,0,10,FALSE,NA,FALSE,NA,35,10,-5,-0.5869152057713568,n,l,145,1,0.25,40,20,-20,-2.477410529609116,English,Spanish,NA,1,4,NA,NA,10,NA,1,4,NA,1,4,NA,1,3,NA,1,4,NA
4698,7ury,2005,female,United States,United States,TRUE,TRUE,intermediate,0,10,FALSE,NA,FALSE,NA,35,9,-10,-1.1944280826109728,p,l,140,0,-0.3333333333333333,80,30,30,3.1564128700055254,English,Spanish,NA,1,4,NA,NA,10,NA,1,4,NA,1,4,NA,1,3,NA,1,4,NA
4698,7ury,2005,female,United States,United States,TRUE,TRUE,intermediate,0,10,FALSE,NA,FALSE,NA,35,10,-5,-0.5869152057713568,p,l,145,0,-0.25,40,20,20,2.16686694770185,English,Spanish,NA,1,4,NA,NA,10,NA,1,4,NA,1,4,NA,1,3,NA,1,4,NA
4698,7ury,2005,female,United States,United States,TRUE,TRUE,intermediate,0,10,FALSE,NA,FALSE,NA,35,11,0,0,p,m,150,0,0,140,30,30,3.1564128700055254,English,Spanish,NA,1,4,NA,NA,10,NA,1,4,NA,1,4,NA,1,3,NA,1,4,NA
4698,7ury,2005,female,United States,United States,TRUE,TRUE,intermediate,0,10,FALSE,NA,FALSE,NA,35,11,0,0,0,m,150,1,NA,20,0,-0,0,English,Spanish,NA,1,4,NA,NA,10,NA,1,4,NA,1,4,NA,1,3,NA,1,4,NA
4698,7ury,2005,female,United States,United States,TRUE,TRUE,intermediate,0,10,FALSE,NA,FALSE,NA,35,11,0,0,0,m,150,1,NA,40,0,-0,0,English,Spanish,NA,1,4,NA,NA,10,NA,1,4,NA,1,4,NA,1,3,NA,1,4,NA
4698,7ury,2005,female,United States,United States,TRUE,TRUE,intermediate,0,10,FALSE,NA,FALSE,NA,35,11,0,0,n,m,150,0,-0,20,20,-20,-2.477410529609116,English,Spanish,NA,1,4,NA,NA,10,NA,1,4,NA,1,4,NA,1,3,NA,1,4,NA
4698,7ury,2005,female,United States,United States,TRUE,TRUE,intermediate,0,10,FALSE,NA,FALSE,NA,35,11,0,0,p,m,150,0,0,80,40,40,4.092443014020803,English,Spanish,NA,1,4,NA,NA,10,NA,1,4,NA,1,4,NA,1,3,NA,1,4,NA
4698,7ury,2005,female,United States,United States,TRUE,TRUE,intermediate,0,10,FALSE,NA,FALSE,NA,35,12,5,0.5676685773402819,n,h,155,0,-0.25,100,20,-20,-2.477410529609116,English,Spanish,NA,1,4,NA,NA,10,NA,1,4,NA,1,4,NA,1,3,NA,1,4,NA
4698,7ury,2005,female,United States,United States,TRUE,TRUE,intermediate,0,10,FALSE,NA,FALSE,NA,35,11,0,0,p,m,150,0,0,20,20,20,2.16686694770185,English,Spanish,NA,1,4,NA,NA,10,NA,1,4,NA,1,4,NA,1,3,NA,1,4,NA
4698,7ury,2005,female,United States,United States,TRUE,TRUE,intermediate,0,10,FALSE,NA,FALSE,NA,35,11,0,0,n,m,150,0,-0,80,20,-20,-2.477410529609116,English,Spanish,NA,1,4,NA,NA,10,NA,1,4,NA,1,4,NA,1,3,NA,1,4,NA
4698,7ury,2005,female,United States,United States,TRUE,TRUE,intermediate,0,10,FALSE,NA,FALSE,NA,35,11,0,0,p,m,150,0,0,60,40,40,4.092443014020803,English,Spanish,NA,1,4,NA,NA,10,NA,1,4,NA,1,4,NA,1,3,NA,1,4,NA
4698,7ury,2005,female,United States,United States,TRUE,TRUE,intermediate,0,10,FALSE,NA,FALSE,NA,35,11,0,0,n,m,150,0,-0,40,30,-30,-3.8631371386483475,English,Spanish,NA,1,4,NA,NA,10,NA,1,4,NA,1,4,NA,1,3,NA,1,4,NA
4698,7ury,2005,female,United States,United States,TRUE,TRUE,intermediate,0,10,FALSE,NA,FALSE,NA,35,10,-5,-0.5869152057713568,n,l,145,1,0.16666666666666666,120,30,-30,-3.8631371386483475,English,Spanish,NA,1,4,NA,NA,10,NA,1,4,NA,1,4,NA,1,3,NA,1,4,NA
4698,7ury,2005,female,United States,United States,TRUE,TRUE,intermediate,0,10,FALSE,NA,FALSE,NA,35,11,0,0,n,m,150,0,-0,60,10,-10,-1.1944280826109728,English,Spanish,NA,1,4,NA,NA,10,NA,1,4,NA,1,4,NA,1,3,NA,1,4,NA
4698,7ury,2005,female,United States,United States,TRUE,TRUE,intermediate,0,10,FALSE,NA,FALSE,NA,35,11,0,0,p,m,150,0,0,40,40,40,4.092443014020803,English,Spanish,NA,1,4,NA,NA,10,NA,1,4,NA,1,4,NA,1,3,NA,1,4,NA
4698,7ury,2005,female,United States,United States,TRUE,TRUE,intermediate,0,10,FALSE,NA,FALSE,NA,35,11,0,0,n,m,150,0,-0,40,10,-10,-1.1944280826109728,English,Spanish,NA,1,4,NA,NA,10,NA,1,4,NA,1,4,NA,1,3,NA,1,4,NA
4698,7ury,2005,female,United States,United States,TRUE,TRUE,intermediate,0,10,FALSE,NA,FALSE,NA,35,11,0,0,p,m,150,0,0,20,40,40,4.092443014020803,English,Spanish,NA,1,4,NA,NA,10,NA,1,4,NA,1,4,NA,1,3,NA,1,4,NA
4698,7ury,2005,female,United States,United States,TRUE,TRUE,intermediate,0,10,FALSE,NA,FALSE,NA,35,10,-5,-0.5869152057713568,n,l,145,1,0.5,100,10,-10,-1.1944280826109728,English,Spanish,NA,1,4,NA,NA,10,NA,1,4,NA,1,4,NA,1,3,NA,1,4,NA
4698,7ury,2005,female,United States,United States,TRUE,TRUE,intermediate,0,10,FALSE,NA,FALSE,NA,35,11,0,0,n,m,150,0,-0,80,10,-10,-1.1944280826109728,English,Spanish,NA,1,4,NA,NA,10,NA,1,4,NA,1,4,NA,1,3,NA,1,4,NA
4698,7ury,2005,female,United States,United States,TRUE,TRUE,intermediate,0,10,FALSE,NA,FALSE,NA,35,11,0,0,n,m,150,0,-0,60,20,-20,-2.477410529609116,English,Spanish,NA,1,4,NA,NA,10,NA,1,4,NA,1,4,NA,1,3,NA,1,4,NA
4698,7ury,2005,female,United States,United States,TRUE,TRUE,intermediate,0,10,FALSE,NA,FALSE,NA,35,11,0,0,n,m,150,0,-0,100,30,-30,-3.8631371386483475,English,Spanish,NA,1,4,NA,NA,10,NA,1,4,NA,1,4,NA,1,3,NA,1,4,NA
4698,7ury,2005,female,United States,United States,TRUE,TRUE,intermediate,0,10,FALSE,NA,FALSE,NA,35,11,0,0,0,m,150,1,NA,60,0,-0,0,English,Spanish,NA,1,4,NA,NA,10,NA,1,4,NA,1,4,NA,1,3,NA,1,4,NA
4698,7ury,2005,female,United States,United States,TRUE,TRUE,intermediate,0,10,FALSE,NA,FALSE,NA,35,11,0,0,p,m,150,0,0,80,10,10,1.1173128526977774,English,Spanish,NA,1,4,NA,NA,10,NA,1,4,NA,1,4,NA,1,3,NA,1,4,NA
4698,7ury,2005,female,United States,United States,TRUE,TRUE,intermediate,0,10,FALSE,NA,FALSE,NA,35,11,0,0,p,m,150,0,0,100,20,20,2.16686694770185,English,Spanish,NA,1,4,NA,NA,10,NA,1,4,NA,1,4,NA,1,3,NA,1,4,NA
4698,7ury,2005,female,United States,United States,TRUE,TRUE,intermediate,0,10,FALSE,NA,FALSE,NA,35,11,0,0,p,m,150,0,0,100,30,30,3.1564128700055254,English,Spanish,NA,1,4,NA,NA,10,NA,1,4,NA,1,4,NA,1,3,NA,1,4,NA
4698,7ury,2005,female,United States,United States,TRUE,TRUE,intermediate,0,10,FALSE,NA,FALSE,NA,35,11,0,0,p,m,150,0,0,100,40,40,4.092443014020803,English,Spanish,NA,1,4,NA,NA,10,NA,1,4,NA,1,4,NA,1,3,NA,1,4,NA
4698,7ury,2005,female,United States,United States,TRUE,TRUE,intermediate,0,10,FALSE,NA,FALSE,NA,35,10,-5,-0.5869152057713568,n,l,145,1,0.125,80,40,-40,-5.369507723654657,English,Spanish,NA,1,4,NA,NA,10,NA,1,4,NA,1,4,NA,1,3,NA,1,4,NA
4698,7ury,2005,female,United States,United States,TRUE,TRUE,intermediate,0,10,FALSE,NA,FALSE,NA,35,10,-5,-0.5869152057713568,n,l,145,1,0.25,120,20,-20,-2.477410529609116,English,Spanish,NA,1,4,NA,NA,10,NA,1,4,NA,1,4,NA,1,3,NA,1,4,NA
4698,7ury,2005,female,United States,United States,TRUE,TRUE,intermediate,0,10,FALSE,NA,FALSE,NA,35,11,0,0,n,m,150,0,-0,120,40,-40,-5.369507723654657,English,Spanish,NA,1,4,NA,NA,10,NA,1,4,NA,1,4,NA,1,3,NA,1,4,NA
4698,7ury,2005,female,United States,United States,TRUE,TRUE,intermediate,0,10,FALSE,NA,FALSE,NA,35,11,0,0,p,m,150,0,0,140,20,20,2.16686694770185,English,Spanish,NA,1,4,NA,NA,10,NA,1,4,NA,1,4,NA,1,3,NA,1,4,NA
4698,7ury,2005,female,United States,United States,TRUE,TRUE,intermediate,0,10,FALSE,NA,FALSE,NA,35,11,0,0,0,m,150,1,NA,100,0,-0,0,English,Spanish,NA,1,4,NA,NA,10,NA,1,4,NA,1,4,NA,1,3,NA,1,4,NA
4698,7ury,2005,female,United States,United States,TRUE,TRUE,intermediate,0,10,FALSE,NA,FALSE,NA,35,11,0,0,p,m,150,0,0,120,20,20,2.16686694770185,English,Spanish,NA,1,4,NA,NA,10,NA,1,4,NA,1,4,NA,1,3,NA,1,4,NA
4698,7ury,2005,female,United States,United States,TRUE,TRUE,intermediate,0,10,FALSE,NA,FALSE,NA,35,11,0,0,p,m,150,0,0,40,10,10,1.1173128526977774,English,Spanish,NA,1,4,NA,NA,10,NA,1,4,NA,1,4,NA,1,3,NA,1,4,NA
4698,7ury,2005,female,United States,United States,TRUE,TRUE,intermediate,0,10,FALSE,NA,FALSE,NA,35,11,0,0,p,m,150,0,0,120,10,10,1.1173128526977774,English,Spanish,NA,1,4,NA,NA,10,NA,1,4,NA,1,4,NA,1,3,NA,1,4,NA
4698,7ury,2005,female,United States,United States,TRUE,TRUE,intermediate,0,10,FALSE,NA,FALSE,NA,35,11,0,0,n,m,150,0,-0,20,10,-10,-1.1944280826109728,English,Spanish,NA,1,4,NA,NA,10,NA,1,4,NA,1,4,NA,1,3,NA,1,4,NA
4698,7ury,2005,female,United States,United States,TRUE,TRUE,intermediate,0,10,FALSE,NA,FALSE,NA,35,11,0,0,0,m,150,1,NA,80,0,-0,0,English,Spanish,NA,1,4,NA,NA,10,NA,1,4,NA,1,4,NA,1,3,NA,1,4,NA
4698,7ury,2005,female,United States,United States,TRUE,TRUE,intermediate,0,10,FALSE,NA,FALSE,NA,35,11,0,0,p,m,150,0,0,60,20,20,2.16686694770185,English,Spanish,NA,1,4,NA,NA,10,NA,1,4,NA,1,4,NA,1,3,NA,1,4,NA
4698,7ury,2005,female,United States,United States,TRUE,TRUE,intermediate,0,10,FALSE,NA,FALSE,NA,35,11,0,0,n,m,150,0,-0,60,30,-30,-3.8631371386483475,English,Spanish,NA,1,4,NA,NA,10,NA,1,4,NA,1,4,NA,1,3,NA,1,4,NA
4698,7ury,2005,female,United States,United States,TRUE,TRUE,intermediate,0,10,FALSE,NA,FALSE,NA,35,11,0,0,n,m,150,0,-0,120,10,-10,-1.1944280826109728,English,Spanish,NA,1,4,NA,NA,10,NA,1,4,NA,1,4,NA,1,3,NA,1,4,NA
4698,7ury,2005,female,United States,United States,TRUE,TRUE,intermediate,0,10,FALSE,NA,FALSE,NA,35,11,0,0,p,m,150,0,0,20,10,10,1.1173128526977774,English,Spanish,NA,1,4,NA,NA,10,NA,1,4,NA,1,4,NA,1,3,NA,1,4,NA
4698,7ury,2005,female,United States,United States,TRUE,TRUE,intermediate,0,10,FALSE,NA,FALSE,NA,35,11,0,0,p,m,150,0,0,20,30,30,3.1564128700055254,English,Spanish,NA,1,4,NA,NA,10,NA,1,4,NA,1,4,NA,1,3,NA,1,4,NA
4698,7ury,2005,female,United States,United States,TRUE,TRUE,intermediate,0,10,FALSE,NA,FALSE,NA,35,11,0,0,0,m,150,1,NA,80,0,-0,0,English,Spanish,NA,1,4,NA,NA,10,NA,1,4,NA,1,4,NA,1,3,NA,1,4,NA
4698,7ury,2005,female,United States,United States,TRUE,TRUE,intermediate,0,10,FALSE,NA,FALSE,NA,35,11,0,0,0,m,150,1,NA,60,0,-0,0,English,Spanish,NA,1,4,NA,NA,10,NA,1,4,NA,1,4,NA,1,3,NA,1,4,NA
4698,7ury,2005,female,United States,United States,TRUE,TRUE,intermediate,0,10,FALSE,NA,FALSE,NA,35,11,0,0,p,m,150,0,0,40,30,30,3.1564128700055254,English,Spanish,NA,1,4,NA,NA,10,NA,1,4,NA,1,4,NA,1,3,NA,1,4,NA
4698,7ury,2005,female,United States,United States,TRUE,TRUE,intermediate,0,10,FALSE,NA,FALSE,NA,35,11,0,0,n,m,150,0,-0,140,10,-10,-1.1944280826109728,English,Spanish,NA,1,4,NA,NA,10,NA,1,4,NA,1,4,NA,1,3,NA,1,4,NA
4698,7ury,2005,female,United States,United States,TRUE,TRUE,intermediate,0,10,FALSE,NA,FALSE,NA,35,12,5,0.5676685773402819,p,h,155,1,0.25,80,20,20,2.16686694770185,English,Spanish,NA,1,4,NA,NA,10,NA,1,4,NA,1,4,NA,1,3,NA,1,4,NA
4698,7ury,2005,female,United States,United States,TRUE,TRUE,intermediate,0,10,FALSE,NA,FALSE,NA,35,10,-5,-0.5869152057713568,n,l,145,1,0.125,140,40,-40,-5.369507723654657,English,Spanish,NA,1,4,NA,NA,10,NA,1,4,NA,1,4,NA,1,3,NA,1,4,NA
4698,7ury,2005,female,United States,United States,TRUE,TRUE,intermediate,0,10,FALSE,NA,FALSE,NA,35,10,-5,-0.5869152057713568,n,l,145,1,0.16666666666666666,140,30,-30,-3.8631371386483475,English,Spanish,NA,1,4,NA,NA,10,NA,1,4,NA,1,4,NA,1,3,NA,1,4,NA
4698,7ury,2005,female,United States,United States,TRUE,TRUE,intermediate,0,10,FALSE,NA,FALSE,NA,35,12,5,0.5676685773402819,p,h,155,1,0.125,140,40,40,4.092443014020803,English,Spanish,NA,1,4,NA,NA,10,NA,1,4,NA,1,4,NA,1,3,NA,1,4,NA
4698,7ury,2005,female,United States,United States,TRUE,TRUE,intermediate,0,10,FALSE,NA,FALSE,NA,35,11,0,0,p,m,150,0,0,120,30,30,3.1564128700055254,English,Spanish,NA,1,4,NA,NA,10,NA,1,4,NA,1,4,NA,1,3,NA,1,4,NA
4698,7ury,2005,female,United States,United States,TRUE,TRUE,intermediate,0,10,FALSE,NA,FALSE,NA,35,11,0,0,p,m,150,0,0,140,10,10,1.1173128526977774,English,Spanish,NA,1,4,NA,NA,10,NA,1,4,NA,1,4,NA,1,3,NA,1,4,NA
4698,7ury,2005,female,United States,United States,TRUE,TRUE,intermediate,0,10,FALSE,NA,FALSE,NA,35,11,0,0,p,m,150,0,0,100,10,10,1.1173128526977774,English,Spanish,NA,1,4,NA,NA,10,NA,1,4,NA,1,4,NA,1,3,NA,1,4,NA
4698,7ury,2005,female,United States,United States,TRUE,TRUE,intermediate,0,10,FALSE,NA,FALSE,NA,35,9,-10,-1.1944280826109728,n,l,140,1,0.5,140,20,-20,-2.477410529609116,English,Spanish,NA,1,4,NA,NA,10,NA,1,4,NA,1,4,NA,1,3,NA,1,4,NA
4698,7ury,2005,female,United States,United States,TRUE,TRUE,intermediate,0,10,FALSE,NA,FALSE,NA,35,10,-5,-0.5869152057713568,n,l,145,1,0.125,60,40,-40,-5.369507723654657,English,Spanish,NA,1,4,NA,NA,10,NA,1,4,NA,1,4,NA,1,3,NA,1,4,NA
4698,7ury,2005,female,United States,United States,TRUE,TRUE,intermediate,0,10,FALSE,NA,FALSE,NA,35,12,5,0.5676685773402819,p,h,155,1,0.125,120,40,40,4.092443014020803,English,Spanish,NA,1,4,NA,NA,10,NA,1,4,NA,1,4,NA,1,3,NA,1,4,NA
4698,7ury,2005,female,United States,United States,TRUE,TRUE,intermediate,0,10,FALSE,NA,FALSE,NA,35,11,0,0,p,m,150,0,0,60,30,30,3.1564128700055254,English,Spanish,NA,1,4,NA,NA,10,NA,1,4,NA,1,4,NA,1,3,NA,1,4,NA
4698,7ury,2005,female,United States,United States,TRUE,TRUE,intermediate,0,10,FALSE,NA,FALSE,NA,35,11,0,0,n,m,150,0,-0,20,40,-40,-5.369507723654657,English,Spanish,NA,1,4,NA,NA,10,NA,1,4,NA,1,4,NA,1,3,NA,1,4,NA
4698,7ury,2005,female,United States,United States,TRUE,TRUE,intermediate,0,10,FALSE,NA,FALSE,NA,35,9,-10,-1.1944280826109728,n,l,140,1,0.25,100,40,-40,-5.369507723654657,English,Spanish,NA,1,4,NA,NA,10,NA,1,4,NA,1,4,NA,1,3,NA,1,4,NA
4698,7ury,2005,female,United States,United States,TRUE,TRUE,intermediate,0,10,FALSE,NA,FALSE,NA,35,11,0,0,p,m,150,0,0,60,10,10,1.1173128526977774,English,Spanish,NA,1,4,NA,NA,10,NA,1,4,NA,1,4,NA,1,3,NA,1,4,NA
4698,j7v2,2005,female,United States,United States,TRUE,TRUE,beginner,0.5,0,FALSE,NA,FALSE,NA,30,12,5,0.5676685773402819,p,h,155,1,0.16666666666666666,120,30,30,3.1564128700055254,English,NA,NA,1,NA,NA,0,NA,NA,1,NA,NA,1,NA,NA,1,NA,NA,1,NA,NA
4698,j7v2,2005,female,United States,United States,TRUE,TRUE,beginner,0.5,0,FALSE,NA,FALSE,NA,30,11,0,0,n,m,150,0,-0,80,30,-30,-3.8631371386483475,English,NA,NA,1,NA,NA,0,NA,NA,1,NA,NA,1,NA,NA,1,NA,NA,1,NA,NA
4698,j7v2,2005,female,United States,United States,TRUE,TRUE,beginner,0.5,0,FALSE,NA,FALSE,NA,30,11,0,0,n,m,150,0,-0,140,20,-20,-2.477410529609116,English,NA,NA,1,NA,NA,0,NA,NA,1,NA,NA,1,NA,NA,1,NA,NA,1,NA,NA
4698,j7v2,2005,female,United States,United States,TRUE,TRUE,beginner,0.5,0,FALSE,NA,FALSE,NA,30,11,0,0,n,m,150,0,-0,140,10,-10,-1.1944280826109728,English,NA,NA,1,NA,NA,0,NA,NA,1,NA,NA,1,NA,NA,1,NA,NA,1,NA,NA
4698,j7v2,2005,female,United States,United States,TRUE,TRUE,beginner,0.5,0,FALSE,NA,FALSE,NA,30,11,0,0,p,m,150,0,0,40,20,20,2.16686694770185,English,NA,NA,1,NA,NA,0,NA,NA,1,NA,NA,1,NA,NA,1,NA,NA,1,NA,NA
4698,j7v2,2005,female,United States,United States,TRUE,TRUE,beginner,0.5,0,FALSE,NA,FALSE,NA,30,12,5,0.5676685773402819,n,h,155,0,-0.125,140,40,-40,-5.369507723654657,English,NA,NA,1,NA,NA,0,NA,NA,1,NA,NA,1,NA,NA,1,NA,NA,1,NA,NA
4698,j7v2,2005,female,United States,United States,TRUE,TRUE,beginner,0.5,0,FALSE,NA,FALSE,NA,30,11,0,0,p,m,150,0,0,20,30,30,3.1564128700055254,English,NA,NA,1,NA,NA,0,NA,NA,1,NA,NA,1,NA,NA,1,NA,NA,1,NA,NA
4698,j7v2,2005,female,United States,United States,TRUE,TRUE,beginner,0.5,0,FALSE,NA,FALSE,NA,30,11,0,0,n,m,150,0,-0,80,40,-40,-5.369507723654657,English,NA,NA,1,NA,NA,0,NA,NA,1,NA,NA,1,NA,NA,1,NA,NA,1,NA,NA
4698,j7v2,2005,female,United States,United States,TRUE,TRUE,beginner,0.5,0,FALSE,NA,FALSE,NA,30,11,0,0,p,m,150,0,0,120,20,20,2.16686694770185,English,NA,NA,1,NA,NA,0,NA,NA,1,NA,NA,1,NA,NA,1,NA,NA,1,NA,NA
4698,j7v2,2005,female,United States,United States,TRUE,TRUE,beginner,0.5,0,FALSE,NA,FALSE,NA,30,11,0,0,n,m,150,0,-0,20,30,-30,-3.8631371386483475,English,NA,NA,1,NA,NA,0,NA,NA,1,NA,NA,1,NA,NA,1,NA,NA,1,NA,NA
4698,j7v2,2005,female,United States,United States,TRUE,TRUE,beginner,0.5,0,FALSE,NA,FALSE,NA,30,11,0,0,n,m,150,0,-0,120,10,-10,-1.1944280826109728,English,NA,NA,1,NA,NA,0,NA,NA,1,NA,NA,1,NA,NA,1,NA,NA,1,NA,NA
4698,j7v2,2005,female,United States,United States,TRUE,TRUE,beginner,0.5,0,FALSE,NA,FALSE,NA,30,12,5,0.5676685773402819,n,h,155,0,-0.125,120,40,-40,-5.369507723654657,English,NA,NA,1,NA,NA,0,NA,NA,1,NA,NA,1,NA,NA,1,NA,NA,1,NA,NA
4698,j7v2,2005,female,United States,United States,TRUE,TRUE,beginner,0.5,0,FALSE,NA,FALSE,NA,30,11,0,0,p,m,150,0,0,80,40,40,4.092443014020803,English,NA,NA,1,NA,NA,0,NA,NA,1,NA,NA,1,NA,NA,1,NA,NA,1,NA,NA
4698,j7v2,2005,female,United States,United States,TRUE,TRUE,beginner,0.5,0,FALSE,NA,FALSE,NA,30,11,0,0,n,m,150,0,-0,120,20,-20,-2.477410529609116,English,NA,NA,1,NA,NA,0,NA,NA,1,NA,NA,1,NA,NA,1,NA,NA,1,NA,NA
4698,j7v2,2005,female,United States,United States,TRUE,TRUE,beginner,0.5,0,FALSE,NA,FALSE,NA,30,11,0,0,p,m,150,0,0,80,10,10,1.1173128526977774,English,NA,NA,1,NA,NA,0,NA,NA,1,NA,NA,1,NA,NA,1,NA,NA,1,NA,NA
4698,j7v2,2005,female,United States,United States,TRUE,TRUE,beginner,0.5,0,FALSE,NA,FALSE,NA,30,11,0,0,0,m,150,1,NA,20,0,-0,0,English,NA,NA,1,NA,NA,0,NA,NA,1,NA,NA,1,NA,NA,1,NA,NA,1,NA,NA
4698,j7v2,2005,female,United States,United States,TRUE,TRUE,beginner,0.5,0,FALSE,NA,FALSE,NA,30,11,0,0,n,m,150,0,-0,60,40,-40,-5.369507723654657,English,NA,NA,1,NA,NA,0,NA,NA,1,NA,NA,1,NA,NA,1,NA,NA,1,NA,NA
4698,j7v2,2005,female,United States,United States,TRUE,TRUE,beginner,0.5,0,FALSE,NA,FALSE,NA,30,11,0,0,p,m,150,0,0,140,40,40,4.092443014020803,English,NA,NA,1,NA,NA,0,NA,NA,1,NA,NA,1,NA,NA,1,NA,NA,1,NA,NA
4698,j7v2,2005,female,United States,United States,TRUE,TRUE,beginner,0.5,0,FALSE,NA,FALSE,NA,30,11,0,0,n,m,150,0,-0,80,10,-10,-1.1944280826109728,English,NA,NA,1,NA,NA,0,NA,NA,1,NA,NA,1,NA,NA,1,NA,NA,1,NA,NA
4698,j7v2,2005,female,United States,United States,TRUE,TRUE,beginner,0.5,0,FALSE,NA,FALSE,NA,30,14,15,1.6500422849992202,p,h,165,1,1.5,140,10,10,1.1173128526977774,English,NA,NA,1,NA,NA,0,NA,NA,1,NA,NA,1,NA,NA,1,NA,NA,1,NA,NA
4698,j7v2,2005,female,United States,United States,TRUE,TRUE,beginner,0.5,0,FALSE,NA,FALSE,NA,30,11,0,0,0,m,150,1,NA,80,0,-0,0,English,NA,NA,1,NA,NA,0,NA,NA,1,NA,NA,1,NA,NA,1,NA,NA,1,NA,NA
4698,j7v2,2005,female,United States,United States,TRUE,TRUE,beginner,0.5,0,FALSE,NA,FALSE,NA,30,11,0,0,n,m,150,0,-0,100,20,-20,-2.477410529609116,English,NA,NA,1,NA,NA,0,NA,NA,1,NA,NA,1,NA,NA,1,NA,NA,1,NA,NA
4698,j7v2,2005,female,United States,United States,TRUE,TRUE,beginner,0.5,0,FALSE,NA,FALSE,NA,30,11,0,0,n,m,150,0,-0,20,40,-40,-5.369507723654657,English,NA,NA,1,NA,NA,0,NA,NA,1,NA,NA,1,NA,NA,1,NA,NA,1,NA,NA
4698,j7v2,2005,female,United States,United States,TRUE,TRUE,beginner,0.5,0,FALSE,NA,FALSE,NA,30,11,0,0,p,m,150,0,0,60,10,10,1.1173128526977774,English,NA,NA,1,NA,NA,0,NA,NA,1,NA,NA,1,NA,NA,1,NA,NA,1,NA,NA
4698,j7v2,2005,female,United States,United States,TRUE,TRUE,beginner,0.5,0,FALSE,NA,FALSE,NA,30,11,0,0,n,m,150,0,-0,60,20,-20,-2.477410529609116,English,NA,NA,1,NA,NA,0,NA,NA,1,NA,NA,1,NA,NA,1,NA,NA,1,NA,NA
4698,j7v2,2005,female,United States,United States,TRUE,TRUE,beginner,0.5,0,FALSE,NA,FALSE,NA,30,11,0,0,0,m,150,1,NA,40,0,-0,0,English,NA,NA,1,NA,NA,0,NA,NA,1,NA,NA,1,NA,NA,1,NA,NA,1,NA,NA
4698,j7v2,2005,female,United States,United States,TRUE,TRUE,beginner,0.5,0,FALSE,NA,FALSE,NA,30,11,0,0,n,m,150,0,-0,40,30,-30,-3.8631371386483475,English,NA,NA,1,NA,NA,0,NA,NA,1,NA,NA,1,NA,NA,1,NA,NA,1,NA,NA
4698,j7v2,2005,female,United States,United States,TRUE,TRUE,beginner,0.5,0,FALSE,NA,FALSE,NA,30,11,0,0,p,m,150,0,0,40,10,10,1.1173128526977774,English,NA,NA,1,NA,NA,0,NA,NA,1,NA,NA,1,NA,NA,1,NA,NA,1,NA,NA
4698,j7v2,2005,female,United States,United States,TRUE,TRUE,beginner,0.5,0,FALSE,NA,FALSE,NA,30,11,0,0,p,m,150,0,0,140,20,20,2.16686694770185,English,NA,NA,1,NA,NA,0,NA,NA,1,NA,NA,1,NA,NA,1,NA,NA,1,NA,NA
4698,j7v2,2005,female,United States,United States,TRUE,TRUE,beginner,0.5,0,FALSE,NA,FALSE,NA,30,11,0,0,0,m,150,1,NA,60,0,-0,0,English,NA,NA,1,NA,NA,0,NA,NA,1,NA,NA,1,NA,NA,1,NA,NA,1,NA,NA
4698,j7v2,2005,female,United States,United States,TRUE,TRUE,beginner,0.5,0,FALSE,NA,FALSE,NA,30,11,0,0,p,m,150,0,0,40,30,30,3.1564128700055254,English,NA,NA,1,NA,NA,0,NA,NA,1,NA,NA,1,NA,NA,1,NA,NA,1,NA,NA
4698,j7v2,2005,female,United States,United States,TRUE,TRUE,beginner,0.5,0,FALSE,NA,FALSE,NA,30,11,0,0,p,m,150,0,0,20,20,20,2.16686694770185,English,NA,NA,1,NA,NA,0,NA,NA,1,NA,NA,1,NA,NA,1,NA,NA,1,NA,NA
4698,j7v2,2005,female,United States,United States,TRUE,TRUE,beginner,0.5,0,FALSE,NA,FALSE,NA,30,11,0,0,0,m,150,1,NA,120,0,-0,0,English,NA,NA,1,NA,NA,0,NA,NA,1,NA,NA,1,NA,NA,1,NA,NA,1,NA,NA
4698,j7v2,2005,female,United States,United States,TRUE,TRUE,beginner,0.5,0,FALSE,NA,FALSE,NA,30,11,0,0,p,m,150,0,0,140,30,30,3.1564128700055254,English,NA,NA,1,NA,NA,0,NA,NA,1,NA,NA,1,NA,NA,1,NA,NA,1,NA,NA
4698,j7v2,2005,female,United States,United States,TRUE,TRUE,beginner,0.5,0,FALSE,NA,FALSE,NA,30,11,0,0,p,m,150,0,0,80,30,30,3.1564128700055254,English,NA,NA,1,NA,NA,0,NA,NA,1,NA,NA,1,NA,NA,1,NA,NA,1,NA,NA
4698,j7v2,2005,female,United States,United States,TRUE,TRUE,beginner,0.5,0,FALSE,NA,FALSE,NA,30,11,0,0,p,m,150,0,0,100,30,30,3.1564128700055254,English,NA,NA,1,NA,NA,0,NA,NA,1,NA,NA,1,NA,NA,1,NA,NA,1,NA,NA
4698,j7v2,2005,female,United States,United States,TRUE,TRUE,beginner,0.5,0,FALSE,NA,FALSE,NA,30,11,0,0,p,m,150,0,0,100,40,40,4.092443014020803,English,NA,NA,1,NA,NA,0,NA,NA,1,NA,NA,1,NA,NA,1,NA,NA,1,NA,NA
4698,j7v2,2005,female,United States,United States,TRUE,TRUE,beginner,0.5,0,FALSE,NA,FALSE,NA,30,11,0,0,n,m,150,0,-0,60,30,-30,-3.8631371386483475,English,NA,NA,1,NA,NA,0,NA,NA,1,NA,NA,1,NA,NA,1,NA,NA,1,NA,NA
4698,j7v2,2005,female,United States,United States,TRUE,TRUE,beginner,0.5,0,FALSE,NA,FALSE,NA,30,11,0,0,0,m,150,1,NA,60,0,-0,0,English,NA,NA,1,NA,NA,0,NA,NA,1,NA,NA,1,NA,NA,1,NA,NA,1,NA,NA
4698,j7v2,2005,female,United States,United States,TRUE,TRUE,beginner,0.5,0,FALSE,NA,FALSE,NA,30,11,0,0,p,m,150,0,0,120,10,10,1.1173128526977774,English,NA,NA,1,NA,NA,0,NA,NA,1,NA,NA,1,NA,NA,1,NA,NA,1,NA,NA
4698,j7v2,2005,female,United States,United States,TRUE,TRUE,beginner,0.5,0,FALSE,NA,FALSE,NA,30,11,0,0,p,m,150,0,0,60,20,20,2.16686694770185,English,NA,NA,1,NA,NA,0,NA,NA,1,NA,NA,1,NA,NA,1,NA,NA,1,NA,NA
4698,j7v2,2005,female,United States,United States,TRUE,TRUE,beginner,0.5,0,FALSE,NA,FALSE,NA,30,11,0,0,p,m,150,0,0,100,20,20,2.16686694770185,English,NA,NA,1,NA,NA,0,NA,NA,1,NA,NA,1,NA,NA,1,NA,NA,1,NA,NA
4698,j7v2,2005,female,United States,United States,TRUE,TRUE,beginner,0.5,0,FALSE,NA,FALSE,NA,30,11,0,0,p,m,150,0,0,60,30,30,3.1564128700055254,English,NA,NA,1,NA,NA,0,NA,NA,1,NA,NA,1,NA,NA,1,NA,NA,1,NA,NA
4698,j7v2,2005,female,United States,United States,TRUE,TRUE,beginner,0.5,0,FALSE,NA,FALSE,NA,30,11,0,0,p,m,150,0,0,60,40,40,4.092443014020803,English,NA,NA,1,NA,NA,0,NA,NA,1,NA,NA,1,NA,NA,1,NA,NA,1,NA,NA
4698,j7v2,2005,female,United States,United States,TRUE,TRUE,beginner,0.5,0,FALSE,NA,FALSE,NA,30,11,0,0,n,m,150,0,-0,100,10,-10,-1.1944280826109728,English,NA,NA,1,NA,NA,0,NA,NA,1,NA,NA,1,NA,NA,1,NA,NA,1,NA,NA
4698,j7v2,2005,female,United States,United States,TRUE,TRUE,beginner,0.5,0,FALSE,NA,FALSE,NA,30,11,0,0,n,m,150,0,-0,40,40,-40,-5.369507723654657,English,NA,NA,1,NA,NA,0,NA,NA,1,NA,NA,1,NA,NA,1,NA,NA,1,NA,NA
4698,j7v2,2005,female,United States,United States,TRUE,TRUE,beginner,0.5,0,FALSE,NA,FALSE,NA,30,11,0,0,n,m,150,0,-0,120,30,-30,-3.8631371386483475,English,NA,NA,1,NA,NA,0,NA,NA,1,NA,NA,1,NA,NA,1,NA,NA,1,NA,NA
4698,j7v2,2005,female,United States,United States,TRUE,TRUE,beginner,0.5,0,FALSE,NA,FALSE,NA,30,11,0,0,n,m,150,0,-0,80,20,-20,-2.477410529609116,English,NA,NA,1,NA,NA,0,NA,NA,1,NA,NA,1,NA,NA,1,NA,NA,1,NA,NA
4698,j7v2,2005,female,United States,United States,TRUE,TRUE,beginner,0.5,0,FALSE,NA,FALSE,NA,30,11,0,0,p,m,150,0,0,40,40,40,4.092443014020803,English,NA,NA,1,NA,NA,0,NA,NA,1,NA,NA,1,NA,NA,1,NA,NA,1,NA,NA
4698,j7v2,2005,female,United States,United States,TRUE,TRUE,beginner,0.5,0,FALSE,NA,FALSE,NA,30,11,0,0,n,m,150,0,-0,40,10,-10,-1.1944280826109728,English,NA,NA,1,NA,NA,0,NA,NA,1,NA,NA,1,NA,NA,1,NA,NA,1,NA,NA
4698,j7v2,2005,female,United States,United States,TRUE,TRUE,beginner,0.5,0,FALSE,NA,FALSE,NA,30,11,0,0,p,m,150,0,0,80,20,20,2.16686694770185,English,NA,NA,1,NA,NA,0,NA,NA,1,NA,NA,1,NA,NA,1,NA,NA,1,NA,NA
4698,j7v2,2005,female,United States,United States,TRUE,TRUE,beginner,0.5,0,FALSE,NA,FALSE,NA,30,11,0,0,p,m,150,0,0,20,40,40,4.092443014020803,English,NA,NA,1,NA,NA,0,NA,NA,1,NA,NA,1,NA,NA,1,NA,NA,1,NA,NA
4698,j7v2,2005,female,United States,United States,TRUE,TRUE,beginner,0.5,0,FALSE,NA,FALSE,NA,30,11,0,0,n,m,150,0,-0,60,10,-10,-1.1944280826109728,English,NA,NA,1,NA,NA,0,NA,NA,1,NA,NA,1,NA,NA,1,NA,NA,1,NA,NA
4698,j7v2,2005,female,United States,United States,TRUE,TRUE,beginner,0.5,0,FALSE,NA,FALSE,NA,30,11,0,0,0,m,150,1,NA,100,0,-0,0,English,NA,NA,1,NA,NA,0,NA,NA,1,NA,NA,1,NA,NA,1,NA,NA,1,NA,NA
4698,j7v2,2005,female,United States,United States,TRUE,TRUE,beginner,0.5,0,FALSE,NA,FALSE,NA,30,11,0,0,p,m,150,0,0,60,40,40,4.092443014020803,English,NA,NA,1,NA,NA,0,NA,NA,1,NA,NA,1,NA,NA,1,NA,NA,1,NA,NA
4698,j7v2,2005,female,United States,United States,TRUE,TRUE,beginner,0.5,0,FALSE,NA,FALSE,NA,30,11,0,0,n,m,150,0,-0,80,40,-40,-5.369507723654657,English,NA,NA,1,NA,NA,0,NA,NA,1,NA,NA,1,NA,NA,1,NA,NA,1,NA,NA
4698,j7v2,2005,female,United States,United States,TRUE,TRUE,beginner,0.5,0,FALSE,NA,FALSE,NA,30,11,0,0,n,m,150,0,-0,100,30,-30,-3.8631371386483475,English,NA,NA,1,NA,NA,0,NA,NA,1,NA,NA,1,NA,NA,1,NA,NA,1,NA,NA
4698,j7v2,2005,female,United States,United States,TRUE,TRUE,beginner,0.5,0,FALSE,NA,FALSE,NA,30,11,0,0,n,m,150,0,-0,20,30,-30,-3.8631371386483475,English,NA,NA,1,NA,NA,0,NA,NA,1,NA,NA,1,NA,NA,1,NA,NA,1,NA,NA
4698,j7v2,2005,female,United States,United States,TRUE,TRUE,beginner,0.5,0,FALSE,NA,FALSE,NA,30,11,0,0,n,m,150,0,-0,20,20,-20,-2.477410529609116,English,NA,NA,1,NA,NA,0,NA,NA,1,NA,NA,1,NA,NA,1,NA,NA,1,NA,NA
4698,j7v2,2005,female,United States,United States,TRUE,TRUE,beginner,0.5,0,FALSE,NA,FALSE,NA,30,11,0,0,p,m,150,0,0,80,10,10,1.1173128526977774,English,NA,NA,1,NA,NA,0,NA,NA,1,NA,NA,1,NA,NA,1,NA,NA,1,NA,NA
4698,j7v2,2005,female,United States,United States,TRUE,TRUE,beginner,0.5,0,FALSE,NA,FALSE,NA,30,11,0,0,p,m,150,0,0,100,30,30,3.1564128700055254,English,NA,NA,1,NA,NA,0,NA,NA,1,NA,NA,1,NA,NA,1,NA,NA,1,NA,NA
4698,j7v2,2005,female,United States,United States,TRUE,TRUE,beginner,0.5,0,FALSE,NA,FALSE,NA,30,11,0,0,p,m,150,0,0,120,40,40,4.092443014020803,English,NA,NA,1,NA,NA,0,NA,NA,1,NA,NA,1,NA,NA,1,NA,NA,1,NA,NA
4698,j7v2,2005,female,United States,United States,TRUE,TRUE,beginner,0.5,0,FALSE,NA,FALSE,NA,30,11,0,0,p,m,150,0,0,100,20,20,2.16686694770185,English,NA,NA,1,NA,NA,0,NA,NA,1,NA,NA,1,NA,NA,1,NA,NA,1,NA,NA
4698,j7v2,2005,female,United States,United States,TRUE,TRUE,beginner,0.5,0,FALSE,NA,FALSE,NA,30,11,0,0,n,m,150,0,-0,80,10,-10,-1.1944280826109728,English,NA,NA,1,NA,NA,0,NA,NA,1,NA,NA,1,NA,NA,1,NA,NA,1,NA,NA
4698,j7v2,2005,female,United States,United States,TRUE,TRUE,beginner,0.5,0,FALSE,NA,FALSE,NA,30,11,0,0,p,m,150,0,0,80,30,30,3.1564128700055254,English,NA,NA,1,NA,NA,0,NA,NA,1,NA,NA,1,NA,NA,1,NA,NA,1,NA,NA
4698,j7v2,2005,female,United States,United States,TRUE,TRUE,beginner,0.5,0,FALSE,NA,FALSE,NA,30,11,0,0,0,m,150,1,NA,100,0,-0,0,English,NA,NA,1,NA,NA,0,NA,NA,1,NA,NA,1,NA,NA,1,NA,NA,1,NA,NA
4698,j7v2,2005,female,United States,United States,TRUE,TRUE,beginner,0.5,0,FALSE,NA,FALSE,NA,30,11,0,0,p,m,150,0,0,60,30,30,3.1564128700055254,English,NA,NA,1,NA,NA,0,NA,NA,1,NA,NA,1,NA,NA,1,NA,NA,1,NA,NA
4698,j7v2,2005,female,United States,United States,TRUE,TRUE,beginner,0.5,0,FALSE,NA,FALSE,NA,30,11,0,0,n,m,150,0,-0,20,40,-40,-5.369507723654657,English,NA,NA,1,NA,NA,0,NA,NA,1,NA,NA,1,NA,NA,1,NA,NA,1,NA,NA
4698,j7v2,2005,female,United States,United States,TRUE,TRUE,beginner,0.5,0,FALSE,NA,FALSE,NA,30,11,0,0,n,m,150,0,-0,140,10,-10,-1.1944280826109728,English,NA,NA,1,NA,NA,0,NA,NA,1,NA,NA,1,NA,NA,1,NA,NA,1,NA,NA
4698,j7v2,2005,female,United States,United States,TRUE,TRUE,beginner,0.5,0,FALSE,NA,FALSE,NA,30,11,0,0,p,m,150,0,0,40,40,40,4.092443014020803,English,NA,NA,1,NA,NA,0,NA,NA,1,NA,NA,1,NA,NA,1,NA,NA,1,NA,NA
4698,j7v2,2005,female,United States,United States,TRUE,TRUE,beginner,0.5,0,FALSE,NA,FALSE,NA,30,11,0,0,p,m,150,0,0,140,20,20,2.16686694770185,English,NA,NA,1,NA,NA,0,NA,NA,1,NA,NA,1,NA,NA,1,NA,NA,1,NA,NA
4698,j7v2,2005,female,United States,United States,TRUE,TRUE,beginner,0.5,0,FALSE,NA,FALSE,NA,30,11,0,0,p,m,150,0,0,80,40,40,4.092443014020803,English,NA,NA,1,NA,NA,0,NA,NA,1,NA,NA,1,NA,NA,1,NA,NA,1,NA,NA
4698,j7v2,2005,female,United States,United States,TRUE,TRUE,beginner,0.5,0,FALSE,NA,FALSE,NA,30,11,0,0,0,m,150,1,NA,120,0,-0,0,English,NA,NA,1,NA,NA,0,NA,NA,1,NA,NA,1,NA,NA,1,NA,NA,1,NA,NA
4698,j7v2,2005,female,United States,United States,TRUE,TRUE,beginner,0.5,0,FALSE,NA,FALSE,NA,30,11,0,0,n,m,150,0,-0,100,20,-20,-2.477410529609116,English,NA,NA,1,NA,NA,0,NA,NA,1,NA,NA,1,NA,NA,1,NA,NA,1,NA,NA
4698,j7v2,2005,female,United States,United States,TRUE,TRUE,beginner,0.5,0,FALSE,NA,FALSE,NA,30,11,0,0,p,m,150,0,0,120,30,30,3.1564128700055254,English,NA,NA,1,NA,NA,0,NA,NA,1,NA,NA,1,NA,NA,1,NA,NA,1,NA,NA
4698,j7v2,2005,female,United States,United States,TRUE,TRUE,beginner,0.5,0,FALSE,NA,FALSE,NA,30,11,0,0,p,m,150,0,0,20,30,30,3.1564128700055254,English,NA,NA,1,NA,NA,0,NA,NA,1,NA,NA,1,NA,NA,1,NA,NA,1,NA,NA
4698,j7v2,2005,female,United States,United States,TRUE,TRUE,beginner,0.5,0,FALSE,NA,FALSE,NA,30,11,0,0,p,m,150,0,0,140,30,30,3.1564128700055254,English,NA,NA,1,NA,NA,0,NA,NA,1,NA,NA,1,NA,NA,1,NA,NA,1,NA,NA
4698,j7v2,2005,female,United States,United States,TRUE,TRUE,beginner,0.5,0,FALSE,NA,FALSE,NA,30,11,0,0,n,m,150,0,-0,80,30,-30,-3.8631371386483475,English,NA,NA,1,NA,NA,0,NA,NA,1,NA,NA,1,NA,NA,1,NA,NA,1,NA,NA
4698,j7v2,2005,female,United States,United States,TRUE,TRUE,beginner,0.5,0,FALSE,NA,FALSE,NA,30,11,0,0,0,m,150,1,NA,40,0,-0,0,English,NA,NA,1,NA,NA,0,NA,NA,1,NA,NA,1,NA,NA,1,NA,NA,1,NA,NA
4698,j7v2,2005,female,United States,United States,TRUE,TRUE,beginner,0.5,0,FALSE,NA,FALSE,NA,30,11,0,0,n,m,150,0,-0,40,20,-20,-2.477410529609116,English,NA,NA,1,NA,NA,0,NA,NA,1,NA,NA,1,NA,NA,1,NA,NA,1,NA,NA
4698,j7v2,2005,female,United States,United States,TRUE,TRUE,beginner,0.5,0,FALSE,NA,FALSE,NA,30,11,0,0,n,m,150,0,-0,100,10,-10,-1.1944280826109728,English,NA,NA,1,NA,NA,0,NA,NA,1,NA,NA,1,NA,NA,1,NA,NA,1,NA,NA
4698,j7v2,2005,female,United States,United States,TRUE,TRUE,beginner,0.5,0,FALSE,NA,FALSE,NA,30,11,0,0,p,m,150,0,0,20,40,40,4.092443014020803,English,NA,NA,1,NA,NA,0,NA,NA,1,NA,NA,1,NA,NA,1,NA,NA,1,NA,NA
4698,j7v2,2005,female,United States,United States,TRUE,TRUE,beginner,0.5,0,FALSE,NA,FALSE,NA,30,11,0,0,0,m,150,1,NA,140,0,-0,0,English,NA,NA,1,NA,NA,0,NA,NA,1,NA,NA,1,NA,NA,1,NA,NA,1,NA,NA
4698,j7v2,2005,female,United States,United States,TRUE,TRUE,beginner,0.5,0,FALSE,NA,FALSE,NA,30,11,0,0,p,m,150,0,0,100,10,10,1.1173128526977774,English,NA,NA,1,NA,NA,0,NA,NA,1,NA,NA,1,NA,NA,1,NA,NA,1,NA,NA
4698,j7v2,2005,female,United States,United States,TRUE,TRUE,beginner,0.5,0,FALSE,NA,FALSE,NA,30,11,0,0,p,m,150,0,0,140,10,10,1.1173128526977774,English,NA,NA,1,NA,NA,0,NA,NA,1,NA,NA,1,NA,NA,1,NA,NA,1,NA,NA
4698,j7v2,2005,female,United States,United States,TRUE,TRUE,beginner,0.5,0,FALSE,NA,FALSE,NA,30,11,0,0,n,m,150,0,-0,60,30,-30,-3.8631371386483475,English,NA,NA,1,NA,NA,0,NA,NA,1,NA,NA,1,NA,NA,1,NA,NA,1,NA,NA
4698,j7v2,2005,female,United States,United States,TRUE,TRUE,beginner,0.5,0,FALSE,NA,FALSE,NA,30,11,0,0,p,m,150,0,0,20,10,10,1.1173128526977774,English,NA,NA,1,NA,NA,0,NA,NA,1,NA,NA,1,NA,NA,1,NA,NA,1,NA,NA
4698,j7v2,2005,female,United States,United States,TRUE,TRUE,beginner,0.5,0,FALSE,NA,FALSE,NA,30,11,0,0,p,m,150,0,0,60,10,10,1.1173128526977774,English,NA,NA,1,NA,NA,0,NA,NA,1,NA,NA,1,NA,NA,1,NA,NA,1,NA,NA
4698,j7v2,2005,female,United States,United States,TRUE,TRUE,beginner,0.5,0,FALSE,NA,FALSE,NA,30,11,0,0,p,m,150,0,0,20,20,20,2.16686694770185,English,NA,NA,1,NA,NA,0,NA,NA,1,NA,NA,1,NA,NA,1,NA,NA,1,NA,NA
4698,j7v2,2005,female,United States,United States,TRUE,TRUE,beginner,0.5,0,FALSE,NA,FALSE,NA,30,11,0,0,p,m,150,0,0,120,20,20,2.16686694770185,English,NA,NA,1,NA,NA,0,NA,NA,1,NA,NA,1,NA,NA,1,NA,NA,1,NA,NA
4698,j7v2,2005,female,United States,United States,TRUE,TRUE,beginner,0.5,0,FALSE,NA,FALSE,NA,30,11,0,0,n,m,150,0,-0,80,20,-20,-2.477410529609116,English,NA,NA,1,NA,NA,0,NA,NA,1,NA,NA,1,NA,NA,1,NA,NA,1,NA,NA
4698,j7v2,2005,female,United States,United States,TRUE,TRUE,beginner,0.5,0,FALSE,NA,FALSE,NA,30,11,0,0,n,m,150,0,-0,140,40,-40,-5.369507723654657,English,NA,NA,1,NA,NA,0,NA,NA,1,NA,NA,1,NA,NA,1,NA,NA,1,NA,NA
4698,j7v2,2005,female,United States,United States,TRUE,TRUE,beginner,0.5,0,FALSE,NA,FALSE,NA,30,11,0,0,n,m,150,0,-0,60,40,-40,-5.369507723654657,English,NA,NA,1,NA,NA,0,NA,NA,1,NA,NA,1,NA,NA,1,NA,NA,1,NA,NA
4698,j7v2,2005,female,United States,United States,TRUE,TRUE,beginner,0.5,0,FALSE,NA,FALSE,NA,30,11,0,0,p,m,150,0,0,120,10,10,1.1173128526977774,English,NA,NA,1,NA,NA,0,NA,NA,1,NA,NA,1,NA,NA,1,NA,NA,1,NA,NA
4698,j7v2,2005,female,United States,United States,TRUE,TRUE,beginner,0.5,0,FALSE,NA,FALSE,NA,30,10,-5,-0.5869152057713568,p,l,145,0,-0.125,140,40,40,4.092443014020803,English,NA,NA,1,NA,NA,0,NA,NA,1,NA,NA,1,NA,NA,1,NA,NA,1,NA,NA
4698,j7v2,2005,female,United States,United States,TRUE,TRUE,beginner,0.5,0,FALSE,NA,FALSE,NA,30,11,0,0,n,m,150,0,-0,140,20,-20,-2.477410529609116,English,NA,NA,1,NA,NA,0,NA,NA,1,NA,NA,1,NA,NA,1,NA,NA,1,NA,NA
4698,j7v2,2005,female,United States,United States,TRUE,TRUE,beginner,0.5,0,FALSE,NA,FALSE,NA,30,11,0,0,n,m,150,0,-0,120,30,-30,-3.8631371386483475,English,NA,NA,1,NA,NA,0,NA,NA,1,NA,NA,1,NA,NA,1,NA,NA,1,NA,NA
4698,j7v2,2005,female,United States,United States,TRUE,TRUE,beginner,0.5,0,FALSE,NA,FALSE,NA,30,11,0,0,0,m,150,1,NA,20,0,-0,0,English,NA,NA,1,NA,NA,0,NA,NA,1,NA,NA,1,NA,NA,1,NA,NA,1,NA,NA
4698,j7v2,2005,female,United States,United States,TRUE,TRUE,beginner,0.5,0,FALSE,NA,FALSE,NA,30,11,0,0,n,m,150,0,-0,120,20,-20,-2.477410529609116,English,NA,NA,1,NA,NA,0,NA,NA,1,NA,NA,1,NA,NA,1,NA,NA,1,NA,NA
4698,j7v2,2005,female,United States,United States,TRUE,TRUE,beginner,0.5,0,FALSE,NA,FALSE,NA,30,11,0,0,n,m,150,0,-0,40,30,-30,-3.8631371386483475,English,NA,NA,1,NA,NA,0,NA,NA,1,NA,NA,1,NA,NA,1,NA,NA,1,NA,NA
4698,j7v2,2005,female,United States,United States,TRUE,TRUE,beginner,0.5,0,FALSE,NA,FALSE,NA,30,11,0,0,n,m,150,0,-0,100,40,-40,-5.369507723654657,English,NA,NA,1,NA,NA,0,NA,NA,1,NA,NA,1,NA,NA,1,NA,NA,1,NA,NA
4698,j7v2,2005,female,United States,United States,TRUE,TRUE,beginner,0.5,0,FALSE,NA,FALSE,NA,30,11,0,0,n,m,150,0,-0,140,30,-30,-3.8631371386483475,English,NA,NA,1,NA,NA,0,NA,NA,1,NA,NA,1,NA,NA,1,NA,NA,1,NA,NA
4698,j7v2,2005,female,United States,United States,TRUE,TRUE,beginner,0.5,0,FALSE,NA,FALSE,NA,30,11,0,0,n,m,150,0,-0,60,20,-20,-2.477410529609116,English,NA,NA,1,NA,NA,0,NA,NA,1,NA,NA,1,NA,NA,1,NA,NA,1,NA,NA
4698,j7v2,2005,female,United States,United States,TRUE,TRUE,beginner,0.5,0,FALSE,NA,FALSE,NA,30,11,0,0,n,m,150,0,-0,60,10,-10,-1.1944280826109728,English,NA,NA,1,NA,NA,0,NA,NA,1,NA,NA,1,NA,NA,1,NA,NA,1,NA,NA
4698,j7v2,2005,female,United States,United States,TRUE,TRUE,beginner,0.5,0,FALSE,NA,FALSE,NA,30,11,0,0,p,m,150,0,0,40,30,30,3.1564128700055254,English,NA,NA,1,NA,NA,0,NA,NA,1,NA,NA,1,NA,NA,1,NA,NA,1,NA,NA
4698,j7v2,2005,female,United States,United States,TRUE,TRUE,beginner,0.5,0,FALSE,NA,FALSE,NA,30,11,0,0,p,m,150,0,0,60,20,20,2.16686694770185,English,NA,NA,1,NA,NA,0,NA,NA,1,NA,NA,1,NA,NA,1,NA,NA,1,NA,NA
4698,j7v2,2005,female,United States,United States,TRUE,TRUE,beginner,0.5,0,FALSE,NA,FALSE,NA,30,11,0,0,0,m,150,1,NA,80,0,-0,0,English,NA,NA,1,NA,NA,0,NA,NA,1,NA,NA,1,NA,NA,1,NA,NA,1,NA,NA
4698,j7v2,2005,female,United States,United States,TRUE,TRUE,beginner,0.5,0,FALSE,NA,FALSE,NA,30,11,0,0,n,m,150,0,-0,40,40,-40,-5.369507723654657,English,NA,NA,1,NA,NA,0,NA,NA,1,NA,NA,1,NA,NA,1,NA,NA,1,NA,NA
4698,4ujh,1995,male,United States,United States,FALSE,NA,,NA,5,FALSE,NA,FALSE,NA,30,11,0,0,n,m,150,0,-0,20,20,-20,-2.477410529609116,English,Japanese,NA,1,4,NA,0,29,NA,1,4,NA,1,4,NA,1,4,NA,1,5,NA
4698,4ujh,1995,male,United States,United States,FALSE,NA,,NA,5,FALSE,NA,FALSE,NA,30,11,0,0,n,m,150,0,-0,60,10,-10,-1.1944280826109728,English,Japanese,NA,1,4,NA,0,29,NA,1,4,NA,1,4,NA,1,4,NA,1,5,NA
4698,4ujh,1995,male,United States,United States,FALSE,NA,,NA,5,FALSE,NA,FALSE,NA,30,11,0,0,n,m,150,0,-0,40,10,-10,-1.1944280826109728,English,Japanese,NA,1,4,NA,0,29,NA,1,4,NA,1,4,NA,1,4,NA,1,5,NA
4698,4ujh,1995,male,United States,United States,FALSE,NA,,NA,5,FALSE,NA,FALSE,NA,30,9,-10,-1.1944280826109728,n,l,140,1,0.3333333333333333,140,30,-30,-3.8631371386483475,English,Japanese,NA,1,4,NA,0,29,NA,1,4,NA,1,4,NA,1,4,NA,1,5,NA
4698,4ujh,1995,male,United States,United States,FALSE,NA,,NA,5,FALSE,NA,FALSE,NA,30,12,5,0.5676685773402819,p,h,155,1,0.125,120,40,40,4.092443014020803,English,Japanese,NA,1,4,NA,0,29,NA,1,4,NA,1,4,NA,1,4,NA,1,5,NA
4698,4ujh,1995,male,United States,United States,FALSE,NA,,NA,5,FALSE,NA,FALSE,NA,30,11,0,0,n,m,150,0,-0,20,10,-10,-1.1944280826109728,English,Japanese,NA,1,4,NA,0,29,NA,1,4,NA,1,4,NA,1,4,NA,1,5,NA
4698,4ujh,1995,male,United States,United States,FALSE,NA,,NA,5,FALSE,NA,FALSE,NA,30,11,0,0,0,m,150,1,NA,80,0,-0,0,English,Japanese,NA,1,4,NA,0,29,NA,1,4,NA,1,4,NA,1,4,NA,1,5,NA
4698,4ujh,1995,male,United States,United States,FALSE,NA,,NA,5,FALSE,NA,FALSE,NA,30,11,0,0,n,m,150,0,-0,140,10,-10,-1.1944280826109728,English,Japanese,NA,1,4,NA,0,29,NA,1,4,NA,1,4,NA,1,4,NA,1,5,NA
4698,4ujh,1995,male,United States,United States,FALSE,NA,,NA,5,FALSE,NA,FALSE,NA,30,11,0,0,n,m,150,0,-0,20,30,-30,-3.8631371386483475,English,Japanese,NA,1,4,NA,0,29,NA,1,4,NA,1,4,NA,1,4,NA,1,5,NA
4698,4ujh,1995,male,United States,United States,FALSE,NA,,NA,5,FALSE,NA,FALSE,NA,30,11,0,0,n,m,150,0,-0,120,10,-10,-1.1944280826109728,English,Japanese,NA,1,4,NA,0,29,NA,1,4,NA,1,4,NA,1,4,NA,1,5,NA
4698,4ujh,1995,male,United States,United States,FALSE,NA,,NA,5,FALSE,NA,FALSE,NA,30,11,0,0,p,m,150,0,0,40,10,10,1.1173128526977774,English,Japanese,NA,1,4,NA,0,29,NA,1,4,NA,1,4,NA,1,4,NA,1,5,NA
4698,4ujh,1995,male,United States,United States,FALSE,NA,,NA,5,FALSE,NA,FALSE,NA,30,11,0,0,0,m,150,1,NA,140,0,-0,0,English,Japanese,NA,1,4,NA,0,29,NA,1,4,NA,1,4,NA,1,4,NA,1,5,NA
4698,4ujh,1995,male,United States,United States,FALSE,NA,,NA,5,FALSE,NA,FALSE,NA,30,10,-5,-0.5869152057713568,n,l,145,1,0.16666666666666666,80,30,-30,-3.8631371386483475,English,Japanese,NA,1,4,NA,0,29,NA,1,4,NA,1,4,NA,1,4,NA,1,5,NA
4698,4ujh,1995,male,United States,United States,FALSE,NA,,NA,5,FALSE,NA,FALSE,NA,30,10,-5,-0.5869152057713568,n,l,145,1,0.125,140,40,-40,-5.369507723654657,English,Japanese,NA,1,4,NA,0,29,NA,1,4,NA,1,4,NA,1,4,NA,1,5,NA
4698,4ujh,1995,male,United States,United States,FALSE,NA,,NA,5,FALSE,NA,FALSE,NA,30,11,0,0,p,m,150,0,0,100,20,20,2.16686694770185,English,Japanese,NA,1,4,NA,0,29,NA,1,4,NA,1,4,NA,1,4,NA,1,5,NA
4698,4ujh,1995,male,United States,United States,FALSE,NA,,NA,5,FALSE,NA,FALSE,NA,30,11,0,0,p,m,150,0,0,20,20,20,2.16686694770185,English,Japanese,NA,1,4,NA,0,29,NA,1,4,NA,1,4,NA,1,4,NA,1,5,NA
4698,4ujh,1995,male,United States,United States,FALSE,NA,,NA,5,FALSE,NA,FALSE,NA,30,11,0,0,0,m,150,1,NA,40,0,-0,0,English,Japanese,NA,1,4,NA,0,29,NA,1,4,NA,1,4,NA,1,4,NA,1,5,NA
4698,4ujh,1995,male,United States,United States,FALSE,NA,,NA,5,FALSE,NA,FALSE,NA,30,10,-5,-0.5869152057713568,n,l,145,1,0.25,120,20,-20,-2.477410529609116,English,Japanese,NA,1,4,NA,0,29,NA,1,4,NA,1,4,NA,1,4,NA,1,5,NA
4698,4ujh,1995,male,United States,United States,FALSE,NA,,NA,5,FALSE,NA,FALSE,NA,30,11,0,0,0,m,150,1,NA,100,0,-0,0,English,Japanese,NA,1,4,NA,0,29,NA,1,4,NA,1,4,NA,1,4,NA,1,5,NA
4698,4ujh,1995,male,United States,United States,FALSE,NA,,NA,5,FALSE,NA,FALSE,NA,30,11,0,0,p,m,150,0,0,60,20,20,2.16686694770185,English,Japanese,NA,1,4,NA,0,29,NA,1,4,NA,1,4,NA,1,4,NA,1,5,NA
4698,4ujh,1995,male,United States,United States,FALSE,NA,,NA,5,FALSE,NA,FALSE,NA,30,11,0,0,p,m,150,0,0,40,30,30,3.1564128700055254,English,Japanese,NA,1,4,NA,0,29,NA,1,4,NA,1,4,NA,1,4,NA,1,5,NA
4698,4ujh,1995,male,United States,United States,FALSE,NA,,NA,5,FALSE,NA,FALSE,NA,30,11,0,0,p,m,150,0,0,80,30,30,3.1564128700055254,English,Japanese,NA,1,4,NA,0,29,NA,1,4,NA,1,4,NA,1,4,NA,1,5,NA
4698,4ujh,1995,male,United States,United States,FALSE,NA,,NA,5,FALSE,NA,FALSE,NA,30,10,-5,-0.5869152057713568,n,l,145,1,0.25,140,20,-20,-2.477410529609116,English,Japanese,NA,1,4,NA,0,29,NA,1,4,NA,1,4,NA,1,4,NA,1,5,NA
4698,4ujh,1995,male,United States,United States,FALSE,NA,,NA,5,FALSE,NA,FALSE,NA,30,10,-5,-0.5869152057713568,n,l,145,1,0.125,40,40,-40,-5.369507723654657,English,Japanese,NA,1,4,NA,0,29,NA,1,4,NA,1,4,NA,1,4,NA,1,5,NA
4698,4ujh,1995,male,United States,United States,FALSE,NA,,NA,5,FALSE,NA,FALSE,NA,30,11,0,0,p,m,150,0,0,120,10,10,1.1173128526977774,English,Japanese,NA,1,4,NA,0,29,NA,1,4,NA,1,4,NA,1,4,NA,1,5,NA
4698,4ujh,1995,male,United States,United States,FALSE,NA,,NA,5,FALSE,NA,FALSE,NA,30,11,0,0,n,m,150,0,-0,80,10,-10,-1.1944280826109728,English,Japanese,NA,1,4,NA,0,29,NA,1,4,NA,1,4,NA,1,4,NA,1,5,NA
4698,4ujh,1995,male,United States,United States,FALSE,NA,,NA,5,FALSE,NA,FALSE,NA,30,11,0,0,p,m,150,0,0,20,40,40,4.092443014020803,English,Japanese,NA,1,4,NA,0,29,NA,1,4,NA,1,4,NA,1,4,NA,1,5,NA
4698,4ujh,1995,male,United States,United States,FALSE,NA,,NA,5,FALSE,NA,FALSE,NA,30,11,0,0,n,m,150,0,-0,60,20,-20,-2.477410529609116,English,Japanese,NA,1,4,NA,0,29,NA,1,4,NA,1,4,NA,1,4,NA,1,5,NA
4698,4ujh,1995,male,United States,United States,FALSE,NA,,NA,5,FALSE,NA,FALSE,NA,30,11,0,0,p,m,150,0,0,40,20,20,2.16686694770185,English,Japanese,NA,1,4,NA,0,29,NA,1,4,NA,1,4,NA,1,4,NA,1,5,NA
4698,4ujh,1995,male,United States,United States,FALSE,NA,,NA,5,FALSE,NA,FALSE,NA,30,11,0,0,p,m,150,0,0,80,10,10,1.1173128526977774,English,Japanese,NA,1,4,NA,0,29,NA,1,4,NA,1,4,NA,1,4,NA,1,5,NA
4698,4ujh,1995,male,United States,United States,FALSE,NA,,NA,5,FALSE,NA,FALSE,NA,30,11,0,0,0,m,150,1,NA,20,0,-0,0,English,Japanese,NA,1,4,NA,0,29,NA,1,4,NA,1,4,NA,1,4,NA,1,5,NA
4698,4ujh,1995,male,United States,United States,FALSE,NA,,NA,5,FALSE,NA,FALSE,NA,30,10,-5,-0.5869152057713568,p,l,145,0,-0.25,120,20,20,2.16686694770185,English,Japanese,NA,1,4,NA,0,29,NA,1,4,NA,1,4,NA,1,4,NA,1,5,NA
4698,4ujh,1995,male,United States,United States,FALSE,NA,,NA,5,FALSE,NA,FALSE,NA,30,11,0,0,p,m,150,0,0,60,10,10,1.1173128526977774,English,Japanese,NA,1,4,NA,0,29,NA,1,4,NA,1,4,NA,1,4,NA,1,5,NA
4698,4ujh,1995,male,United States,United States,FALSE,NA,,NA,5,FALSE,NA,FALSE,NA,30,10,-5,-0.5869152057713568,p,l,145,0,-0.16666666666666666,140,30,30,3.1564128700055254,English,Japanese,NA,1,4,NA,0,29,NA,1,4,NA,1,4,NA,1,4,NA,1,5,NA
4698,4ujh,1995,male,United States,United States,FALSE,NA,,NA,5,FALSE,NA,FALSE,NA,30,11,0,0,p,m,150,0,0,100,10,10,1.1173128526977774,English,Japanese,NA,1,4,NA,0,29,NA,1,4,NA,1,4,NA,1,4,NA,1,5,NA
4698,4ujh,1995,male,United States,United States,FALSE,NA,,NA,5,FALSE,NA,FALSE,NA,30,11,0,0,p,m,150,0,0,20,30,30,3.1564128700055254,English,Japanese,NA,1,4,NA,0,29,NA,1,4,NA,1,4,NA,1,4,NA,1,5,NA
4698,4ujh,1995,male,United States,United States,FALSE,NA,,NA,5,FALSE,NA,FALSE,NA,30,11,0,0,p,m,150,0,0,100,30,30,3.1564128700055254,English,Japanese,NA,1,4,NA,0,29,NA,1,4,NA,1,4,NA,1,4,NA,1,5,NA
4698,4ujh,1995,male,United States,United States,FALSE,NA,,NA,5,FALSE,NA,FALSE,NA,30,9,-10,-1.1944280826109728,n,l,140,1,0.5,80,20,-20,-2.477410529609116,English,Japanese,NA,1,4,NA,0,29,NA,1,4,NA,1,4,NA,1,4,NA,1,5,NA
4698,4ujh,1995,male,United States,United States,FALSE,NA,,NA,5,FALSE,NA,FALSE,NA,30,11,0,0,p,m,150,0,0,20,10,10,1.1173128526977774,English,Japanese,NA,1,4,NA,0,29,NA,1,4,NA,1,4,NA,1,4,NA,1,5,NA
4698,4ujh,1995,male,United States,United States,FALSE,NA,,NA,5,FALSE,NA,FALSE,NA,30,9,-10,-1.1944280826109728,n,l,140,1,0.3333333333333333,40,30,-30,-3.8631371386483475,English,Japanese,NA,1,4,NA,0,29,NA,1,4,NA,1,4,NA,1,4,NA,1,5,NA
4698,4ujh,1995,male,United States,United States,FALSE,NA,,NA,5,FALSE,NA,FALSE,NA,30,10,-5,-0.5869152057713568,p,l,145,0,-0.16666666666666666,120,30,30,3.1564128700055254,English,Japanese,NA,1,4,NA,0,29,NA,1,4,NA,1,4,NA,1,4,NA,1,5,NA
4698,4ujh,1995,male,United States,United States,FALSE,NA,,NA,5,FALSE,NA,FALSE,NA,30,10,-5,-0.5869152057713568,n,l,145,1,0.125,60,40,-40,-5.369507723654657,English,Japanese,NA,1,4,NA,0,29,NA,1,4,NA,1,4,NA,1,4,NA,1,5,NA
4698,4ujh,1995,male,United States,United States,FALSE,NA,,NA,5,FALSE,NA,FALSE,NA,30,11,0,0,p,m,150,0,0,40,40,40,4.092443014020803,English,Japanese,NA,1,4,NA,0,29,NA,1,4,NA,1,4,NA,1,4,NA,1,5,NA
4698,4ujh,1995,male,United States,United States,FALSE,NA,,NA,5,FALSE,NA,FALSE,NA,30,9,-10,-1.1944280826109728,n,l,140,1,0.25,100,40,-40,-5.369507723654657,English,Japanese,NA,1,4,NA,0,29,NA,1,4,NA,1,4,NA,1,4,NA,1,5,NA
4698,4ujh,1995,male,United States,United States,FALSE,NA,,NA,5,FALSE,NA,FALSE,NA,30,9,-10,-1.1944280826109728,n,l,140,1,0.25,120,40,-40,-5.369507723654657,English,Japanese,NA,1,4,NA,0,29,NA,1,4,NA,1,4,NA,1,4,NA,1,5,NA
4698,4ujh,1995,male,United States,United States,FALSE,NA,,NA,5,FALSE,NA,FALSE,NA,30,10,-5,-0.5869152057713568,n,l,145,1,0.25,40,20,-20,-2.477410529609116,English,Japanese,NA,1,4,NA,0,29,NA,1,4,NA,1,4,NA,1,4,NA,1,5,NA
4698,4ujh,1995,male,United States,United States,FALSE,NA,,NA,5,FALSE,NA,FALSE,NA,30,10,-5,-0.5869152057713568,n,l,145,1,0.125,80,40,-40,-5.369507723654657,English,Japanese,NA,1,4,NA,0,29,NA,1,4,NA,1,4,NA,1,4,NA,1,5,NA
4698,4ujh,1995,male,United States,United States,FALSE,NA,,NA,5,FALSE,NA,FALSE,NA,30,10,-5,-0.5869152057713568,n,l,145,1,0.25,100,20,-20,-2.477410529609116,English,Japanese,NA,1,4,NA,0,29,NA,1,4,NA,1,4,NA,1,4,NA,1,5,NA
4698,4ujh,1995,male,United States,United States,FALSE,NA,,NA,5,FALSE,NA,FALSE,NA,30,10,-5,-0.5869152057713568,n,l,145,1,0.125,20,40,-40,-5.369507723654657,English,Japanese,NA,1,4,NA,0,29,NA,1,4,NA,1,4,NA,1,4,NA,1,5,NA
4698,4ujh,1995,male,United States,United States,FALSE,NA,,NA,5,FALSE,NA,FALSE,NA,30,10,-5,-0.5869152057713568,p,l,145,0,-0.16666666666666666,60,30,30,3.1564128700055254,English,Japanese,NA,1,4,NA,0,29,NA,1,4,NA,1,4,NA,1,4,NA,1,5,NA
4698,4ujh,1995,male,United States,United States,FALSE,NA,,NA,5,FALSE,NA,FALSE,NA,30,11,0,0,0,m,150,1,NA,120,0,-0,0,English,Japanese,NA,1,4,NA,0,29,NA,1,4,NA,1,4,NA,1,4,NA,1,5,NA
4698,4ujh,1995,male,United States,United States,FALSE,NA,,NA,5,FALSE,NA,FALSE,NA,30,9,-10,-1.1944280826109728,n,l,140,1,0.3333333333333333,120,30,-30,-3.8631371386483475,English,Japanese,NA,1,4,NA,0,29,NA,1,4,NA,1,4,NA,1,4,NA,1,5,NA
4698,4ujh,1995,male,United States,United States,FALSE,NA,,NA,5,FALSE,NA,FALSE,NA,30,10,-5,-0.5869152057713568,n,l,145,1,0.16666666666666666,60,30,-30,-3.8631371386483475,English,Japanese,NA,1,4,NA,0,29,NA,1,4,NA,1,4,NA,1,4,NA,1,5,NA
4698,4ujh,1995,male,United States,United States,FALSE,NA,,NA,5,FALSE,NA,FALSE,NA,30,11,0,0,p,m,150,0,0,140,10,10,1.1173128526977774,English,Japanese,NA,1,4,NA,0,29,NA,1,4,NA,1,4,NA,1,4,NA,1,5,NA
4698,4ujh,1995,male,United States,United States,FALSE,NA,,NA,5,FALSE,NA,FALSE,NA,30,10,-5,-0.5869152057713568,p,l,145,0,-0.125,80,40,40,4.092443014020803,English,Japanese,NA,1,4,NA,0,29,NA,1,4,NA,1,4,NA,1,4,NA,1,5,NA
4698,4ujh,1995,male,United States,United States,FALSE,NA,,NA,5,FALSE,NA,FALSE,NA,30,11,0,0,n,m,150,0,-0,100,10,-10,-1.1944280826109728,English,Japanese,NA,1,4,NA,0,29,NA,1,4,NA,1,4,NA,1,4,NA,1,5,NA
4698,4ujh,1995,male,United States,United States,FALSE,NA,,NA,5,FALSE,NA,FALSE,NA,30,9,-10,-1.1944280826109728,p,l,140,0,-0.25,140,40,40,4.092443014020803,English,Japanese,NA,1,4,NA,0,29,NA,1,4,NA,1,4,NA,1,4,NA,1,5,NA
4698,4ujh,1995,male,United States,United States,FALSE,NA,,NA,5,FALSE,NA,FALSE,NA,30,11,0,0,n,m,150,0,-0,40,10,-10,-1.1944280826109728,English,Japanese,NA,1,4,NA,0,29,NA,1,4,NA,1,4,NA,1,4,NA,1,5,NA
4698,4ujh,1995,male,United States,United States,FALSE,NA,,NA,5,FALSE,NA,FALSE,NA,30,10,-5,-0.5869152057713568,n,l,145,1,0.125,60,40,-40,-5.369507723654657,English,Japanese,NA,1,4,NA,0,29,NA,1,4,NA,1,4,NA,1,4,NA,1,5,NA
4698,4ujh,1995,male,United States,United States,FALSE,NA,,NA,5,FALSE,NA,FALSE,NA,30,11,0,0,p,m,150,0,0,20,20,20,2.16686694770185,English,Japanese,NA,1,4,NA,0,29,NA,1,4,NA,1,4,NA,1,4,NA,1,5,NA
4698,4ujh,1995,male,United States,United States,FALSE,NA,,NA,5,FALSE,NA,FALSE,NA,30,10,-5,-0.5869152057713568,n,l,145,1,0.16666666666666666,100,30,-30,-3.8631371386483475,English,Japanese,NA,1,4,NA,0,29,NA,1,4,NA,1,4,NA,1,4,NA,1,5,NA
4698,4ujh,1995,male,United States,United States,FALSE,NA,,NA,5,FALSE,NA,FALSE,NA,30,11,0,0,p,m,150,0,0,80,20,20,2.16686694770185,English,Japanese,NA,1,4,NA,0,29,NA,1,4,NA,1,4,NA,1,4,NA,1,5,NA
4698,4ujh,1995,male,United States,United States,FALSE,NA,,NA,5,FALSE,NA,FALSE,NA,30,11,0,0,p,m,150,0,0,60,10,10,1.1173128526977774,English,Japanese,NA,1,4,NA,0,29,NA,1,4,NA,1,4,NA,1,4,NA,1,5,NA
4698,4ujh,1995,male,United States,United States,FALSE,NA,,NA,5,FALSE,NA,FALSE,NA,30,10,-5,-0.5869152057713568,n,l,145,1,0.25,100,20,-20,-2.477410529609116,English,Japanese,NA,1,4,NA,0,29,NA,1,4,NA,1,4,NA,1,4,NA,1,5,NA
4698,4ujh,1995,male,United States,United States,FALSE,NA,,NA,5,FALSE,NA,FALSE,NA,30,11,0,0,n,m,150,0,-0,40,30,-30,-3.8631371386483475,English,Japanese,NA,1,4,NA,0,29,NA,1,4,NA,1,4,NA,1,4,NA,1,5,NA
4698,4ujh,1995,male,United States,United States,FALSE,NA,,NA,5,FALSE,NA,FALSE,NA,30,11,0,0,0,m,150,1,NA,60,0,-0,0,English,Japanese,NA,1,4,NA,0,29,NA,1,4,NA,1,4,NA,1,4,NA,1,5,NA
4698,4ujh,1995,male,United States,United States,FALSE,NA,,NA,5,FALSE,NA,FALSE,NA,30,12,5,0.5676685773402819,p,h,155,1,0.125,140,40,40,4.092443014020803,English,Japanese,NA,1,4,NA,0,29,NA,1,4,NA,1,4,NA,1,4,NA,1,5,NA
4698,4ujh,1995,male,United States,United States,FALSE,NA,,NA,5,FALSE,NA,FALSE,NA,30,12,5,0.5676685773402819,n,h,155,0,-0.5,80,10,-10,-1.1944280826109728,English,Japanese,NA,1,4,NA,0,29,NA,1,4,NA,1,4,NA,1,4,NA,1,5,NA
4698,4ujh,1995,male,United States,United States,FALSE,NA,,NA,5,FALSE,NA,FALSE,NA,30,12,5,0.5676685773402819,p,h,155,1,0.125,120,40,40,4.092443014020803,English,Japanese,NA,1,4,NA,0,29,NA,1,4,NA,1,4,NA,1,4,NA,1,5,NA
4698,4ujh,1995,male,United States,United States,FALSE,NA,,NA,5,FALSE,NA,FALSE,NA,30,11,0,0,p,m,150,0,0,100,10,10,1.1173128526977774,English,Japanese,NA,1,4,NA,0,29,NA,1,4,NA,1,4,NA,1,4,NA,1,5,NA
4698,4ujh,1995,male,United States,United States,FALSE,NA,,NA,5,FALSE,NA,FALSE,NA,30,11,0,0,p,m,150,0,0,40,10,10,1.1173128526977774,English,Japanese,NA,1,4,NA,0,29,NA,1,4,NA,1,4,NA,1,4,NA,1,5,NA
4698,4ujh,1995,male,United States,United States,FALSE,NA,,NA,5,FALSE,NA,FALSE,NA,30,9,-10,-1.1944280826109728,n,l,140,1,0.3333333333333333,120,30,-30,-3.8631371386483475,English,Japanese,NA,1,4,NA,0,29,NA,1,4,NA,1,4,NA,1,4,NA,1,5,NA
4698,4ujh,1995,male,United States,United States,FALSE,NA,,NA,5,FALSE,NA,FALSE,NA,30,11,0,0,n,m,150,0,-0,40,20,-20,-2.477410529609116,English,Japanese,NA,1,4,NA,0,29,NA,1,4,NA,1,4,NA,1,4,NA,1,5,NA
4698,4ujh,1995,male,United States,United States,FALSE,NA,,NA,5,FALSE,NA,FALSE,NA,30,12,5,0.5676685773402819,p,h,155,1,0.125,60,40,40,4.092443014020803,English,Japanese,NA,1,4,NA,0,29,NA,1,4,NA,1,4,NA,1,4,NA,1,5,NA
4698,4ujh,1995,male,United States,United States,FALSE,NA,,NA,5,FALSE,NA,FALSE,NA,30,11,0,0,0,m,150,1,NA,20,0,-0,0,English,Japanese,NA,1,4,NA,0,29,NA,1,4,NA,1,4,NA,1,4,NA,1,5,NA
4698,4ujh,1995,male,United States,United States,FALSE,NA,,NA,5,FALSE,NA,FALSE,NA,30,11,0,0,p,m,150,0,0,20,10,10,1.1173128526977774,English,Japanese,NA,1,4,NA,0,29,NA,1,4,NA,1,4,NA,1,4,NA,1,5,NA
4698,4ujh,1995,male,United States,United States,FALSE,NA,,NA,5,FALSE,NA,FALSE,NA,30,10,-5,-0.5869152057713568,n,l,145,1,0.16666666666666666,60,30,-30,-3.8631371386483475,English,Japanese,NA,1,4,NA,0,29,NA,1,4,NA,1,4,NA,1,4,NA,1,5,NA
4698,4ujh,1995,male,United States,United States,FALSE,NA,,NA,5,FALSE,NA,FALSE,NA,30,11,0,0,0,m,150,1,NA,120,0,-0,0,English,Japanese,NA,1,4,NA,0,29,NA,1,4,NA,1,4,NA,1,4,NA,1,5,NA
4698,4ujh,1995,male,United States,United States,FALSE,NA,,NA,5,FALSE,NA,FALSE,NA,30,10,-5,-0.5869152057713568,p,l,145,0,-0.16666666666666666,40,30,30,3.1564128700055254,English,Japanese,NA,1,4,NA,0,29,NA,1,4,NA,1,4,NA,1,4,NA,1,5,NA
4698,4ujh,1995,male,United States,United States,FALSE,NA,,NA,5,FALSE,NA,FALSE,NA,30,11,0,0,p,m,150,0,0,20,30,30,3.1564128700055254,English,Japanese,NA,1,4,NA,0,29,NA,1,4,NA,1,4,NA,1,4,NA,1,5,NA
4698,4ujh,1995,male,United States,United States,FALSE,NA,,NA,5,FALSE,NA,FALSE,NA,30,11,0,0,p,m,150,0,0,100,30,30,3.1564128700055254,English,Japanese,NA,1,4,NA,0,29,NA,1,4,NA,1,4,NA,1,4,NA,1,5,NA
4698,4ujh,1995,male,United States,United States,FALSE,NA,,NA,5,FALSE,NA,FALSE,NA,30,9,-10,-1.1944280826109728,n,l,140,1,0.25,120,40,-40,-5.369507723654657,English,Japanese,NA,1,4,NA,0,29,NA,1,4,NA,1,4,NA,1,4,NA,1,5,NA
4698,4ujh,1995,male,United States,United States,FALSE,NA,,NA,5,FALSE,NA,FALSE,NA,30,10,-5,-0.5869152057713568,p,l,145,0,-0.16666666666666666,120,30,30,3.1564128700055254,English,Japanese,NA,1,4,NA,0,29,NA,1,4,NA,1,4,NA,1,4,NA,1,5,NA
4698,4ujh,1995,male,United States,United States,FALSE,NA,,NA,5,FALSE,NA,FALSE,NA,30,11,0,0,n,m,150,0,-0,60,20,-20,-2.477410529609116,English,Japanese,NA,1,4,NA,0,29,NA,1,4,NA,1,4,NA,1,4,NA,1,5,NA
4698,4ujh,1995,male,United States,United States,FALSE,NA,,NA,5,FALSE,NA,FALSE,NA,30,12,5,0.5676685773402819,p,h,155,1,0.16666666666666666,140,30,30,3.1564128700055254,English,Japanese,NA,1,4,NA,0,29,NA,1,4,NA,1,4,NA,1,4,NA,1,5,NA
4698,4ujh,1995,male,United States,United States,FALSE,NA,,NA,5,FALSE,NA,FALSE,NA,30,11,0,0,n,m,150,0,-0,60,10,-10,-1.1944280826109728,English,Japanese,NA,1,4,NA,0,29,NA,1,4,NA,1,4,NA,1,4,NA,1,5,NA
4698,4ujh,1995,male,United States,United States,FALSE,NA,,NA,5,FALSE,NA,FALSE,NA,30,11,0,0,n,m,150,0,-0,140,10,-10,-1.1944280826109728,English,Japanese,NA,1,4,NA,0,29,NA,1,4,NA,1,4,NA,1,4,NA,1,5,NA
4698,4ujh,1995,male,United States,United States,FALSE,NA,,NA,5,FALSE,NA,FALSE,NA,30,12,5,0.5676685773402819,p,h,155,1,0.25,140,20,20,2.16686694770185,English,Japanese,NA,1,4,NA,0,29,NA,1,4,NA,1,4,NA,1,4,NA,1,5,NA
4698,4ujh,1995,male,United States,United States,FALSE,NA,,NA,5,FALSE,NA,FALSE,NA,30,12,5,0.5676685773402819,p,h,155,1,0.5,120,10,10,1.1173128526977774,English,Japanese,NA,1,4,NA,0,29,NA,1,4,NA,1,4,NA,1,4,NA,1,5,NA
4698,4ujh,1995,male,United States,United States,FALSE,NA,,NA,5,FALSE,NA,FALSE,NA,30,11,0,0,n,m,150,0,-0,120,20,-20,-2.477410529609116,English,Japanese,NA,1,4,NA,0,29,NA,1,4,NA,1,4,NA,1,4,NA,1,5,NA
4698,4ujh,1995,male,United States,United States,FALSE,NA,,NA,5,FALSE,NA,FALSE,NA,30,11,0,0,0,m,150,1,NA,140,0,-0,0,English,Japanese,NA,1,4,NA,0,29,NA,1,4,NA,1,4,NA,1,4,NA,1,5,NA
4698,4ujh,1995,male,United States,United States,FALSE,NA,,NA,5,FALSE,NA,FALSE,NA,30,11,0,0,n,m,150,0,-0,120,10,-10,-1.1944280826109728,English,Japanese,NA,1,4,NA,0,29,NA,1,4,NA,1,4,NA,1,4,NA,1,5,NA
4698,4ujh,1995,male,United States,United States,FALSE,NA,,NA,5,FALSE,NA,FALSE,NA,30,11,0,0,p,m,150,0,0,100,20,20,2.16686694770185,English,Japanese,NA,1,4,NA,0,29,NA,1,4,NA,1,4,NA,1,4,NA,1,5,NA
4698,4ujh,1995,male,United States,United States,FALSE,NA,,NA,5,FALSE,NA,FALSE,NA,30,9,-10,-1.1944280826109728,n,l,140,1,0.25,140,40,-40,-5.369507723654657,English,Japanese,NA,1,4,NA,0,29,NA,1,4,NA,1,4,NA,1,4,NA,1,5,NA
4698,4ujh,1995,male,United States,United States,FALSE,NA,,NA,5,FALSE,NA,FALSE,NA,30,11,0,0,n,m,150,0,-0,40,40,-40,-5.369507723654657,English,Japanese,NA,1,4,NA,0,29,NA,1,4,NA,1,4,NA,1,4,NA,1,5,NA
4698,4ujh,1995,male,United States,United States,FALSE,NA,,NA,5,FALSE,NA,FALSE,NA,30,11,0,0,p,m,150,0,0,20,40,40,4.092443014020803,English,Japanese,NA,1,4,NA,0,29,NA,1,4,NA,1,4,NA,1,4,NA,1,5,NA
4698,4ujh,1995,male,United States,United States,FALSE,NA,,NA,5,FALSE,NA,FALSE,NA,30,11,0,0,p,m,150,0,0,140,10,10,1.1173128526977774,English,Japanese,NA,1,4,NA,0,29,NA,1,4,NA,1,4,NA,1,4,NA,1,5,NA
4698,4ujh,1995,male,United States,United States,FALSE,NA,,NA,5,FALSE,NA,FALSE,NA,30,9,-10,-1.1944280826109728,n,l,140,1,1,100,10,-10,-1.1944280826109728,English,Japanese,NA,1,4,NA,0,29,NA,1,4,NA,1,4,NA,1,4,NA,1,5,NA
4698,4ujh,1995,male,United States,United States,FALSE,NA,,NA,5,FALSE,NA,FALSE,NA,30,11,0,0,n,m,150,0,-0,20,20,-20,-2.477410529609116,English,Japanese,NA,1,4,NA,0,29,NA,1,4,NA,1,4,NA,1,4,NA,1,5,NA
4698,4ujh,1995,male,United States,United States,FALSE,NA,,NA,5,FALSE,NA,FALSE,NA,30,11,0,0,0,m,150,1,NA,80,0,-0,0,English,Japanese,NA,1,4,NA,0,29,NA,1,4,NA,1,4,NA,1,4,NA,1,5,NA
4698,4ujh,1995,male,United States,United States,FALSE,NA,,NA,5,FALSE,NA,FALSE,NA,30,11,0,0,n,m,150,0,-0,20,30,-30,-3.8631371386483475,English,Japanese,NA,1,4,NA,0,29,NA,1,4,NA,1,4,NA,1,4,NA,1,5,NA
4698,4ujh,1995,male,United States,United States,FALSE,NA,,NA,5,FALSE,NA,FALSE,NA,30,12,5,0.5676685773402819,n,h,155,0,-0.5,20,10,-10,-1.1944280826109728,English,Japanese,NA,1,4,NA,0,29,NA,1,4,NA,1,4,NA,1,4,NA,1,5,NA
4698,4ujh,1995,male,United States,United States,FALSE,NA,,NA,5,FALSE,NA,FALSE,NA,30,9,-10,-1.1944280826109728,n,l,140,1,0.3333333333333333,140,30,-30,-3.8631371386483475,English,Japanese,NA,1,4,NA,0,29,NA,1,4,NA,1,4,NA,1,4,NA,1,5,NA
4698,4ujh,1995,male,United States,United States,FALSE,NA,,NA,5,FALSE,NA,FALSE,NA,30,11,0,0,p,m,150,0,0,120,20,20,2.16686694770185,English,Japanese,NA,1,4,NA,0,29,NA,1,4,NA,1,4,NA,1,4,NA,1,5,NA
4698,4ujh,1995,male,United States,United States,FALSE,NA,,NA,5,FALSE,NA,FALSE,NA,30,10,-5,-0.5869152057713568,n,l,145,1,0.25,140,20,-20,-2.477410529609116,English,Japanese,NA,1,4,NA,0,29,NA,1,4,NA,1,4,NA,1,4,NA,1,5,NA
4698,4ujh,1995,male,United States,United States,FALSE,NA,,NA,5,FALSE,NA,FALSE,NA,30,11,0,0,p,m,150,0,0,40,20,20,2.16686694770185,English,Japanese,NA,1,4,NA,0,29,NA,1,4,NA,1,4,NA,1,4,NA,1,5,NA
4698,4ujh,1995,male,United States,United States,FALSE,NA,,NA,5,FALSE,NA,FALSE,NA,30,9,-10,-1.1944280826109728,n,l,140,1,0.25,80,40,-40,-5.369507723654657,English,Japanese,NA,1,4,NA,0,29,NA,1,4,NA,1,4,NA,1,4,NA,1,5,NA
4698,4ujh,1995,male,United States,United States,FALSE,NA,,NA,5,FALSE,NA,FALSE,NA,30,11,0,0,n,m,150,0,-0,20,40,-40,-5.369507723654657,English,Japanese,NA,1,4,NA,0,29,NA,1,4,NA,1,4,NA,1,4,NA,1,5,NA
4698,4ujh,1995,male,United States,United States,FALSE,NA,,NA,5,FALSE,NA,FALSE,NA,30,10,-5,-0.5869152057713568,0,l,145,0,NA,100,0,-0,0,English,Japanese,NA,1,4,NA,0,29,NA,1,4,NA,1,4,NA,1,4,NA,1,5,NA
4698,4ujh,1995,male,United States,United States,FALSE,NA,,NA,5,FALSE,NA,FALSE,NA,30,12,5,0.5676685773402819,n,h,155,0,-0.16666666666666666,80,30,-30,-3.8631371386483475,English,Japanese,NA,1,4,NA,0,29,NA,1,4,NA,1,4,NA,1,4,NA,1,5,NA
4698,4ujh,1995,male,United States,United States,FALSE,NA,,NA,5,FALSE,NA,FALSE,NA,30,11,0,0,n,m,150,0,-0,80,20,-20,-2.477410529609116,English,Japanese,NA,1,4,NA,0,29,NA,1,4,NA,1,4,NA,1,4,NA,1,5,NA
4698,4ujh,1995,male,United States,United States,FALSE,NA,,NA,5,FALSE,NA,FALSE,NA,30,9,-10,-1.1944280826109728,0,l,140,0,NA,40,0,-0,0,English,Japanese,NA,1,4,NA,0,29,NA,1,4,NA,1,4,NA,1,4,NA,1,5,NA
4698,4ujh,1995,male,United States,United States,FALSE,NA,,NA,5,FALSE,NA,FALSE,NA,30,11,0,0,p,m,150,0,0,80,40,40,4.092443014020803,English,Japanese,NA,1,4,NA,0,29,NA,1,4,NA,1,4,NA,1,4,NA,1,5,NA
4698,4ujh,1995,male,United States,United States,FALSE,NA,,NA,5,FALSE,NA,FALSE,NA,30,10,-5,-0.5869152057713568,p,l,145,0,-0.125,40,40,40,4.092443014020803,English,Japanese,NA,1,4,NA,0,29,NA,1,4,NA,1,4,NA,1,4,NA,1,5,NA
4698,4ujh,1995,male,United States,United States,FALSE,NA,,NA,5,FALSE,NA,FALSE,NA,30,11,0,0,p,m,150,0,0,80,10,10,1.1173128526977774,English,Japanese,NA,1,4,NA,0,29,NA,1,4,NA,1,4,NA,1,4,NA,1,5,NA
4698,4ujh,1995,male,United States,United States,FALSE,NA,,NA,5,FALSE,NA,FALSE,NA,30,11,0,0,p,m,150,0,0,60,30,30,3.1564128700055254,English,Japanese,NA,1,4,NA,0,29,NA,1,4,NA,1,4,NA,1,4,NA,1,5,NA
4698,27i9,2005,female,USA,USA,TRUE,TRUE,advanced,7,8,FALSE,NA,TRUE,0.5,33,11,0,0,p,m,150,0,0,20,20,20,2.16686694770185,English,French,NA,1,4,NA,0,13,NA,1,4,NA,1,4,NA,1,4,NA,1,4,NA
4698,27i9,2005,female,USA,USA,TRUE,TRUE,advanced,7,8,FALSE,NA,TRUE,0.5,33,12,5,0.5676685773402819,n,h,155,0,-0.5,140,10,-10,-1.1944280826109728,English,French,NA,1,4,NA,0,13,NA,1,4,NA,1,4,NA,1,4,NA,1,4,NA
4698,27i9,2005,female,USA,USA,TRUE,TRUE,advanced,7,8,FALSE,NA,TRUE,0.5,33,12,5,0.5676685773402819,p,h,155,1,0.125,80,40,40,4.092443014020803,English,French,NA,1,4,NA,0,13,NA,1,4,NA,1,4,NA,1,4,NA,1,4,NA
4698,27i9,2005,female,USA,USA,TRUE,TRUE,advanced,7,8,FALSE,NA,TRUE,0.5,33,11,0,0,p,m,150,0,0,40,10,10,1.1173128526977774,English,French,NA,1,4,NA,0,13,NA,1,4,NA,1,4,NA,1,4,NA,1,4,NA
4698,27i9,2005,female,USA,USA,TRUE,TRUE,advanced,7,8,FALSE,NA,TRUE,0.5,33,11,0,0,p,m,150,0,0,120,30,30,3.1564128700055254,English,French,NA,1,4,NA,0,13,NA,1,4,NA,1,4,NA,1,4,NA,1,4,NA
4698,27i9,2005,female,USA,USA,TRUE,TRUE,advanced,7,8,FALSE,NA,TRUE,0.5,33,11,0,0,p,m,150,0,0,20,40,40,4.092443014020803,English,French,NA,1,4,NA,0,13,NA,1,4,NA,1,4,NA,1,4,NA,1,4,NA
4698,27i9,2005,female,USA,USA,TRUE,TRUE,advanced,7,8,FALSE,NA,TRUE,0.5,33,11,0,0,0,m,150,1,NA,120,0,-0,0,English,French,NA,1,4,NA,0,13,NA,1,4,NA,1,4,NA,1,4,NA,1,4,NA
4698,27i9,2005,female,USA,USA,TRUE,TRUE,advanced,7,8,FALSE,NA,TRUE,0.5,33,11,0,0,p,m,150,0,0,140,10,10,1.1173128526977774,English,French,NA,1,4,NA,0,13,NA,1,4,NA,1,4,NA,1,4,NA,1,4,NA
4698,27i9,2005,female,USA,USA,TRUE,TRUE,advanced,7,8,FALSE,NA,TRUE,0.5,33,11,0,0,0,m,150,1,NA,140,0,-0,0,English,French,NA,1,4,NA,0,13,NA,1,4,NA,1,4,NA,1,4,NA,1,4,NA
4698,27i9,2005,female,USA,USA,TRUE,TRUE,advanced,7,8,FALSE,NA,TRUE,0.5,33,11,0,0,p,m,150,0,0,100,10,10,1.1173128526977774,English,French,NA,1,4,NA,0,13,NA,1,4,NA,1,4,NA,1,4,NA,1,4,NA
4698,27i9,2005,female,USA,USA,TRUE,TRUE,advanced,7,8,FALSE,NA,TRUE,0.5,33,11,0,0,0,m,150,1,NA,120,0,-0,0,English,French,NA,1,4,NA,0,13,NA,1,4,NA,1,4,NA,1,4,NA,1,4,NA
4698,27i9,2005,female,USA,USA,TRUE,TRUE,advanced,7,8,FALSE,NA,TRUE,0.5,33,11,0,0,p,m,150,0,0,40,40,40,4.092443014020803,English,French,NA,1,4,NA,0,13,NA,1,4,NA,1,4,NA,1,4,NA,1,4,NA
4698,27i9,2005,female,USA,USA,TRUE,TRUE,advanced,7,8,FALSE,NA,TRUE,0.5,33,11,0,0,0,m,150,1,NA,100,0,-0,0,English,French,NA,1,4,NA,0,13,NA,1,4,NA,1,4,NA,1,4,NA,1,4,NA
4698,27i9,2005,female,USA,USA,TRUE,TRUE,advanced,7,8,FALSE,NA,TRUE,0.5,33,11,0,0,p,m,150,0,0,140,30,30,3.1564128700055254,English,French,NA,1,4,NA,0,13,NA,1,4,NA,1,4,NA,1,4,NA,1,4,NA
4698,27i9,2005,female,USA,USA,TRUE,TRUE,advanced,7,8,FALSE,NA,TRUE,0.5,33,10,-5,-0.5869152057713568,n,l,145,1,0.25,80,20,-20,-2.477410529609116,English,French,NA,1,4,NA,0,13,NA,1,4,NA,1,4,NA,1,4,NA,1,4,NA
4698,27i9,2005,female,USA,USA,TRUE,TRUE,advanced,7,8,FALSE,NA,TRUE,0.5,33,11,0,0,n,m,150,0,-0,20,30,-30,-3.8631371386483475,English,French,NA,1,4,NA,0,13,NA,1,4,NA,1,4,NA,1,4,NA,1,4,NA
4698,27i9,2005,female,USA,USA,TRUE,TRUE,advanced,7,8,FALSE,NA,TRUE,0.5,33,12,5,0.5676685773402819,p,h,155,1,0.25,140,20,20,2.16686694770185,English,French,NA,1,4,NA,0,13,NA,1,4,NA,1,4,NA,1,4,NA,1,4,NA
4698,27i9,2005,female,USA,USA,TRUE,TRUE,advanced,7,8,FALSE,NA,TRUE,0.5,33,11,0,0,n,m,150,0,-0,80,30,-30,-3.8631371386483475,English,French,NA,1,4,NA,0,13,NA,1,4,NA,1,4,NA,1,4,NA,1,4,NA
4698,27i9,2005,female,USA,USA,TRUE,TRUE,advanced,7,8,FALSE,NA,TRUE,0.5,33,11,0,0,p,m,150,0,0,60,40,40,4.092443014020803,English,French,NA,1,4,NA,0,13,NA,1,4,NA,1,4,NA,1,4,NA,1,4,NA
4698,27i9,2005,female,USA,USA,TRUE,TRUE,advanced,7,8,FALSE,NA,TRUE,0.5,33,11,0,0,p,m,150,0,0,60,30,30,3.1564128700055254,English,French,NA,1,4,NA,0,13,NA,1,4,NA,1,4,NA,1,4,NA,1,4,NA
4698,27i9,2005,female,USA,USA,TRUE,TRUE,advanced,7,8,FALSE,NA,TRUE,0.5,33,11,0,0,p,m,150,0,0,100,40,40,4.092443014020803,English,French,NA,1,4,NA,0,13,NA,1,4,NA,1,4,NA,1,4,NA,1,4,NA
4698,27i9,2005,female,USA,USA,TRUE,TRUE,advanced,7,8,FALSE,NA,TRUE,0.5,33,11,0,0,n,m,150,0,-0,60,10,-10,-1.1944280826109728,English,French,NA,1,4,NA,0,13,NA,1,4,NA,1,4,NA,1,4,NA,1,4,NA
4698,27i9,2005,female,USA,USA,TRUE,TRUE,advanced,7,8,FALSE,NA,TRUE,0.5,33,11,0,0,n,m,150,0,-0,140,40,-40,-5.369507723654657,English,French,NA,1,4,NA,0,13,NA,1,4,NA,1,4,NA,1,4,NA,1,4,NA
4698,27i9,2005,female,USA,USA,TRUE,TRUE,advanced,7,8,FALSE,NA,TRUE,0.5,33,10,-5,-0.5869152057713568,n,l,145,1,0.16666666666666666,100,30,-30,-3.8631371386483475,English,French,NA,1,4,NA,0,13,NA,1,4,NA,1,4,NA,1,4,NA,1,4,NA
4698,27i9,2005,female,USA,USA,TRUE,TRUE,advanced,7,8,FALSE,NA,TRUE,0.5,33,11,0,0,n,m,150,0,-0,140,20,-20,-2.477410529609116,English,French,NA,1,4,NA,0,13,NA,1,4,NA,1,4,NA,1,4,NA,1,4,NA
4698,27i9,2005,female,USA,USA,TRUE,TRUE,advanced,7,8,FALSE,NA,TRUE,0.5,33,10,-5,-0.5869152057713568,p,l,145,0,-0.5,80,10,10,1.1173128526977774,English,French,NA,1,4,NA,0,13,NA,1,4,NA,1,4,NA,1,4,NA,1,4,NA
4698,27i9,2005,female,USA,USA,TRUE,TRUE,advanced,7,8,FALSE,NA,TRUE,0.5,33,10,-5,-0.5869152057713568,n,l,145,1,0.16666666666666666,40,30,-30,-3.8631371386483475,English,French,NA,1,4,NA,0,13,NA,1,4,NA,1,4,NA,1,4,NA,1,4,NA
4698,27i9,2005,female,USA,USA,TRUE,TRUE,advanced,7,8,FALSE,NA,TRUE,0.5,33,10,-5,-0.5869152057713568,n,l,145,1,0.125,80,40,-40,-5.369507723654657,English,French,NA,1,4,NA,0,13,NA,1,4,NA,1,4,NA,1,4,NA,1,4,NA
4698,27i9,2005,female,USA,USA,TRUE,TRUE,advanced,7,8,FALSE,NA,TRUE,0.5,33,11,0,0,n,m,150,0,-0,60,30,-30,-3.8631371386483475,English,French,NA,1,4,NA,0,13,NA,1,4,NA,1,4,NA,1,4,NA,1,4,NA
4698,27i9,2005,female,USA,USA,TRUE,TRUE,advanced,7,8,FALSE,NA,TRUE,0.5,33,9,-10,-1.1944280826109728,n,l,140,1,0.3333333333333333,120,30,-30,-3.8631371386483475,English,French,NA,1,4,NA,0,13,NA,1,4,NA,1,4,NA,1,4,NA,1,4,NA
4698,27i9,2005,female,USA,USA,TRUE,TRUE,advanced,7,8,FALSE,NA,TRUE,0.5,33,10,-5,-0.5869152057713568,p,l,145,0,-0.25,60,20,20,2.16686694770185,English,French,NA,1,4,NA,0,13,NA,1,4,NA,1,4,NA,1,4,NA,1,4,NA
4698,27i9,2005,female,USA,USA,TRUE,TRUE,advanced,7,8,FALSE,NA,TRUE,0.5,33,11,0,0,p,m,150,0,0,40,20,20,2.16686694770185,English,French,NA,1,4,NA,0,13,NA,1,4,NA,1,4,NA,1,4,NA,1,4,NA
4698,27i9,2005,female,USA,USA,TRUE,TRUE,advanced,7,8,FALSE,NA,TRUE,0.5,33,10,-5,-0.5869152057713568,n,l,145,1,0.125,100,40,-40,-5.369507723654657,English,French,NA,1,4,NA,0,13,NA,1,4,NA,1,4,NA,1,4,NA,1,4,NA
4698,27i9,2005,female,USA,USA,TRUE,TRUE,advanced,7,8,FALSE,NA,TRUE,0.5,33,10,-5,-0.5869152057713568,p,l,145,0,-0.25,100,20,20,2.16686694770185,English,French,NA,1,4,NA,0,13,NA,1,4,NA,1,4,NA,1,4,NA,1,4,NA
4698,27i9,2005,female,USA,USA,TRUE,TRUE,advanced,7,8,FALSE,NA,TRUE,0.5,33,11,0,0,p,m,150,0,0,20,30,30,3.1564128700055254,English,French,NA,1,4,NA,0,13,NA,1,4,NA,1,4,NA,1,4,NA,1,4,NA
4698,27i9,2005,female,USA,USA,TRUE,TRUE,advanced,7,8,FALSE,NA,TRUE,0.5,33,11,0,0,n,m,150,0,-0,40,10,-10,-1.1944280826109728,English,French,NA,1,4,NA,0,13,NA,1,4,NA,1,4,NA,1,4,NA,1,4,NA
4698,27i9,2005,female,USA,USA,TRUE,TRUE,advanced,7,8,FALSE,NA,TRUE,0.5,33,11,0,0,p,m,150,0,0,20,10,10,1.1173128526977774,English,French,NA,1,4,NA,0,13,NA,1,4,NA,1,4,NA,1,4,NA,1,4,NA
4698,27i9,2005,female,USA,USA,TRUE,TRUE,advanced,7,8,FALSE,NA,TRUE,0.5,33,11,0,0,p,m,150,0,0,40,30,30,3.1564128700055254,English,French,NA,1,4,NA,0,13,NA,1,4,NA,1,4,NA,1,4,NA,1,4,NA
4698,27i9,2005,female,USA,USA,TRUE,TRUE,advanced,7,8,FALSE,NA,TRUE,0.5,33,11,0,0,0,m,150,1,NA,100,0,-0,0,English,French,NA,1,4,NA,0,13,NA,1,4,NA,1,4,NA,1,4,NA,1,4,NA
4698,27i9,2005,female,USA,USA,TRUE,TRUE,advanced,7,8,FALSE,NA,TRUE,0.5,33,10,-5,-0.5869152057713568,n,l,145,1,0.125,60,40,-40,-5.369507723654657,English,French,NA,1,4,NA,0,13,NA,1,4,NA,1,4,NA,1,4,NA,1,4,NA
4698,27i9,2005,female,USA,USA,TRUE,TRUE,advanced,7,8,FALSE,NA,TRUE,0.5,33,12,5,0.5676685773402819,p,h,155,1,0.5,120,10,10,1.1173128526977774,English,French,NA,1,4,NA,0,13,NA,1,4,NA,1,4,NA,1,4,NA,1,4,NA
4698,27i9,2005,female,USA,USA,TRUE,TRUE,advanced,7,8,FALSE,NA,TRUE,0.5,33,11,0,0,p,m,150,0,0,80,20,20,2.16686694770185,English,French,NA,1,4,NA,0,13,NA,1,4,NA,1,4,NA,1,4,NA,1,4,NA
4698,27i9,2005,female,USA,USA,TRUE,TRUE,advanced,7,8,FALSE,NA,TRUE,0.5,33,10,-5,-0.5869152057713568,0,l,145,0,NA,40,0,-0,0,English,French,NA,1,4,NA,0,13,NA,1,4,NA,1,4,NA,1,4,NA,1,4,NA
4698,27i9,2005,female,USA,USA,TRUE,TRUE,advanced,7,8,FALSE,NA,TRUE,0.5,33,11,0,0,p,m,150,0,0,60,10,10,1.1173128526977774,English,French,NA,1,4,NA,0,13,NA,1,4,NA,1,4,NA,1,4,NA,1,4,NA
4698,27i9,2005,female,USA,USA,TRUE,TRUE,advanced,7,8,FALSE,NA,TRUE,0.5,33,11,0,0,p,m,150,0,0,140,40,40,4.092443014020803,English,French,NA,1,4,NA,0,13,NA,1,4,NA,1,4,NA,1,4,NA,1,4,NA
4698,27i9,2005,female,USA,USA,TRUE,TRUE,advanced,7,8,FALSE,NA,TRUE,0.5,33,10,-5,-0.5869152057713568,n,l,145,1,0.16666666666666666,140,30,-30,-3.8631371386483475,English,French,NA,1,4,NA,0,13,NA,1,4,NA,1,4,NA,1,4,NA,1,4,NA
4698,27i9,2005,female,USA,USA,TRUE,TRUE,advanced,7,8,FALSE,NA,TRUE,0.5,33,12,5,0.5676685773402819,p,h,155,1,0.125,120,40,40,4.092443014020803,English,French,NA,1,4,NA,0,13,NA,1,4,NA,1,4,NA,1,4,NA,1,4,NA
4698,27i9,2005,female,USA,USA,TRUE,TRUE,advanced,7,8,FALSE,NA,TRUE,0.5,33,11,0,0,n,m,150,0,-0,100,10,-10,-1.1944280826109728,English,French,NA,1,4,NA,0,13,NA,1,4,NA,1,4,NA,1,4,NA,1,4,NA
4698,27i9,2005,female,USA,USA,TRUE,TRUE,advanced,7,8,FALSE,NA,TRUE,0.5,33,11,0,0,n,m,150,0,-0,120,40,-40,-5.369507723654657,English,French,NA,1,4,NA,0,13,NA,1,4,NA,1,4,NA,1,4,NA,1,4,NA
4698,27i9,2005,female,USA,USA,TRUE,TRUE,advanced,7,8,FALSE,NA,TRUE,0.5,33,11,0,0,p,m,150,0,0,80,30,30,3.1564128700055254,English,French,NA,1,4,NA,0,13,NA,1,4,NA,1,4,NA,1,4,NA,1,4,NA
4698,27i9,2005,female,USA,USA,TRUE,TRUE,advanced,7,8,FALSE,NA,TRUE,0.5,33,12,5,0.5676685773402819,p,h,155,1,0.16666666666666666,100,30,30,3.1564128700055254,English,French,NA,1,4,NA,0,13,NA,1,4,NA,1,4,NA,1,4,NA,1,4,NA
4698,27i9,2005,female,USA,USA,TRUE,TRUE,advanced,7,8,FALSE,NA,TRUE,0.5,33,9,-10,-1.1944280826109728,n,l,140,1,0.5,100,20,-20,-2.477410529609116,English,French,NA,1,4,NA,0,13,NA,1,4,NA,1,4,NA,1,4,NA,1,4,NA
4698,27i9,2005,female,USA,USA,TRUE,TRUE,advanced,7,8,FALSE,NA,TRUE,0.5,33,11,0,0,p,m,150,0,0,120,20,20,2.16686694770185,English,French,NA,1,4,NA,0,13,NA,1,4,NA,1,4,NA,1,4,NA,1,4,NA
4698,27i9,2005,female,USA,USA,TRUE,TRUE,advanced,7,8,FALSE,NA,TRUE,0.5,33,11,0,0,n,m,150,0,-0,20,20,-20,-2.477410529609116,English,French,NA,1,4,NA,0,13,NA,1,4,NA,1,4,NA,1,4,NA,1,4,NA
4698,27i9,2005,female,USA,USA,TRUE,TRUE,advanced,7,8,FALSE,NA,TRUE,0.5,33,11,0,0,n,m,150,0,-0,40,40,-40,-5.369507723654657,English,French,NA,1,4,NA,0,13,NA,1,4,NA,1,4,NA,1,4,NA,1,4,NA
4698,27i9,2005,female,USA,USA,TRUE,TRUE,advanced,7,8,FALSE,NA,TRUE,0.5,33,11,0,0,n,m,150,0,-0,40,20,-20,-2.477410529609116,English,French,NA,1,4,NA,0,13,NA,1,4,NA,1,4,NA,1,4,NA,1,4,NA
4698,27i9,2005,female,USA,USA,TRUE,TRUE,advanced,7,8,FALSE,NA,TRUE,0.5,33,11,0,0,n,m,150,0,-0,60,20,-20,-2.477410529609116,English,French,NA,1,4,NA,0,13,NA,1,4,NA,1,4,NA,1,4,NA,1,4,NA
4698,27i9,2005,female,USA,USA,TRUE,TRUE,advanced,7,8,FALSE,NA,TRUE,0.5,33,11,0,0,n,m,150,0,-0,20,10,-10,-1.1944280826109728,English,French,NA,1,4,NA,0,13,NA,1,4,NA,1,4,NA,1,4,NA,1,4,NA
4698,27i9,2005,female,USA,USA,TRUE,TRUE,advanced,7,8,FALSE,NA,TRUE,0.5,33,11,0,0,n,m,150,0,-0,120,20,-20,-2.477410529609116,English,French,NA,1,4,NA,0,13,NA,1,4,NA,1,4,NA,1,4,NA,1,4,NA
4698,27i9,2005,female,USA,USA,TRUE,TRUE,advanced,7,8,FALSE,NA,TRUE,0.5,33,11,0,0,n,m,150,0,-0,80,10,-10,-1.1944280826109728,English,French,NA,1,4,NA,0,13,NA,1,4,NA,1,4,NA,1,4,NA,1,4,NA
4698,27i9,2005,female,USA,USA,TRUE,TRUE,advanced,7,8,FALSE,NA,TRUE,0.5,33,11,0,0,n,m,150,0,-0,140,20,-20,-2.477410529609116,English,French,NA,1,4,NA,0,13,NA,1,4,NA,1,4,NA,1,4,NA,1,4,NA
4698,27i9,2005,female,USA,USA,TRUE,TRUE,advanced,7,8,FALSE,NA,TRUE,0.5,33,11,0,0,p,m,150,0,0,20,10,10,1.1173128526977774,English,French,NA,1,4,NA,0,13,NA,1,4,NA,1,4,NA,1,4,NA,1,4,NA
4698,27i9,2005,female,USA,USA,TRUE,TRUE,advanced,7,8,FALSE,NA,TRUE,0.5,33,10,-5,-0.5869152057713568,n,l,145,1,0.25,80,20,-20,-2.477410529609116,English,French,NA,1,4,NA,0,13,NA,1,4,NA,1,4,NA,1,4,NA,1,4,NA
4698,27i9,2005,female,USA,USA,TRUE,TRUE,advanced,7,8,FALSE,NA,TRUE,0.5,33,11,0,0,p,m,150,0,0,20,20,20,2.16686694770185,English,French,NA,1,4,NA,0,13,NA,1,4,NA,1,4,NA,1,4,NA,1,4,NA
4698,27i9,2005,female,USA,USA,TRUE,TRUE,advanced,7,8,FALSE,NA,TRUE,0.5,33,11,0,0,p,m,150,0,0,80,40,40,4.092443014020803,English,French,NA,1,4,NA,0,13,NA,1,4,NA,1,4,NA,1,4,NA,1,4,NA
4698,27i9,2005,female,USA,USA,TRUE,TRUE,advanced,7,8,FALSE,NA,TRUE,0.5,33,11,0,0,n,m,150,0,-0,60,40,-40,-5.369507723654657,English,French,NA,1,4,NA,0,13,NA,1,4,NA,1,4,NA,1,4,NA,1,4,NA
4698,27i9,2005,female,USA,USA,TRUE,TRUE,advanced,7,8,FALSE,NA,TRUE,0.5,33,11,0,0,p,m,150,0,0,120,10,10,1.1173128526977774,English,French,NA,1,4,NA,0,13,NA,1,4,NA,1,4,NA,1,4,NA,1,4,NA
4698,27i9,2005,female,USA,USA,TRUE,TRUE,advanced,7,8,FALSE,NA,TRUE,0.5,33,11,0,0,0,m,150,1,NA,60,0,-0,0,English,French,NA,1,4,NA,0,13,NA,1,4,NA,1,4,NA,1,4,NA,1,4,NA
4698,27i9,2005,female,USA,USA,TRUE,TRUE,advanced,7,8,FALSE,NA,TRUE,0.5,33,12,5,0.5676685773402819,p,h,155,1,0.125,120,40,40,4.092443014020803,English,French,NA,1,4,NA,0,13,NA,1,4,NA,1,4,NA,1,4,NA,1,4,NA
4698,27i9,2005,female,USA,USA,TRUE,TRUE,advanced,7,8,FALSE,NA,TRUE,0.5,33,11,0,0,n,m,150,0,-0,40,10,-10,-1.1944280826109728,English,French,NA,1,4,NA,0,13,NA,1,4,NA,1,4,NA,1,4,NA,1,4,NA
4698,27i9,2005,female,USA,USA,TRUE,TRUE,advanced,7,8,FALSE,NA,TRUE,0.5,33,12,5,0.5676685773402819,p,h,155,1,0.125,140,40,40,4.092443014020803,English,French,NA,1,4,NA,0,13,NA,1,4,NA,1,4,NA,1,4,NA,1,4,NA
4698,27i9,2005,female,USA,USA,TRUE,TRUE,advanced,7,8,FALSE,NA,TRUE,0.5,33,12,5,0.5676685773402819,n,h,155,0,-0.5,140,10,-10,-1.1944280826109728,English,French,NA,1,4,NA,0,13,NA,1,4,NA,1,4,NA,1,4,NA,1,4,NA
4698,27i9,2005,female,USA,USA,TRUE,TRUE,advanced,7,8,FALSE,NA,TRUE,0.5,33,11,0,0,n,m,150,0,-0,60,30,-30,-3.8631371386483475,English,French,NA,1,4,NA,0,13,NA,1,4,NA,1,4,NA,1,4,NA,1,4,NA
4698,27i9,2005,female,USA,USA,TRUE,TRUE,advanced,7,8,FALSE,NA,TRUE,0.5,33,12,5,0.5676685773402819,p,h,155,1,0.16666666666666666,140,30,30,3.1564128700055254,English,French,NA,1,4,NA,0,13,NA,1,4,NA,1,4,NA,1,4,NA,1,4,NA
4698,27i9,2005,female,USA,USA,TRUE,TRUE,advanced,7,8,FALSE,NA,TRUE,0.5,33,11,0,0,p,m,150,0,0,60,30,30,3.1564128700055254,English,French,NA,1,4,NA,0,13,NA,1,4,NA,1,4,NA,1,4,NA,1,4,NA
4698,27i9,2005,female,USA,USA,TRUE,TRUE,advanced,7,8,FALSE,NA,TRUE,0.5,33,10,-5,-0.5869152057713568,n,l,145,1,0.25,20,20,-20,-2.477410529609116,English,French,NA,1,4,NA,0,13,NA,1,4,NA,1,4,NA,1,4,NA,1,4,NA
4698,27i9,2005,female,USA,USA,TRUE,TRUE,advanced,7,8,FALSE,NA,TRUE,0.5,33,12,5,0.5676685773402819,p,h,155,1,0.125,100,40,40,4.092443014020803,English,French,NA,1,4,NA,0,13,NA,1,4,NA,1,4,NA,1,4,NA,1,4,NA
4698,27i9,2005,female,USA,USA,TRUE,TRUE,advanced,7,8,FALSE,NA,TRUE,0.5,33,11,0,0,n,m,150,0,-0,100,10,-10,-1.1944280826109728,English,French,NA,1,4,NA,0,13,NA,1,4,NA,1,4,NA,1,4,NA,1,4,NA
4698,27i9,2005,female,USA,USA,TRUE,TRUE,advanced,7,8,FALSE,NA,TRUE,0.5,33,11,0,0,n,m,150,0,-0,100,40,-40,-5.369507723654657,English,French,NA,1,4,NA,0,13,NA,1,4,NA,1,4,NA,1,4,NA,1,4,NA
4698,27i9,2005,female,USA,USA,TRUE,TRUE,advanced,7,8,FALSE,NA,TRUE,0.5,33,11,0,0,p,m,150,0,0,140,10,10,1.1173128526977774,English,French,NA,1,4,NA,0,13,NA,1,4,NA,1,4,NA,1,4,NA,1,4,NA
4698,27i9,2005,female,USA,USA,TRUE,TRUE,advanced,7,8,FALSE,NA,TRUE,0.5,33,11,0,0,p,m,150,0,0,80,10,10,1.1173128526977774,English,French,NA,1,4,NA,0,13,NA,1,4,NA,1,4,NA,1,4,NA,1,4,NA
4698,27i9,2005,female,USA,USA,TRUE,TRUE,advanced,7,8,FALSE,NA,TRUE,0.5,33,11,0,0,n,m,150,0,-0,100,30,-30,-3.8631371386483475,English,French,NA,1,4,NA,0,13,NA,1,4,NA,1,4,NA,1,4,NA,1,4,NA
4698,27i9,2005,female,USA,USA,TRUE,TRUE,advanced,7,8,FALSE,NA,TRUE,0.5,33,11,0,0,n,m,150,0,-0,20,30,-30,-3.8631371386483475,English,French,NA,1,4,NA,0,13,NA,1,4,NA,1,4,NA,1,4,NA,1,4,NA
4698,27i9,2005,female,USA,USA,TRUE,TRUE,advanced,7,8,FALSE,NA,TRUE,0.5,33,12,5,0.5676685773402819,n,h,155,0,-0.125,140,40,-40,-5.369507723654657,English,French,NA,1,4,NA,0,13,NA,1,4,NA,1,4,NA,1,4,NA,1,4,NA
4698,27i9,2005,female,USA,USA,TRUE,TRUE,advanced,7,8,FALSE,NA,TRUE,0.5,33,11,0,0,p,m,150,0,0,40,30,30,3.1564128700055254,English,French,NA,1,4,NA,0,13,NA,1,4,NA,1,4,NA,1,4,NA,1,4,NA
4698,27i9,2005,female,USA,USA,TRUE,TRUE,advanced,7,8,FALSE,NA,TRUE,0.5,33,11,0,0,p,m,150,0,0,120,30,30,3.1564128700055254,English,French,NA,1,4,NA,0,13,NA,1,4,NA,1,4,NA,1,4,NA,1,4,NA
4698,27i9,2005,female,USA,USA,TRUE,TRUE,advanced,7,8,FALSE,NA,TRUE,0.5,33,10,-5,-0.5869152057713568,p,l,145,0,-0.25,120,20,20,2.16686694770185,English,French,NA,1,4,NA,0,13,NA,1,4,NA,1,4,NA,1,4,NA,1,4,NA
4698,27i9,2005,female,USA,USA,TRUE,TRUE,advanced,7,8,FALSE,NA,TRUE,0.5,33,11,0,0,0,m,150,1,NA,60,0,-0,0,English,French,NA,1,4,NA,0,13,NA,1,4,NA,1,4,NA,1,4,NA,1,4,NA
4698,27i9,2005,female,USA,USA,TRUE,TRUE,advanced,7,8,FALSE,NA,TRUE,0.5,33,11,0,0,n,m,150,0,-0,80,40,-40,-5.369507723654657,English,French,NA,1,4,NA,0,13,NA,1,4,NA,1,4,NA,1,4,NA,1,4,NA
4698,27i9,2005,female,USA,USA,TRUE,TRUE,advanced,7,8,FALSE,NA,TRUE,0.5,33,10,-5,-0.5869152057713568,n,l,145,1,0.125,120,40,-40,-5.369507723654657,English,French,NA,1,4,NA,0,13,NA,1,4,NA,1,4,NA,1,4,NA,1,4,NA
4698,27i9,2005,female,USA,USA,TRUE,TRUE,advanced,7,8,FALSE,NA,TRUE,0.5,33,11,0,0,p,m,150,0,0,80,20,20,2.16686694770185,English,French,NA,1,4,NA,0,13,NA,1,4,NA,1,4,NA,1,4,NA,1,4,NA
4698,27i9,2005,female,USA,USA,TRUE,TRUE,advanced,7,8,FALSE,NA,TRUE,0.5,33,11,0,0,n,m,150,0,-0,40,40,-40,-5.369507723654657,English,French,NA,1,4,NA,0,13,NA,1,4,NA,1,4,NA,1,4,NA,1,4,NA
4698,27i9,2005,female,USA,USA,TRUE,TRUE,advanced,7,8,FALSE,NA,TRUE,0.5,33,11,0,0,n,m,150,0,-0,120,30,-30,-3.8631371386483475,English,French,NA,1,4,NA,0,13,NA,1,4,NA,1,4,NA,1,4,NA,1,4,NA
4698,27i9,2005,female,USA,USA,TRUE,TRUE,advanced,7,8,FALSE,NA,TRUE,0.5,33,11,0,0,n,m,150,0,-0,60,10,-10,-1.1944280826109728,English,French,NA,1,4,NA,0,13,NA,1,4,NA,1,4,NA,1,4,NA,1,4,NA
4698,27i9,2005,female,USA,USA,TRUE,TRUE,advanced,7,8,FALSE,NA,TRUE,0.5,33,11,0,0,n,m,150,0,-0,40,20,-20,-2.477410529609116,English,French,NA,1,4,NA,0,13,NA,1,4,NA,1,4,NA,1,4,NA,1,4,NA
4698,27i9,2005,female,USA,USA,TRUE,TRUE,advanced,7,8,FALSE,NA,TRUE,0.5,33,11,0,0,p,m,150,0,0,40,40,40,4.092443014020803,English,French,NA,1,4,NA,0,13,NA,1,4,NA,1,4,NA,1,4,NA,1,4,NA
4698,27i9,2005,female,USA,USA,TRUE,TRUE,advanced,7,8,FALSE,NA,TRUE,0.5,33,11,0,0,p,m,150,0,0,20,30,30,3.1564128700055254,English,French,NA,1,4,NA,0,13,NA,1,4,NA,1,4,NA,1,4,NA,1,4,NA
4698,27i9,2005,female,USA,USA,TRUE,TRUE,advanced,7,8,FALSE,NA,TRUE,0.5,33,11,0,0,n,m,150,0,-0,80,10,-10,-1.1944280826109728,English,French,NA,1,4,NA,0,13,NA,1,4,NA,1,4,NA,1,4,NA,1,4,NA
4698,27i9,2005,female,USA,USA,TRUE,TRUE,advanced,7,8,FALSE,NA,TRUE,0.5,33,10,-5,-0.5869152057713568,p,l,145,0,-0.5,40,10,10,1.1173128526977774,English,French,NA,1,4,NA,0,13,NA,1,4,NA,1,4,NA,1,4,NA,1,4,NA
4698,27i9,2005,female,USA,USA,TRUE,TRUE,advanced,7,8,FALSE,NA,TRUE,0.5,33,12,5,0.5676685773402819,p,h,155,1,0.16666666666666666,80,30,30,3.1564128700055254,English,French,NA,1,4,NA,0,13,NA,1,4,NA,1,4,NA,1,4,NA,1,4,NA
4698,27i9,2005,female,USA,USA,TRUE,TRUE,advanced,7,8,FALSE,NA,TRUE,0.5,33,11,0,0,n,m,150,0,-0,120,20,-20,-2.477410529609116,English,French,NA,1,4,NA,0,13,NA,1,4,NA,1,4,NA,1,4,NA,1,4,NA
4698,27i9,2005,female,USA,USA,TRUE,TRUE,advanced,7,8,FALSE,NA,TRUE,0.5,33,11,0,0,n,m,150,0,-0,60,20,-20,-2.477410529609116,English,French,NA,1,4,NA,0,13,NA,1,4,NA,1,4,NA,1,4,NA,1,4,NA
4698,27i9,2005,female,USA,USA,TRUE,TRUE,advanced,7,8,FALSE,NA,TRUE,0.5,33,11,0,0,n,m,150,0,-0,20,10,-10,-1.1944280826109728,English,French,NA,1,4,NA,0,13,NA,1,4,NA,1,4,NA,1,4,NA,1,4,NA
4698,27i9,2005,female,USA,USA,TRUE,TRUE,advanced,7,8,FALSE,NA,TRUE,0.5,33,11,0,0,n,m,150,0,-0,140,30,-30,-3.8631371386483475,English,French,NA,1,4,NA,0,13,NA,1,4,NA,1,4,NA,1,4,NA,1,4,NA
4698,27i9,2005,female,USA,USA,TRUE,TRUE,advanced,7,8,FALSE,NA,TRUE,0.5,33,11,0,0,0,m,150,1,NA,20,0,-0,0,English,French,NA,1,4,NA,0,13,NA,1,4,NA,1,4,NA,1,4,NA,1,4,NA
4698,27i9,2005,female,USA,USA,TRUE,TRUE,advanced,7,8,FALSE,NA,TRUE,0.5,33,11,0,0,n,m,150,0,-0,40,30,-30,-3.8631371386483475,English,French,NA,1,4,NA,0,13,NA,1,4,NA,1,4,NA,1,4,NA,1,4,NA
4698,27i9,2005,female,USA,USA,TRUE,TRUE,advanced,7,8,FALSE,NA,TRUE,0.5,33,11,0,0,n,m,150,0,-0,80,30,-30,-3.8631371386483475,English,French,NA,1,4,NA,0,13,NA,1,4,NA,1,4,NA,1,4,NA,1,4,NA
4698,27i9,2005,female,USA,USA,TRUE,TRUE,advanced,7,8,FALSE,NA,TRUE,0.5,33,11,0,0,0,m,150,1,NA,80,0,-0,0,English,French,NA,1,4,NA,0,13,NA,1,4,NA,1,4,NA,1,4,NA,1,4,NA
4698,27i9,2005,female,USA,USA,TRUE,TRUE,advanced,7,8,FALSE,NA,TRUE,0.5,33,12,5,0.5676685773402819,p,h,155,1,0.25,40,20,20,2.16686694770185,English,French,NA,1,4,NA,0,13,NA,1,4,NA,1,4,NA,1,4,NA,1,4,NA
4698,27i9,2005,female,USA,USA,TRUE,TRUE,advanced,7,8,FALSE,NA,TRUE,0.5,33,12,5,0.5676685773402819,0,h,155,0,NA,40,0,-0,0,English,French,NA,1,4,NA,0,13,NA,1,4,NA,1,4,NA,1,4,NA,1,4,NA
4698,27i9,2005,female,USA,USA,TRUE,TRUE,advanced,7,8,FALSE,NA,TRUE,0.5,33,11,0,0,p,m,150,0,0,140,20,20,2.16686694770185,English,French,NA,1,4,NA,0,13,NA,1,4,NA,1,4,NA,1,4,NA,1,4,NA
4698,27i9,2005,female,USA,USA,TRUE,TRUE,advanced,7,8,FALSE,NA,TRUE,0.5,33,12,5,0.5676685773402819,n,h,155,0,-0.25,100,20,-20,-2.477410529609116,English,French,NA,1,4,NA,0,13,NA,1,4,NA,1,4,NA,1,4,NA,1,4,NA
4698,27i9,2005,female,USA,USA,TRUE,TRUE,advanced,7,8,FALSE,NA,TRUE,0.5,33,11,0,0,p,m,150,0,0,20,40,40,4.092443014020803,English,French,NA,1,4,NA,0,13,NA,1,4,NA,1,4,NA,1,4,NA,1,4,NA
4698,27i9,2005,female,USA,USA,TRUE,TRUE,advanced,7,8,FALSE,NA,TRUE,0.5,33,11,0,0,0,m,150,1,NA,80,0,-0,0,English,French,NA,1,4,NA,0,13,NA,1,4,NA,1,4,NA,1,4,NA,1,4,NA
4698,27i9,2005,female,USA,USA,TRUE,TRUE,advanced,7,8,FALSE,NA,TRUE,0.5,33,12,5,0.5676685773402819,p,h,155,1,0.25,60,20,20,2.16686694770185,English,French,NA,1,4,NA,0,13,NA,1,4,NA,1,4,NA,1,4,NA,1,4,NA
4698,27i9,2005,female,USA,USA,TRUE,TRUE,advanced,7,8,FALSE,NA,TRUE,0.5,33,12,5,0.5676685773402819,p,h,155,1,0.5,60,10,10,1.1173128526977774,English,French,NA,1,4,NA,0,13,NA,1,4,NA,1,4,NA,1,4,NA,1,4,NA
4698,27i9,2005,female,USA,USA,TRUE,TRUE,advanced,7,8,FALSE,NA,TRUE,0.5,33,10,-5,-0.5869152057713568,p,l,145,0,-0.16666666666666666,100,30,30,3.1564128700055254,English,French,NA,1,4,NA,0,13,NA,1,4,NA,1,4,NA,1,4,NA,1,4,NA
4698,27i9,2005,female,USA,USA,TRUE,TRUE,advanced,7,8,FALSE,NA,TRUE,0.5,33,11,0,0,n,m,150,0,-0,20,40,-40,-5.369507723654657,English,French,NA,1,4,NA,0,13,NA,1,4,NA,1,4,NA,1,4,NA,1,4,NA
4698,27i9,2005,female,USA,USA,TRUE,TRUE,advanced,7,8,FALSE,NA,TRUE,0.5,33,13,10,1.1173128526977774,n,h,160,0,-1,120,10,-10,-1.1944280826109728,English,French,NA,1,4,NA,0,13,NA,1,4,NA,1,4,NA,1,4,NA,1,4,NA
4698,ebyv,1992,female,U.S,U.S,TRUE,TRUE,advanced,5,30,FALSE,NA,FALSE,NA,33,10,-5,-0.5869152057713568,n,l,145,1,0.25,140,20,-20,-2.477410529609116,English ,NA,NA,1,NA,NA,NA,NA,NA,1,NA,NA,1,NA,NA,1,NA,NA,1,NA,NA
4698,ebyv,1992,female,U.S,U.S,TRUE,TRUE,advanced,5,30,FALSE,NA,FALSE,NA,33,11,0,0,n,m,150,0,-0,40,40,-40,-5.369507723654657,English ,NA,NA,1,NA,NA,NA,NA,NA,1,NA,NA,1,NA,NA,1,NA,NA,1,NA,NA
4698,ebyv,1992,female,U.S,U.S,TRUE,TRUE,advanced,5,30,FALSE,NA,FALSE,NA,33,11,0,0,p,m,150,0,0,100,20,20,2.16686694770185,English ,NA,NA,1,NA,NA,NA,NA,NA,1,NA,NA,1,NA,NA,1,NA,NA,1,NA,NA
4698,ebyv,1992,female,U.S,U.S,TRUE,TRUE,advanced,5,30,FALSE,NA,FALSE,NA,33,11,0,0,n,m,150,0,-0,40,20,-20,-2.477410529609116,English ,NA,NA,1,NA,NA,NA,NA,NA,1,NA,NA,1,NA,NA,1,NA,NA,1,NA,NA
4698,ebyv,1992,female,U.S,U.S,TRUE,TRUE,advanced,5,30,FALSE,NA,FALSE,NA,33,12,5,0.5676685773402819,n,h,155,0,-0.5,140,10,-10,-1.1944280826109728,English ,NA,NA,1,NA,NA,NA,NA,NA,1,NA,NA,1,NA,NA,1,NA,NA,1,NA,NA
4698,ebyv,1992,female,U.S,U.S,TRUE,TRUE,advanced,5,30,FALSE,NA,FALSE,NA,33,12,5,0.5676685773402819,p,h,155,1,0.5,100,10,10,1.1173128526977774,English ,NA,NA,1,NA,NA,NA,NA,NA,1,NA,NA,1,NA,NA,1,NA,NA,1,NA,NA
4698,ebyv,1992,female,U.S,U.S,TRUE,TRUE,advanced,5,30,FALSE,NA,FALSE,NA,33,10,-5,-0.5869152057713568,n,l,145,1,0.16666666666666666,120,30,-30,-3.8631371386483475,English ,NA,NA,1,NA,NA,NA,NA,NA,1,NA,NA,1,NA,NA,1,NA,NA,1,NA,NA
4698,ebyv,1992,female,U.S,U.S,TRUE,TRUE,advanced,5,30,FALSE,NA,FALSE,NA,33,11,0,0,p,m,150,0,0,20,30,30,3.1564128700055254,English ,NA,NA,1,NA,NA,NA,NA,NA,1,NA,NA,1,NA,NA,1,NA,NA,1,NA,NA
4698,ebyv,1992,female,U.S,U.S,TRUE,TRUE,advanced,5,30,FALSE,NA,FALSE,NA,33,12,5,0.5676685773402819,0,h,155,0,NA,80,0,-0,0,English ,NA,NA,1,NA,NA,NA,NA,NA,1,NA,NA,1,NA,NA,1,NA,NA,1,NA,NA
4698,ebyv,1992,female,U.S,U.S,TRUE,TRUE,advanced,5,30,FALSE,NA,FALSE,NA,33,10,-5,-0.5869152057713568,n,l,145,1,0.16666666666666666,80,30,-30,-3.8631371386483475,English ,NA,NA,1,NA,NA,NA,NA,NA,1,NA,NA,1,NA,NA,1,NA,NA,1,NA,NA
4698,ebyv,1992,female,U.S,U.S,TRUE,TRUE,advanced,5,30,FALSE,NA,FALSE,NA,33,11,0,0,n,m,150,0,-0,20,20,-20,-2.477410529609116,English ,NA,NA,1,NA,NA,NA,NA,NA,1,NA,NA,1,NA,NA,1,NA,NA,1,NA,NA
4698,ebyv,1992,female,U.S,U.S,TRUE,TRUE,advanced,5,30,FALSE,NA,FALSE,NA,33,9,-10,-1.1944280826109728,p,l,140,0,-0.5,120,20,20,2.16686694770185,English ,NA,NA,1,NA,NA,NA,NA,NA,1,NA,NA,1,NA,NA,1,NA,NA,1,NA,NA
4698,ebyv,1992,female,U.S,U.S,TRUE,TRUE,advanced,5,30,FALSE,NA,FALSE,NA,33,11,0,0,p,m,150,0,0,40,40,40,4.092443014020803,English ,NA,NA,1,NA,NA,NA,NA,NA,1,NA,NA,1,NA,NA,1,NA,NA,1,NA,NA
4698,ebyv,1992,female,U.S,U.S,TRUE,TRUE,advanced,5,30,FALSE,NA,FALSE,NA,33,11,0,0,n,m,150,0,-0,60,10,-10,-1.1944280826109728,English ,NA,NA,1,NA,NA,NA,NA,NA,1,NA,NA,1,NA,NA,1,NA,NA,1,NA,NA
4698,ebyv,1992,female,U.S,U.S,TRUE,TRUE,advanced,5,30,FALSE,NA,FALSE,NA,33,11,0,0,n,m,150,0,-0,20,30,-30,-3.8631371386483475,English ,NA,NA,1,NA,NA,NA,NA,NA,1,NA,NA,1,NA,NA,1,NA,NA,1,NA,NA
4698,ebyv,1992,female,U.S,U.S,TRUE,TRUE,advanced,5,30,FALSE,NA,FALSE,NA,33,11,0,0,0,m,150,1,NA,40,0,-0,0,English ,NA,NA,1,NA,NA,NA,NA,NA,1,NA,NA,1,NA,NA,1,NA,NA,1,NA,NA
4698,ebyv,1992,female,U.S,U.S,TRUE,TRUE,advanced,5,30,FALSE,NA,FALSE,NA,33,11,0,0,n,m,150,0,-0,20,10,-10,-1.1944280826109728,English ,NA,NA,1,NA,NA,NA,NA,NA,1,NA,NA,1,NA,NA,1,NA,NA,1,NA,NA
4698,ebyv,1992,female,U.S,U.S,TRUE,TRUE,advanced,5,30,FALSE,NA,FALSE,NA,33,11,0,0,p,m,150,0,0,60,10,10,1.1173128526977774,English ,NA,NA,1,NA,NA,NA,NA,NA,1,NA,NA,1,NA,NA,1,NA,NA,1,NA,NA
4698,ebyv,1992,female,U.S,U.S,TRUE,TRUE,advanced,5,30,FALSE,NA,FALSE,NA,33,11,0,0,p,m,150,0,0,120,30,30,3.1564128700055254,English ,NA,NA,1,NA,NA,NA,NA,NA,1,NA,NA,1,NA,NA,1,NA,NA,1,NA,NA
4698,ebyv,1992,female,U.S,U.S,TRUE,TRUE,advanced,5,30,FALSE,NA,FALSE,NA,33,12,5,0.5676685773402819,0,h,155,0,NA,100,0,-0,0,English ,NA,NA,1,NA,NA,NA,NA,NA,1,NA,NA,1,NA,NA,1,NA,NA,1,NA,NA
4698,ebyv,1992,female,U.S,U.S,TRUE,TRUE,advanced,5,30,FALSE,NA,FALSE,NA,33,11,0,0,n,m,150,0,-0,20,40,-40,-5.369507723654657,English ,NA,NA,1,NA,NA,NA,NA,NA,1,NA,NA,1,NA,NA,1,NA,NA,1,NA,NA
4698,ebyv,1992,female,U.S,U.S,TRUE,TRUE,advanced,5,30,FALSE,NA,FALSE,NA,33,12,5,0.5676685773402819,p,h,155,1,0.5,80,10,10,1.1173128526977774,English ,NA,NA,1,NA,NA,NA,NA,NA,1,NA,NA,1,NA,NA,1,NA,NA,1,NA,NA
4698,ebyv,1992,female,U.S,U.S,TRUE,TRUE,advanced,5,30,FALSE,NA,FALSE,NA,33,11,0,0,n,m,150,0,-0,80,20,-20,-2.477410529609116,English ,NA,NA,1,NA,NA,NA,NA,NA,1,NA,NA,1,NA,NA,1,NA,NA,1,NA,NA
4698,ebyv,1992,female,U.S,U.S,TRUE,TRUE,advanced,5,30,FALSE,NA,FALSE,NA,33,11,0,0,p,m,150,0,0,20,20,20,2.16686694770185,English ,NA,NA,1,NA,NA,NA,NA,NA,1,NA,NA,1,NA,NA,1,NA,NA,1,NA,NA
4698,ebyv,1992,female,U.S,U.S,TRUE,TRUE,advanced,5,30,FALSE,NA,FALSE,NA,33,11,0,0,p,m,150,0,0,80,30,30,3.1564128700055254,English ,NA,NA,1,NA,NA,NA,NA,NA,1,NA,NA,1,NA,NA,1,NA,NA,1,NA,NA
4698,ebyv,1992,female,U.S,U.S,TRUE,TRUE,advanced,5,30,FALSE,NA,FALSE,NA,33,11,0,0,p,m,150,0,0,80,40,40,4.092443014020803,English ,NA,NA,1,NA,NA,NA,NA,NA,1,NA,NA,1,NA,NA,1,NA,NA,1,NA,NA
4698,ebyv,1992,female,U.S,U.S,TRUE,TRUE,advanced,5,30,FALSE,NA,FALSE,NA,33,13,10,1.1173128526977774,p,h,160,1,0.25,140,40,40,4.092443014020803,English ,NA,NA,1,NA,NA,NA,NA,NA,1,NA,NA,1,NA,NA,1,NA,NA,1,NA,NA
4698,ebyv,1992,female,U.S,U.S,TRUE,TRUE,advanced,5,30,FALSE,NA,FALSE,NA,33,12,5,0.5676685773402819,0,h,155,0,NA,120,0,-0,0,English ,NA,NA,1,NA,NA,NA,NA,NA,1,NA,NA,1,NA,NA,1,NA,NA,1,NA,NA
4698,ebyv,1992,female,U.S,U.S,TRUE,TRUE,advanced,5,30,FALSE,NA,FALSE,NA,33,12,5,0.5676685773402819,p,h,155,1,0.125,20,40,40,4.092443014020803,English ,NA,NA,1,NA,NA,NA,NA,NA,1,NA,NA,1,NA,NA,1,NA,NA,1,NA,NA
4698,ebyv,1992,female,U.S,U.S,TRUE,TRUE,advanced,5,30,FALSE,NA,FALSE,NA,33,11,0,0,p,m,150,0,0,120,10,10,1.1173128526977774,English ,NA,NA,1,NA,NA,NA,NA,NA,1,NA,NA,1,NA,NA,1,NA,NA,1,NA,NA
4698,ebyv,1992,female,U.S,U.S,TRUE,TRUE,advanced,5,30,FALSE,NA,FALSE,NA,33,12,5,0.5676685773402819,n,h,155,0,-0.25,120,20,-20,-2.477410529609116,English ,NA,NA,1,NA,NA,NA,NA,NA,1,NA,NA,1,NA,NA,1,NA,NA,1,NA,NA
4698,ebyv,1992,female,U.S,U.S,TRUE,TRUE,advanced,5,30,FALSE,NA,FALSE,NA,33,11,0,0,n,m,150,0,-0,100,30,-30,-3.8631371386483475,English ,NA,NA,1,NA,NA,NA,NA,NA,1,NA,NA,1,NA,NA,1,NA,NA,1,NA,NA
4698,ebyv,1992,female,U.S,U.S,TRUE,TRUE,advanced,5,30,FALSE,NA,FALSE,NA,33,10,-5,-0.5869152057713568,n,l,145,1,0.125,120,40,-40,-5.369507723654657,English ,NA,NA,1,NA,NA,NA,NA,NA,1,NA,NA,1,NA,NA,1,NA,NA,1,NA,NA
4698,ebyv,1992,female,U.S,U.S,TRUE,TRUE,advanced,5,30,FALSE,NA,FALSE,NA,33,12,5,0.5676685773402819,0,h,155,0,NA,140,0,-0,0,English ,NA,NA,1,NA,NA,NA,NA,NA,1,NA,NA,1,NA,NA,1,NA,NA,1,NA,NA
4698,ebyv,1992,female,U.S,U.S,TRUE,TRUE,advanced,5,30,FALSE,NA,FALSE,NA,33,11,0,0,n,m,150,0,-0,140,30,-30,-3.8631371386483475,English ,NA,NA,1,NA,NA,NA,NA,NA,1,NA,NA,1,NA,NA,1,NA,NA,1,NA,NA
4698,ebyv,1992,female,U.S,U.S,TRUE,TRUE,advanced,5,30,FALSE,NA,FALSE,NA,33,11,0,0,n,m,150,0,-0,140,40,-40,-5.369507723654657,English ,NA,NA,1,NA,NA,NA,NA,NA,1,NA,NA,1,NA,NA,1,NA,NA,1,NA,NA
4698,ebyv,1992,female,U.S,U.S,TRUE,TRUE,advanced,5,30,FALSE,NA,FALSE,NA,33,10,-5,-0.5869152057713568,n,l,145,1,0.125,80,40,-40,-5.369507723654657,English ,NA,NA,1,NA,NA,NA,NA,NA,1,NA,NA,1,NA,NA,1,NA,NA,1,NA,NA
4698,ebyv,1992,female,U.S,U.S,TRUE,TRUE,advanced,5,30,FALSE,NA,FALSE,NA,33,10,-5,-0.5869152057713568,p,l,145,0,-0.125,60,40,40,4.092443014020803,English ,NA,NA,1,NA,NA,NA,NA,NA,1,NA,NA,1,NA,NA,1,NA,NA,1,NA,NA
4698,ebyv,1992,female,U.S,U.S,TRUE,TRUE,advanced,5,30,FALSE,NA,FALSE,NA,33,10,-5,-0.5869152057713568,p,l,145,0,-0.16666666666666666,140,30,30,3.1564128700055254,English ,NA,NA,1,NA,NA,NA,NA,NA,1,NA,NA,1,NA,NA,1,NA,NA,1,NA,NA
4698,ebyv,1992,female,U.S,U.S,TRUE,TRUE,advanced,5,30,FALSE,NA,FALSE,NA,33,10,-5,-0.5869152057713568,n,l,145,1,0.125,100,40,-40,-5.369507723654657,English ,NA,NA,1,NA,NA,NA,NA,NA,1,NA,NA,1,NA,NA,1,NA,NA,1,NA,NA
4698,ebyv,1992,female,U.S,U.S,TRUE,TRUE,advanced,5,30,FALSE,NA,FALSE,NA,33,10,-5,-0.5869152057713568,n,l,145,1,0.25,100,20,-20,-2.477410529609116,English ,NA,NA,1,NA,NA,NA,NA,NA,1,NA,NA,1,NA,NA,1,NA,NA,1,NA,NA
4698,ebyv,1992,female,U.S,U.S,TRUE,TRUE,advanced,5,30,FALSE,NA,FALSE,NA,33,11,0,0,p,m,150,0,0,40,10,10,1.1173128526977774,English ,NA,NA,1,NA,NA,NA,NA,NA,1,NA,NA,1,NA,NA,1,NA,NA,1,NA,NA
4698,ebyv,1992,female,U.S,U.S,TRUE,TRUE,advanced,5,30,FALSE,NA,FALSE,NA,33,11,0,0,p,m,150,0,0,60,30,30,3.1564128700055254,English ,NA,NA,1,NA,NA,NA,NA,NA,1,NA,NA,1,NA,NA,1,NA,NA,1,NA,NA
4698,ebyv,1992,female,U.S,U.S,TRUE,TRUE,advanced,5,30,FALSE,NA,FALSE,NA,33,11,0,0,n,m,150,0,-0,100,10,-10,-1.1944280826109728,English ,NA,NA,1,NA,NA,NA,NA,NA,1,NA,NA,1,NA,NA,1,NA,NA,1,NA,NA
4698,ebyv,1992,female,U.S,U.S,TRUE,TRUE,advanced,5,30,FALSE,NA,FALSE,NA,33,11,0,0,p,m,150,0,0,40,30,30,3.1564128700055254,English ,NA,NA,1,NA,NA,NA,NA,NA,1,NA,NA,1,NA,NA,1,NA,NA,1,NA,NA
4698,ebyv,1992,female,U.S,U.S,TRUE,TRUE,advanced,5,30,FALSE,NA,FALSE,NA,33,12,5,0.5676685773402819,n,h,155,0,-0.5,120,10,-10,-1.1944280826109728,English ,NA,NA,1,NA,NA,NA,NA,NA,1,NA,NA,1,NA,NA,1,NA,NA,1,NA,NA
4698,ebyv,1992,female,U.S,U.S,TRUE,TRUE,advanced,5,30,FALSE,NA,FALSE,NA,33,11,0,0,n,m,150,0,-0,60,30,-30,-3.8631371386483475,English ,NA,NA,1,NA,NA,NA,NA,NA,1,NA,NA,1,NA,NA,1,NA,NA,1,NA,NA
4698,ebyv,1992,female,U.S,U.S,TRUE,TRUE,advanced,5,30,FALSE,NA,FALSE,NA,33,11,0,0,p,m,150,0,0,120,40,40,4.092443014020803,English ,NA,NA,1,NA,NA,NA,NA,NA,1,NA,NA,1,NA,NA,1,NA,NA,1,NA,NA
4698,ebyv,1992,female,U.S,U.S,TRUE,TRUE,advanced,5,30,FALSE,NA,FALSE,NA,33,11,0,0,p,m,150,0,0,140,20,20,2.16686694770185,English ,NA,NA,1,NA,NA,NA,NA,NA,1,NA,NA,1,NA,NA,1,NA,NA,1,NA,NA
4698,ebyv,1992,female,U.S,U.S,TRUE,TRUE,advanced,5,30,FALSE,NA,FALSE,NA,33,13,10,1.1173128526977774,p,h,160,1,0.5,40,20,20,2.16686694770185,English ,NA,NA,1,NA,NA,NA,NA,NA,1,NA,NA,1,NA,NA,1,NA,NA,1,NA,NA
4698,ebyv,1992,female,U.S,U.S,TRUE,TRUE,advanced,5,30,FALSE,NA,FALSE,NA,33,10,-5,-0.5869152057713568,n,l,145,1,0.125,60,40,-40,-5.369507723654657,English ,NA,NA,1,NA,NA,NA,NA,NA,1,NA,NA,1,NA,NA,1,NA,NA,1,NA,NA
4698,ebyv,1992,female,U.S,U.S,TRUE,TRUE,advanced,5,30,FALSE,NA,FALSE,NA,33,11,0,0,p,m,150,0,0,60,20,20,2.16686694770185,English ,NA,NA,1,NA,NA,NA,NA,NA,1,NA,NA,1,NA,NA,1,NA,NA,1,NA,NA
4698,ebyv,1992,female,U.S,U.S,TRUE,TRUE,advanced,5,30,FALSE,NA,FALSE,NA,33,11,0,0,p,m,150,0,0,100,40,40,4.092443014020803,English ,NA,NA,1,NA,NA,NA,NA,NA,1,NA,NA,1,NA,NA,1,NA,NA,1,NA,NA
4698,ebyv,1992,female,U.S,U.S,TRUE,TRUE,advanced,5,30,FALSE,NA,FALSE,NA,33,11,0,0,n,m,150,0,-0,60,20,-20,-2.477410529609116,English ,NA,NA,1,NA,NA,NA,NA,NA,1,NA,NA,1,NA,NA,1,NA,NA,1,NA,NA
4698,ebyv,1992,female,U.S,U.S,TRUE,TRUE,advanced,5,30,FALSE,NA,FALSE,NA,33,10,-5,-0.5869152057713568,p,l,145,0,-0.5,20,10,10,1.1173128526977774,English ,NA,NA,1,NA,NA,NA,NA,NA,1,NA,NA,1,NA,NA,1,NA,NA,1,NA,NA
4698,ebyv,1992,female,U.S,U.S,TRUE,TRUE,advanced,5,30,FALSE,NA,FALSE,NA,33,10,-5,-0.5869152057713568,p,l,145,0,-0.16666666666666666,100,30,30,3.1564128700055254,English ,NA,NA,1,NA,NA,NA,NA,NA,1,NA,NA,1,NA,NA,1,NA,NA,1,NA,NA
4698,ebyv,1992,female,U.S,U.S,TRUE,TRUE,advanced,5,30,FALSE,NA,FALSE,NA,33,10,-5,-0.5869152057713568,n,l,145,1,0.16666666666666666,40,30,-30,-3.8631371386483475,English ,NA,NA,1,NA,NA,NA,NA,NA,1,NA,NA,1,NA,NA,1,NA,NA,1,NA,NA
4698,ebyv,1992,female,U.S,U.S,TRUE,TRUE,advanced,5,30,FALSE,NA,FALSE,NA,33,10,-5,-0.5869152057713568,0,l,145,0,NA,120,0,-0,0,English ,NA,NA,1,NA,NA,NA,NA,NA,1,NA,NA,1,NA,NA,1,NA,NA,1,NA,NA
4698,ebyv,1992,female,U.S,U.S,TRUE,TRUE,advanced,5,30,FALSE,NA,FALSE,NA,33,10,-5,-0.5869152057713568,n,l,145,1,0.5,40,10,-10,-1.1944280826109728,English ,NA,NA,1,NA,NA,NA,NA,NA,1,NA,NA,1,NA,NA,1,NA,NA,1,NA,NA
4698,ebyv,1992,female,U.S,U.S,TRUE,TRUE,advanced,5,30,FALSE,NA,FALSE,NA,33,11,0,0,0,m,150,1,NA,40,0,-0,0,English ,NA,NA,1,NA,NA,NA,NA,NA,1,NA,NA,1,NA,NA,1,NA,NA,1,NA,NA
4698,ebyv,1992,female,U.S,U.S,TRUE,TRUE,advanced,5,30,FALSE,NA,FALSE,NA,33,11,0,0,n,m,150,0,-0,80,10,-10,-1.1944280826109728,English ,NA,NA,1,NA,NA,NA,NA,NA,1,NA,NA,1,NA,NA,1,NA,NA,1,NA,NA
4698,ebyv,1992,female,U.S,U.S,TRUE,TRUE,advanced,5,30,FALSE,NA,FALSE,NA,33,11,0,0,p,m,150,0,0,80,20,20,2.16686694770185,English ,NA,NA,1,NA,NA,NA,NA,NA,1,NA,NA,1,NA,NA,1,NA,NA,1,NA,NA
4698,ebyv,1992,female,U.S,U.S,TRUE,TRUE,advanced,5,30,FALSE,NA,FALSE,NA,33,10,-5,-0.5869152057713568,n,l,145,1,0.125,100,40,-40,-5.369507723654657,English ,NA,NA,1,NA,NA,NA,NA,NA,1,NA,NA,1,NA,NA,1,NA,NA,1,NA,NA
4698,ebyv,1992,female,U.S,U.S,TRUE,TRUE,advanced,5,30,FALSE,NA,FALSE,NA,33,11,0,0,n,m,150,0,-0,60,40,-40,-5.369507723654657,English ,NA,NA,1,NA,NA,NA,NA,NA,1,NA,NA,1,NA,NA,1,NA,NA,1,NA,NA
4698,ebyv,1992,female,U.S,U.S,TRUE,TRUE,advanced,5,30,FALSE,NA,FALSE,NA,33,11,0,0,p,m,150,0,0,140,10,10,1.1173128526977774,English ,NA,NA,1,NA,NA,NA,NA,NA,1,NA,NA,1,NA,NA,1,NA,NA,1,NA,NA
4698,ebyv,1992,female,U.S,U.S,TRUE,TRUE,advanced,5,30,FALSE,NA,FALSE,NA,33,10,-5,-0.5869152057713568,n,l,145,1,0.25,100,20,-20,-2.477410529609116,English ,NA,NA,1,NA,NA,NA,NA,NA,1,NA,NA,1,NA,NA,1,NA,NA,1,NA,NA
4698,ebyv,1992,female,U.S,U.S,TRUE,TRUE,advanced,5,30,FALSE,NA,FALSE,NA,33,11,0,0,n,m,150,0,-0,60,30,-30,-3.8631371386483475,English ,NA,NA,1,NA,NA,NA,NA,NA,1,NA,NA,1,NA,NA,1,NA,NA,1,NA,NA
4698,ebyv,1992,female,U.S,U.S,TRUE,TRUE,advanced,5,30,FALSE,NA,FALSE,NA,33,10,-5,-0.5869152057713568,n,l,145,1,0.125,140,40,-40,-5.369507723654657,English ,NA,NA,1,NA,NA,NA,NA,NA,1,NA,NA,1,NA,NA,1,NA,NA,1,NA,NA
4698,ebyv,1992,female,U.S,U.S,TRUE,TRUE,advanced,5,30,FALSE,NA,FALSE,NA,33,11,0,0,p,m,150,0,0,20,30,30,3.1564128700055254,English ,NA,NA,1,NA,NA,NA,NA,NA,1,NA,NA,1,NA,NA,1,NA,NA,1,NA,NA
4698,ebyv,1992,female,U.S,U.S,TRUE,TRUE,advanced,5,30,FALSE,NA,FALSE,NA,33,11,0,0,0,m,150,1,NA,80,0,-0,0,English ,NA,NA,1,NA,NA,NA,NA,NA,1,NA,NA,1,NA,NA,1,NA,NA,1,NA,NA
4698,ebyv,1992,female,U.S,U.S,TRUE,TRUE,advanced,5,30,FALSE,NA,FALSE,NA,33,11,0,0,p,m,150,0,0,100,20,20,2.16686694770185,English ,NA,NA,1,NA,NA,NA,NA,NA,1,NA,NA,1,NA,NA,1,NA,NA,1,NA,NA
4698,ebyv,1992,female,U.S,U.S,TRUE,TRUE,advanced,5,30,FALSE,NA,FALSE,NA,33,11,0,0,n,m,150,0,-0,20,10,-10,-1.1944280826109728,English ,NA,NA,1,NA,NA,NA,NA,NA,1,NA,NA,1,NA,NA,1,NA,NA,1,NA,NA
4698,ebyv,1992,female,U.S,U.S,TRUE,TRUE,advanced,5,30,FALSE,NA,FALSE,NA,33,11,0,0,p,m,150,0,0,60,20,20,2.16686694770185,English ,NA,NA,1,NA,NA,NA,NA,NA,1,NA,NA,1,NA,NA,1,NA,NA,1,NA,NA
4698,ebyv,1992,female,U.S,U.S,TRUE,TRUE,advanced,5,30,FALSE,NA,FALSE,NA,33,10,-5,-0.5869152057713568,n,l,145,1,0.25,140,20,-20,-2.477410529609116,English ,NA,NA,1,NA,NA,NA,NA,NA,1,NA,NA,1,NA,NA,1,NA,NA,1,NA,NA
4698,ebyv,1992,female,U.S,U.S,TRUE,TRUE,advanced,5,30,FALSE,NA,FALSE,NA,33,11,0,0,n,m,150,0,-0,80,20,-20,-2.477410529609116,English ,NA,NA,1,NA,NA,NA,NA,NA,1,NA,NA,1,NA,NA,1,NA,NA,1,NA,NA
4698,ebyv,1992,female,U.S,U.S,TRUE,TRUE,advanced,5,30,FALSE,NA,FALSE,NA,33,11,0,0,0,m,150,1,NA,60,0,-0,0,English ,NA,NA,1,NA,NA,NA,NA,NA,1,NA,NA,1,NA,NA,1,NA,NA,1,NA,NA
4698,ebyv,1992,female,U.S,U.S,TRUE,TRUE,advanced,5,30,FALSE,NA,FALSE,NA,33,11,0,0,p,m,150,0,0,60,10,10,1.1173128526977774,English ,NA,NA,1,NA,NA,NA,NA,NA,1,NA,NA,1,NA,NA,1,NA,NA,1,NA,NA
4698,ebyv,1992,female,U.S,U.S,TRUE,TRUE,advanced,5,30,FALSE,NA,FALSE,NA,33,11,0,0,p,m,150,0,0,20,20,20,2.16686694770185,English ,NA,NA,1,NA,NA,NA,NA,NA,1,NA,NA,1,NA,NA,1,NA,NA,1,NA,NA
4698,ebyv,1992,female,U.S,U.S,TRUE,TRUE,advanced,5,30,FALSE,NA,FALSE,NA,33,11,0,0,n,m,150,0,-0,80,30,-30,-3.8631371386483475,English ,NA,NA,1,NA,NA,NA,NA,NA,1,NA,NA,1,NA,NA,1,NA,NA,1,NA,NA
4698,ebyv,1992,female,U.S,U.S,TRUE,TRUE,advanced,5,30,FALSE,NA,FALSE,NA,33,11,0,0,0,m,150,1,NA,100,0,-0,0,English ,NA,NA,1,NA,NA,NA,NA,NA,1,NA,NA,1,NA,NA,1,NA,NA,1,NA,NA
4698,ebyv,1992,female,U.S,U.S,TRUE,TRUE,advanced,5,30,FALSE,NA,FALSE,NA,33,11,0,0,p,m,150,0,0,120,30,30,3.1564128700055254,English ,NA,NA,1,NA,NA,NA,NA,NA,1,NA,NA,1,NA,NA,1,NA,NA,1,NA,NA
4698,ebyv,1992,female,U.S,U.S,TRUE,TRUE,advanced,5,30,FALSE,NA,FALSE,NA,33,11,0,0,n,m,150,0,-0,40,40,-40,-5.369507723654657,English ,NA,NA,1,NA,NA,NA,NA,NA,1,NA,NA,1,NA,NA,1,NA,NA,1,NA,NA
4698,ebyv,1992,female,U.S,U.S,TRUE,TRUE,advanced,5,30,FALSE,NA,FALSE,NA,33,11,0,0,p,m,150,0,0,40,20,20,2.16686694770185,English ,NA,NA,1,NA,NA,NA,NA,NA,1,NA,NA,1,NA,NA,1,NA,NA,1,NA,NA
4698,ebyv,1992,female,U.S,U.S,TRUE,TRUE,advanced,5,30,FALSE,NA,FALSE,NA,33,11,0,0,n,m,150,0,-0,60,10,-10,-1.1944280826109728,English ,NA,NA,1,NA,NA,NA,NA,NA,1,NA,NA,1,NA,NA,1,NA,NA,1,NA,NA
4698,ebyv,1992,female,U.S,U.S,TRUE,TRUE,advanced,5,30,FALSE,NA,FALSE,NA,33,11,0,0,n,m,150,0,-0,80,10,-10,-1.1944280826109728,English ,NA,NA,1,NA,NA,NA,NA,NA,1,NA,NA,1,NA,NA,1,NA,NA,1,NA,NA
4698,ebyv,1992,female,U.S,U.S,TRUE,TRUE,advanced,5,30,FALSE,NA,FALSE,NA,33,11,0,0,n,m,150,0,-0,120,40,-40,-5.369507723654657,English ,NA,NA,1,NA,NA,NA,NA,NA,1,NA,NA,1,NA,NA,1,NA,NA,1,NA,NA
4698,ebyv,1992,female,U.S,U.S,TRUE,TRUE,advanced,5,30,FALSE,NA,FALSE,NA,33,11,0,0,p,m,150,0,0,140,30,30,3.1564128700055254,English ,NA,NA,1,NA,NA,NA,NA,NA,1,NA,NA,1,NA,NA,1,NA,NA,1,NA,NA
4698,ebyv,1992,female,U.S,U.S,TRUE,TRUE,advanced,5,30,FALSE,NA,FALSE,NA,33,10,-5,-0.5869152057713568,n,l,145,1,0.25,40,20,-20,-2.477410529609116,English ,NA,NA,1,NA,NA,NA,NA,NA,1,NA,NA,1,NA,NA,1,NA,NA,1,NA,NA
4698,ebyv,1992,female,U.S,U.S,TRUE,TRUE,advanced,5,30,FALSE,NA,FALSE,NA,33,11,0,0,p,m,150,0,0,20,40,40,4.092443014020803,English ,NA,NA,1,NA,NA,NA,NA,NA,1,NA,NA,1,NA,NA,1,NA,NA,1,NA,NA
4698,ebyv,1992,female,U.S,U.S,TRUE,TRUE,advanced,5,30,FALSE,NA,FALSE,NA,33,11,0,0,n,m,150,0,-0,140,10,-10,-1.1944280826109728,English ,NA,NA,1,NA,NA,NA,NA,NA,1,NA,NA,1,NA,NA,1,NA,NA,1,NA,NA
4698,ebyv,1992,female,U.S,U.S,TRUE,TRUE,advanced,5,30,FALSE,NA,FALSE,NA,33,11,0,0,n,m,150,0,-0,100,30,-30,-3.8631371386483475,English ,NA,NA,1,NA,NA,NA,NA,NA,1,NA,NA,1,NA,NA,1,NA,NA,1,NA,NA
4698,ebyv,1992,female,U.S,U.S,TRUE,TRUE,advanced,5,30,FALSE,NA,FALSE,NA,33,11,0,0,p,m,150,0,0,100,30,30,3.1564128700055254,English ,NA,NA,1,NA,NA,NA,NA,NA,1,NA,NA,1,NA,NA,1,NA,NA,1,NA,NA
4698,ebyv,1992,female,U.S,U.S,TRUE,TRUE,advanced,5,30,FALSE,NA,FALSE,NA,33,11,0,0,n,m,150,0,-0,40,10,-10,-1.1944280826109728,English ,NA,NA,1,NA,NA,NA,NA,NA,1,NA,NA,1,NA,NA,1,NA,NA,1,NA,NA
4698,ebyv,1992,female,U.S,U.S,TRUE,TRUE,advanced,5,30,FALSE,NA,FALSE,NA,33,11,0,0,n,m,150,0,-0,20,20,-20,-2.477410529609116,English ,NA,NA,1,NA,NA,NA,NA,NA,1,NA,NA,1,NA,NA,1,NA,NA,1,NA,NA
4698,ebyv,1992,female,U.S,U.S,TRUE,TRUE,advanced,5,30,FALSE,NA,FALSE,NA,33,11,0,0,p,m,150,0,0,40,30,30,3.1564128700055254,English ,NA,NA,1,NA,NA,NA,NA,NA,1,NA,NA,1,NA,NA,1,NA,NA,1,NA,NA
4698,ebyv,1992,female,U.S,U.S,TRUE,TRUE,advanced,5,30,FALSE,NA,FALSE,NA,33,11,0,0,p,m,150,0,0,60,40,40,4.092443014020803,English ,NA,NA,1,NA,NA,NA,NA,NA,1,NA,NA,1,NA,NA,1,NA,NA,1,NA,NA
4698,ebyv,1992,female,U.S,U.S,TRUE,TRUE,advanced,5,30,FALSE,NA,FALSE,NA,33,11,0,0,p,m,150,0,0,60,30,30,3.1564128700055254,English ,NA,NA,1,NA,NA,NA,NA,NA,1,NA,NA,1,NA,NA,1,NA,NA,1,NA,NA
4698,ebyv,1992,female,U.S,U.S,TRUE,TRUE,advanced,5,30,FALSE,NA,FALSE,NA,33,11,0,0,n,m,150,0,-0,20,40,-40,-5.369507723654657,English ,NA,NA,1,NA,NA,NA,NA,NA,1,NA,NA,1,NA,NA,1,NA,NA,1,NA,NA
4698,ebyv,1992,female,U.S,U.S,TRUE,TRUE,advanced,5,30,FALSE,NA,FALSE,NA,33,11,0,0,p,m,150,0,0,100,40,40,4.092443014020803,English ,NA,NA,1,NA,NA,NA,NA,NA,1,NA,NA,1,NA,NA,1,NA,NA,1,NA,NA
4698,ebyv,1992,female,U.S,U.S,TRUE,TRUE,advanced,5,30,FALSE,NA,FALSE,NA,33,11,0,0,n,m,150,0,-0,20,30,-30,-3.8631371386483475,English ,NA,NA,1,NA,NA,NA,NA,NA,1,NA,NA,1,NA,NA,1,NA,NA,1,NA,NA
4698,ebyv,1992,female,U.S,U.S,TRUE,TRUE,advanced,5,30,FALSE,NA,FALSE,NA,33,11,0,0,p,m,150,0,0,80,40,40,4.092443014020803,English ,NA,NA,1,NA,NA,NA,NA,NA,1,NA,NA,1,NA,NA,1,NA,NA,1,NA,NA
4698,ebyv,1992,female,U.S,U.S,TRUE,TRUE,advanced,5,30,FALSE,NA,FALSE,NA,33,11,0,0,0,m,150,1,NA,20,0,-0,0,English ,NA,NA,1,NA,NA,NA,NA,NA,1,NA,NA,1,NA,NA,1,NA,NA,1,NA,NA
4698,ebyv,1992,female,U.S,U.S,TRUE,TRUE,advanced,5,30,FALSE,NA,FALSE,NA,33,11,0,0,n,m,150,0,-0,100,10,-10,-1.1944280826109728,English ,NA,NA,1,NA,NA,NA,NA,NA,1,NA,NA,1,NA,NA,1,NA,NA,1,NA,NA
4698,ebyv,1992,female,U.S,U.S,TRUE,TRUE,advanced,5,30,FALSE,NA,FALSE,NA,33,11,0,0,p,m,150,0,0,80,20,20,2.16686694770185,English ,NA,NA,1,NA,NA,NA,NA,NA,1,NA,NA,1,NA,NA,1,NA,NA,1,NA,NA
4698,ebyv,1992,female,U.S,U.S,TRUE,TRUE,advanced,5,30,FALSE,NA,FALSE,NA,33,11,0,0,p,m,150,0,0,80,10,10,1.1173128526977774,English ,NA,NA,1,NA,NA,NA,NA,NA,1,NA,NA,1,NA,NA,1,NA,NA,1,NA,NA
4698,ebyv,1992,female,U.S,U.S,TRUE,TRUE,advanced,5,30,FALSE,NA,FALSE,NA,33,11,0,0,n,m,150,0,-0,60,20,-20,-2.477410529609116,English ,NA,NA,1,NA,NA,NA,NA,NA,1,NA,NA,1,NA,NA,1,NA,NA,1,NA,NA
4698,ebyv,1992,female,U.S,U.S,TRUE,TRUE,advanced,5,30,FALSE,NA,FALSE,NA,33,11,0,0,p,m,150,0,0,40,40,40,4.092443014020803,English ,NA,NA,1,NA,NA,NA,NA,NA,1,NA,NA,1,NA,NA,1,NA,NA,1,NA,NA
4698,ebyv,1992,female,U.S,U.S,TRUE,TRUE,advanced,5,30,FALSE,NA,FALSE,NA,33,11,0,0,p,m,150,0,0,80,30,30,3.1564128700055254,English ,NA,NA,1,NA,NA,NA,NA,NA,1,NA,NA,1,NA,NA,1,NA,NA,1,NA,NA
4698,ebyv,1992,female,U.S,U.S,TRUE,TRUE,advanced,5,30,FALSE,NA,FALSE,NA,33,11,0,0,n,m,150,0,-0,120,20,-20,-2.477410529609116,English ,NA,NA,1,NA,NA,NA,NA,NA,1,NA,NA,1,NA,NA,1,NA,NA,1,NA,NA
4698,ebyv,1992,female,U.S,U.S,TRUE,TRUE,advanced,5,30,FALSE,NA,FALSE,NA,33,11,0,0,0,m,150,1,NA,20,0,-0,0,English ,NA,NA,1,NA,NA,NA,NA,NA,1,NA,NA,1,NA,NA,1,NA,NA,1,NA,NA
4698,ebyv,1992,female,U.S,U.S,TRUE,TRUE,advanced,5,30,FALSE,NA,FALSE,NA,33,11,0,0,n,m,150,0,-0,140,30,-30,-3.8631371386483475,English ,NA,NA,1,NA,NA,NA,NA,NA,1,NA,NA,1,NA,NA,1,NA,NA,1,NA,NA
4698,ebyv,1992,female,U.S,U.S,TRUE,TRUE,advanced,5,30,FALSE,NA,FALSE,NA,33,11,0,0,p,m,150,0,0,20,10,10,1.1173128526977774,English ,NA,NA,1,NA,NA,NA,NA,NA,1,NA,NA,1,NA,NA,1,NA,NA,1,NA,NA
4698,ebyv,1992,female,U.S,U.S,TRUE,TRUE,advanced,5,30,FALSE,NA,FALSE,NA,33,11,0,0,p,m,150,0,0,120,10,10,1.1173128526977774,English ,NA,NA,1,NA,NA,NA,NA,NA,1,NA,NA,1,NA,NA,1,NA,NA,1,NA,NA
4698,x0c6,1925,male,United States,United States,TRUE,TRUE,beginner,2,9,FALSE,NA,FALSE,NA,6,11,0,0,p,m,150,0,0,20,10,10,1.1173128526977774,American English,French,Spanish,1,2,3,1,2,14,1,2,3,1,2,3,1,2,3,1,3,4
4698,x0c6,1925,male,United States,United States,TRUE,TRUE,beginner,2,9,FALSE,NA,FALSE,NA,6,11,0,0,n,m,150,0,-0,60,20,-20,-2.477410529609116,American English,French,Spanish,1,2,3,1,2,14,1,2,3,1,2,3,1,2,3,1,3,4
4698,x0c6,1925,male,United States,United States,TRUE,TRUE,beginner,2,9,FALSE,NA,FALSE,NA,6,11,0,0,n,m,150,0,-0,40,40,-40,-5.369507723654657,American English,French,Spanish,1,2,3,1,2,14,1,2,3,1,2,3,1,2,3,1,3,4
4698,x0c6,1925,male,United States,United States,TRUE,TRUE,beginner,2,9,FALSE,NA,FALSE,NA,6,11,0,0,p,m,150,0,0,40,20,20,2.16686694770185,American English,French,Spanish,1,2,3,1,2,14,1,2,3,1,2,3,1,2,3,1,3,4
4698,x0c6,1925,male,United States,United States,TRUE,TRUE,beginner,2,9,FALSE,NA,FALSE,NA,6,11,0,0,n,m,150,0,-0,80,40,-40,-5.369507723654657,American English,French,Spanish,1,2,3,1,2,14,1,2,3,1,2,3,1,2,3,1,3,4
4698,x0c6,1925,male,United States,United States,TRUE,TRUE,beginner,2,9,FALSE,NA,FALSE,NA,6,10,-5,-0.5869152057713568,n,l,145,1,0.16666666666666666,60,30,-30,-3.8631371386483475,American English,French,Spanish,1,2,3,1,2,14,1,2,3,1,2,3,1,2,3,1,3,4
4698,x0c6,1925,male,United States,United States,TRUE,TRUE,beginner,2,9,FALSE,NA,FALSE,NA,6,11,0,0,0,m,150,1,NA,20,0,-0,0,American English,French,Spanish,1,2,3,1,2,14,1,2,3,1,2,3,1,2,3,1,3,4
4698,x0c6,1925,male,United States,United States,TRUE,TRUE,beginner,2,9,FALSE,NA,FALSE,NA,6,11,0,0,0,m,150,1,NA,20,0,-0,0,American English,French,Spanish,1,2,3,1,2,14,1,2,3,1,2,3,1,2,3,1,3,4
4698,x0c6,1925,male,United States,United States,TRUE,TRUE,beginner,2,9,FALSE,NA,FALSE,NA,6,12,5,0.5676685773402819,p,h,155,1,0.16666666666666666,40,30,30,3.1564128700055254,American English,French,Spanish,1,2,3,1,2,14,1,2,3,1,2,3,1,2,3,1,3,4
4698,x0c6,1925,male,United States,United States,TRUE,TRUE,beginner,2,9,FALSE,NA,FALSE,NA,6,11,0,0,n,m,150,0,-0,60,40,-40,-5.369507723654657,American English,French,Spanish,1,2,3,1,2,14,1,2,3,1,2,3,1,2,3,1,3,4
4698,x0c6,1925,male,United States,United States,TRUE,TRUE,beginner,2,9,FALSE,NA,FALSE,NA,6,11,0,0,p,m,150,0,0,120,10,10,1.1173128526977774,American English,French,Spanish,1,2,3,1,2,14,1,2,3,1,2,3,1,2,3,1,3,4
4698,x0c6,1925,male,United States,United States,TRUE,TRUE,beginner,2,9,FALSE,NA,FALSE,NA,6,10,-5,-0.5869152057713568,p,l,145,0,-0.125,60,40,40,4.092443014020803,American English,French,Spanish,1,2,3,1,2,14,1,2,3,1,2,3,1,2,3,1,3,4
4698,x0c6,1925,male,United States,United States,TRUE,TRUE,beginner,2,9,FALSE,NA,FALSE,NA,6,10,-5,-0.5869152057713568,0,l,145,0,NA,140,0,-0,0,American English,French,Spanish,1,2,3,1,2,14,1,2,3,1,2,3,1,2,3,1,3,4
4698,x0c6,1925,male,United States,United States,TRUE,TRUE,beginner,2,9,FALSE,NA,FALSE,NA,6,11,0,0,n,m,150,0,-0,80,10,-10,-1.1944280826109728,American English,French,Spanish,1,2,3,1,2,14,1,2,3,1,2,3,1,2,3,1,3,4
4698,x0c6,1925,male,United States,United States,TRUE,TRUE,beginner,2,9,FALSE,NA,FALSE,NA,6,11,0,0,n,m,150,0,-0,100,30,-30,-3.8631371386483475,American English,French,Spanish,1,2,3,1,2,14,1,2,3,1,2,3,1,2,3,1,3,4
4698,x0c6,1925,male,United States,United States,TRUE,TRUE,beginner,2,9,FALSE,NA,FALSE,NA,6,11,0,0,p,m,150,0,0,80,10,10,1.1173128526977774,American English,French,Spanish,1,2,3,1,2,14,1,2,3,1,2,3,1,2,3,1,3,4
4698,x0c6,1925,male,United States,United States,TRUE,TRUE,beginner,2,9,FALSE,NA,FALSE,NA,6,11,0,0,p,m,150,0,0,140,20,20,2.16686694770185,American English,French,Spanish,1,2,3,1,2,14,1,2,3,1,2,3,1,2,3,1,3,4
4698,x0c6,1925,male,United States,United States,TRUE,TRUE,beginner,2,9,FALSE,NA,FALSE,NA,6,11,0,0,p,m,150,0,0,100,10,10,1.1173128526977774,American English,French,Spanish,1,2,3,1,2,14,1,2,3,1,2,3,1,2,3,1,3,4
4698,x0c6,1925,male,United States,United States,TRUE,TRUE,beginner,2,9,FALSE,NA,FALSE,NA,6,10,-5,-0.5869152057713568,p,l,145,0,-0.5,60,10,10,1.1173128526977774,American English,French,Spanish,1,2,3,1,2,14,1,2,3,1,2,3,1,2,3,1,3,4
4698,x0c6,1925,male,United States,United States,TRUE,TRUE,beginner,2,9,FALSE,NA,FALSE,NA,6,9,-10,-1.1944280826109728,p,l,140,0,-0.25,140,40,40,4.092443014020803,American English,French,Spanish,1,2,3,1,2,14,1,2,3,1,2,3,1,2,3,1,3,4
4698,x0c6,1925,male,United States,United States,TRUE,TRUE,beginner,2,9,FALSE,NA,FALSE,NA,6,13,10,1.1173128526977774,n,h,160,0,-0.5,140,20,-20,-2.477410529609116,American English,French,Spanish,1,2,3,1,2,14,1,2,3,1,2,3,1,2,3,1,3,4
4698,x0c6,1925,male,United States,United States,TRUE,TRUE,beginner,2,9,FALSE,NA,FALSE,NA,6,14,15,1.6500422849992202,n,h,165,0,-0.75,40,20,-20,-2.477410529609116,American English,French,Spanish,1,2,3,1,2,14,1,2,3,1,2,3,1,2,3,1,3,4
4698,x0c6,1925,male,United States,United States,TRUE,TRUE,beginner,2,9,FALSE,NA,FALSE,NA,6,12,5,0.5676685773402819,p,h,155,1,0.125,120,40,40,4.092443014020803,American English,French,Spanish,1,2,3,1,2,14,1,2,3,1,2,3,1,2,3,1,3,4
4698,x0c6,1925,male,United States,United States,TRUE,TRUE,beginner,2,9,FALSE,NA,FALSE,NA,6,12,5,0.5676685773402819,n,h,155,0,-0.125,20,40,-40,-5.369507723654657,American English,French,Spanish,1,2,3,1,2,14,1,2,3,1,2,3,1,2,3,1,3,4
4698,x0c6,1925,male,United States,United States,TRUE,TRUE,beginner,2,9,FALSE,NA,FALSE,NA,6,12,5,0.5676685773402819,0,h,155,0,NA,60,0,-0,0,American English,French,Spanish,1,2,3,1,2,14,1,2,3,1,2,3,1,2,3,1,3,4
4698,x0c6,1925,male,United States,United States,TRUE,TRUE,beginner,2,9,FALSE,NA,FALSE,NA,6,11,0,0,p,m,150,0,0,120,30,30,3.1564128700055254,American English,French,Spanish,1,2,3,1,2,14,1,2,3,1,2,3,1,2,3,1,3,4
4698,x0c6,1925,male,United States,United States,TRUE,TRUE,beginner,2,9,FALSE,NA,FALSE,NA,6,13,10,1.1173128526977774,n,h,160,0,-1,120,10,-10,-1.1944280826109728,American English,French,Spanish,1,2,3,1,2,14,1,2,3,1,2,3,1,2,3,1,3,4
4698,x0c6,1925,male,United States,United States,TRUE,TRUE,beginner,2,9,FALSE,NA,FALSE,NA,6,10,-5,-0.5869152057713568,p,l,145,0,-0.25,120,20,20,2.16686694770185,American English,French,Spanish,1,2,3,1,2,14,1,2,3,1,2,3,1,2,3,1,3,4
4698,x0c6,1925,male,United States,United States,TRUE,TRUE,beginner,2,9,FALSE,NA,FALSE,NA,6,11,0,0,p,m,150,0,0,20,40,40,4.092443014020803,American English,French,Spanish,1,2,3,1,2,14,1,2,3,1,2,3,1,2,3,1,3,4
4698,x0c6,1925,male,United States,United States,TRUE,TRUE,beginner,2,9,FALSE,NA,FALSE,NA,6,9,-10,-1.1944280826109728,n,l,140,1,0.5,20,20,-20,-2.477410529609116,American English,French,Spanish,1,2,3,1,2,14,1,2,3,1,2,3,1,2,3,1,3,4
4698,x0c6,1925,male,United States,United States,TRUE,TRUE,beginner,2,9,FALSE,NA,FALSE,NA,6,11,0,0,p,m,150,0,0,140,30,30,3.1564128700055254,American English,French,Spanish,1,2,3,1,2,14,1,2,3,1,2,3,1,2,3,1,3,4
4698,x0c6,1925,male,United States,United States,TRUE,TRUE,beginner,2,9,FALSE,NA,FALSE,NA,6,11,0,0,n,m,150,0,-0,140,30,-30,-3.8631371386483475,American English,French,Spanish,1,2,3,1,2,14,1,2,3,1,2,3,1,2,3,1,3,4
4698,x0c6,1925,male,United States,United States,TRUE,TRUE,beginner,2,9,FALSE,NA,FALSE,NA,6,11,0,0,n,m,150,0,-0,140,10,-10,-1.1944280826109728,American English,French,Spanish,1,2,3,1,2,14,1,2,3,1,2,3,1,2,3,1,3,4
4698,x0c6,1925,male,United States,United States,TRUE,TRUE,beginner,2,9,FALSE,NA,FALSE,NA,6,11,0,0,p,m,150,0,0,100,30,30,3.1564128700055254,American English,French,Spanish,1,2,3,1,2,14,1,2,3,1,2,3,1,2,3,1,3,4
4698,x0c6,1925,male,United States,United States,TRUE,TRUE,beginner,2,9,FALSE,NA,FALSE,NA,6,11,0,0,p,m,150,0,0,20,30,30,3.1564128700055254,American English,French,Spanish,1,2,3,1,2,14,1,2,3,1,2,3,1,2,3,1,3,4
4698,x0c6,1925,male,United States,United States,TRUE,TRUE,beginner,2,9,FALSE,NA,FALSE,NA,6,11,0,0,p,m,150,0,0,100,40,40,4.092443014020803,American English,French,Spanish,1,2,3,1,2,14,1,2,3,1,2,3,1,2,3,1,3,4
4698,x0c6,1925,male,United States,United States,TRUE,TRUE,beginner,2,9,FALSE,NA,FALSE,NA,6,13,10,1.1173128526977774,p,h,160,1,1,140,10,10,1.1173128526977774,American English,French,Spanish,1,2,3,1,2,14,1,2,3,1,2,3,1,2,3,1,3,4
4698,x0c6,1925,male,United States,United States,TRUE,TRUE,beginner,2,9,FALSE,NA,FALSE,NA,6,12,5,0.5676685773402819,p,h,155,1,0.25,20,20,20,2.16686694770185,American English,French,Spanish,1,2,3,1,2,14,1,2,3,1,2,3,1,2,3,1,3,4
4698,x0c6,1925,male,United States,United States,TRUE,TRUE,beginner,2,9,FALSE,NA,FALSE,NA,6,11,0,0,p,m,150,0,0,40,40,40,4.092443014020803,American English,French,Spanish,1,2,3,1,2,14,1,2,3,1,2,3,1,2,3,1,3,4
4698,x0c6,1925,male,United States,United States,TRUE,TRUE,beginner,2,9,FALSE,NA,FALSE,NA,6,11,0,0,n,m,150,0,-0,100,10,-10,-1.1944280826109728,American English,French,Spanish,1,2,3,1,2,14,1,2,3,1,2,3,1,2,3,1,3,4
4698,x0c6,1925,male,United States,United States,TRUE,TRUE,beginner,2,9,FALSE,NA,FALSE,NA,6,13,10,1.1173128526977774,p,h,160,1,0.3333333333333333,80,30,30,3.1564128700055254,American English,French,Spanish,1,2,3,1,2,14,1,2,3,1,2,3,1,2,3,1,3,4
4698,x0c6,1925,male,United States,United States,TRUE,TRUE,beginner,2,9,FALSE,NA,FALSE,NA,6,13,10,1.1173128526977774,p,h,160,1,0.3333333333333333,60,30,30,3.1564128700055254,American English,French,Spanish,1,2,3,1,2,14,1,2,3,1,2,3,1,2,3,1,3,4
4698,x0c6,1925,male,United States,United States,TRUE,TRUE,beginner,2,9,FALSE,NA,FALSE,NA,6,14,15,1.6500422849992202,n,h,165,0,-0.75,120,20,-20,-2.477410529609116,American English,French,Spanish,1,2,3,1,2,14,1,2,3,1,2,3,1,2,3,1,3,4
4698,x0c6,1925,male,United States,United States,TRUE,TRUE,beginner,2,9,FALSE,NA,FALSE,NA,6,12,5,0.5676685773402819,n,h,155,0,-0.5,60,10,-10,-1.1944280826109728,American English,French,Spanish,1,2,3,1,2,14,1,2,3,1,2,3,1,2,3,1,3,4
4698,x0c6,1925,male,United States,United States,TRUE,TRUE,beginner,2,9,FALSE,NA,FALSE,NA,6,13,10,1.1173128526977774,p,h,160,1,0.25,80,40,40,4.092443014020803,American English,French,Spanish,1,2,3,1,2,14,1,2,3,1,2,3,1,2,3,1,3,4
4698,x0c6,1925,male,United States,United States,TRUE,TRUE,beginner,2,9,FALSE,NA,FALSE,NA,6,13,10,1.1173128526977774,n,h,160,0,-0.3333333333333333,20,30,-30,-3.8631371386483475,American English,French,Spanish,1,2,3,1,2,14,1,2,3,1,2,3,1,2,3,1,3,4
4698,x0c6,1925,male,United States,United States,TRUE,TRUE,beginner,2,9,FALSE,NA,FALSE,NA,6,13,10,1.1173128526977774,n,h,160,0,-0.3333333333333333,40,30,-30,-3.8631371386483475,American English,French,Spanish,1,2,3,1,2,14,1,2,3,1,2,3,1,2,3,1,3,4
4698,x0c6,1925,male,United States,United States,TRUE,TRUE,beginner,2,9,FALSE,NA,FALSE,NA,6,12,5,0.5676685773402819,0,h,155,0,NA,120,0,-0,0,American English,French,Spanish,1,2,3,1,2,14,1,2,3,1,2,3,1,2,3,1,3,4
4698,x0c6,1925,male,United States,United States,TRUE,TRUE,beginner,2,9,FALSE,NA,FALSE,NA,6,10,-5,-0.5869152057713568,p,l,145,0,-0.25,100,20,20,2.16686694770185,American English,French,Spanish,1,2,3,1,2,14,1,2,3,1,2,3,1,2,3,1,3,4
4698,x0c6,1925,male,United States,United States,TRUE,TRUE,beginner,2,9,FALSE,NA,FALSE,NA,6,12,5,0.5676685773402819,n,h,155,0,-0.5,40,10,-10,-1.1944280826109728,American English,French,Spanish,1,2,3,1,2,14,1,2,3,1,2,3,1,2,3,1,3,4
4698,x0c6,1925,male,United States,United States,TRUE,TRUE,beginner,2,9,FALSE,NA,FALSE,NA,6,12,5,0.5676685773402819,n,h,155,0,-0.125,140,40,-40,-5.369507723654657,American English,French,Spanish,1,2,3,1,2,14,1,2,3,1,2,3,1,2,3,1,3,4
4698,x0c6,1925,male,United States,United States,TRUE,TRUE,beginner,2,9,FALSE,NA,FALSE,NA,6,13,10,1.1173128526977774,p,h,160,1,1,40,10,10,1.1173128526977774,American English,French,Spanish,1,2,3,1,2,14,1,2,3,1,2,3,1,2,3,1,3,4
4698,x0c6,1925,male,United States,United States,TRUE,TRUE,beginner,2,9,FALSE,NA,FALSE,NA,6,12,5,0.5676685773402819,0,h,155,0,NA,100,0,-0,0,American English,French,Spanish,1,2,3,1,2,14,1,2,3,1,2,3,1,2,3,1,3,4
4698,x0c6,1925,male,United States,United States,TRUE,TRUE,beginner,2,9,FALSE,NA,FALSE,NA,6,17,30,3.1564128700055254,n,h,180,0,-1.5,100,20,-20,-2.477410529609116,American English,French,Spanish,1,2,3,1,2,14,1,2,3,1,2,3,1,2,3,1,3,4
4698,x0c6,1925,male,United States,United States,TRUE,TRUE,beginner,2,9,FALSE,NA,FALSE,NA,6,8,-15,-1.8240371213405995,n,l,135,1,0.375,100,40,-40,-5.369507723654657,American English,French,Spanish,1,2,3,1,2,14,1,2,3,1,2,3,1,2,3,1,3,4
4698,x0c6,1925,male,United States,United States,TRUE,TRUE,beginner,2,9,FALSE,NA,FALSE,NA,6,11,0,0,n,m,150,0,-0,20,10,-10,-1.1944280826109728,American English,French,Spanish,1,2,3,1,2,14,1,2,3,1,2,3,1,2,3,1,3,4
4698,x0c6,1925,male,United States,United States,TRUE,TRUE,beginner,2,9,FALSE,NA,FALSE,NA,6,6,-25,-3.1564128700055254,p,l,125,0,-1.25,60,20,20,2.16686694770185,American English,French,Spanish,1,2,3,1,2,14,1,2,3,1,2,3,1,2,3,1,3,4
4698,x0c6,1925,male,United States,United States,TRUE,TRUE,beginner,2,9,FALSE,NA,FALSE,NA,6,11,0,0,n,m,150,0,-0,120,30,-30,-3.8631371386483475,American English,French,Spanish,1,2,3,1,2,14,1,2,3,1,2,3,1,2,3,1,3,4
4698,x0c6,1925,male,United States,United States,TRUE,TRUE,beginner,2,9,FALSE,NA,FALSE,NA,6,12,5,0.5676685773402819,n,h,155,0,-0.25,100,20,-20,-2.477410529609116,American English,French,Spanish,1,2,3,1,2,14,1,2,3,1,2,3,1,2,3,1,3,4
4698,x0c6,1925,male,United States,United States,TRUE,TRUE,beginner,2,9,FALSE,NA,FALSE,NA,6,14,15,1.6500422849992202,0,h,165,0,NA,100,0,-0,0,American English,French,Spanish,1,2,3,1,2,14,1,2,3,1,2,3,1,2,3,1,3,4
4698,x0c6,1925,male,United States,United States,TRUE,TRUE,beginner,2,9,FALSE,NA,FALSE,NA,6,13,10,1.1173128526977774,p,h,160,1,0.25,80,40,40,4.092443014020803,American English,French,Spanish,1,2,3,1,2,14,1,2,3,1,2,3,1,2,3,1,3,4
4698,x0c6,1925,male,United States,United States,TRUE,TRUE,beginner,2,9,FALSE,NA,FALSE,NA,6,15,20,2.16686694770185,p,h,170,1,1,140,20,20,2.16686694770185,American English,French,Spanish,1,2,3,1,2,14,1,2,3,1,2,3,1,2,3,1,3,4
4698,x0c6,1925,male,United States,United States,TRUE,TRUE,beginner,2,9,FALSE,NA,FALSE,NA,6,12,5,0.5676685773402819,n,h,155,0,-0.25,140,20,-20,-2.477410529609116,American English,French,Spanish,1,2,3,1,2,14,1,2,3,1,2,3,1,2,3,1,3,4
4698,x0c6,1925,male,United States,United States,TRUE,TRUE,beginner,2,9,FALSE,NA,FALSE,NA,6,13,10,1.1173128526977774,n,h,160,0,-0.3333333333333333,80,30,-30,-3.8631371386483475,American English,French,Spanish,1,2,3,1,2,14,1,2,3,1,2,3,1,2,3,1,3,4
4698,x0c6,1925,male,United States,United States,TRUE,TRUE,beginner,2,9,FALSE,NA,FALSE,NA,6,15,20,2.16686694770185,n,h,170,0,-1,40,20,-20,-2.477410529609116,American English,French,Spanish,1,2,3,1,2,14,1,2,3,1,2,3,1,2,3,1,3,4
4698,x0c6,1925,male,United States,United States,TRUE,TRUE,beginner,2,9,FALSE,NA,FALSE,NA,6,14,15,1.6500422849992202,n,h,165,0,-0.375,60,40,-40,-5.369507723654657,American English,French,Spanish,1,2,3,1,2,14,1,2,3,1,2,3,1,2,3,1,3,4
4698,x0c6,1925,male,United States,United States,TRUE,TRUE,beginner,2,9,FALSE,NA,FALSE,NA,6,13,10,1.1173128526977774,n,h,160,0,-1,120,10,-10,-1.1944280826109728,American English,French,Spanish,1,2,3,1,2,14,1,2,3,1,2,3,1,2,3,1,3,4
4698,x0c6,1925,male,United States,United States,TRUE,TRUE,beginner,2,9,FALSE,NA,FALSE,NA,6,14,15,1.6500422849992202,p,h,165,1,1.5,20,10,10,1.1173128526977774,American English,French,Spanish,1,2,3,1,2,14,1,2,3,1,2,3,1,2,3,1,3,4
4698,x0c6,1925,male,United States,United States,TRUE,TRUE,beginner,2,9,FALSE,NA,FALSE,NA,6,16,25,2.6687090560373763,0,h,175,0,NA,40,0,-0,0,American English,French,Spanish,1,2,3,1,2,14,1,2,3,1,2,3,1,2,3,1,3,4
4698,x0c6,1925,male,United States,United States,TRUE,TRUE,beginner,2,9,FALSE,NA,FALSE,NA,6,17,30,3.1564128700055254,p,h,180,1,3,100,10,10,1.1173128526977774,American English,French,Spanish,1,2,3,1,2,14,1,2,3,1,2,3,1,2,3,1,3,4
4698,x0c6,1925,male,United States,United States,TRUE,TRUE,beginner,2,9,FALSE,NA,FALSE,NA,6,11,0,0,n,m,150,0,-0,140,30,-30,-3.8631371386483475,American English,French,Spanish,1,2,3,1,2,14,1,2,3,1,2,3,1,2,3,1,3,4
4698,x0c6,1925,male,United States,United States,TRUE,TRUE,beginner,2,9,FALSE,NA,FALSE,NA,6,11,0,0,p,m,150,0,0,120,20,20,2.16686694770185,American English,French,Spanish,1,2,3,1,2,14,1,2,3,1,2,3,1,2,3,1,3,4
4698,x0c6,1925,male,United States,United States,TRUE,TRUE,beginner,2,9,FALSE,NA,FALSE,NA,6,12,5,0.5676685773402819,p,h,155,1,0.5,80,10,10,1.1173128526977774,American English,French,Spanish,1,2,3,1,2,14,1,2,3,1,2,3,1,2,3,1,3,4
4698,x0c6,1925,male,United States,United States,TRUE,TRUE,beginner,2,9,FALSE,NA,FALSE,NA,6,11,0,0,n,m,150,0,-0,60,20,-20,-2.477410529609116,American English,French,Spanish,1,2,3,1,2,14,1,2,3,1,2,3,1,2,3,1,3,4
4698,x0c6,1925,male,United States,United States,TRUE,TRUE,beginner,2,9,FALSE,NA,FALSE,NA,6,9,-10,-1.1944280826109728,0,l,140,0,NA,80,0,-0,0,American English,French,Spanish,1,2,3,1,2,14,1,2,3,1,2,3,1,2,3,1,3,4
4698,x0c6,1925,male,United States,United States,TRUE,TRUE,beginner,2,9,FALSE,NA,FALSE,NA,6,11,0,0,p,m,150,0,0,60,10,10,1.1173128526977774,American English,French,Spanish,1,2,3,1,2,14,1,2,3,1,2,3,1,2,3,1,3,4
4698,x0c6,1925,male,United States,United States,TRUE,TRUE,beginner,2,9,FALSE,NA,FALSE,NA,6,9,-10,-1.1944280826109728,p,l,140,0,-0.3333333333333333,20,30,30,3.1564128700055254,American English,French,Spanish,1,2,3,1,2,14,1,2,3,1,2,3,1,2,3,1,3,4
4698,x0c6,1925,male,United States,United States,TRUE,TRUE,beginner,2,9,FALSE,NA,FALSE,NA,6,10,-5,-0.5869152057713568,p,l,145,0,-0.25,40,20,20,2.16686694770185,American English,French,Spanish,1,2,3,1,2,14,1,2,3,1,2,3,1,2,3,1,3,4
4698,x0c6,1925,male,United States,United States,TRUE,TRUE,beginner,2,9,FALSE,NA,FALSE,NA,6,11,0,0,p,m,150,0,0,100,30,30,3.1564128700055254,American English,French,Spanish,1,2,3,1,2,14,1,2,3,1,2,3,1,2,3,1,3,4
4698,x0c6,1925,male,United States,United States,TRUE,TRUE,beginner,2,9,FALSE,NA,FALSE,NA,6,11,0,0,p,m,150,0,0,20,20,20,2.16686694770185,American English,French,Spanish,1,2,3,1,2,14,1,2,3,1,2,3,1,2,3,1,3,4
4698,x0c6,1925,male,United States,United States,TRUE,TRUE,beginner,2,9,FALSE,NA,FALSE,NA,6,10,-5,-0.5869152057713568,p,l,145,0,-0.16666666666666666,120,30,30,3.1564128700055254,American English,French,Spanish,1,2,3,1,2,14,1,2,3,1,2,3,1,2,3,1,3,4
4698,x0c6,1925,male,United States,United States,TRUE,TRUE,beginner,2,9,FALSE,NA,FALSE,NA,6,10,-5,-0.5869152057713568,0,l,145,0,NA,40,0,-0,0,American English,French,Spanish,1,2,3,1,2,14,1,2,3,1,2,3,1,2,3,1,3,4
4698,x0c6,1925,male,United States,United States,TRUE,TRUE,beginner,2,9,FALSE,NA,FALSE,NA,6,10,-5,-0.5869152057713568,p,l,145,0,-0.125,60,40,40,4.092443014020803,American English,French,Spanish,1,2,3,1,2,14,1,2,3,1,2,3,1,2,3,1,3,4
4698,x0c6,1925,male,United States,United States,TRUE,TRUE,beginner,2,9,FALSE,NA,FALSE,NA,6,9,-10,-1.1944280826109728,p,l,140,0,-0.25,40,40,40,4.092443014020803,American English,French,Spanish,1,2,3,1,2,14,1,2,3,1,2,3,1,2,3,1,3,4
4698,x0c6,1925,male,United States,United States,TRUE,TRUE,beginner,2,9,FALSE,NA,FALSE,NA,6,10,-5,-0.5869152057713568,p,l,145,0,-0.25,100,20,20,2.16686694770185,American English,French,Spanish,1,2,3,1,2,14,1,2,3,1,2,3,1,2,3,1,3,4
4698,x0c6,1925,male,United States,United States,TRUE,TRUE,beginner,2,9,FALSE,NA,FALSE,NA,6,12,5,0.5676685773402819,n,h,155,0,-0.5,100,10,-10,-1.1944280826109728,American English,French,Spanish,1,2,3,1,2,14,1,2,3,1,2,3,1,2,3,1,3,4
4698,x0c6,1925,male,United States,United States,TRUE,TRUE,beginner,2,9,FALSE,NA,FALSE,NA,6,12,5,0.5676685773402819,n,h,155,0,-0.25,20,20,-20,-2.477410529609116,American English,French,Spanish,1,2,3,1,2,14,1,2,3,1,2,3,1,2,3,1,3,4
4698,x0c6,1925,male,United States,United States,TRUE,TRUE,beginner,2,9,FALSE,NA,FALSE,NA,6,12,5,0.5676685773402819,p,h,155,1,0.125,100,40,40,4.092443014020803,American English,French,Spanish,1,2,3,1,2,14,1,2,3,1,2,3,1,2,3,1,3,4
4698,x0c6,1925,male,United States,United States,TRUE,TRUE,beginner,2,9,FALSE,NA,FALSE,NA,6,10,-5,-0.5869152057713568,n,l,145,1,0.5,60,10,-10,-1.1944280826109728,American English,French,Spanish,1,2,3,1,2,14,1,2,3,1,2,3,1,2,3,1,3,4
4698,x0c6,1925,male,United States,United States,TRUE,TRUE,beginner,2,9,FALSE,NA,FALSE,NA,6,10,-5,-0.5869152057713568,p,l,145,0,-0.125,20,40,40,4.092443014020803,American English,French,Spanish,1,2,3,1,2,14,1,2,3,1,2,3,1,2,3,1,3,4
4698,x0c6,1925,male,United States,United States,TRUE,TRUE,beginner,2,9,FALSE,NA,FALSE,NA,6,12,5,0.5676685773402819,p,h,155,1,0.16666666666666666,40,30,30,3.1564128700055254,American English,French,Spanish,1,2,3,1,2,14,1,2,3,1,2,3,1,2,3,1,3,4
4698,x0c6,1925,male,United States,United States,TRUE,TRUE,beginner,2,9,FALSE,NA,FALSE,NA,6,12,5,0.5676685773402819,n,h,155,0,-0.16666666666666666,40,30,-30,-3.8631371386483475,American English,French,Spanish,1,2,3,1,2,14,1,2,3,1,2,3,1,2,3,1,3,4
4698,x0c6,1925,male,United States,United States,TRUE,TRUE,beginner,2,9,FALSE,NA,FALSE,NA,6,10,-5,-0.5869152057713568,n,l,145,1,0.16666666666666666,120,30,-30,-3.8631371386483475,American English,French,Spanish,1,2,3,1,2,14,1,2,3,1,2,3,1,2,3,1,3,4
4698,x0c6,1925,male,United States,United States,TRUE,TRUE,beginner,2,9,FALSE,NA,FALSE,NA,6,10,-5,-0.5869152057713568,n,l,145,1,0.25,120,20,-20,-2.477410529609116,American English,French,Spanish,1,2,3,1,2,14,1,2,3,1,2,3,1,2,3,1,3,4
4698,x0c6,1925,male,United States,United States,TRUE,TRUE,beginner,2,9,FALSE,NA,FALSE,NA,6,10,-5,-0.5869152057713568,n,l,145,1,0.125,20,40,-40,-5.369507723654657,American English,French,Spanish,1,2,3,1,2,14,1,2,3,1,2,3,1,2,3,1,3,4
4698,x0c6,1925,male,United States,United States,TRUE,TRUE,beginner,2,9,FALSE,NA,FALSE,NA,6,10,-5,-0.5869152057713568,p,l,145,0,-0.125,120,40,40,4.092443014020803,American English,French,Spanish,1,2,3,1,2,14,1,2,3,1,2,3,1,2,3,1,3,4
4698,x0c6,1925,male,United States,United States,TRUE,TRUE,beginner,2,9,FALSE,NA,FALSE,NA,6,12,5,0.5676685773402819,p,h,155,1,0.25,60,20,20,2.16686694770185,American English,French,Spanish,1,2,3,1,2,14,1,2,3,1,2,3,1,2,3,1,3,4
4698,x0c6,1925,male,United States,United States,TRUE,TRUE,beginner,2,9,FALSE,NA,FALSE,NA,6,10,-5,-0.5869152057713568,n,l,145,1,0.125,40,40,-40,-5.369507723654657,American English,French,Spanish,1,2,3,1,2,14,1,2,3,1,2,3,1,2,3,1,3,4
4698,x0c6,1925,male,United States,United States,TRUE,TRUE,beginner,2,9,FALSE,NA,FALSE,NA,6,12,5,0.5676685773402819,p,h,155,1,0.16666666666666666,80,30,30,3.1564128700055254,American English,French,Spanish,1,2,3,1,2,14,1,2,3,1,2,3,1,2,3,1,3,4
4698,x0c6,1925,male,United States,United States,TRUE,TRUE,beginner,2,9,FALSE,NA,FALSE,NA,6,12,5,0.5676685773402819,n,h,155,0,-0.16666666666666666,100,30,-30,-3.8631371386483475,American English,French,Spanish,1,2,3,1,2,14,1,2,3,1,2,3,1,2,3,1,3,4
4698,x0c6,1925,male,United States,United States,TRUE,TRUE,beginner,2,9,FALSE,NA,FALSE,NA,6,10,-5,-0.5869152057713568,p,l,145,0,-0.5,140,10,10,1.1173128526977774,American English,French,Spanish,1,2,3,1,2,14,1,2,3,1,2,3,1,2,3,1,3,4
4698,x0c6,1925,male,United States,United States,TRUE,TRUE,beginner,2,9,FALSE,NA,FALSE,NA,6,12,5,0.5676685773402819,n,h,155,0,-0.5,20,10,-10,-1.1944280826109728,American English,French,Spanish,1,2,3,1,2,14,1,2,3,1,2,3,1,2,3,1,3,4
4698,x0c6,1925,male,United States,United States,TRUE,TRUE,beginner,2,9,FALSE,NA,FALSE,NA,6,10,-5,-0.5869152057713568,n,l,145,1,0.125,100,40,-40,-5.369507723654657,American English,French,Spanish,1,2,3,1,2,14,1,2,3,1,2,3,1,2,3,1,3,4
4698,x0c6,1925,male,United States,United States,TRUE,TRUE,beginner,2,9,FALSE,NA,FALSE,NA,6,10,-5,-0.5869152057713568,n,l,145,1,0.125,120,40,-40,-5.369507723654657,American English,French,Spanish,1,2,3,1,2,14,1,2,3,1,2,3,1,2,3,1,3,4
4698,x0c6,1925,male,United States,United States,TRUE,TRUE,beginner,2,9,FALSE,NA,FALSE,NA,6,12,5,0.5676685773402819,n,h,155,0,-0.5,80,10,-10,-1.1944280826109728,American English,French,Spanish,1,2,3,1,2,14,1,2,3,1,2,3,1,2,3,1,3,4
4698,x0c6,1925,male,United States,United States,TRUE,TRUE,beginner,2,9,FALSE,NA,FALSE,NA,6,10,-5,-0.5869152057713568,n,l,145,1,0.125,80,40,-40,-5.369507723654657,American English,French,Spanish,1,2,3,1,2,14,1,2,3,1,2,3,1,2,3,1,3,4
4698,x0c6,1925,male,United States,United States,TRUE,TRUE,beginner,2,9,FALSE,NA,FALSE,NA,6,12,5,0.5676685773402819,0,h,155,0,NA,120,0,-0,0,American English,French,Spanish,1,2,3,1,2,14,1,2,3,1,2,3,1,2,3,1,3,4
4698,x0c6,1925,male,United States,United States,TRUE,TRUE,beginner,2,9,FALSE,NA,FALSE,NA,6,10,-5,-0.5869152057713568,n,l,145,1,0.16666666666666666,60,30,-30,-3.8631371386483475,American English,French,Spanish,1,2,3,1,2,14,1,2,3,1,2,3,1,2,3,1,3,4
4698,x0c6,1925,male,United States,United States,TRUE,TRUE,beginner,2,9,FALSE,NA,FALSE,NA,6,12,5,0.5676685773402819,p,h,155,1,0.5,120,10,10,1.1173128526977774,American English,French,Spanish,1,2,3,1,2,14,1,2,3,1,2,3,1,2,3,1,3,4
4698,x0c6,1925,male,United States,United States,TRUE,TRUE,beginner,2,9,FALSE,NA,FALSE,NA,6,10,-5,-0.5869152057713568,p,l,145,0,-0.5,40,10,10,1.1173128526977774,American English,French,Spanish,1,2,3,1,2,14,1,2,3,1,2,3,1,2,3,1,3,4
4698,x0c6,1925,male,United States,United States,TRUE,TRUE,beginner,2,9,FALSE,NA,FALSE,NA,6,12,5,0.5676685773402819,n,h,155,0,-0.5,140,10,-10,-1.1944280826109728,American English,French,Spanish,1,2,3,1,2,14,1,2,3,1,2,3,1,2,3,1,3,4
4698,x0c6,1925,male,United States,United States,TRUE,TRUE,beginner,2,9,FALSE,NA,FALSE,NA,6,10,-5,-0.5869152057713568,n,l,145,1,0.125,140,40,-40,-5.369507723654657,American English,French,Spanish,1,2,3,1,2,14,1,2,3,1,2,3,1,2,3,1,3,4
4698,x0c6,1925,male,United States,United States,TRUE,TRUE,beginner,2,9,FALSE,NA,FALSE,NA,6,12,5,0.5676685773402819,p,h,155,1,0.16666666666666666,140,30,30,3.1564128700055254,American English,French,Spanish,1,2,3,1,2,14,1,2,3,1,2,3,1,2,3,1,3,4
4698,x0c6,1925,male,United States,United States,TRUE,TRUE,beginner,2,9,FALSE,NA,FALSE,NA,6,10,-5,-0.5869152057713568,0,l,145,0,NA,60,0,-0,0,American English,French,Spanish,1,2,3,1,2,14,1,2,3,1,2,3,1,2,3,1,3,4
4698,x0c6,1925,male,United States,United States,TRUE,TRUE,beginner,2,9,FALSE,NA,FALSE,NA,6,12,5,0.5676685773402819,n,h,155,0,-0.25,80,20,-20,-2.477410529609116,American English,French,Spanish,1,2,3,1,2,14,1,2,3,1,2,3,1,2,3,1,3,4
4698,x0c6,1925,male,United States,United States,TRUE,TRUE,beginner,2,9,FALSE,NA,FALSE,NA,6,10,-5,-0.5869152057713568,n,l,145,1,0.16666666666666666,20,30,-30,-3.8631371386483475,American English,French,Spanish,1,2,3,1,2,14,1,2,3,1,2,3,1,2,3,1,3,4
4698,x0c6,1925,male,United States,United States,TRUE,TRUE,beginner,2,9,FALSE,NA,FALSE,NA,6,12,5,0.5676685773402819,0,h,155,0,NA,140,0,-0,0,American English,French,Spanish,1,2,3,1,2,14,1,2,3,1,2,3,1,2,3,1,3,4
4698,x0c6,1925,male,United States,United States,TRUE,TRUE,beginner,2,9,FALSE,NA,FALSE,NA,6,10,-5,-0.5869152057713568,p,l,145,0,-0.25,80,20,20,2.16686694770185,American English,French,Spanish,1,2,3,1,2,14,1,2,3,1,2,3,1,2,3,1,3,4
4698,x0c6,1925,male,United States,United States,TRUE,TRUE,beginner,2,9,FALSE,NA,FALSE,NA,6,12,5,0.5676685773402819,p,h,155,1,0.16666666666666666,60,30,30,3.1564128700055254,American English,French,Spanish,1,2,3,1,2,14,1,2,3,1,2,3,1,2,3,1,3,4
4698,aacx,2004,female,USA,USA,FALSE,NA,,NA,5,FALSE,NA,FALSE,NA,23,12,5,0.5676685773402819,p,h,155,1,0.125,80,40,40,4.092443014020803,English,NA,NA,1,NA,NA,0,NA,NA,1,NA,NA,1,NA,NA,1,NA,NA,1,NA,NA
4698,aacx,2004,female,USA,USA,FALSE,NA,,NA,5,FALSE,NA,FALSE,NA,23,12,5,0.5676685773402819,p,h,155,1,0.16666666666666666,60,30,30,3.1564128700055254,English,NA,NA,1,NA,NA,0,NA,NA,1,NA,NA,1,NA,NA,1,NA,NA,1,NA,NA
4698,aacx,2004,female,USA,USA,FALSE,NA,,NA,5,FALSE,NA,FALSE,NA,23,10,-5,-0.5869152057713568,p,l,145,0,-0.16666666666666666,40,30,30,3.1564128700055254,English,NA,NA,1,NA,NA,0,NA,NA,1,NA,NA,1,NA,NA,1,NA,NA,1,NA,NA
4698,aacx,2004,female,USA,USA,FALSE,NA,,NA,5,FALSE,NA,FALSE,NA,23,10,-5,-0.5869152057713568,0,l,145,0,NA,60,0,-0,0,English,NA,NA,1,NA,NA,0,NA,NA,1,NA,NA,1,NA,NA,1,NA,NA,1,NA,NA
4698,aacx,2004,female,USA,USA,FALSE,NA,,NA,5,FALSE,NA,FALSE,NA,23,10,-5,-0.5869152057713568,p,l,145,0,-0.25,20,20,20,2.16686694770185,English,NA,NA,1,NA,NA,0,NA,NA,1,NA,NA,1,NA,NA,1,NA,NA,1,NA,NA
4698,aacx,2004,female,USA,USA,FALSE,NA,,NA,5,FALSE,NA,FALSE,NA,23,12,5,0.5676685773402819,p,h,155,1,0.5,60,10,10,1.1173128526977774,English,NA,NA,1,NA,NA,0,NA,NA,1,NA,NA,1,NA,NA,1,NA,NA,1,NA,NA
4698,aacx,2004,female,USA,USA,FALSE,NA,,NA,5,FALSE,NA,FALSE,NA,23,9,-10,-1.1944280826109728,n,l,140,1,0.5,40,20,-20,-2.477410529609116,English,NA,NA,1,NA,NA,0,NA,NA,1,NA,NA,1,NA,NA,1,NA,NA,1,NA,NA
4698,aacx,2004,female,USA,USA,FALSE,NA,,NA,5,FALSE,NA,FALSE,NA,23,11,0,0,n,m,150,0,-0,120,20,-20,-2.477410529609116,English,NA,NA,1,NA,NA,0,NA,NA,1,NA,NA,1,NA,NA,1,NA,NA,1,NA,NA
4698,aacx,2004,female,USA,USA,FALSE,NA,,NA,5,FALSE,NA,FALSE,NA,23,11,0,0,n,m,150,0,-0,40,10,-10,-1.1944280826109728,English,NA,NA,1,NA,NA,0,NA,NA,1,NA,NA,1,NA,NA,1,NA,NA,1,NA,NA
4698,aacx,2004,female,USA,USA,FALSE,NA,,NA,5,FALSE,NA,FALSE,NA,23,11,0,0,p,m,150,0,0,140,20,20,2.16686694770185,English,NA,NA,1,NA,NA,0,NA,NA,1,NA,NA,1,NA,NA,1,NA,NA,1,NA,NA
4698,aacx,2004,female,USA,USA,FALSE,NA,,NA,5,FALSE,NA,FALSE,NA,23,12,5,0.5676685773402819,n,h,155,0,-0.16666666666666666,20,30,-30,-3.8631371386483475,English,NA,NA,1,NA,NA,0,NA,NA,1,NA,NA,1,NA,NA,1,NA,NA,1,NA,NA
4698,aacx,2004,female,USA,USA,FALSE,NA,,NA,5,FALSE,NA,FALSE,NA,23,12,5,0.5676685773402819,n,h,155,0,-0.5,140,10,-10,-1.1944280826109728,English,NA,NA,1,NA,NA,0,NA,NA,1,NA,NA,1,NA,NA,1,NA,NA,1,NA,NA
4698,aacx,2004,female,USA,USA,FALSE,NA,,NA,5,FALSE,NA,FALSE,NA,23,11,0,0,n,m,150,0,-0,60,10,-10,-1.1944280826109728,English,NA,NA,1,NA,NA,0,NA,NA,1,NA,NA,1,NA,NA,1,NA,NA,1,NA,NA
4698,aacx,2004,female,USA,USA,FALSE,NA,,NA,5,FALSE,NA,FALSE,NA,23,11,0,0,p,m,150,0,0,140,30,30,3.1564128700055254,English,NA,NA,1,NA,NA,0,NA,NA,1,NA,NA,1,NA,NA,1,NA,NA,1,NA,NA
4698,aacx,2004,female,USA,USA,FALSE,NA,,NA,5,FALSE,NA,FALSE,NA,23,11,0,0,p,m,150,0,0,60,20,20,2.16686694770185,English,NA,NA,1,NA,NA,0,NA,NA,1,NA,NA,1,NA,NA,1,NA,NA,1,NA,NA
4698,aacx,2004,female,USA,USA,FALSE,NA,,NA,5,FALSE,NA,FALSE,NA,23,10,-5,-0.5869152057713568,p,l,145,0,-0.5,40,10,10,1.1173128526977774,English,NA,NA,1,NA,NA,0,NA,NA,1,NA,NA,1,NA,NA,1,NA,NA,1,NA,NA
4698,aacx,2004,female,USA,USA,FALSE,NA,,NA,5,FALSE,NA,FALSE,NA,23,10,-5,-0.5869152057713568,n,l,145,1,0.125,100,40,-40,-5.369507723654657,English,NA,NA,1,NA,NA,0,NA,NA,1,NA,NA,1,NA,NA,1,NA,NA,1,NA,NA
4698,aacx,2004,female,USA,USA,FALSE,NA,,NA,5,FALSE,NA,FALSE,NA,23,11,0,0,p,m,150,0,0,120,40,40,4.092443014020803,English,NA,NA,1,NA,NA,0,NA,NA,1,NA,NA,1,NA,NA,1,NA,NA,1,NA,NA
4698,aacx,2004,female,USA,USA,FALSE,NA,,NA,5,FALSE,NA,FALSE,NA,23,10,-5,-0.5869152057713568,p,l,145,0,-0.125,40,40,40,4.092443014020803,English,NA,NA,1,NA,NA,0,NA,NA,1,NA,NA,1,NA,NA,1,NA,NA,1,NA,NA
4698,aacx,2004,female,USA,USA,FALSE,NA,,NA,5,FALSE,NA,FALSE,NA,23,10,-5,-0.5869152057713568,p,l,145,0,-0.5,80,10,10,1.1173128526977774,English,NA,NA,1,NA,NA,0,NA,NA,1,NA,NA,1,NA,NA,1,NA,NA,1,NA,NA
4698,aacx,2004,female,USA,USA,FALSE,NA,,NA,5,FALSE,NA,FALSE,NA,23,12,5,0.5676685773402819,p,h,155,1,0.125,100,40,40,4.092443014020803,English,NA,NA,1,NA,NA,0,NA,NA,1,NA,NA,1,NA,NA,1,NA,NA,1,NA,NA
4698,aacx,2004,female,USA,USA,FALSE,NA,,NA,5,FALSE,NA,FALSE,NA,23,12,5,0.5676685773402819,n,h,155,0,-0.125,80,40,-40,-5.369507723654657,English,NA,NA,1,NA,NA,0,NA,NA,1,NA,NA,1,NA,NA,1,NA,NA,1,NA,NA
4698,aacx,2004,female,USA,USA,FALSE,NA,,NA,5,FALSE,NA,FALSE,NA,23,10,-5,-0.5869152057713568,p,l,145,0,-0.16666666666666666,20,30,30,3.1564128700055254,English,NA,NA,1,NA,NA,0,NA,NA,1,NA,NA,1,NA,NA,1,NA,NA,1,NA,NA
4698,aacx,2004,female,USA,USA,FALSE,NA,,NA,5,FALSE,NA,FALSE,NA,23,10,-5,-0.5869152057713568,n,l,145,1,0.16666666666666666,120,30,-30,-3.8631371386483475,English,NA,NA,1,NA,NA,0,NA,NA,1,NA,NA,1,NA,NA,1,NA,NA,1,NA,NA
4698,aacx,2004,female,USA,USA,FALSE,NA,,NA,5,FALSE,NA,FALSE,NA,23,10,-5,-0.5869152057713568,0,l,145,0,NA,100,0,-0,0,English,NA,NA,1,NA,NA,0,NA,NA,1,NA,NA,1,NA,NA,1,NA,NA,1,NA,NA
4698,aacx,2004,female,USA,USA,FALSE,NA,,NA,5,FALSE,NA,FALSE,NA,23,10,-5,-0.5869152057713568,p,l,145,0,-0.125,20,40,40,4.092443014020803,English,NA,NA,1,NA,NA,0,NA,NA,1,NA,NA,1,NA,NA,1,NA,NA,1,NA,NA
4698,aacx,2004,female,USA,USA,FALSE,NA,,NA,5,FALSE,NA,FALSE,NA,23,10,-5,-0.5869152057713568,p,l,145,0,-0.25,80,20,20,2.16686694770185,English,NA,NA,1,NA,NA,0,NA,NA,1,NA,NA,1,NA,NA,1,NA,NA,1,NA,NA
4698,aacx,2004,female,USA,USA,FALSE,NA,,NA,5,FALSE,NA,FALSE,NA,23,11,0,0,p,m,150,0,0,120,10,10,1.1173128526977774,English,NA,NA,1,NA,NA,0,NA,NA,1,NA,NA,1,NA,NA,1,NA,NA,1,NA,NA
4698,aacx,2004,female,USA,USA,FALSE,NA,,NA,5,FALSE,NA,FALSE,NA,23,10,-5,-0.5869152057713568,n,l,145,1,0.25,100,20,-20,-2.477410529609116,English,NA,NA,1,NA,NA,0,NA,NA,1,NA,NA,1,NA,NA,1,NA,NA,1,NA,NA
4698,aacx,2004,female,USA,USA,FALSE,NA,,NA,5,FALSE,NA,FALSE,NA,23,10,-5,-0.5869152057713568,n,l,145,1,0.5,20,10,-10,-1.1944280826109728,English,NA,NA,1,NA,NA,0,NA,NA,1,NA,NA,1,NA,NA,1,NA,NA,1,NA,NA
4698,aacx,2004,female,USA,USA,FALSE,NA,,NA,5,FALSE,NA,FALSE,NA,23,10,-5,-0.5869152057713568,p,l,145,0,-0.25,100,20,20,2.16686694770185,English,NA,NA,1,NA,NA,0,NA,NA,1,NA,NA,1,NA,NA,1,NA,NA,1,NA,NA
4698,aacx,2004,female,USA,USA,FALSE,NA,,NA,5,FALSE,NA,FALSE,NA,23,12,5,0.5676685773402819,p,h,155,1,0.5,140,10,10,1.1173128526977774,English,NA,NA,1,NA,NA,0,NA,NA,1,NA,NA,1,NA,NA,1,NA,NA,1,NA,NA
4698,aacx,2004,female,USA,USA,FALSE,NA,,NA,5,FALSE,NA,FALSE,NA,23,12,5,0.5676685773402819,n,h,155,0,-0.16666666666666666,140,30,-30,-3.8631371386483475,English,NA,NA,1,NA,NA,0,NA,NA,1,NA,NA,1,NA,NA,1,NA,NA,1,NA,NA
4698,aacx,2004,female,USA,USA,FALSE,NA,,NA,5,FALSE,NA,FALSE,NA,23,13,10,1.1173128526977774,p,h,160,1,1,100,10,10,1.1173128526977774,English,NA,NA,1,NA,NA,0,NA,NA,1,NA,NA,1,NA,NA,1,NA,NA,1,NA,NA
4698,aacx,2004,female,USA,USA,FALSE,NA,,NA,5,FALSE,NA,FALSE,NA,23,10,-5,-0.5869152057713568,p,l,145,0,-0.5,20,10,10,1.1173128526977774,English,NA,NA,1,NA,NA,0,NA,NA,1,NA,NA,1,NA,NA,1,NA,NA,1,NA,NA
4698,aacx,2004,female,USA,USA,FALSE,NA,,NA,5,FALSE,NA,FALSE,NA,23,10,-5,-0.5869152057713568,n,l,145,1,0.16666666666666666,40,30,-30,-3.8631371386483475,English,NA,NA,1,NA,NA,0,NA,NA,1,NA,NA,1,NA,NA,1,NA,NA,1,NA,NA
4698,aacx,2004,female,USA,USA,FALSE,NA,,NA,5,FALSE,NA,FALSE,NA,23,10,-5,-0.5869152057713568,0,l,145,0,NA,80,0,-0,0,English,NA,NA,1,NA,NA,0,NA,NA,1,NA,NA,1,NA,NA,1,NA,NA,1,NA,NA
4698,aacx,2004,female,USA,USA,FALSE,NA,,NA,5,FALSE,NA,FALSE,NA,23,10,-5,-0.5869152057713568,n,l,145,1,0.16666666666666666,60,30,-30,-3.8631371386483475,English,NA,NA,1,NA,NA,0,NA,NA,1,NA,NA,1,NA,NA,1,NA,NA,1,NA,NA
4698,aacx,2004,female,USA,USA,FALSE,NA,,NA,5,FALSE,NA,FALSE,NA,23,10,-5,-0.5869152057713568,n,l,145,1,0.125,40,40,-40,-5.369507723654657,English,NA,NA,1,NA,NA,0,NA,NA,1,NA,NA,1,NA,NA,1,NA,NA,1,NA,NA
4698,aacx,2004,female,USA,USA,FALSE,NA,,NA,5,FALSE,NA,FALSE,NA,23,12,5,0.5676685773402819,n,h,155,0,-0.16666666666666666,80,30,-30,-3.8631371386483475,English,NA,NA,1,NA,NA,0,NA,NA,1,NA,NA,1,NA,NA,1,NA,NA,1,NA,NA
4698,aacx,2004,female,USA,USA,FALSE,NA,,NA,5,FALSE,NA,FALSE,NA,23,10,-5,-0.5869152057713568,n,l,145,1,0.125,140,40,-40,-5.369507723654657,English,NA,NA,1,NA,NA,0,NA,NA,1,NA,NA,1,NA,NA,1,NA,NA,1,NA,NA
4698,aacx,2004,female,USA,USA,FALSE,NA,,NA,5,FALSE,NA,FALSE,NA,23,12,5,0.5676685773402819,p,h,155,1,0.16666666666666666,120,30,30,3.1564128700055254,English,NA,NA,1,NA,NA,0,NA,NA,1,NA,NA,1,NA,NA,1,NA,NA,1,NA,NA
4698,aacx,2004,female,USA,USA,FALSE,NA,,NA,5,FALSE,NA,FALSE,NA,23,11,0,0,n,m,150,0,-0,60,40,-40,-5.369507723654657,English,NA,NA,1,NA,NA,0,NA,NA,1,NA,NA,1,NA,NA,1,NA,NA,1,NA,NA
4698,aacx,2004,female,USA,USA,FALSE,NA,,NA,5,FALSE,NA,FALSE,NA,23,10,-5,-0.5869152057713568,0,l,145,0,NA,120,0,-0,0,English,NA,NA,1,NA,NA,0,NA,NA,1,NA,NA,1,NA,NA,1,NA,NA,1,NA,NA
4698,aacx,2004,female,USA,USA,FALSE,NA,,NA,5,FALSE,NA,FALSE,NA,23,10,-5,-0.5869152057713568,n,l,145,1,0.5,80,10,-10,-1.1944280826109728,English,NA,NA,1,NA,NA,0,NA,NA,1,NA,NA,1,NA,NA,1,NA,NA,1,NA,NA
4698,aacx,2004,female,USA,USA,FALSE,NA,,NA,5,FALSE,NA,FALSE,NA,23,10,-5,-0.5869152057713568,p,l,145,0,-0.25,40,20,20,2.16686694770185,English,NA,NA,1,NA,NA,0,NA,NA,1,NA,NA,1,NA,NA,1,NA,NA,1,NA,NA
4698,aacx,2004,female,USA,USA,FALSE,NA,,NA,5,FALSE,NA,FALSE,NA,23,10,-5,-0.5869152057713568,n,l,145,1,0.5,120,10,-10,-1.1944280826109728,English,NA,NA,1,NA,NA,0,NA,NA,1,NA,NA,1,NA,NA,1,NA,NA,1,NA,NA
4698,aacx,2004,female,USA,USA,FALSE,NA,,NA,5,FALSE,NA,FALSE,NA,23,10,-5,-0.5869152057713568,p,l,145,0,-0.16666666666666666,100,30,30,3.1564128700055254,English,NA,NA,1,NA,NA,0,NA,NA,1,NA,NA,1,NA,NA,1,NA,NA,1,NA,NA
4698,aacx,2004,female,USA,USA,FALSE,NA,,NA,5,FALSE,NA,FALSE,NA,23,10,-5,-0.5869152057713568,n,l,145,1,0.25,60,20,-20,-2.477410529609116,English,NA,NA,1,NA,NA,0,NA,NA,1,NA,NA,1,NA,NA,1,NA,NA,1,NA,NA
4698,aacx,2004,female,USA,USA,FALSE,NA,,NA,5,FALSE,NA,FALSE,NA,23,10,-5,-0.5869152057713568,n,l,145,1,0.125,20,40,-40,-5.369507723654657,English,NA,NA,1,NA,NA,0,NA,NA,1,NA,NA,1,NA,NA,1,NA,NA,1,NA,NA
4698,aacx,2004,female,USA,USA,FALSE,NA,,NA,5,FALSE,NA,FALSE,NA,23,10,-5,-0.5869152057713568,n,l,145,1,0.25,140,20,-20,-2.477410529609116,English,NA,NA,1,NA,NA,0,NA,NA,1,NA,NA,1,NA,NA,1,NA,NA,1,NA,NA
4698,aacx,2004,female,USA,USA,FALSE,NA,,NA,5,FALSE,NA,FALSE,NA,23,10,-5,-0.5869152057713568,n,l,145,1,0.125,120,40,-40,-5.369507723654657,English,NA,NA,1,NA,NA,0,NA,NA,1,NA,NA,1,NA,NA,1,NA,NA,1,NA,NA
4698,aacx,2004,female,USA,USA,FALSE,NA,,NA,5,FALSE,NA,FALSE,NA,23,12,5,0.5676685773402819,p,h,155,1,0.125,60,40,40,4.092443014020803,English,NA,NA,1,NA,NA,0,NA,NA,1,NA,NA,1,NA,NA,1,NA,NA,1,NA,NA
4698,aacx,2004,female,USA,USA,FALSE,NA,,NA,5,FALSE,NA,FALSE,NA,23,12,5,0.5676685773402819,n,h,155,0,-0.5,100,10,-10,-1.1944280826109728,English,NA,NA,1,NA,NA,0,NA,NA,1,NA,NA,1,NA,NA,1,NA,NA,1,NA,NA
4698,aacx,2004,female,USA,USA,FALSE,NA,,NA,5,FALSE,NA,FALSE,NA,23,13,10,1.1173128526977774,p,h,160,1,0.5,120,20,20,2.16686694770185,English,NA,NA,1,NA,NA,0,NA,NA,1,NA,NA,1,NA,NA,1,NA,NA,1,NA,NA
4698,aacx,2004,female,USA,USA,FALSE,NA,,NA,5,FALSE,NA,FALSE,NA,23,13,10,1.1173128526977774,n,h,160,0,-0.5,20,20,-20,-2.477410529609116,English,NA,NA,1,NA,NA,0,NA,NA,1,NA,NA,1,NA,NA,1,NA,NA,1,NA,NA
4698,aacx,2004,female,USA,USA,FALSE,NA,,NA,5,FALSE,NA,FALSE,NA,23,12,5,0.5676685773402819,0,h,155,0,NA,100,0,-0,0,English,NA,NA,1,NA,NA,0,NA,NA,1,NA,NA,1,NA,NA,1,NA,NA,1,NA,NA
4698,aacx,2004,female,USA,USA,FALSE,NA,,NA,5,FALSE,NA,FALSE,NA,23,12,5,0.5676685773402819,p,h,155,1,0.16666666666666666,80,30,30,3.1564128700055254,English,NA,NA,1,NA,NA,0,NA,NA,1,NA,NA,1,NA,NA,1,NA,NA,1,NA,NA
4698,aacx,2004,female,USA,USA,FALSE,NA,,NA,5,FALSE,NA,FALSE,NA,23,13,10,1.1173128526977774,p,h,160,1,0.25,140,40,40,4.092443014020803,English,NA,NA,1,NA,NA,0,NA,NA,1,NA,NA,1,NA,NA,1,NA,NA,1,NA,NA
4698,aacx,2004,female,USA,USA,FALSE,NA,,NA,5,FALSE,NA,FALSE,NA,23,12,5,0.5676685773402819,n,h,155,0,-0.25,20,20,-20,-2.477410529609116,English,NA,NA,1,NA,NA,0,NA,NA,1,NA,NA,1,NA,NA,1,NA,NA,1,NA,NA
4698,aacx,2004,female,USA,USA,FALSE,NA,,NA,5,FALSE,NA,FALSE,NA,23,12,5,0.5676685773402819,n,h,155,0,-0.25,120,20,-20,-2.477410529609116,English,NA,NA,1,NA,NA,0,NA,NA,1,NA,NA,1,NA,NA,1,NA,NA,1,NA,NA
4698,aacx,2004,female,USA,USA,FALSE,NA,,NA,5,FALSE,NA,FALSE,NA,23,12,5,0.5676685773402819,n,h,155,0,-0.5,20,10,-10,-1.1944280826109728,English,NA,NA,1,NA,NA,0,NA,NA,1,NA,NA,1,NA,NA,1,NA,NA,1,NA,NA
4698,aacx,2004,female,USA,USA,FALSE,NA,,NA,5,FALSE,NA,FALSE,NA,23,10,-5,-0.5869152057713568,0,l,145,0,NA,20,0,-0,0,English,NA,NA,1,NA,NA,0,NA,NA,1,NA,NA,1,NA,NA,1,NA,NA,1,NA,NA
4698,aacx,2004,female,USA,USA,FALSE,NA,,NA,5,FALSE,NA,FALSE,NA,23,13,10,1.1173128526977774,n,h,160,0,-0.3333333333333333,60,30,-30,-3.8631371386483475,English,NA,NA,1,NA,NA,0,NA,NA,1,NA,NA,1,NA,NA,1,NA,NA,1,NA,NA
4698,aacx,2004,female,USA,USA,FALSE,NA,,NA,5,FALSE,NA,FALSE,NA,23,13,10,1.1173128526977774,0,h,160,0,NA,20,0,-0,0,English,NA,NA,1,NA,NA,0,NA,NA,1,NA,NA,1,NA,NA,1,NA,NA,1,NA,NA
4698,aacx,2004,female,USA,USA,FALSE,NA,,NA,5,FALSE,NA,FALSE,NA,23,13,10,1.1173128526977774,n,h,160,0,-0.3333333333333333,140,30,-30,-3.8631371386483475,English,NA,NA,1,NA,NA,0,NA,NA,1,NA,NA,1,NA,NA,1,NA,NA,1,NA,NA
4698,aacx,2004,female,USA,USA,FALSE,NA,,NA,5,FALSE,NA,FALSE,NA,23,9,-10,-1.1944280826109728,p,l,140,0,-0.5,60,20,20,2.16686694770185,English,NA,NA,1,NA,NA,0,NA,NA,1,NA,NA,1,NA,NA,1,NA,NA,1,NA,NA
4698,aacx,2004,female,USA,USA,FALSE,NA,,NA,5,FALSE,NA,FALSE,NA,23,13,10,1.1173128526977774,n,h,160,0,-0.25,60,40,-40,-5.369507723654657,English,NA,NA,1,NA,NA,0,NA,NA,1,NA,NA,1,NA,NA,1,NA,NA,1,NA,NA
4698,aacx,2004,female,USA,USA,FALSE,NA,,NA,5,FALSE,NA,FALSE,NA,23,12,5,0.5676685773402819,p,h,155,1,0.125,20,40,40,4.092443014020803,English,NA,NA,1,NA,NA,0,NA,NA,1,NA,NA,1,NA,NA,1,NA,NA,1,NA,NA
4698,aacx,2004,female,USA,USA,FALSE,NA,,NA,5,FALSE,NA,FALSE,NA,23,12,5,0.5676685773402819,0,h,155,0,NA,120,0,-0,0,English,NA,NA,1,NA,NA,0,NA,NA,1,NA,NA,1,NA,NA,1,NA,NA,1,NA,NA
4698,aacx,2004,female,USA,USA,FALSE,NA,,NA,5,FALSE,NA,FALSE,NA,23,12,5,0.5676685773402819,p,h,155,1,0.25,20,20,20,2.16686694770185,English,NA,NA,1,NA,NA,0,NA,NA,1,NA,NA,1,NA,NA,1,NA,NA,1,NA,NA
4698,aacx,2004,female,USA,USA,FALSE,NA,,NA,5,FALSE,NA,FALSE,NA,23,12,5,0.5676685773402819,p,h,155,1,0.16666666666666666,40,30,30,3.1564128700055254,English,NA,NA,1,NA,NA,0,NA,NA,1,NA,NA,1,NA,NA,1,NA,NA,1,NA,NA
4698,aacx,2004,female,USA,USA,FALSE,NA,,NA,5,FALSE,NA,FALSE,NA,23,12,5,0.5676685773402819,p,h,155,1,0.16666666666666666,100,30,30,3.1564128700055254,English,NA,NA,1,NA,NA,0,NA,NA,1,NA,NA,1,NA,NA,1,NA,NA,1,NA,NA
4698,aacx,2004,female,USA,USA,FALSE,NA,,NA,5,FALSE,NA,FALSE,NA,23,10,-5,-0.5869152057713568,p,l,145,0,-0.5,60,10,10,1.1173128526977774,English,NA,NA,1,NA,NA,0,NA,NA,1,NA,NA,1,NA,NA,1,NA,NA,1,NA,NA
4698,aacx,2004,female,USA,USA,FALSE,NA,,NA,5,FALSE,NA,FALSE,NA,23,9,-10,-1.1944280826109728,n,l,140,1,0.25,20,40,-40,-5.369507723654657,English,NA,NA,1,NA,NA,0,NA,NA,1,NA,NA,1,NA,NA,1,NA,NA,1,NA,NA
4698,aacx,2004,female,USA,USA,FALSE,NA,,NA,5,FALSE,NA,FALSE,NA,23,11,0,0,0,m,150,1,NA,80,0,-0,0,English,NA,NA,1,NA,NA,0,NA,NA,1,NA,NA,1,NA,NA,1,NA,NA,1,NA,NA
4698,aacx,2004,female,USA,USA,FALSE,NA,,NA,5,FALSE,NA,FALSE,NA,23,12,5,0.5676685773402819,p,h,155,1,0.5,20,10,10,1.1173128526977774,English,NA,NA,1,NA,NA,0,NA,NA,1,NA,NA,1,NA,NA,1,NA,NA,1,NA,NA
4698,aacx,2004,female,USA,USA,FALSE,NA,,NA,5,FALSE,NA,FALSE,NA,23,12,5,0.5676685773402819,p,h,155,1,0.125,60,40,40,4.092443014020803,English,NA,NA,1,NA,NA,0,NA,NA,1,NA,NA,1,NA,NA,1,NA,NA,1,NA,NA
4698,aacx,2004,female,USA,USA,FALSE,NA,,NA,5,FALSE,NA,FALSE,NA,23,12,5,0.5676685773402819,p,h,155,1,0.5,140,10,10,1.1173128526977774,English,NA,NA,1,NA,NA,0,NA,NA,1,NA,NA,1,NA,NA,1,NA,NA,1,NA,NA
4698,aacx,2004,female,USA,USA,FALSE,NA,,NA,5,FALSE,NA,FALSE,NA,23,12,5,0.5676685773402819,p,h,155,1,0.125,120,40,40,4.092443014020803,English,NA,NA,1,NA,NA,0,NA,NA,1,NA,NA,1,NA,NA,1,NA,NA,1,NA,NA
4698,aacx,2004,female,USA,USA,FALSE,NA,,NA,5,FALSE,NA,FALSE,NA,23,12,5,0.5676685773402819,p,h,155,1,0.5,100,10,10,1.1173128526977774,English,NA,NA,1,NA,NA,0,NA,NA,1,NA,NA,1,NA,NA,1,NA,NA,1,NA,NA
4698,aacx,2004,female,USA,USA,FALSE,NA,,NA,5,FALSE,NA,FALSE,NA,23,12,5,0.5676685773402819,n,h,155,0,-0.16666666666666666,80,30,-30,-3.8631371386483475,English,NA,NA,1,NA,NA,0,NA,NA,1,NA,NA,1,NA,NA,1,NA,NA,1,NA,NA
4698,aacx,2004,female,USA,USA,FALSE,NA,,NA,5,FALSE,NA,FALSE,NA,23,12,5,0.5676685773402819,n,h,155,0,-0.5,80,10,-10,-1.1944280826109728,English,NA,NA,1,NA,NA,0,NA,NA,1,NA,NA,1,NA,NA,1,NA,NA,1,NA,NA
4698,aacx,2004,female,USA,USA,FALSE,NA,,NA,5,FALSE,NA,FALSE,NA,23,13,10,1.1173128526977774,n,h,160,0,-0.3333333333333333,20,30,-30,-3.8631371386483475,English,NA,NA,1,NA,NA,0,NA,NA,1,NA,NA,1,NA,NA,1,NA,NA,1,NA,NA
4698,aacx,2004,female,USA,USA,FALSE,NA,,NA,5,FALSE,NA,FALSE,NA,23,12,5,0.5676685773402819,p,h,155,1,0.25,140,20,20,2.16686694770185,English,NA,NA,1,NA,NA,0,NA,NA,1,NA,NA,1,NA,NA,1,NA,NA,1,NA,NA
4698,aacx,2004,female,USA,USA,FALSE,NA,,NA,5,FALSE,NA,FALSE,NA,23,9,-10,-1.1944280826109728,n,l,140,1,0.25,40,40,-40,-5.369507723654657,English,NA,NA,1,NA,NA,0,NA,NA,1,NA,NA,1,NA,NA,1,NA,NA,1,NA,NA
4698,aacx,2004,female,USA,USA,FALSE,NA,,NA,5,FALSE,NA,FALSE,NA,23,10,-5,-0.5869152057713568,p,l,145,0,-0.16666666666666666,80,30,30,3.1564128700055254,English,NA,NA,1,NA,NA,0,NA,NA,1,NA,NA,1,NA,NA,1,NA,NA,1,NA,NA
4698,aacx,2004,female,USA,USA,FALSE,NA,,NA,5,FALSE,NA,FALSE,NA,23,12,5,0.5676685773402819,0,h,155,0,NA,140,0,-0,0,English,NA,NA,1,NA,NA,0,NA,NA,1,NA,NA,1,NA,NA,1,NA,NA,1,NA,NA
4698,aacx,2004,female,USA,USA,FALSE,NA,,NA,5,FALSE,NA,FALSE,NA,23,11,0,0,n,m,150,0,-0,40,30,-30,-3.8631371386483475,English,NA,NA,1,NA,NA,0,NA,NA,1,NA,NA,1,NA,NA,1,NA,NA,1,NA,NA
4698,aacx,2004,female,USA,USA,FALSE,NA,,NA,5,FALSE,NA,FALSE,NA,23,10,-5,-0.5869152057713568,n,l,145,1,0.5,60,10,-10,-1.1944280826109728,English,NA,NA,1,NA,NA,0,NA,NA,1,NA,NA,1,NA,NA,1,NA,NA,1,NA,NA
4698,aacx,2004,female,USA,USA,FALSE,NA,,NA,5,FALSE,NA,FALSE,NA,23,12,5,0.5676685773402819,p,h,155,1,0.125,100,40,40,4.092443014020803,English,NA,NA,1,NA,NA,0,NA,NA,1,NA,NA,1,NA,NA,1,NA,NA,1,NA,NA
4698,aacx,2004,female,USA,USA,FALSE,NA,,NA,5,FALSE,NA,FALSE,NA,23,12,5,0.5676685773402819,0,h,155,0,NA,40,0,-0,0,English,NA,NA,1,NA,NA,0,NA,NA,1,NA,NA,1,NA,NA,1,NA,NA,1,NA,NA
4698,aacx,2004,female,USA,USA,FALSE,NA,,NA,5,FALSE,NA,FALSE,NA,23,10,-5,-0.5869152057713568,n,l,145,1,0.125,100,40,-40,-5.369507723654657,English,NA,NA,1,NA,NA,0,NA,NA,1,NA,NA,1,NA,NA,1,NA,NA,1,NA,NA
4698,aacx,2004,female,USA,USA,FALSE,NA,,NA,5,FALSE,NA,FALSE,NA,23,12,5,0.5676685773402819,n,h,155,0,-0.16666666666666666,120,30,-30,-3.8631371386483475,English,NA,NA,1,NA,NA,0,NA,NA,1,NA,NA,1,NA,NA,1,NA,NA,1,NA,NA
4698,aacx,2004,female,USA,USA,FALSE,NA,,NA,5,FALSE,NA,FALSE,NA,23,10,-5,-0.5869152057713568,p,l,145,0,-0.16666666666666666,60,30,30,3.1564128700055254,English,NA,NA,1,NA,NA,0,NA,NA,1,NA,NA,1,NA,NA,1,NA,NA,1,NA,NA
4698,aacx,2004,female,USA,USA,FALSE,NA,,NA,5,FALSE,NA,FALSE,NA,23,12,5,0.5676685773402819,p,h,155,1,0.25,40,20,20,2.16686694770185,English,NA,NA,1,NA,NA,0,NA,NA,1,NA,NA,1,NA,NA,1,NA,NA,1,NA,NA
4698,aacx,2004,female,USA,USA,FALSE,NA,,NA,5,FALSE,NA,FALSE,NA,23,12,5,0.5676685773402819,n,h,155,0,-0.25,40,20,-20,-2.477410529609116,English,NA,NA,1,NA,NA,0,NA,NA,1,NA,NA,1,NA,NA,1,NA,NA,1,NA,NA
4698,aacx,2004,female,USA,USA,FALSE,NA,,NA,5,FALSE,NA,FALSE,NA,23,11,0,0,n,m,150,0,-0,80,20,-20,-2.477410529609116,English,NA,NA,1,NA,NA,0,NA,NA,1,NA,NA,1,NA,NA,1,NA,NA,1,NA,NA
4698,aacx,2004,female,USA,USA,FALSE,NA,,NA,5,FALSE,NA,FALSE,NA,23,13,10,1.1173128526977774,n,h,160,0,-0.5,100,20,-20,-2.477410529609116,English,NA,NA,1,NA,NA,0,NA,NA,1,NA,NA,1,NA,NA,1,NA,NA,1,NA,NA
4698,aacx,2004,female,USA,USA,FALSE,NA,,NA,5,FALSE,NA,FALSE,NA,23,12,5,0.5676685773402819,n,h,155,0,-0.125,80,40,-40,-5.369507723654657,English,NA,NA,1,NA,NA,0,NA,NA,1,NA,NA,1,NA,NA,1,NA,NA,1,NA,NA
4698,aacx,2004,female,USA,USA,FALSE,NA,,NA,5,FALSE,NA,FALSE,NA,23,10,-5,-0.5869152057713568,p,l,145,0,-0.25,120,20,20,2.16686694770185,English,NA,NA,1,NA,NA,0,NA,NA,1,NA,NA,1,NA,NA,1,NA,NA,1,NA,NA
4698,aacx,2004,female,USA,USA,FALSE,NA,,NA,5,FALSE,NA,FALSE,NA,23,12,5,0.5676685773402819,n,h,155,0,-0.125,140,40,-40,-5.369507723654657,English,NA,NA,1,NA,NA,0,NA,NA,1,NA,NA,1,NA,NA,1,NA,NA,1,NA,NA
4698,aacx,2004,female,USA,USA,FALSE,NA,,NA,5,FALSE,NA,FALSE,NA,23,12,5,0.5676685773402819,p,h,155,1,0.16666666666666666,140,30,30,3.1564128700055254,English,NA,NA,1,NA,NA,0,NA,NA,1,NA,NA,1,NA,NA,1,NA,NA,1,NA,NA
4698,aacx,2004,female,USA,USA,FALSE,NA,,NA,5,FALSE,NA,FALSE,NA,23,12,5,0.5676685773402819,p,h,155,1,0.16666666666666666,20,30,30,3.1564128700055254,English,NA,NA,1,NA,NA,0,NA,NA,1,NA,NA,1,NA,NA,1,NA,NA,1,NA,NA
4698,aacx,2004,female,USA,USA,FALSE,NA,,NA,5,FALSE,NA,FALSE,NA,23,12,5,0.5676685773402819,p,h,155,1,0.5,40,10,10,1.1173128526977774,English,NA,NA,1,NA,NA,0,NA,NA,1,NA,NA,1,NA,NA,1,NA,NA,1,NA,NA
4698,aacx,2004,female,USA,USA,FALSE,NA,,NA,5,FALSE,NA,FALSE,NA,23,13,10,1.1173128526977774,p,h,160,1,0.3333333333333333,120,30,30,3.1564128700055254,English,NA,NA,1,NA,NA,0,NA,NA,1,NA,NA,1,NA,NA,1,NA,NA,1,NA,NA
4698,aacx,2004,female,USA,USA,FALSE,NA,,NA,5,FALSE,NA,FALSE,NA,23,12,5,0.5676685773402819,p,h,155,1,0.125,80,40,40,4.092443014020803,English,NA,NA,1,NA,NA,0,NA,NA,1,NA,NA,1,NA,NA,1,NA,NA,1,NA,NA
4698,aacx,2004,female,USA,USA,FALSE,NA,,NA,5,FALSE,NA,FALSE,NA,23,12,5,0.5676685773402819,n,h,155,0,-0.25,60,20,-20,-2.477410529609116,English,NA,NA,1,NA,NA,0,NA,NA,1,NA,NA,1,NA,NA,1,NA,NA,1,NA,NA
4698,aacx,2004,female,USA,USA,FALSE,NA,,NA,5,FALSE,NA,FALSE,NA,23,13,10,1.1173128526977774,p,h,160,1,0.25,140,40,40,4.092443014020803,English,NA,NA,1,NA,NA,0,NA,NA,1,NA,NA,1,NA,NA,1,NA,NA,1,NA,NA
4698,aacx,2004,female,USA,USA,FALSE,NA,,NA,5,FALSE,NA,FALSE,NA,23,10,-5,-0.5869152057713568,n,l,145,1,0.25,140,20,-20,-2.477410529609116,English,NA,NA,1,NA,NA,0,NA,NA,1,NA,NA,1,NA,NA,1,NA,NA,1,NA,NA
4698,aacx,2004,female,USA,USA,FALSE,NA,,NA,5,FALSE,NA,FALSE,NA,23,12,5,0.5676685773402819,p,h,155,1,0.25,80,20,20,2.16686694770185,English,NA,NA,1,NA,NA,0,NA,NA,1,NA,NA,1,NA,NA,1,NA,NA,1,NA,NA
unknown_lab,edpr,1987,male,United States,United States,FALSE,FALSE,,NA,2,FALSE,NA,FALSE,NA,37,10,-5,-0.5869152057713568,n,l,145,1,0.125,60,40,-40,-5.369507723654657,English,NA,NA,1,NA,NA,0,NA,NA,1,NA,NA,1,NA,NA,1,NA,NA,1,NA,NA
unknown_lab,edpr,1987,male,United States,United States,FALSE,FALSE,,NA,2,FALSE,NA,FALSE,NA,37,11,0,0,n,m,150,0,-0,20,20,-20,-2.477410529609116,English,NA,NA,1,NA,NA,0,NA,NA,1,NA,NA,1,NA,NA,1,NA,NA,1,NA,NA
unknown_lab,edpr,1987,male,United States,United States,FALSE,FALSE,,NA,2,FALSE,NA,FALSE,NA,37,11,0,0,p,m,150,0,0,120,10,10,1.1173128526977774,English,NA,NA,1,NA,NA,0,NA,NA,1,NA,NA,1,NA,NA,1,NA,NA,1,NA,NA
unknown_lab,edpr,1987,male,United States,United States,FALSE,FALSE,,NA,2,FALSE,NA,FALSE,NA,37,11,0,0,n,m,150,0,-0,40,10,-10,-1.1944280826109728,English,NA,NA,1,NA,NA,0,NA,NA,1,NA,NA,1,NA,NA,1,NA,NA,1,NA,NA
unknown_lab,edpr,1987,male,United States,United States,FALSE,FALSE,,NA,2,FALSE,NA,FALSE,NA,37,11,0,0,p,m,150,0,0,80,20,20,2.16686694770185,English,NA,NA,1,NA,NA,0,NA,NA,1,NA,NA,1,NA,NA,1,NA,NA,1,NA,NA
unknown_lab,edpr,1987,male,United States,United States,FALSE,FALSE,,NA,2,FALSE,NA,FALSE,NA,37,11,0,0,n,m,150,0,-0,80,40,-40,-5.369507723654657,English,NA,NA,1,NA,NA,0,NA,NA,1,NA,NA,1,NA,NA,1,NA,NA,1,NA,NA
unknown_lab,edpr,1987,male,United States,United States,FALSE,FALSE,,NA,2,FALSE,NA,FALSE,NA,37,11,0,0,p,m,150,0,0,60,40,40,4.092443014020803,English,NA,NA,1,NA,NA,0,NA,NA,1,NA,NA,1,NA,NA,1,NA,NA,1,NA,NA
unknown_lab,edpr,1987,male,United States,United States,FALSE,FALSE,,NA,2,FALSE,NA,FALSE,NA,37,11,0,0,p,m,150,0,0,120,30,30,3.1564128700055254,English,NA,NA,1,NA,NA,0,NA,NA,1,NA,NA,1,NA,NA,1,NA,NA,1,NA,NA
unknown_lab,edpr,1987,male,United States,United States,FALSE,FALSE,,NA,2,FALSE,NA,FALSE,NA,37,11,0,0,0,m,150,1,NA,100,0,-0,0,English,NA,NA,1,NA,NA,0,NA,NA,1,NA,NA,1,NA,NA,1,NA,NA,1,NA,NA
unknown_lab,edpr,1987,male,United States,United States,FALSE,FALSE,,NA,2,FALSE,NA,FALSE,NA,37,11,0,0,p,m,150,0,0,100,20,20,2.16686694770185,English,NA,NA,1,NA,NA,0,NA,NA,1,NA,NA,1,NA,NA,1,NA,NA,1,NA,NA
unknown_lab,edpr,1987,male,United States,United States,FALSE,FALSE,,NA,2,FALSE,NA,FALSE,NA,37,8,-15,-1.8240371213405995,n,l,135,1,0.375,140,40,-40,-5.369507723654657,English,NA,NA,1,NA,NA,0,NA,NA,1,NA,NA,1,NA,NA,1,NA,NA,1,NA,NA
unknown_lab,edpr,1987,male,United States,United States,FALSE,FALSE,,NA,2,FALSE,NA,FALSE,NA,37,11,0,0,p,m,150,0,0,100,30,30,3.1564128700055254,English,NA,NA,1,NA,NA,0,NA,NA,1,NA,NA,1,NA,NA,1,NA,NA,1,NA,NA
unknown_lab,edpr,1987,male,United States,United States,FALSE,FALSE,,NA,2,FALSE,NA,FALSE,NA,37,11,0,0,p,m,150,0,0,140,10,10,1.1173128526977774,English,NA,NA,1,NA,NA,0,NA,NA,1,NA,NA,1,NA,NA,1,NA,NA,1,NA,NA
unknown_lab,edpr,1987,male,United States,United States,FALSE,FALSE,,NA,2,FALSE,NA,FALSE,NA,37,11,0,0,n,m,150,0,-0,80,30,-30,-3.8631371386483475,English,NA,NA,1,NA,NA,0,NA,NA,1,NA,NA,1,NA,NA,1,NA,NA,1,NA,NA
unknown_lab,edpr,1987,male,United States,United States,FALSE,FALSE,,NA,2,FALSE,NA,FALSE,NA,37,11,0,0,n,m,150,0,-0,20,10,-10,-1.1944280826109728,English,NA,NA,1,NA,NA,0,NA,NA,1,NA,NA,1,NA,NA,1,NA,NA,1,NA,NA
unknown_lab,edpr,1987,male,United States,United States,FALSE,FALSE,,NA,2,FALSE,NA,FALSE,NA,37,11,0,0,0,m,150,1,NA,60,0,-0,0,English,NA,NA,1,NA,NA,0,NA,NA,1,NA,NA,1,NA,NA,1,NA,NA,1,NA,NA
unknown_lab,edpr,1987,male,United States,United States,FALSE,FALSE,,NA,2,FALSE,NA,FALSE,NA,37,11,0,0,0,m,150,1,NA,20,0,-0,0,English,NA,NA,1,NA,NA,0,NA,NA,1,NA,NA,1,NA,NA,1,NA,NA,1,NA,NA
unknown_lab,edpr,1987,male,United States,United States,FALSE,FALSE,,NA,2,FALSE,NA,FALSE,NA,37,11,0,0,p,m,150,0,0,20,20,20,2.16686694770185,English,NA,NA,1,NA,NA,0,NA,NA,1,NA,NA,1,NA,NA,1,NA,NA,1,NA,NA
unknown_lab,edpr,1987,male,United States,United States,FALSE,FALSE,,NA,2,FALSE,NA,FALSE,NA,37,11,0,0,p,m,150,0,0,40,30,30,3.1564128700055254,English,NA,NA,1,NA,NA,0,NA,NA,1,NA,NA,1,NA,NA,1,NA,NA,1,NA,NA
unknown_lab,edpr,1987,male,United States,United States,FALSE,FALSE,,NA,2,FALSE,NA,FALSE,NA,37,11,0,0,n,m,150,0,-0,140,20,-20,-2.477410529609116,English,NA,NA,1,NA,NA,0,NA,NA,1,NA,NA,1,NA,NA,1,NA,NA,1,NA,NA
unknown_lab,edpr,1987,male,United States,United States,FALSE,FALSE,,NA,2,FALSE,NA,FALSE,NA,37,11,0,0,n,m,150,0,-0,60,30,-30,-3.8631371386483475,English,NA,NA,1,NA,NA,0,NA,NA,1,NA,NA,1,NA,NA,1,NA,NA,1,NA,NA
unknown_lab,edpr,1987,male,United States,United States,FALSE,FALSE,,NA,2,FALSE,NA,FALSE,NA,37,11,0,0,n,m,150,0,-0,20,40,-40,-5.369507723654657,English,NA,NA,1,NA,NA,0,NA,NA,1,NA,NA,1,NA,NA,1,NA,NA,1,NA,NA
unknown_lab,edpr,1987,male,United States,United States,FALSE,FALSE,,NA,2,FALSE,NA,FALSE,NA,37,11,0,0,n,m,150,0,-0,100,10,-10,-1.1944280826109728,English,NA,NA,1,NA,NA,0,NA,NA,1,NA,NA,1,NA,NA,1,NA,NA,1,NA,NA
unknown_lab,edpr,1987,male,United States,United States,FALSE,FALSE,,NA,2,FALSE,NA,FALSE,NA,37,11,0,0,n,m,150,0,-0,40,40,-40,-5.369507723654657,English,NA,NA,1,NA,NA,0,NA,NA,1,NA,NA,1,NA,NA,1,NA,NA,1,NA,NA
unknown_lab,edpr,1987,male,United States,United States,FALSE,FALSE,,NA,2,FALSE,NA,FALSE,NA,37,11,0,0,p,m,150,0,0,60,10,10,1.1173128526977774,English,NA,NA,1,NA,NA,0,NA,NA,1,NA,NA,1,NA,NA,1,NA,NA,1,NA,NA
unknown_lab,edpr,1987,male,United States,United States,FALSE,FALSE,,NA,2,FALSE,NA,FALSE,NA,37,11,0,0,p,m,150,0,0,60,30,30,3.1564128700055254,English,NA,NA,1,NA,NA,0,NA,NA,1,NA,NA,1,NA,NA,1,NA,NA,1,NA,NA
unknown_lab,edpr,1987,male,United States,United States,FALSE,FALSE,,NA,2,FALSE,NA,FALSE,NA,37,11,0,0,n,m,150,0,-0,40,30,-30,-3.8631371386483475,English,NA,NA,1,NA,NA,0,NA,NA,1,NA,NA,1,NA,NA,1,NA,NA,1,NA,NA
unknown_lab,edpr,1987,male,United States,United States,FALSE,FALSE,,NA,2,FALSE,NA,FALSE,NA,37,11,0,0,n,m,150,0,-0,40,20,-20,-2.477410529609116,English,NA,NA,1,NA,NA,0,NA,NA,1,NA,NA,1,NA,NA,1,NA,NA,1,NA,NA
unknown_lab,edpr,1987,male,United States,United States,FALSE,FALSE,,NA,2,FALSE,NA,FALSE,NA,37,11,0,0,p,m,150,0,0,20,10,10,1.1173128526977774,English,NA,NA,1,NA,NA,0,NA,NA,1,NA,NA,1,NA,NA,1,NA,NA,1,NA,NA
unknown_lab,edpr,1987,male,United States,United States,FALSE,FALSE,,NA,2,FALSE,NA,FALSE,NA,37,11,0,0,p,m,150,0,0,60,20,20,2.16686694770185,English,NA,NA,1,NA,NA,0,NA,NA,1,NA,NA,1,NA,NA,1,NA,NA,1,NA,NA
unknown_lab,edpr,1987,male,United States,United States,FALSE,FALSE,,NA,2,FALSE,NA,FALSE,NA,37,11,0,0,p,m,150,0,0,140,20,20,2.16686694770185,English,NA,NA,1,NA,NA,0,NA,NA,1,NA,NA,1,NA,NA,1,NA,NA,1,NA,NA
unknown_lab,edpr,1987,male,United States,United States,FALSE,FALSE,,NA,2,FALSE,NA,FALSE,NA,37,11,0,0,p,m,150,0,0,120,20,20,2.16686694770185,English,NA,NA,1,NA,NA,0,NA,NA,1,NA,NA,1,NA,NA,1,NA,NA,1,NA,NA
unknown_lab,edpr,1987,male,United States,United States,FALSE,FALSE,,NA,2,FALSE,NA,FALSE,NA,37,11,0,0,n,m,150,0,-0,140,10,-10,-1.1944280826109728,English,NA,NA,1,NA,NA,0,NA,NA,1,NA,NA,1,NA,NA,1,NA,NA,1,NA,NA
unknown_lab,edpr,1987,male,United States,United States,FALSE,FALSE,,NA,2,FALSE,NA,FALSE,NA,37,11,0,0,n,m,150,0,-0,80,20,-20,-2.477410529609116,English,NA,NA,1,NA,NA,0,NA,NA,1,NA,NA,1,NA,NA,1,NA,NA,1,NA,NA
unknown_lab,edpr,1987,male,United States,United States,FALSE,FALSE,,NA,2,FALSE,NA,FALSE,NA,37,12,5,0.5676685773402819,0,h,155,0,NA,40,0,-0,0,English,NA,NA,1,NA,NA,0,NA,NA,1,NA,NA,1,NA,NA,1,NA,NA,1,NA,NA
unknown_lab,edpr,1987,male,United States,United States,FALSE,FALSE,,NA,2,FALSE,NA,FALSE,NA,37,11,0,0,0,m,150,1,NA,120,0,-0,0,English,NA,NA,1,NA,NA,0,NA,NA,1,NA,NA,1,NA,NA,1,NA,NA,1,NA,NA
unknown_lab,edpr,1987,male,United States,United States,FALSE,FALSE,,NA,2,FALSE,NA,FALSE,NA,37,8,-15,-1.8240371213405995,n,l,135,1,0.375,100,40,-40,-5.369507723654657,English,NA,NA,1,NA,NA,0,NA,NA,1,NA,NA,1,NA,NA,1,NA,NA,1,NA,NA
unknown_lab,edpr,1987,male,United States,United States,FALSE,FALSE,,NA,2,FALSE,NA,FALSE,NA,37,11,0,0,0,m,150,1,NA,40,0,-0,0,English,NA,NA,1,NA,NA,0,NA,NA,1,NA,NA,1,NA,NA,1,NA,NA,1,NA,NA
unknown_lab,edpr,1987,male,United States,United States,FALSE,FALSE,,NA,2,FALSE,NA,FALSE,NA,37,11,0,0,p,m,150,0,0,40,10,10,1.1173128526977774,English,NA,NA,1,NA,NA,0,NA,NA,1,NA,NA,1,NA,NA,1,NA,NA,1,NA,NA
unknown_lab,edpr,1987,male,United States,United States,FALSE,FALSE,,NA,2,FALSE,NA,FALSE,NA,37,11,0,0,p,m,150,0,0,20,30,30,3.1564128700055254,English,NA,NA,1,NA,NA,0,NA,NA,1,NA,NA,1,NA,NA,1,NA,NA,1,NA,NA
unknown_lab,edpr,1987,male,United States,United States,FALSE,FALSE,,NA,2,FALSE,NA,FALSE,NA,37,11,0,0,n,m,150,0,-0,60,10,-10,-1.1944280826109728,English,NA,NA,1,NA,NA,0,NA,NA,1,NA,NA,1,NA,NA,1,NA,NA,1,NA,NA
unknown_lab,edpr,1987,male,United States,United States,FALSE,FALSE,,NA,2,FALSE,NA,FALSE,NA,37,11,0,0,p,m,150,0,0,100,10,10,1.1173128526977774,English,NA,NA,1,NA,NA,0,NA,NA,1,NA,NA,1,NA,NA,1,NA,NA,1,NA,NA
unknown_lab,edpr,1987,male,United States,United States,FALSE,FALSE,,NA,2,FALSE,NA,FALSE,NA,37,7,-20,-2.477410529609116,n,l,130,1,0.6666666666666666,140,30,-30,-3.8631371386483475,English,NA,NA,1,NA,NA,0,NA,NA,1,NA,NA,1,NA,NA,1,NA,NA,1,NA,NA
unknown_lab,edpr,1987,male,United States,United States,FALSE,FALSE,,NA,2,FALSE,NA,FALSE,NA,37,11,0,0,n,m,150,0,-0,60,20,-20,-2.477410529609116,English,NA,NA,1,NA,NA,0,NA,NA,1,NA,NA,1,NA,NA,1,NA,NA,1,NA,NA
unknown_lab,edpr,1987,male,United States,United States,FALSE,FALSE,,NA,2,FALSE,NA,FALSE,NA,37,11,0,0,n,m,150,0,-0,100,20,-20,-2.477410529609116,English,NA,NA,1,NA,NA,0,NA,NA,1,NA,NA,1,NA,NA,1,NA,NA,1,NA,NA
unknown_lab,edpr,1987,male,United States,United States,FALSE,FALSE,,NA,2,FALSE,NA,FALSE,NA,37,11,0,0,n,m,150,0,-0,120,30,-30,-3.8631371386483475,English,NA,NA,1,NA,NA,0,NA,NA,1,NA,NA,1,NA,NA,1,NA,NA,1,NA,NA
unknown_lab,edpr,1987,male,United States,United States,FALSE,FALSE,,NA,2,FALSE,NA,FALSE,NA,37,11,0,0,n,m,150,0,-0,120,20,-20,-2.477410529609116,English,NA,NA,1,NA,NA,0,NA,NA,1,NA,NA,1,NA,NA,1,NA,NA,1,NA,NA
unknown_lab,edpr,1987,male,United States,United States,FALSE,FALSE,,NA,2,FALSE,NA,FALSE,NA,37,11,0,0,p,m,150,0,0,40,40,40,4.092443014020803,English,NA,NA,1,NA,NA,0,NA,NA,1,NA,NA,1,NA,NA,1,NA,NA,1,NA,NA
unknown_lab,edpr,1987,male,United States,United States,FALSE,FALSE,,NA,2,FALSE,NA,FALSE,NA,37,11,0,0,0,m,150,1,NA,80,0,-0,0,English,NA,NA,1,NA,NA,0,NA,NA,1,NA,NA,1,NA,NA,1,NA,NA,1,NA,NA
unknown_lab,edpr,1987,male,United States,United States,FALSE,FALSE,,NA,2,FALSE,NA,FALSE,NA,37,11,0,0,n,m,150,0,-0,20,30,-30,-3.8631371386483475,English,NA,NA,1,NA,NA,0,NA,NA,1,NA,NA,1,NA,NA,1,NA,NA,1,NA,NA
unknown_lab,edpr,1987,male,United States,United States,FALSE,FALSE,,NA,2,FALSE,NA,FALSE,NA,37,7,-20,-2.477410529609116,p,l,130,0,-0.5,140,40,40,4.092443014020803,English,NA,NA,1,NA,NA,0,NA,NA,1,NA,NA,1,NA,NA,1,NA,NA,1,NA,NA
unknown_lab,edpr,1987,male,United States,United States,FALSE,FALSE,,NA,2,FALSE,NA,FALSE,NA,37,11,0,0,n,m,150,0,-0,120,10,-10,-1.1944280826109728,English,NA,NA,1,NA,NA,0,NA,NA,1,NA,NA,1,NA,NA,1,NA,NA,1,NA,NA
unknown_lab,edpr,1987,male,United States,United States,FALSE,FALSE,,NA,2,FALSE,NA,FALSE,NA,37,11,0,0,p,m,150,0,0,80,10,10,1.1173128526977774,English,NA,NA,1,NA,NA,0,NA,NA,1,NA,NA,1,NA,NA,1,NA,NA,1,NA,NA
unknown_lab,edpr,1987,male,United States,United States,FALSE,FALSE,,NA,2,FALSE,NA,FALSE,NA,37,11,0,0,p,m,150,0,0,20,40,40,4.092443014020803,English,NA,NA,1,NA,NA,0,NA,NA,1,NA,NA,1,NA,NA,1,NA,NA,1,NA,NA
unknown_lab,edpr,1987,male,United States,United States,FALSE,FALSE,,NA,2,FALSE,NA,FALSE,NA,37,11,0,0,0,m,150,1,NA,140,0,-0,0,English,NA,NA,1,NA,NA,0,NA,NA,1,NA,NA,1,NA,NA,1,NA,NA,1,NA,NA
unknown_lab,edpr,1987,male,United States,United States,FALSE,FALSE,,NA,2,FALSE,NA,FALSE,NA,37,11,0,0,p,m,150,0,0,60,30,30,3.1564128700055254,English,NA,NA,1,NA,NA,0,NA,NA,1,NA,NA,1,NA,NA,1,NA,NA,1,NA,NA
unknown_lab,edpr,1987,male,United States,United States,FALSE,FALSE,,NA,2,FALSE,NA,FALSE,NA,37,11,0,0,n,m,150,0,-0,20,40,-40,-5.369507723654657,English,NA,NA,1,NA,NA,0,NA,NA,1,NA,NA,1,NA,NA,1,NA,NA,1,NA,NA
unknown_lab,edpr,1987,male,United States,United States,FALSE,FALSE,,NA,2,FALSE,NA,FALSE,NA,37,11,0,0,n,m,150,0,-0,40,10,-10,-1.1944280826109728,English,NA,NA,1,NA,NA,0,NA,NA,1,NA,NA,1,NA,NA,1,NA,NA,1,NA,NA
unknown_lab,edpr,1987,male,United States,United States,FALSE,FALSE,,NA,2,FALSE,NA,FALSE,NA,37,11,0,0,n,m,150,0,-0,60,10,-10,-1.1944280826109728,English,NA,NA,1,NA,NA,0,NA,NA,1,NA,NA,1,NA,NA,1,NA,NA,1,NA,NA
unknown_lab,edpr,1987,male,United States,United States,FALSE,FALSE,,NA,2,FALSE,NA,FALSE,NA,37,11,0,0,0,m,150,1,NA,60,0,-0,0,English,NA,NA,1,NA,NA,0,NA,NA,1,NA,NA,1,NA,NA,1,NA,NA,1,NA,NA
unknown_lab,edpr,1987,male,United States,United States,FALSE,FALSE,,NA,2,FALSE,NA,FALSE,NA,37,11,0,0,n,m,150,0,-0,20,20,-20,-2.477410529609116,English,NA,NA,1,NA,NA,0,NA,NA,1,NA,NA,1,NA,NA,1,NA,NA,1,NA,NA
unknown_lab,edpr,1987,male,United States,United States,FALSE,FALSE,,NA,2,FALSE,NA,FALSE,NA,37,11,0,0,p,m,150,0,0,40,40,40,4.092443014020803,English,NA,NA,1,NA,NA,0,NA,NA,1,NA,NA,1,NA,NA,1,NA,NA,1,NA,NA
unknown_lab,edpr,1987,male,United States,United States,FALSE,FALSE,,NA,2,FALSE,NA,FALSE,NA,37,11,0,0,p,m,150,0,0,100,10,10,1.1173128526977774,English,NA,NA,1,NA,NA,0,NA,NA,1,NA,NA,1,NA,NA,1,NA,NA,1,NA,NA
unknown_lab,edpr,1987,male,United States,United States,FALSE,FALSE,,NA,2,FALSE,NA,FALSE,NA,37,11,0,0,p,m,150,0,0,100,30,30,3.1564128700055254,English,NA,NA,1,NA,NA,0,NA,NA,1,NA,NA,1,NA,NA,1,NA,NA,1,NA,NA
unknown_lab,edpr,1987,male,United States,United States,FALSE,FALSE,,NA,2,FALSE,NA,FALSE,NA,37,11,0,0,n,m,150,0,-0,40,30,-30,-3.8631371386483475,English,NA,NA,1,NA,NA,0,NA,NA,1,NA,NA,1,NA,NA,1,NA,NA,1,NA,NA
unknown_lab,edpr,1987,male,United States,United States,FALSE,FALSE,,NA,2,FALSE,NA,FALSE,NA,37,11,0,0,p,m,150,0,0,40,30,30,3.1564128700055254,English,NA,NA,1,NA,NA,0,NA,NA,1,NA,NA,1,NA,NA,1,NA,NA,1,NA,NA
unknown_lab,edpr,1987,male,United States,United States,FALSE,FALSE,,NA,2,FALSE,NA,FALSE,NA,37,11,0,0,n,m,150,0,-0,20,30,-30,-3.8631371386483475,English,NA,NA,1,NA,NA,0,NA,NA,1,NA,NA,1,NA,NA,1,NA,NA,1,NA,NA
unknown_lab,edpr,1987,male,United States,United States,FALSE,FALSE,,NA,2,FALSE,NA,FALSE,NA,37,11,0,0,0,m,150,1,NA,140,0,-0,0,English,NA,NA,1,NA,NA,0,NA,NA,1,NA,NA,1,NA,NA,1,NA,NA,1,NA,NA
unknown_lab,edpr,1987,male,United States,United States,FALSE,FALSE,,NA,2,FALSE,NA,FALSE,NA,37,11,0,0,p,m,150,0,0,60,20,20,2.16686694770185,English,NA,NA,1,NA,NA,0,NA,NA,1,NA,NA,1,NA,NA,1,NA,NA,1,NA,NA
unknown_lab,edpr,1987,male,United States,United States,FALSE,FALSE,,NA,2,FALSE,NA,FALSE,NA,37,14,15,1.6500422849992202,p,h,165,1,0.5,140,30,30,3.1564128700055254,English,NA,NA,1,NA,NA,0,NA,NA,1,NA,NA,1,NA,NA,1,NA,NA,1,NA,NA
unknown_lab,edpr,1987,male,United States,United States,FALSE,FALSE,,NA,2,FALSE,NA,FALSE,NA,37,11,0,0,n,m,150,0,-0,60,20,-20,-2.477410529609116,English,NA,NA,1,NA,NA,0,NA,NA,1,NA,NA,1,NA,NA,1,NA,NA,1,NA,NA
unknown_lab,edpr,1987,male,United States,United States,FALSE,FALSE,,NA,2,FALSE,NA,FALSE,NA,37,11,0,0,p,m,150,0,0,40,10,10,1.1173128526977774,English,NA,NA,1,NA,NA,0,NA,NA,1,NA,NA,1,NA,NA,1,NA,NA,1,NA,NA
unknown_lab,edpr,1987,male,United States,United States,FALSE,FALSE,,NA,2,FALSE,NA,FALSE,NA,37,9,-10,-1.1944280826109728,n,l,140,1,0.25,100,40,-40,-5.369507723654657,English,NA,NA,1,NA,NA,0,NA,NA,1,NA,NA,1,NA,NA,1,NA,NA,1,NA,NA
unknown_lab,edpr,1987,male,United States,United States,FALSE,FALSE,,NA,2,FALSE,NA,FALSE,NA,37,11,0,0,p,m,150,0,0,40,20,20,2.16686694770185,English,NA,NA,1,NA,NA,0,NA,NA,1,NA,NA,1,NA,NA,1,NA,NA,1,NA,NA
unknown_lab,edpr,1987,male,United States,United States,FALSE,FALSE,,NA,2,FALSE,NA,FALSE,NA,37,12,5,0.5676685773402819,p,h,155,1,0.5,120,10,10,1.1173128526977774,English,NA,NA,1,NA,NA,0,NA,NA,1,NA,NA,1,NA,NA,1,NA,NA,1,NA,NA
unknown_lab,edpr,1987,male,United States,United States,FALSE,FALSE,,NA,2,FALSE,NA,FALSE,NA,37,11,0,0,n,m,150,0,-0,140,10,-10,-1.1944280826109728,English,NA,NA,1,NA,NA,0,NA,NA,1,NA,NA,1,NA,NA,1,NA,NA,1,NA,NA
unknown_lab,edpr,1987,male,United States,United States,FALSE,FALSE,,NA,2,FALSE,NA,FALSE,NA,37,12,5,0.5676685773402819,p,h,155,1,0.125,120,40,40,4.092443014020803,English,NA,NA,1,NA,NA,0,NA,NA,1,NA,NA,1,NA,NA,1,NA,NA,1,NA,NA
unknown_lab,edpr,1987,male,United States,United States,FALSE,FALSE,,NA,2,FALSE,NA,FALSE,NA,37,11,0,0,n,m,150,0,-0,80,30,-30,-3.8631371386483475,English,NA,NA,1,NA,NA,0,NA,NA,1,NA,NA,1,NA,NA,1,NA,NA,1,NA,NA
unknown_lab,edpr,1987,male,United States,United States,FALSE,FALSE,,NA,2,FALSE,NA,FALSE,NA,37,11,0,0,n,m,150,0,-0,100,30,-30,-3.8631371386483475,English,NA,NA,1,NA,NA,0,NA,NA,1,NA,NA,1,NA,NA,1,NA,NA,1,NA,NA
unknown_lab,edpr,1987,male,United States,United States,FALSE,FALSE,,NA,2,FALSE,NA,FALSE,NA,37,11,0,0,n,m,150,0,-0,40,40,-40,-5.369507723654657,English,NA,NA,1,NA,NA,0,NA,NA,1,NA,NA,1,NA,NA,1,NA,NA,1,NA,NA
unknown_lab,edpr,1987,male,United States,United States,FALSE,FALSE,,NA,2,FALSE,NA,FALSE,NA,37,11,0,0,p,m,150,0,0,80,30,30,3.1564128700055254,English,NA,NA,1,NA,NA,0,NA,NA,1,NA,NA,1,NA,NA,1,NA,NA,1,NA,NA
unknown_lab,edpr,1987,male,United States,United States,FALSE,FALSE,,NA,2,FALSE,NA,FALSE,NA,37,11,0,0,p,m,150,0,0,20,30,30,3.1564128700055254,English,NA,NA,1,NA,NA,0,NA,NA,1,NA,NA,1,NA,NA,1,NA,NA,1,NA,NA
unknown_lab,edpr,1987,male,United States,United States,FALSE,FALSE,,NA,2,FALSE,NA,FALSE,NA,37,11,0,0,n,m,150,0,-0,100,20,-20,-2.477410529609116,English,NA,NA,1,NA,NA,0,NA,NA,1,NA,NA,1,NA,NA,1,NA,NA,1,NA,NA
unknown_lab,edpr,1987,male,United States,United States,FALSE,FALSE,,NA,2,FALSE,NA,FALSE,NA,37,11,0,0,n,m,150,0,-0,80,20,-20,-2.477410529609116,English,NA,NA,1,NA,NA,0,NA,NA,1,NA,NA,1,NA,NA,1,NA,NA,1,NA,NA
unknown_lab,edpr,1987,male,United States,United States,FALSE,FALSE,,NA,2,FALSE,NA,FALSE,NA,37,11,0,0,n,m,150,0,-0,40,20,-20,-2.477410529609116,English,NA,NA,1,NA,NA,0,NA,NA,1,NA,NA,1,NA,NA,1,NA,NA,1,NA,NA
unknown_lab,edpr,1987,male,United States,United States,FALSE,FALSE,,NA,2,FALSE,NA,FALSE,NA,37,12,5,0.5676685773402819,p,h,155,1,0.25,120,20,20,2.16686694770185,English,NA,NA,1,NA,NA,0,NA,NA,1,NA,NA,1,NA,NA,1,NA,NA,1,NA,NA
unknown_lab,edpr,1987,male,United States,United States,FALSE,FALSE,,NA,2,FALSE,NA,FALSE,NA,37,11,0,0,n,m,150,0,-0,120,10,-10,-1.1944280826109728,English,NA,NA,1,NA,NA,0,NA,NA,1,NA,NA,1,NA,NA,1,NA,NA,1,NA,NA
unknown_lab,edpr,1987,male,United States,United States,FALSE,FALSE,,NA,2,FALSE,NA,FALSE,NA,37,11,0,0,n,m,150,0,-0,100,10,-10,-1.1944280826109728,English,NA,NA,1,NA,NA,0,NA,NA,1,NA,NA,1,NA,NA,1,NA,NA,1,NA,NA
unknown_lab,edpr,1987,male,United States,United States,FALSE,FALSE,,NA,2,FALSE,NA,FALSE,NA,37,12,5,0.5676685773402819,p,h,155,1,0.125,80,40,40,4.092443014020803,English,NA,NA,1,NA,NA,0,NA,NA,1,NA,NA,1,NA,NA,1,NA,NA,1,NA,NA
unknown_lab,edpr,1987,male,United States,United States,FALSE,FALSE,,NA,2,FALSE,NA,FALSE,NA,37,11,0,0,0,m,150,1,NA,20,0,-0,0,English,NA,NA,1,NA,NA,0,NA,NA,1,NA,NA,1,NA,NA,1,NA,NA,1,NA,NA
unknown_lab,edpr,1987,male,United States,United States,FALSE,FALSE,,NA,2,FALSE,NA,FALSE,NA,37,11,0,0,n,m,150,0,-0,20,10,-10,-1.1944280826109728,English,NA,NA,1,NA,NA,0,NA,NA,1,NA,NA,1,NA,NA,1,NA,NA,1,NA,NA
unknown_lab,edpr,1987,male,United States,United States,FALSE,FALSE,,NA,2,FALSE,NA,FALSE,NA,37,11,0,0,n,m,150,0,-0,120,40,-40,-5.369507723654657,English,NA,NA,1,NA,NA,0,NA,NA,1,NA,NA,1,NA,NA,1,NA,NA,1,NA,NA
unknown_lab,edpr,1987,male,United States,United States,FALSE,FALSE,,NA,2,FALSE,NA,FALSE,NA,37,11,0,0,p,m,150,0,0,140,10,10,1.1173128526977774,English,NA,NA,1,NA,NA,0,NA,NA,1,NA,NA,1,NA,NA,1,NA,NA,1,NA,NA
unknown_lab,edpr,1987,male,United States,United States,FALSE,FALSE,,NA,2,FALSE,NA,FALSE,NA,37,12,5,0.5676685773402819,p,h,155,1,0.25,100,20,20,2.16686694770185,English,NA,NA,1,NA,NA,0,NA,NA,1,NA,NA,1,NA,NA,1,NA,NA,1,NA,NA
unknown_lab,edpr,1987,male,United States,United States,FALSE,FALSE,,NA,2,FALSE,NA,FALSE,NA,37,11,0,0,p,m,150,0,0,20,10,10,1.1173128526977774,English,NA,NA,1,NA,NA,0,NA,NA,1,NA,NA,1,NA,NA,1,NA,NA,1,NA,NA
unknown_lab,edpr,1987,male,United States,United States,FALSE,FALSE,,NA,2,FALSE,NA,FALSE,NA,37,11,0,0,p,m,150,0,0,80,10,10,1.1173128526977774,English,NA,NA,1,NA,NA,0,NA,NA,1,NA,NA,1,NA,NA,1,NA,NA,1,NA,NA
unknown_lab,edpr,1987,male,United States,United States,FALSE,FALSE,,NA,2,FALSE,NA,FALSE,NA,37,11,0,0,p,m,150,0,0,80,20,20,2.16686694770185,English,NA,NA,1,NA,NA,0,NA,NA,1,NA,NA,1,NA,NA,1,NA,NA,1,NA,NA
unknown_lab,edpr,1987,male,United States,United States,FALSE,FALSE,,NA,2,FALSE,NA,FALSE,NA,37,11,0,0,p,m,150,0,0,20,20,20,2.16686694770185,English,NA,NA,1,NA,NA,0,NA,NA,1,NA,NA,1,NA,NA,1,NA,NA,1,NA,NA
unknown_lab,edpr,1987,male,United States,United States,FALSE,FALSE,,NA,2,FALSE,NA,FALSE,NA,37,11,0,0,0,m,150,1,NA,120,0,-0,0,English,NA,NA,1,NA,NA,0,NA,NA,1,NA,NA,1,NA,NA,1,NA,NA,1,NA,NA
unknown_lab,edpr,1987,male,United States,United States,FALSE,FALSE,,NA,2,FALSE,NA,FALSE,NA,37,11,0,0,p,m,150,0,0,20,40,40,4.092443014020803,English,NA,NA,1,NA,NA,0,NA,NA,1,NA,NA,1,NA,NA,1,NA,NA,1,NA,NA
unknown_lab,edpr,1987,male,United States,United States,FALSE,FALSE,,NA,2,FALSE,NA,FALSE,NA,37,11,0,0,0,m,150,1,NA,100,0,-0,0,English,NA,NA,1,NA,NA,0,NA,NA,1,NA,NA,1,NA,NA,1,NA,NA,1,NA,NA
unknown_lab,edpr,1987,male,United States,United States,FALSE,FALSE,,NA,2,FALSE,NA,FALSE,NA,37,10,-5,-0.5869152057713568,n,l,145,1,0.25,140,20,-20,-2.477410529609116,English,NA,NA,1,NA,NA,0,NA,NA,1,NA,NA,1,NA,NA,1,NA,NA,1,NA,NA
unknown_lab,edpr,1987,male,United States,United States,FALSE,FALSE,,NA,2,FALSE,NA,FALSE,NA,37,11,0,0,n,m,150,0,-0,60,40,-40,-5.369507723654657,English,NA,NA,1,NA,NA,0,NA,NA,1,NA,NA,1,NA,NA,1,NA,NA,1,NA,NA
unknown_lab,edpr,1987,male,United States,United States,FALSE,FALSE,,NA,2,FALSE,NA,FALSE,NA,37,11,0,0,n,m,150,0,-0,80,10,-10,-1.1944280826109728,English,NA,NA,1,NA,NA,0,NA,NA,1,NA,NA,1,NA,NA,1,NA,NA,1,NA,NA
unknown_lab,edpr,1987,male,United States,United States,FALSE,FALSE,,NA,2,FALSE,NA,FALSE,NA,37,11,0,0,n,m,150,0,-0,60,30,-30,-3.8631371386483475,English,NA,NA,1,NA,NA,0,NA,NA,1,NA,NA,1,NA,NA,1,NA,NA,1,NA,NA
unknown_lab,edpr,1987,male,United States,United States,FALSE,FALSE,,NA,2,FALSE,NA,FALSE,NA,37,12,5,0.5676685773402819,p,h,155,1,0.125,100,40,40,4.092443014020803,English,NA,NA,1,NA,NA,0,NA,NA,1,NA,NA,1,NA,NA,1,NA,NA,1,NA,NA
unknown_lab,edpr,1987,male,United States,United States,FALSE,FALSE,,NA,2,FALSE,NA,FALSE,NA,37,11,0,0,0,m,150,1,NA,80,0,-0,0,English,NA,NA,1,NA,NA,0,NA,NA,1,NA,NA,1,NA,NA,1,NA,NA,1,NA,NA
unknown_lab,edpr,1987,male,United States,United States,FALSE,FALSE,,NA,2,FALSE,NA,FALSE,NA,37,12,5,0.5676685773402819,p,h,155,1,0.125,60,40,40,4.092443014020803,English,NA,NA,1,NA,NA,0,NA,NA,1,NA,NA,1,NA,NA,1,NA,NA,1,NA,NA
unknown_lab,hgxb,1986,female,usa,usa,FALSE,NA,,NA,20,TRUE,0,FALSE,NA,31,11,0,0,p,m,150,0,0,60,20,20,2.16686694770185,english,NA,NA,1,NA,NA,0,NA,NA,1,NA,NA,1,NA,NA,1,NA,NA,1,NA,NA
unknown_lab,hgxb,1986,female,usa,usa,FALSE,NA,,NA,20,TRUE,0,FALSE,NA,31,9,-10,-1.1944280826109728,n,l,140,1,0.25,120,40,-40,-5.369507723654657,english,NA,NA,1,NA,NA,0,NA,NA,1,NA,NA,1,NA,NA,1,NA,NA,1,NA,NA
unknown_lab,hgxb,1986,female,usa,usa,FALSE,NA,,NA,20,TRUE,0,FALSE,NA,31,11,0,0,p,m,150,0,0,80,10,10,1.1173128526977774,english,NA,NA,1,NA,NA,0,NA,NA,1,NA,NA,1,NA,NA,1,NA,NA,1,NA,NA
unknown_lab,hgxb,1986,female,usa,usa,FALSE,NA,,NA,20,TRUE,0,FALSE,NA,31,11,0,0,p,m,150,0,0,100,30,30,3.1564128700055254,english,NA,NA,1,NA,NA,0,NA,NA,1,NA,NA,1,NA,NA,1,NA,NA,1,NA,NA
unknown_lab,hgxb,1986,female,usa,usa,FALSE,NA,,NA,20,TRUE,0,FALSE,NA,31,11,0,0,p,m,150,0,0,100,40,40,4.092443014020803,english,NA,NA,1,NA,NA,0,NA,NA,1,NA,NA,1,NA,NA,1,NA,NA,1,NA,NA
unknown_lab,hgxb,1986,female,usa,usa,FALSE,NA,,NA,20,TRUE,0,FALSE,NA,31,11,0,0,n,m,150,0,-0,80,10,-10,-1.1944280826109728,english,NA,NA,1,NA,NA,0,NA,NA,1,NA,NA,1,NA,NA,1,NA,NA,1,NA,NA
unknown_lab,hgxb,1986,female,usa,usa,FALSE,NA,,NA,20,TRUE,0,FALSE,NA,31,11,0,0,0,m,150,1,NA,120,0,-0,0,english,NA,NA,1,NA,NA,0,NA,NA,1,NA,NA,1,NA,NA,1,NA,NA,1,NA,NA
unknown_lab,hgxb,1986,female,usa,usa,FALSE,NA,,NA,20,TRUE,0,FALSE,NA,31,11,0,0,0,m,150,1,NA,140,0,-0,0,english,NA,NA,1,NA,NA,0,NA,NA,1,NA,NA,1,NA,NA,1,NA,NA,1,NA,NA
unknown_lab,hgxb,1986,female,usa,usa,FALSE,NA,,NA,20,TRUE,0,FALSE,NA,31,11,0,0,n,m,150,0,-0,20,20,-20,-2.477410529609116,english,NA,NA,1,NA,NA,0,NA,NA,1,NA,NA,1,NA,NA,1,NA,NA,1,NA,NA
unknown_lab,hgxb,1986,female,usa,usa,FALSE,NA,,NA,20,TRUE,0,FALSE,NA,31,11,0,0,p,m,150,0,0,40,40,40,4.092443014020803,english,NA,NA,1,NA,NA,0,NA,NA,1,NA,NA,1,NA,NA,1,NA,NA,1,NA,NA
unknown_lab,hgxb,1986,female,usa,usa,FALSE,NA,,NA,20,TRUE,0,FALSE,NA,31,11,0,0,n,m,150,0,-0,80,40,-40,-5.369507723654657,english,NA,NA,1,NA,NA,0,NA,NA,1,NA,NA,1,NA,NA,1,NA,NA,1,NA,NA
unknown_lab,hgxb,1986,female,usa,usa,FALSE,NA,,NA,20,TRUE,0,FALSE,NA,31,11,0,0,n,m,150,0,-0,100,30,-30,-3.8631371386483475,english,NA,NA,1,NA,NA,0,NA,NA,1,NA,NA,1,NA,NA,1,NA,NA,1,NA,NA
unknown_lab,hgxb,1986,female,usa,usa,FALSE,NA,,NA,20,TRUE,0,FALSE,NA,31,11,0,0,0,m,150,1,NA,100,0,-0,0,english,NA,NA,1,NA,NA,0,NA,NA,1,NA,NA,1,NA,NA,1,NA,NA,1,NA,NA
unknown_lab,hgxb,1986,female,usa,usa,FALSE,NA,,NA,20,TRUE,0,FALSE,NA,31,11,0,0,n,m,150,0,-0,20,10,-10,-1.1944280826109728,english,NA,NA,1,NA,NA,0,NA,NA,1,NA,NA,1,NA,NA,1,NA,NA,1,NA,NA
unknown_lab,hgxb,1986,female,usa,usa,FALSE,NA,,NA,20,TRUE,0,FALSE,NA,31,11,0,0,n,m,150,0,-0,20,40,-40,-5.369507723654657,english,NA,NA,1,NA,NA,0,NA,NA,1,NA,NA,1,NA,NA,1,NA,NA,1,NA,NA
unknown_lab,hgxb,1986,female,usa,usa,FALSE,NA,,NA,20,TRUE,0,FALSE,NA,31,11,0,0,0,m,150,1,NA,40,0,-0,0,english,NA,NA,1,NA,NA,0,NA,NA,1,NA,NA,1,NA,NA,1,NA,NA,1,NA,NA
unknown_lab,hgxb,1986,female,usa,usa,FALSE,NA,,NA,20,TRUE,0,FALSE,NA,31,11,0,0,0,m,150,1,NA,140,0,-0,0,english,NA,NA,1,NA,NA,0,NA,NA,1,NA,NA,1,NA,NA,1,NA,NA,1,NA,NA
unknown_lab,hgxb,1986,female,usa,usa,FALSE,NA,,NA,20,TRUE,0,FALSE,NA,31,11,0,0,p,m,150,0,0,100,10,10,1.1173128526977774,english,NA,NA,1,NA,NA,0,NA,NA,1,NA,NA,1,NA,NA,1,NA,NA,1,NA,NA
unknown_lab,hgxb,1986,female,usa,usa,FALSE,NA,,NA,20,TRUE,0,FALSE,NA,31,11,0,0,p,m,150,0,0,80,30,30,3.1564128700055254,english,NA,NA,1,NA,NA,0,NA,NA,1,NA,NA,1,NA,NA,1,NA,NA,1,NA,NA
unknown_lab,hgxb,1986,female,usa,usa,FALSE,NA,,NA,20,TRUE,0,FALSE,NA,31,11,0,0,n,m,150,0,-0,80,30,-30,-3.8631371386483475,english,NA,NA,1,NA,NA,0,NA,NA,1,NA,NA,1,NA,NA,1,NA,NA,1,NA,NA
unknown_lab,hgxb,1986,female,usa,usa,FALSE,NA,,NA,20,TRUE,0,FALSE,NA,31,11,0,0,p,m,150,0,0,20,20,20,2.16686694770185,english,NA,NA,1,NA,NA,0,NA,NA,1,NA,NA,1,NA,NA,1,NA,NA,1,NA,NA
unknown_lab,hgxb,1986,female,usa,usa,FALSE,NA,,NA,20,TRUE,0,FALSE,NA,31,8,-15,-1.8240371213405995,n,l,135,1,0.375,140,40,-40,-5.369507723654657,english,NA,NA,1,NA,NA,0,NA,NA,1,NA,NA,1,NA,NA,1,NA,NA,1,NA,NA
unknown_lab,hgxb,1986,female,usa,usa,FALSE,NA,,NA,20,TRUE,0,FALSE,NA,31,11,0,0,p,m,150,0,0,120,10,10,1.1173128526977774,english,NA,NA,1,NA,NA,0,NA,NA,1,NA,NA,1,NA,NA,1,NA,NA,1,NA,NA
unknown_lab,hgxb,1986,female,usa,usa,FALSE,NA,,NA,20,TRUE,0,FALSE,NA,31,11,0,0,p,m,150,0,0,40,10,10,1.1173128526977774,english,NA,NA,1,NA,NA,0,NA,NA,1,NA,NA,1,NA,NA,1,NA,NA,1,NA,NA
unknown_lab,hgxb,1986,female,usa,usa,FALSE,NA,,NA,20,TRUE,0,FALSE,NA,31,11,0,0,n,m,150,0,-0,60,10,-10,-1.1944280826109728,english,NA,NA,1,NA,NA,0,NA,NA,1,NA,NA,1,NA,NA,1,NA,NA,1,NA,NA
unknown_lab,hgxb,1986,female,usa,usa,FALSE,NA,,NA,20,TRUE,0,FALSE,NA,31,9,-10,-1.1944280826109728,n,l,140,1,0.3333333333333333,140,30,-30,-3.8631371386483475,english,NA,NA,1,NA,NA,0,NA,NA,1,NA,NA,1,NA,NA,1,NA,NA,1,NA,NA
unknown_lab,hgxb,1986,female,usa,usa,FALSE,NA,,NA,20,TRUE,0,FALSE,NA,31,11,0,0,p,m,150,0,0,20,40,40,4.092443014020803,english,NA,NA,1,NA,NA,0,NA,NA,1,NA,NA,1,NA,NA,1,NA,NA,1,NA,NA
unknown_lab,hgxb,1986,female,usa,usa,FALSE,NA,,NA,20,TRUE,0,FALSE,NA,31,11,0,0,n,m,150,0,-0,100,10,-10,-1.1944280826109728,english,NA,NA,1,NA,NA,0,NA,NA,1,NA,NA,1,NA,NA,1,NA,NA,1,NA,NA
unknown_lab,hgxb,1986,female,usa,usa,FALSE,NA,,NA,20,TRUE,0,FALSE,NA,31,11,0,0,n,m,150,0,-0,120,10,-10,-1.1944280826109728,english,NA,NA,1,NA,NA,0,NA,NA,1,NA,NA,1,NA,NA,1,NA,NA,1,NA,NA
unknown_lab,hgxb,1986,female,usa,usa,FALSE,NA,,NA,20,TRUE,0,FALSE,NA,31,11,0,0,n,m,150,0,-0,80,20,-20,-2.477410529609116,english,NA,NA,1,NA,NA,0,NA,NA,1,NA,NA,1,NA,NA,1,NA,NA,1,NA,NA
unknown_lab,hgxb,1986,female,usa,usa,FALSE,NA,,NA,20,TRUE,0,FALSE,NA,31,11,0,0,p,m,150,0,0,40,20,20,2.16686694770185,english,NA,NA,1,NA,NA,0,NA,NA,1,NA,NA,1,NA,NA,1,NA,NA,1,NA,NA
unknown_lab,hgxb,1986,female,usa,usa,FALSE,NA,,NA,20,TRUE,0,FALSE,NA,31,11,0,0,n,m,150,0,-0,140,20,-20,-2.477410529609116,english,NA,NA,1,NA,NA,0,NA,NA,1,NA,NA,1,NA,NA,1,NA,NA,1,NA,NA
unknown_lab,hgxb,1986,female,usa,usa,FALSE,NA,,NA,20,TRUE,0,FALSE,NA,31,11,0,0,n,m,150,0,-0,40,30,-30,-3.8631371386483475,english,NA,NA,1,NA,NA,0,NA,NA,1,NA,NA,1,NA,NA,1,NA,NA,1,NA,NA
unknown_lab,hgxb,1986,female,usa,usa,FALSE,NA,,NA,20,TRUE,0,FALSE,NA,31,11,0,0,n,m,150,0,-0,120,30,-30,-3.8631371386483475,english,NA,NA,1,NA,NA,0,NA,NA,1,NA,NA,1,NA,NA,1,NA,NA,1,NA,NA
unknown_lab,hgxb,1986,female,usa,usa,FALSE,NA,,NA,20,TRUE,0,FALSE,NA,31,11,0,0,0,m,150,1,NA,60,0,-0,0,english,NA,NA,1,NA,NA,0,NA,NA,1,NA,NA,1,NA,NA,1,NA,NA,1,NA,NA
unknown_lab,hgxb,1986,female,usa,usa,FALSE,NA,,NA,20,TRUE,0,FALSE,NA,31,11,0,0,0,m,150,1,NA,80,0,-0,0,english,NA,NA,1,NA,NA,0,NA,NA,1,NA,NA,1,NA,NA,1,NA,NA,1,NA,NA
unknown_lab,hgxb,1986,female,usa,usa,FALSE,NA,,NA,20,TRUE,0,FALSE,NA,31,11,0,0,n,m,150,0,-0,100,20,-20,-2.477410529609116,english,NA,NA,1,NA,NA,0,NA,NA,1,NA,NA,1,NA,NA,1,NA,NA,1,NA,NA
unknown_lab,hgxb,1986,female,usa,usa,FALSE,NA,,NA,20,TRUE,0,FALSE,NA,31,11,0,0,p,m,150,0,0,100,20,20,2.16686694770185,english,NA,NA,1,NA,NA,0,NA,NA,1,NA,NA,1,NA,NA,1,NA,NA,1,NA,NA
unknown_lab,hgxb,1986,female,usa,usa,FALSE,NA,,NA,20,TRUE,0,FALSE,NA,31,11,0,0,n,m,150,0,-0,40,40,-40,-5.369507723654657,english,NA,NA,1,NA,NA,0,NA,NA,1,NA,NA,1,NA,NA,1,NA,NA,1,NA,NA
unknown_lab,hgxb,1986,female,usa,usa,FALSE,NA,,NA,20,TRUE,0,FALSE,NA,31,11,0,0,n,m,150,0,-0,100,40,-40,-5.369507723654657,english,NA,NA,1,NA,NA,0,NA,NA,1,NA,NA,1,NA,NA,1,NA,NA,1,NA,NA
unknown_lab,hgxb,1986,female,usa,usa,FALSE,NA,,NA,20,TRUE,0,FALSE,NA,31,11,0,0,n,m,150,0,-0,20,30,-30,-3.8631371386483475,english,NA,NA,1,NA,NA,0,NA,NA,1,NA,NA,1,NA,NA,1,NA,NA,1,NA,NA
unknown_lab,hgxb,1986,female,usa,usa,FALSE,NA,,NA,20,TRUE,0,FALSE,NA,31,11,0,0,p,m,150,0,0,20,10,10,1.1173128526977774,english,NA,NA,1,NA,NA,0,NA,NA,1,NA,NA,1,NA,NA,1,NA,NA,1,NA,NA
unknown_lab,hgxb,1986,female,usa,usa,FALSE,NA,,NA,20,TRUE,0,FALSE,NA,31,11,0,0,p,m,150,0,0,80,40,40,4.092443014020803,english,NA,NA,1,NA,NA,0,NA,NA,1,NA,NA,1,NA,NA,1,NA,NA,1,NA,NA
unknown_lab,hgxb,1986,female,usa,usa,FALSE,NA,,NA,20,TRUE,0,FALSE,NA,31,11,0,0,n,m,150,0,-0,140,10,-10,-1.1944280826109728,english,NA,NA,1,NA,NA,0,NA,NA,1,NA,NA,1,NA,NA,1,NA,NA,1,NA,NA
unknown_lab,hgxb,1986,female,usa,usa,FALSE,NA,,NA,20,TRUE,0,FALSE,NA,31,11,0,0,p,m,150,0,0,140,20,20,2.16686694770185,english,NA,NA,1,NA,NA,0,NA,NA,1,NA,NA,1,NA,NA,1,NA,NA,1,NA,NA
unknown_lab,hgxb,1986,female,usa,usa,FALSE,NA,,NA,20,TRUE,0,FALSE,NA,31,11,0,0,p,m,150,0,0,140,30,30,3.1564128700055254,english,NA,NA,1,NA,NA,0,NA,NA,1,NA,NA,1,NA,NA,1,NA,NA,1,NA,NA
unknown_lab,hgxb,1986,female,usa,usa,FALSE,NA,,NA,20,TRUE,0,FALSE,NA,31,11,0,0,p,m,150,0,0,60,40,40,4.092443014020803,english,NA,NA,1,NA,NA,0,NA,NA,1,NA,NA,1,NA,NA,1,NA,NA,1,NA,NA
unknown_lab,hgxb,1986,female,usa,usa,FALSE,NA,,NA,20,TRUE,0,FALSE,NA,31,11,0,0,n,m,150,0,-0,40,20,-20,-2.477410529609116,english,NA,NA,1,NA,NA,0,NA,NA,1,NA,NA,1,NA,NA,1,NA,NA,1,NA,NA
unknown_lab,hgxb,1986,female,usa,usa,FALSE,NA,,NA,20,TRUE,0,FALSE,NA,31,11,0,0,p,m,150,0,0,120,20,20,2.16686694770185,english,NA,NA,1,NA,NA,0,NA,NA,1,NA,NA,1,NA,NA,1,NA,NA,1,NA,NA
unknown_lab,hgxb,1986,female,usa,usa,FALSE,NA,,NA,20,TRUE,0,FALSE,NA,31,11,0,0,p,m,150,0,0,60,30,30,3.1564128700055254,english,NA,NA,1,NA,NA,0,NA,NA,1,NA,NA,1,NA,NA,1,NA,NA,1,NA,NA
unknown_lab,hgxb,1986,female,usa,usa,FALSE,NA,,NA,20,TRUE,0,FALSE,NA,31,11,0,0,n,m,150,0,-0,120,20,-20,-2.477410529609116,english,NA,NA,1,NA,NA,0,NA,NA,1,NA,NA,1,NA,NA,1,NA,NA,1,NA,NA
unknown_lab,hgxb,1986,female,usa,usa,FALSE,NA,,NA,20,TRUE,0,FALSE,NA,31,11,0,0,n,m,150,0,-0,60,30,-30,-3.8631371386483475,english,NA,NA,1,NA,NA,0,NA,NA,1,NA,NA,1,NA,NA,1,NA,NA,1,NA,NA
unknown_lab,hgxb,1986,female,usa,usa,FALSE,NA,,NA,20,TRUE,0,FALSE,NA,31,11,0,0,n,m,150,0,-0,40,10,-10,-1.1944280826109728,english,NA,NA,1,NA,NA,0,NA,NA,1,NA,NA,1,NA,NA,1,NA,NA,1,NA,NA
unknown_lab,hgxb,1986,female,usa,usa,FALSE,NA,,NA,20,TRUE,0,FALSE,NA,31,11,0,0,p,m,150,0,0,120,40,40,4.092443014020803,english,NA,NA,1,NA,NA,0,NA,NA,1,NA,NA,1,NA,NA,1,NA,NA,1,NA,NA
unknown_lab,hgxb,1986,female,usa,usa,FALSE,NA,,NA,20,TRUE,0,FALSE,NA,31,11,0,0,p,m,150,0,0,80,20,20,2.16686694770185,english,NA,NA,1,NA,NA,0,NA,NA,1,NA,NA,1,NA,NA,1,NA,NA,1,NA,NA
unknown_lab,hgxb,1986,female,usa,usa,FALSE,NA,,NA,20,TRUE,0,FALSE,NA,31,11,0,0,p,m,150,0,0,40,30,30,3.1564128700055254,english,NA,NA,1,NA,NA,0,NA,NA,1,NA,NA,1,NA,NA,1,NA,NA,1,NA,NA
unknown_lab,hgxb,1986,female,usa,usa,FALSE,NA,,NA,20,TRUE,0,FALSE,NA,31,11,0,0,p,m,150,0,0,140,10,10,1.1173128526977774,english,NA,NA,1,NA,NA,0,NA,NA,1,NA,NA,1,NA,NA,1,NA,NA,1,NA,NA
unknown_lab,hgxb,1986,female,usa,usa,FALSE,NA,,NA,20,TRUE,0,FALSE,NA,31,11,0,0,p,m,150,0,0,20,30,30,3.1564128700055254,english,NA,NA,1,NA,NA,0,NA,NA,1,NA,NA,1,NA,NA,1,NA,NA,1,NA,NA
unknown_lab,hgxb,1986,female,usa,usa,FALSE,NA,,NA,20,TRUE,0,FALSE,NA,31,11,0,0,p,m,150,0,0,60,10,10,1.1173128526977774,english,NA,NA,1,NA,NA,0,NA,NA,1,NA,NA,1,NA,NA,1,NA,NA,1,NA,NA
unknown_lab,hgxb,1986,female,usa,usa,FALSE,NA,,NA,20,TRUE,0,FALSE,NA,31,11,0,0,n,m,150,0,-0,60,40,-40,-5.369507723654657,english,NA,NA,1,NA,NA,0,NA,NA,1,NA,NA,1,NA,NA,1,NA,NA,1,NA,NA
unknown_lab,hgxb,1986,female,usa,usa,FALSE,NA,,NA,20,TRUE,0,FALSE,NA,31,11,0,0,p,m,150,0,0,140,20,20,2.16686694770185,english,NA,NA,1,NA,NA,0,NA,NA,1,NA,NA,1,NA,NA,1,NA,NA,1,NA,NA
unknown_lab,hgxb,1986,female,usa,usa,FALSE,NA,,NA,20,TRUE,0,FALSE,NA,31,11,0,0,p,m,150,0,0,20,20,20,2.16686694770185,english,NA,NA,1,NA,NA,0,NA,NA,1,NA,NA,1,NA,NA,1,NA,NA,1,NA,NA
unknown_lab,hgxb,1986,female,usa,usa,FALSE,NA,,NA,20,TRUE,0,FALSE,NA,31,11,0,0,p,m,150,0,0,60,10,10,1.1173128526977774,english,NA,NA,1,NA,NA,0,NA,NA,1,NA,NA,1,NA,NA,1,NA,NA,1,NA,NA
unknown_lab,hgxb,1986,female,usa,usa,FALSE,NA,,NA,20,TRUE,0,FALSE,NA,31,11,0,0,p,m,150,0,0,20,10,10,1.1173128526977774,english,NA,NA,1,NA,NA,0,NA,NA,1,NA,NA,1,NA,NA,1,NA,NA,1,NA,NA
unknown_lab,hgxb,1986,female,usa,usa,FALSE,NA,,NA,20,TRUE,0,FALSE,NA,31,11,0,0,n,m,150,0,-0,100,10,-10,-1.1944280826109728,english,NA,NA,1,NA,NA,0,NA,NA,1,NA,NA,1,NA,NA,1,NA,NA,1,NA,NA
unknown_lab,hgxb,1986,female,usa,usa,FALSE,NA,,NA,20,TRUE,0,FALSE,NA,31,11,0,0,p,m,150,0,0,80,40,40,4.092443014020803,english,NA,NA,1,NA,NA,0,NA,NA,1,NA,NA,1,NA,NA,1,NA,NA,1,NA,NA
unknown_lab,hgxb,1986,female,usa,usa,FALSE,NA,,NA,20,TRUE,0,FALSE,NA,31,11,0,0,p,m,150,0,0,40,30,30,3.1564128700055254,english,NA,NA,1,NA,NA,0,NA,NA,1,NA,NA,1,NA,NA,1,NA,NA,1,NA,NA
unknown_lab,hgxb,1986,female,usa,usa,FALSE,NA,,NA,20,TRUE,0,FALSE,NA,31,9,-10,-1.1944280826109728,n,l,140,1,0.3333333333333333,100,30,-30,-3.8631371386483475,english,NA,NA,1,NA,NA,0,NA,NA,1,NA,NA,1,NA,NA,1,NA,NA,1,NA,NA
unknown_lab,hgxb,1986,female,usa,usa,FALSE,NA,,NA,20,TRUE,0,FALSE,NA,31,11,0,0,n,m,150,0,-0,20,30,-30,-3.8631371386483475,english,NA,NA,1,NA,NA,0,NA,NA,1,NA,NA,1,NA,NA,1,NA,NA,1,NA,NA
unknown_lab,hgxb,1986,female,usa,usa,FALSE,NA,,NA,20,TRUE,0,FALSE,NA,31,11,0,0,p,m,150,0,0,100,40,40,4.092443014020803,english,NA,NA,1,NA,NA,0,NA,NA,1,NA,NA,1,NA,NA,1,NA,NA,1,NA,NA
unknown_lab,hgxb,1986,female,usa,usa,FALSE,NA,,NA,20,TRUE,0,FALSE,NA,31,11,0,0,n,m,150,0,-0,80,30,-30,-3.8631371386483475,english,NA,NA,1,NA,NA,0,NA,NA,1,NA,NA,1,NA,NA,1,NA,NA,1,NA,NA
unknown_lab,hgxb,1986,female,usa,usa,FALSE,NA,,NA,20,TRUE,0,FALSE,NA,31,11,0,0,p,m,150,0,0,100,30,30,3.1564128700055254,english,NA,NA,1,NA,NA,0,NA,NA,1,NA,NA,1,NA,NA,1,NA,NA,1,NA,NA
unknown_lab,hgxb,1986,female,usa,usa,FALSE,NA,,NA,20,TRUE,0,FALSE,NA,31,11,0,0,0,m,150,1,NA,20,0,-0,0,english,NA,NA,1,NA,NA,0,NA,NA,1,NA,NA,1,NA,NA,1,NA,NA,1,NA,NA
unknown_lab,hgxb,1986,female,usa,usa,FALSE,NA,,NA,20,TRUE,0,FALSE,NA,31,11,0,0,n,m,150,0,-0,60,40,-40,-5.369507723654657,english,NA,NA,1,NA,NA,0,NA,NA,1,NA,NA,1,NA,NA,1,NA,NA,1,NA,NA
unknown_lab,hgxb,1986,female,usa,usa,FALSE,NA,,NA,20,TRUE,0,FALSE,NA,31,11,0,0,n,m,150,0,-0,140,20,-20,-2.477410529609116,english,NA,NA,1,NA,NA,0,NA,NA,1,NA,NA,1,NA,NA,1,NA,NA,1,NA,NA
unknown_lab,hgxb,1986,female,usa,usa,FALSE,NA,,NA,20,TRUE,0,FALSE,NA,31,11,0,0,0,m,150,1,NA,60,0,-0,0,english,NA,NA,1,NA,NA,0,NA,NA,1,NA,NA,1,NA,NA,1,NA,NA,1,NA,NA
unknown_lab,hgxb,1986,female,usa,usa,FALSE,NA,,NA,20,TRUE,0,FALSE,NA,31,11,0,0,n,m,150,0,-0,140,30,-30,-3.8631371386483475,english,NA,NA,1,NA,NA,0,NA,NA,1,NA,NA,1,NA,NA,1,NA,NA,1,NA,NA
unknown_lab,hgxb,1986,female,usa,usa,FALSE,NA,,NA,20,TRUE,0,FALSE,NA,31,11,0,0,p,m,150,0,0,80,30,30,3.1564128700055254,english,NA,NA,1,NA,NA,0,NA,NA,1,NA,NA,1,NA,NA,1,NA,NA,1,NA,NA
unknown_lab,hgxb,1986,female,usa,usa,FALSE,NA,,NA,20,TRUE,0,FALSE,NA,31,11,0,0,p,m,150,0,0,20,40,40,4.092443014020803,english,NA,NA,1,NA,NA,0,NA,NA,1,NA,NA,1,NA,NA,1,NA,NA,1,NA,NA
unknown_lab,hgxb,1986,female,usa,usa,FALSE,NA,,NA,20,TRUE,0,FALSE,NA,31,11,0,0,n,m,150,0,-0,60,10,-10,-1.1944280826109728,english,NA,NA,1,NA,NA,0,NA,NA,1,NA,NA,1,NA,NA,1,NA,NA,1,NA,NA
unknown_lab,hgxb,1986,female,usa,usa,FALSE,NA,,NA,20,TRUE,0,FALSE,NA,31,11,0,0,n,m,150,0,-0,40,30,-30,-3.8631371386483475,english,NA,NA,1,NA,NA,0,NA,NA,1,NA,NA,1,NA,NA,1,NA,NA,1,NA,NA
unknown_lab,hgxb,1986,female,usa,usa,FALSE,NA,,NA,20,TRUE,0,FALSE,NA,31,11,0,0,p,m,150,0,0,120,10,10,1.1173128526977774,english,NA,NA,1,NA,NA,0,NA,NA,1,NA,NA,1,NA,NA,1,NA,NA,1,NA,NA
unknown_lab,hgxb,1986,female,usa,usa,FALSE,NA,,NA,20,TRUE,0,FALSE,NA,31,11,0,0,p,m,150,0,0,100,20,20,2.16686694770185,english,NA,NA,1,NA,NA,0,NA,NA,1,NA,NA,1,NA,NA,1,NA,NA,1,NA,NA
unknown_lab,hgxb,1986,female,usa,usa,FALSE,NA,,NA,20,TRUE,0,FALSE,NA,31,11,0,0,p,m,150,0,0,40,40,40,4.092443014020803,english,NA,NA,1,NA,NA,0,NA,NA,1,NA,NA,1,NA,NA,1,NA,NA,1,NA,NA
unknown_lab,hgxb,1986,female,usa,usa,FALSE,NA,,NA,20,TRUE,0,FALSE,NA,31,10,-5,-0.5869152057713568,n,l,145,1,0.125,140,40,-40,-5.369507723654657,english,NA,NA,1,NA,NA,0,NA,NA,1,NA,NA,1,NA,NA,1,NA,NA,1,NA,NA
unknown_lab,hgxb,1986,female,usa,usa,FALSE,NA,,NA,20,TRUE,0,FALSE,NA,31,11,0,0,n,m,150,0,-0,80,10,-10,-1.1944280826109728,english,NA,NA,1,NA,NA,0,NA,NA,1,NA,NA,1,NA,NA,1,NA,NA,1,NA,NA
unknown_lab,hgxb,1986,female,usa,usa,FALSE,NA,,NA,20,TRUE,0,FALSE,NA,31,11,0,0,n,m,150,0,-0,60,30,-30,-3.8631371386483475,english,NA,NA,1,NA,NA,0,NA,NA,1,NA,NA,1,NA,NA,1,NA,NA,1,NA,NA
unknown_lab,hgxb,1986,female,usa,usa,FALSE,NA,,NA,20,TRUE,0,FALSE,NA,31,12,5,0.5676685773402819,p,h,155,1,0.16666666666666666,140,30,30,3.1564128700055254,english,NA,NA,1,NA,NA,0,NA,NA,1,NA,NA,1,NA,NA,1,NA,NA,1,NA,NA
unknown_lab,hgxb,1986,female,usa,usa,FALSE,NA,,NA,20,TRUE,0,FALSE,NA,31,11,0,0,n,m,150,0,-0,40,10,-10,-1.1944280826109728,english,NA,NA,1,NA,NA,0,NA,NA,1,NA,NA,1,NA,NA,1,NA,NA,1,NA,NA
unknown_lab,hgxb,1986,female,usa,usa,FALSE,NA,,NA,20,TRUE,0,FALSE,NA,31,11,0,0,p,m,150,0,0,20,30,30,3.1564128700055254,english,NA,NA,1,NA,NA,0,NA,NA,1,NA,NA,1,NA,NA,1,NA,NA,1,NA,NA
unknown_lab,hgxb,1986,female,usa,usa,FALSE,NA,,NA,20,TRUE,0,FALSE,NA,31,12,5,0.5676685773402819,p,h,155,1,0.25,80,20,20,2.16686694770185,english,NA,NA,1,NA,NA,0,NA,NA,1,NA,NA,1,NA,NA,1,NA,NA,1,NA,NA
unknown_lab,hgxb,1986,female,usa,usa,FALSE,NA,,NA,20,TRUE,0,FALSE,NA,31,11,0,0,n,m,150,0,-0,40,20,-20,-2.477410529609116,english,NA,NA,1,NA,NA,0,NA,NA,1,NA,NA,1,NA,NA,1,NA,NA,1,NA,NA
unknown_lab,hgxb,1986,female,usa,usa,FALSE,NA,,NA,20,TRUE,0,FALSE,NA,31,11,0,0,n,m,150,0,-0,20,40,-40,-5.369507723654657,english,NA,NA,1,NA,NA,0,NA,NA,1,NA,NA,1,NA,NA,1,NA,NA,1,NA,NA
unknown_lab,hgxb,1986,female,usa,usa,FALSE,NA,,NA,20,TRUE,0,FALSE,NA,31,11,0,0,p,m,150,0,0,40,10,10,1.1173128526977774,english,NA,NA,1,NA,NA,0,NA,NA,1,NA,NA,1,NA,NA,1,NA,NA,1,NA,NA
unknown_lab,hgxb,1986,female,usa,usa,FALSE,NA,,NA,20,TRUE,0,FALSE,NA,31,11,0,0,n,m,150,0,-0,140,10,-10,-1.1944280826109728,english,NA,NA,1,NA,NA,0,NA,NA,1,NA,NA,1,NA,NA,1,NA,NA,1,NA,NA
unknown_lab,hgxb,1986,female,usa,usa,FALSE,NA,,NA,20,TRUE,0,FALSE,NA,31,11,0,0,0,m,150,1,NA,40,0,-0,0,english,NA,NA,1,NA,NA,0,NA,NA,1,NA,NA,1,NA,NA,1,NA,NA,1,NA,NA
unknown_lab,hgxb,1986,female,usa,usa,FALSE,NA,,NA,20,TRUE,0,FALSE,NA,31,11,0,0,0,m,150,1,NA,80,0,-0,0,english,NA,NA,1,NA,NA,0,NA,NA,1,NA,NA,1,NA,NA,1,NA,NA,1,NA,NA
unknown_lab,hgxb,1986,female,usa,usa,FALSE,NA,,NA,20,TRUE,0,FALSE,NA,31,11,0,0,p,m,150,0,0,40,20,20,2.16686694770185,english,NA,NA,1,NA,NA,0,NA,NA,1,NA,NA,1,NA,NA,1,NA,NA,1,NA,NA
unknown_lab,hgxb,1986,female,usa,usa,FALSE,NA,,NA,20,TRUE,0,FALSE,NA,31,11,0,0,n,m,150,0,-0,20,20,-20,-2.477410529609116,english,NA,NA,1,NA,NA,0,NA,NA,1,NA,NA,1,NA,NA,1,NA,NA,1,NA,NA
unknown_lab,hgxb,1986,female,usa,usa,FALSE,NA,,NA,20,TRUE,0,FALSE,NA,31,11,0,0,n,m,150,0,-0,120,30,-30,-3.8631371386483475,english,NA,NA,1,NA,NA,0,NA,NA,1,NA,NA,1,NA,NA,1,NA,NA,1,NA,NA
unknown_lab,hgxb,1986,female,usa,usa,FALSE,NA,,NA,20,TRUE,0,FALSE,NA,31,11,0,0,p,m,150,0,0,120,30,30,3.1564128700055254,english,NA,NA,1,NA,NA,0,NA,NA,1,NA,NA,1,NA,NA,1,NA,NA,1,NA,NA
unknown_lab,hgxb,1986,female,usa,usa,FALSE,NA,,NA,20,TRUE,0,FALSE,NA,31,11,0,0,p,m,150,0,0,60,40,40,4.092443014020803,english,NA,NA,1,NA,NA,0,NA,NA,1,NA,NA,1,NA,NA,1,NA,NA,1,NA,NA
unknown_lab,hgxb,1986,female,usa,usa,FALSE,NA,,NA,20,TRUE,0,FALSE,NA,31,11,0,0,n,m,150,0,-0,100,20,-20,-2.477410529609116,english,NA,NA,1,NA,NA,0,NA,NA,1,NA,NA,1,NA,NA,1,NA,NA,1,NA,NA
unknown_lab,hgxb,1986,female,usa,usa,FALSE,NA,,NA,20,TRUE,0,FALSE,NA,31,11,0,0,n,m,150,0,-0,20,10,-10,-1.1944280826109728,english,NA,NA,1,NA,NA,0,NA,NA,1,NA,NA,1,NA,NA,1,NA,NA,1,NA,NA
unknown_lab,hgxb,1986,female,usa,usa,FALSE,NA,,NA,20,TRUE,0,FALSE,NA,31,11,0,0,n,m,150,0,-0,40,40,-40,-5.369507723654657,english,NA,NA,1,NA,NA,0,NA,NA,1,NA,NA,1,NA,NA,1,NA,NA,1,NA,NA
unknown_lab,hgxb,1986,female,usa,usa,FALSE,NA,,NA,20,TRUE,0,FALSE,NA,31,11,0,0,p,m,150,0,0,120,20,20,2.16686694770185,english,NA,NA,1,NA,NA,0,NA,NA,1,NA,NA,1,NA,NA,1,NA,NA,1,NA,NA
unknown_lab,hgxb,1986,female,usa,usa,FALSE,NA,,NA,20,TRUE,0,FALSE,NA,31,11,0,0,0,m,150,1,NA,20,0,-0,0,english,NA,NA,1,NA,NA,0,NA,NA,1,NA,NA,1,NA,NA,1,NA,NA,1,NA,NA
unknown_lab,hgxb,1986,female,usa,usa,FALSE,NA,,NA,20,TRUE,0,FALSE,NA,31,11,0,0,0,m,150,1,NA,100,0,-0,0,english,NA,NA,1,NA,NA,0,NA,NA,1,NA,NA,1,NA,NA,1,NA,NA,1,NA,NA
unknown_lab,hgxb,1986,female,usa,usa,FALSE,NA,,NA,20,TRUE,0,FALSE,NA,31,11,0,0,0,m,150,1,NA,120,0,-0,0,english,NA,NA,1,NA,NA,0,NA,NA,1,NA,NA,1,NA,NA,1,NA,NA,1,NA,NA
unknown_lab,hgxb,1986,female,usa,usa,FALSE,NA,,NA,20,TRUE,0,FALSE,NA,31,11,0,0,n,m,150,0,-0,120,10,-10,-1.1944280826109728,english,NA,NA,1,NA,NA,0,NA,NA,1,NA,NA,1,NA,NA,1,NA,NA,1,NA,NA
unknown_lab,hgxb,1986,female,usa,usa,FALSE,NA,,NA,20,TRUE,0,FALSE,NA,31,11,0,0,n,m,150,0,-0,60,20,-20,-2.477410529609116,english,NA,NA,1,NA,NA,0,NA,NA,1,NA,NA,1,NA,NA,1,NA,NA,1,NA,NA
unknown_lab,hgxb,1986,female,usa,usa,FALSE,NA,,NA,20,TRUE,0,FALSE,NA,31,11,0,0,n,m,150,0,-0,120,20,-20,-2.477410529609116,english,NA,NA,1,NA,NA,0,NA,NA,1,NA,NA,1,NA,NA,1,NA,NA,1,NA,NA
unknown_lab,hgxb,1986,female,usa,usa,FALSE,NA,,NA,20,TRUE,0,FALSE,NA,31,11,0,0,p,m,150,0,0,60,20,20,2.16686694770185,english,NA,NA,1,NA,NA,0,NA,NA,1,NA,NA,1,NA,NA,1,NA,NA,1,NA,NA
unknown_lab,hgxb,1986,female,usa,usa,FALSE,NA,,NA,20,TRUE,0,FALSE,NA,31,11,0,0,p,m,150,0,0,140,10,10,1.1173128526977774,english,NA,NA,1,NA,NA,0,NA,NA,1,NA,NA,1,NA,NA,1,NA,NA,1,NA,NA
unknown_lab,hgxb,1986,female,usa,usa,FALSE,NA,,NA,20,TRUE,0,FALSE,NA,31,12,5,0.5676685773402819,p,h,155,1,0.125,120,40,40,4.092443014020803,english,NA,NA,1,NA,NA,0,NA,NA,1,NA,NA,1,NA,NA,1,NA,NA,1,NA,NA
unknown_lab,tyjp,1998,female,United States,United States,TRUE,TRUE,intermediate,4,12,FALSE,NA,FALSE,NA,29,11,0,0,n,m,150,0,-0,60,20,-20,-2.477410529609116,English,NA,NA,1,NA,NA,0,NA,NA,1,NA,NA,1,NA,NA,1,NA,NA,1,NA,NA
unknown_lab,tyjp,1998,female,United States,United States,TRUE,TRUE,intermediate,4,12,FALSE,NA,FALSE,NA,29,11,0,0,n,m,150,0,-0,20,30,-30,-3.8631371386483475,English,NA,NA,1,NA,NA,0,NA,NA,1,NA,NA,1,NA,NA,1,NA,NA,1,NA,NA
unknown_lab,tyjp,1998,female,United States,United States,TRUE,TRUE,intermediate,4,12,FALSE,NA,FALSE,NA,29,11,0,0,p,m,150,0,0,140,20,20,2.16686694770185,English,NA,NA,1,NA,NA,0,NA,NA,1,NA,NA,1,NA,NA,1,NA,NA,1,NA,NA
unknown_lab,tyjp,1998,female,United States,United States,TRUE,TRUE,intermediate,4,12,FALSE,NA,FALSE,NA,29,11,0,0,n,m,150,0,-0,80,30,-30,-3.8631371386483475,English,NA,NA,1,NA,NA,0,NA,NA,1,NA,NA,1,NA,NA,1,NA,NA,1,NA,NA
unknown_lab,tyjp,1998,female,United States,United States,TRUE,TRUE,intermediate,4,12,FALSE,NA,FALSE,NA,29,11,0,0,p,m,150,0,0,60,40,40,4.092443014020803,English,NA,NA,1,NA,NA,0,NA,NA,1,NA,NA,1,NA,NA,1,NA,NA,1,NA,NA
unknown_lab,tyjp,1998,female,United States,United States,TRUE,TRUE,intermediate,4,12,FALSE,NA,FALSE,NA,29,11,0,0,0,m,150,1,NA,20,0,-0,0,English,NA,NA,1,NA,NA,0,NA,NA,1,NA,NA,1,NA,NA,1,NA,NA,1,NA,NA
unknown_lab,tyjp,1998,female,United States,United States,TRUE,TRUE,intermediate,4,12,FALSE,NA,FALSE,NA,29,11,0,0,n,m,150,0,-0,40,30,-30,-3.8631371386483475,English,NA,NA,1,NA,NA,0,NA,NA,1,NA,NA,1,NA,NA,1,NA,NA,1,NA,NA
unknown_lab,tyjp,1998,female,United States,United States,TRUE,TRUE,intermediate,4,12,FALSE,NA,FALSE,NA,29,11,0,0,n,m,150,0,-0,40,40,-40,-5.369507723654657,English,NA,NA,1,NA,NA,0,NA,NA,1,NA,NA,1,NA,NA,1,NA,NA,1,NA,NA
unknown_lab,tyjp,1998,female,United States,United States,TRUE,TRUE,intermediate,4,12,FALSE,NA,FALSE,NA,29,11,0,0,p,m,150,0,0,60,20,20,2.16686694770185,English,NA,NA,1,NA,NA,0,NA,NA,1,NA,NA,1,NA,NA,1,NA,NA,1,NA,NA
unknown_lab,tyjp,1998,female,United States,United States,TRUE,TRUE,intermediate,4,12,FALSE,NA,FALSE,NA,29,11,0,0,p,m,150,0,0,100,30,30,3.1564128700055254,English,NA,NA,1,NA,NA,0,NA,NA,1,NA,NA,1,NA,NA,1,NA,NA,1,NA,NA
unknown_lab,tyjp,1998,female,United States,United States,TRUE,TRUE,intermediate,4,12,FALSE,NA,FALSE,NA,29,11,0,0,p,m,150,0,0,60,10,10,1.1173128526977774,English,NA,NA,1,NA,NA,0,NA,NA,1,NA,NA,1,NA,NA,1,NA,NA,1,NA,NA
unknown_lab,tyjp,1998,female,United States,United States,TRUE,TRUE,intermediate,4,12,FALSE,NA,FALSE,NA,29,11,0,0,n,m,150,0,-0,20,40,-40,-5.369507723654657,English,NA,NA,1,NA,NA,0,NA,NA,1,NA,NA,1,NA,NA,1,NA,NA,1,NA,NA
unknown_lab,tyjp,1998,female,United States,United States,TRUE,TRUE,intermediate,4,12,FALSE,NA,FALSE,NA,29,11,0,0,n,m,150,0,-0,100,10,-10,-1.1944280826109728,English,NA,NA,1,NA,NA,0,NA,NA,1,NA,NA,1,NA,NA,1,NA,NA,1,NA,NA
unknown_lab,tyjp,1998,female,United States,United States,TRUE,TRUE,intermediate,4,12,FALSE,NA,FALSE,NA,29,11,0,0,p,m,150,0,0,40,40,40,4.092443014020803,English,NA,NA,1,NA,NA,0,NA,NA,1,NA,NA,1,NA,NA,1,NA,NA,1,NA,NA
unknown_lab,tyjp,1998,female,United States,United States,TRUE,TRUE,intermediate,4,12,FALSE,NA,FALSE,NA,29,11,0,0,n,m,150,0,-0,140,20,-20,-2.477410529609116,English,NA,NA,1,NA,NA,0,NA,NA,1,NA,NA,1,NA,NA,1,NA,NA,1,NA,NA
unknown_lab,tyjp,1998,female,United States,United States,TRUE,TRUE,intermediate,4,12,FALSE,NA,FALSE,NA,29,11,0,0,n,m,150,0,-0,60,10,-10,-1.1944280826109728,English,NA,NA,1,NA,NA,0,NA,NA,1,NA,NA,1,NA,NA,1,NA,NA,1,NA,NA
unknown_lab,tyjp,1998,female,United States,United States,TRUE,TRUE,intermediate,4,12,FALSE,NA,FALSE,NA,29,11,0,0,n,m,150,0,-0,100,40,-40,-5.369507723654657,English,NA,NA,1,NA,NA,0,NA,NA,1,NA,NA,1,NA,NA,1,NA,NA,1,NA,NA
unknown_lab,tyjp,1998,female,United States,United States,TRUE,TRUE,intermediate,4,12,FALSE,NA,FALSE,NA,29,11,0,0,p,m,150,0,0,80,30,30,3.1564128700055254,English,NA,NA,1,NA,NA,0,NA,NA,1,NA,NA,1,NA,NA,1,NA,NA,1,NA,NA
unknown_lab,tyjp,1998,female,United States,United States,TRUE,TRUE,intermediate,4,12,FALSE,NA,FALSE,NA,29,11,0,0,n,m,150,0,-0,100,20,-20,-2.477410529609116,English,NA,NA,1,NA,NA,0,NA,NA,1,NA,NA,1,NA,NA,1,NA,NA,1,NA,NA
unknown_lab,tyjp,1998,female,United States,United States,TRUE,TRUE,intermediate,4,12,FALSE,NA,FALSE,NA,29,11,0,0,0,m,150,1,NA,20,0,-0,0,English,NA,NA,1,NA,NA,0,NA,NA,1,NA,NA,1,NA,NA,1,NA,NA,1,NA,NA
unknown_lab,tyjp,1998,female,United States,United States,TRUE,TRUE,intermediate,4,12,FALSE,NA,FALSE,NA,29,11,0,0,p,m,150,0,0,40,20,20,2.16686694770185,English,NA,NA,1,NA,NA,0,NA,NA,1,NA,NA,1,NA,NA,1,NA,NA,1,NA,NA
unknown_lab,tyjp,1998,female,United States,United States,TRUE,TRUE,intermediate,4,12,FALSE,NA,FALSE,NA,29,11,0,0,p,m,150,0,0,40,10,10,1.1173128526977774,English,NA,NA,1,NA,NA,0,NA,NA,1,NA,NA,1,NA,NA,1,NA,NA,1,NA,NA
unknown_lab,tyjp,1998,female,United States,United States,TRUE,TRUE,intermediate,4,12,FALSE,NA,FALSE,NA,29,11,0,0,n,m,150,0,-0,80,20,-20,-2.477410529609116,English,NA,NA,1,NA,NA,0,NA,NA,1,NA,NA,1,NA,NA,1,NA,NA,1,NA,NA
unknown_lab,tyjp,1998,female,United States,United States,TRUE,TRUE,intermediate,4,12,FALSE,NA,FALSE,NA,29,11,0,0,n,m,150,0,-0,140,30,-30,-3.8631371386483475,English,NA,NA,1,NA,NA,0,NA,NA,1,NA,NA,1,NA,NA,1,NA,NA,1,NA,NA
unknown_lab,tyjp,1998,female,United States,United States,TRUE,TRUE,intermediate,4,12,FALSE,NA,FALSE,NA,29,11,0,0,n,m,150,0,-0,20,10,-10,-1.1944280826109728,English,NA,NA,1,NA,NA,0,NA,NA,1,NA,NA,1,NA,NA,1,NA,NA,1,NA,NA
unknown_lab,tyjp,1998,female,United States,United States,TRUE,TRUE,intermediate,4,12,FALSE,NA,FALSE,NA,29,11,0,0,p,m,150,0,0,120,20,20,2.16686694770185,English,NA,NA,1,NA,NA,0,NA,NA,1,NA,NA,1,NA,NA,1,NA,NA,1,NA,NA
unknown_lab,tyjp,1998,female,United States,United States,TRUE,TRUE,intermediate,4,12,FALSE,NA,FALSE,NA,29,11,0,0,n,m,150,0,-0,60,30,-30,-3.8631371386483475,English,NA,NA,1,NA,NA,0,NA,NA,1,NA,NA,1,NA,NA,1,NA,NA,1,NA,NA
unknown_lab,tyjp,1998,female,United States,United States,TRUE,TRUE,intermediate,4,12,FALSE,NA,FALSE,NA,29,11,0,0,p,m,150,0,0,120,30,30,3.1564128700055254,English,NA,NA,1,NA,NA,0,NA,NA,1,NA,NA,1,NA,NA,1,NA,NA,1,NA,NA
unknown_lab,tyjp,1998,female,United States,United States,TRUE,TRUE,intermediate,4,12,FALSE,NA,FALSE,NA,29,11,0,0,p,m,150,0,0,40,30,30,3.1564128700055254,English,NA,NA,1,NA,NA,0,NA,NA,1,NA,NA,1,NA,NA,1,NA,NA,1,NA,NA
unknown_lab,tyjp,1998,female,United States,United States,TRUE,TRUE,intermediate,4,12,FALSE,NA,FALSE,NA,29,11,0,0,p,m,150,0,0,140,30,30,3.1564128700055254,English,NA,NA,1,NA,NA,0,NA,NA,1,NA,NA,1,NA,NA,1,NA,NA,1,NA,NA
unknown_lab,tyjp,1998,female,United States,United States,TRUE,TRUE,intermediate,4,12,FALSE,NA,FALSE,NA,29,11,0,0,n,m,150,0,-0,140,10,-10,-1.1944280826109728,English,NA,NA,1,NA,NA,0,NA,NA,1,NA,NA,1,NA,NA,1,NA,NA,1,NA,NA
unknown_lab,tyjp,1998,female,United States,United States,TRUE,TRUE,intermediate,4,12,FALSE,NA,FALSE,NA,29,11,0,0,p,m,150,0,0,20,20,20,2.16686694770185,English,NA,NA,1,NA,NA,0,NA,NA,1,NA,NA,1,NA,NA,1,NA,NA,1,NA,NA
unknown_lab,tyjp,1998,female,United States,United States,TRUE,TRUE,intermediate,4,12,FALSE,NA,FALSE,NA,29,11,0,0,p,m,150,0,0,20,40,40,4.092443014020803,English,NA,NA,1,NA,NA,0,NA,NA,1,NA,NA,1,NA,NA,1,NA,NA,1,NA,NA
unknown_lab,tyjp,1998,female,United States,United States,TRUE,TRUE,intermediate,4,12,FALSE,NA,FALSE,NA,29,11,0,0,p,m,150,0,0,100,20,20,2.16686694770185,English,NA,NA,1,NA,NA,0,NA,NA,1,NA,NA,1,NA,NA,1,NA,NA,1,NA,NA
unknown_lab,tyjp,1998,female,United States,United States,TRUE,TRUE,intermediate,4,12,FALSE,NA,FALSE,NA,29,11,0,0,0,m,150,1,NA,80,0,-0,0,English,NA,NA,1,NA,NA,0,NA,NA,1,NA,NA,1,NA,NA,1,NA,NA,1,NA,NA
unknown_lab,tyjp,1998,female,United States,United States,TRUE,TRUE,intermediate,4,12,FALSE,NA,FALSE,NA,29,11,0,0,p,m,150,0,0,20,10,10,1.1173128526977774,English,NA,NA,1,NA,NA,0,NA,NA,1,NA,NA,1,NA,NA,1,NA,NA,1,NA,NA
unknown_lab,tyjp,1998,female,United States,United States,TRUE,TRUE,intermediate,4,12,FALSE,NA,FALSE,NA,29,11,0,0,p,m,150,0,0,80,20,20,2.16686694770185,English,NA,NA,1,NA,NA,0,NA,NA,1,NA,NA,1,NA,NA,1,NA,NA,1,NA,NA
unknown_lab,tyjp,1998,female,United States,United States,TRUE,TRUE,intermediate,4,12,FALSE,NA,FALSE,NA,29,11,0,0,n,m,150,0,-0,120,10,-10,-1.1944280826109728,English,NA,NA,1,NA,NA,0,NA,NA,1,NA,NA,1,NA,NA,1,NA,NA,1,NA,NA
unknown_lab,tyjp,1998,female,United States,United States,TRUE,TRUE,intermediate,4,12,FALSE,NA,FALSE,NA,29,11,0,0,0,m,150,1,NA,80,0,-0,0,English,NA,NA,1,NA,NA,0,NA,NA,1,NA,NA,1,NA,NA,1,NA,NA,1,NA,NA
unknown_lab,tyjp,1998,female,United States,United States,TRUE,TRUE,intermediate,4,12,FALSE,NA,FALSE,NA,29,11,0,0,n,m,150,0,-0,60,40,-40,-5.369507723654657,English,NA,NA,1,NA,NA,0,NA,NA,1,NA,NA,1,NA,NA,1,NA,NA,1,NA,NA
unknown_lab,tyjp,1998,female,United States,United States,TRUE,TRUE,intermediate,4,12,FALSE,NA,FALSE,NA,29,11,0,0,n,m,150,0,-0,140,40,-40,-5.369507723654657,English,NA,NA,1,NA,NA,0,NA,NA,1,NA,NA,1,NA,NA,1,NA,NA,1,NA,NA
unknown_lab,tyjp,1998,female,United States,United States,TRUE,TRUE,intermediate,4,12,FALSE,NA,FALSE,NA,29,11,0,0,p,m,150,0,0,120,40,40,4.092443014020803,English,NA,NA,1,NA,NA,0,NA,NA,1,NA,NA,1,NA,NA,1,NA,NA,1,NA,NA
unknown_lab,tyjp,1998,female,United States,United States,TRUE,TRUE,intermediate,4,12,FALSE,NA,FALSE,NA,29,11,0,0,p,m,150,0,0,140,10,10,1.1173128526977774,English,NA,NA,1,NA,NA,0,NA,NA,1,NA,NA,1,NA,NA,1,NA,NA,1,NA,NA
unknown_lab,tyjp,1998,female,United States,United States,TRUE,TRUE,intermediate,4,12,FALSE,NA,FALSE,NA,29,11,0,0,n,m,150,0,-0,120,40,-40,-5.369507723654657,English,NA,NA,1,NA,NA,0,NA,NA,1,NA,NA,1,NA,NA,1,NA,NA,1,NA,NA
unknown_lab,tyjp,1998,female,United States,United States,TRUE,TRUE,intermediate,4,12,FALSE,NA,FALSE,NA,29,11,0,0,n,m,150,0,-0,120,30,-30,-3.8631371386483475,English,NA,NA,1,NA,NA,0,NA,NA,1,NA,NA,1,NA,NA,1,NA,NA,1,NA,NA
unknown_lab,tyjp,1998,female,United States,United States,TRUE,TRUE,intermediate,4,12,FALSE,NA,FALSE,NA,29,11,0,0,0,m,150,1,NA,120,0,-0,0,English,NA,NA,1,NA,NA,0,NA,NA,1,NA,NA,1,NA,NA,1,NA,NA,1,NA,NA
unknown_lab,tyjp,1998,female,United States,United States,TRUE,TRUE,intermediate,4,12,FALSE,NA,FALSE,NA,29,11,0,0,n,m,150,0,-0,40,20,-20,-2.477410529609116,English,NA,NA,1,NA,NA,0,NA,NA,1,NA,NA,1,NA,NA,1,NA,NA,1,NA,NA
unknown_lab,tyjp,1998,female,United States,United States,TRUE,TRUE,intermediate,4,12,FALSE,NA,FALSE,NA,29,11,0,0,n,m,150,0,-0,120,20,-20,-2.477410529609116,English,NA,NA,1,NA,NA,0,NA,NA,1,NA,NA,1,NA,NA,1,NA,NA,1,NA,NA
unknown_lab,tyjp,1998,female,United States,United States,TRUE,TRUE,intermediate,4,12,FALSE,NA,FALSE,NA,29,11,0,0,p,m,150,0,0,140,40,40,4.092443014020803,English,NA,NA,1,NA,NA,0,NA,NA,1,NA,NA,1,NA,NA,1,NA,NA,1,NA,NA
unknown_lab,tyjp,1998,female,United States,United States,TRUE,TRUE,intermediate,4,12,FALSE,NA,FALSE,NA,29,11,0,0,0,m,150,1,NA,120,0,-0,0,English,NA,NA,1,NA,NA,0,NA,NA,1,NA,NA,1,NA,NA,1,NA,NA,1,NA,NA
unknown_lab,tyjp,1998,female,United States,United States,TRUE,TRUE,intermediate,4,12,FALSE,NA,FALSE,NA,29,11,0,0,n,m,150,0,-0,40,10,-10,-1.1944280826109728,English,NA,NA,1,NA,NA,0,NA,NA,1,NA,NA,1,NA,NA,1,NA,NA,1,NA,NA
unknown_lab,tyjp,1998,female,United States,United States,TRUE,TRUE,intermediate,4,12,FALSE,NA,FALSE,NA,29,11,0,0,n,m,150,0,-0,80,10,-10,-1.1944280826109728,English,NA,NA,1,NA,NA,0,NA,NA,1,NA,NA,1,NA,NA,1,NA,NA,1,NA,NA
unknown_lab,tyjp,1998,female,United States,United States,TRUE,TRUE,intermediate,4,12,FALSE,NA,FALSE,NA,29,11,0,0,n,m,150,0,-0,80,40,-40,-5.369507723654657,English,NA,NA,1,NA,NA,0,NA,NA,1,NA,NA,1,NA,NA,1,NA,NA,1,NA,NA
unknown_lab,tyjp,1998,female,United States,United States,TRUE,TRUE,intermediate,4,12,FALSE,NA,FALSE,NA,29,11,0,0,p,m,150,0,0,20,30,30,3.1564128700055254,English,NA,NA,1,NA,NA,0,NA,NA,1,NA,NA,1,NA,NA,1,NA,NA,1,NA,NA
unknown_lab,tyjp,1998,female,United States,United States,TRUE,TRUE,intermediate,4,12,FALSE,NA,FALSE,NA,29,11,0,0,n,m,150,0,-0,20,20,-20,-2.477410529609116,English,NA,NA,1,NA,NA,0,NA,NA,1,NA,NA,1,NA,NA,1,NA,NA,1,NA,NA
unknown_lab,tyjp,1998,female,United States,United States,TRUE,TRUE,intermediate,4,12,FALSE,NA,FALSE,NA,29,11,0,0,p,m,150,0,0,20,20,20,2.16686694770185,English,NA,NA,1,NA,NA,0,NA,NA,1,NA,NA,1,NA,NA,1,NA,NA,1,NA,NA
unknown_lab,tyjp,1998,female,United States,United States,TRUE,TRUE,intermediate,4,12,FALSE,NA,FALSE,NA,29,11,0,0,n,m,150,0,-0,140,20,-20,-2.477410529609116,English,NA,NA,1,NA,NA,0,NA,NA,1,NA,NA,1,NA,NA,1,NA,NA,1,NA,NA
unknown_lab,tyjp,1998,female,United States,United States,TRUE,TRUE,intermediate,4,12,FALSE,NA,FALSE,NA,29,11,0,0,p,m,150,0,0,120,20,20,2.16686694770185,English,NA,NA,1,NA,NA,0,NA,NA,1,NA,NA,1,NA,NA,1,NA,NA,1,NA,NA
unknown_lab,tyjp,1998,female,United States,United States,TRUE,TRUE,intermediate,4,12,FALSE,NA,FALSE,NA,29,11,0,0,n,m,150,0,-0,60,40,-40,-5.369507723654657,English,NA,NA,1,NA,NA,0,NA,NA,1,NA,NA,1,NA,NA,1,NA,NA,1,NA,NA
unknown_lab,tyjp,1998,female,United States,United States,TRUE,TRUE,intermediate,4,12,FALSE,NA,FALSE,NA,29,11,0,0,n,m,150,0,-0,120,30,-30,-3.8631371386483475,English,NA,NA,1,NA,NA,0,NA,NA,1,NA,NA,1,NA,NA,1,NA,NA,1,NA,NA
unknown_lab,tyjp,1998,female,United States,United States,TRUE,TRUE,intermediate,4,12,FALSE,NA,FALSE,NA,29,10,-5,-0.5869152057713568,p,l,145,0,-0.125,60,40,40,4.092443014020803,English,NA,NA,1,NA,NA,0,NA,NA,1,NA,NA,1,NA,NA,1,NA,NA,1,NA,NA
unknown_lab,tyjp,1998,female,United States,United States,TRUE,TRUE,intermediate,4,12,FALSE,NA,FALSE,NA,29,11,0,0,0,m,150,1,NA,40,0,-0,0,English,NA,NA,1,NA,NA,0,NA,NA,1,NA,NA,1,NA,NA,1,NA,NA,1,NA,NA
unknown_lab,tyjp,1998,female,United States,United States,TRUE,TRUE,intermediate,4,12,FALSE,NA,FALSE,NA,29,11,0,0,p,m,150,0,0,80,40,40,4.092443014020803,English,NA,NA,1,NA,NA,0,NA,NA,1,NA,NA,1,NA,NA,1,NA,NA,1,NA,NA
unknown_lab,tyjp,1998,female,United States,United States,TRUE,TRUE,intermediate,4,12,FALSE,NA,FALSE,NA,29,11,0,0,p,m,150,0,0,140,10,10,1.1173128526977774,English,NA,NA,1,NA,NA,0,NA,NA,1,NA,NA,1,NA,NA,1,NA,NA,1,NA,NA
unknown_lab,tyjp,1998,female,United States,United States,TRUE,TRUE,intermediate,4,12,FALSE,NA,FALSE,NA,29,11,0,0,n,m,150,0,-0,120,10,-10,-1.1944280826109728,English,NA,NA,1,NA,NA,0,NA,NA,1,NA,NA,1,NA,NA,1,NA,NA,1,NA,NA
unknown_lab,tyjp,1998,female,United States,United States,TRUE,TRUE,intermediate,4,12,FALSE,NA,FALSE,NA,29,11,0,0,p,m,150,0,0,80,30,30,3.1564128700055254,English,NA,NA,1,NA,NA,0,NA,NA,1,NA,NA,1,NA,NA,1,NA,NA,1,NA,NA
unknown_lab,tyjp,1998,female,United States,United States,TRUE,TRUE,intermediate,4,12,FALSE,NA,FALSE,NA,29,11,0,0,n,m,150,0,-0,120,20,-20,-2.477410529609116,English,NA,NA,1,NA,NA,0,NA,NA,1,NA,NA,1,NA,NA,1,NA,NA,1,NA,NA
unknown_lab,tyjp,1998,female,United States,United States,TRUE,TRUE,intermediate,4,12,FALSE,NA,FALSE,NA,29,11,0,0,0,m,150,1,NA,140,0,-0,0,English,NA,NA,1,NA,NA,0,NA,NA,1,NA,NA,1,NA,NA,1,NA,NA,1,NA,NA
unknown_lab,tyjp,1998,female,United States,United States,TRUE,TRUE,intermediate,4,12,FALSE,NA,FALSE,NA,29,11,0,0,p,m,150,0,0,20,30,30,3.1564128700055254,English,NA,NA,1,NA,NA,0,NA,NA,1,NA,NA,1,NA,NA,1,NA,NA,1,NA,NA
unknown_lab,tyjp,1998,female,United States,United States,TRUE,TRUE,intermediate,4,12,FALSE,NA,FALSE,NA,29,11,0,0,n,m,150,0,-0,140,10,-10,-1.1944280826109728,English,NA,NA,1,NA,NA,0,NA,NA,1,NA,NA,1,NA,NA,1,NA,NA,1,NA,NA
unknown_lab,tyjp,1998,female,United States,United States,TRUE,TRUE,intermediate,4,12,FALSE,NA,FALSE,NA,29,11,0,0,p,m,150,0,0,40,10,10,1.1173128526977774,English,NA,NA,1,NA,NA,0,NA,NA,1,NA,NA,1,NA,NA,1,NA,NA,1,NA,NA
unknown_lab,tyjp,1998,female,United States,United States,TRUE,TRUE,intermediate,4,12,FALSE,NA,FALSE,NA,29,11,0,0,n,m,150,0,-0,80,20,-20,-2.477410529609116,English,NA,NA,1,NA,NA,0,NA,NA,1,NA,NA,1,NA,NA,1,NA,NA,1,NA,NA
unknown_lab,tyjp,1998,female,United States,United States,TRUE,TRUE,intermediate,4,12,FALSE,NA,FALSE,NA,29,11,0,0,p,m,150,0,0,120,10,10,1.1173128526977774,English,NA,NA,1,NA,NA,0,NA,NA,1,NA,NA,1,NA,NA,1,NA,NA,1,NA,NA
unknown_lab,tyjp,1998,female,United States,United States,TRUE,TRUE,intermediate,4,12,FALSE,NA,FALSE,NA,29,11,0,0,n,m,150,0,-0,40,30,-30,-3.8631371386483475,English,NA,NA,1,NA,NA,0,NA,NA,1,NA,NA,1,NA,NA,1,NA,NA,1,NA,NA
unknown_lab,tyjp,1998,female,United States,United States,TRUE,TRUE,intermediate,4,12,FALSE,NA,FALSE,NA,29,11,0,0,n,m,150,0,-0,100,10,-10,-1.1944280826109728,English,NA,NA,1,NA,NA,0,NA,NA,1,NA,NA,1,NA,NA,1,NA,NA,1,NA,NA
unknown_lab,tyjp,1998,female,United States,United States,TRUE,TRUE,intermediate,4,12,FALSE,NA,FALSE,NA,29,11,0,0,p,m,150,0,0,140,20,20,2.16686694770185,English,NA,NA,1,NA,NA,0,NA,NA,1,NA,NA,1,NA,NA,1,NA,NA,1,NA,NA
unknown_lab,tyjp,1998,female,United States,United States,TRUE,TRUE,intermediate,4,12,FALSE,NA,FALSE,NA,29,11,0,0,0,m,150,1,NA,100,0,-0,0,English,NA,NA,1,NA,NA,0,NA,NA,1,NA,NA,1,NA,NA,1,NA,NA,1,NA,NA
unknown_lab,tyjp,1998,female,United States,United States,TRUE,TRUE,intermediate,4,12,FALSE,NA,FALSE,NA,29,12,5,0.5676685773402819,n,h,155,0,-0.125,120,40,-40,-5.369507723654657,English,NA,NA,1,NA,NA,0,NA,NA,1,NA,NA,1,NA,NA,1,NA,NA,1,NA,NA
unknown_lab,tyjp,1998,female,United States,United States,TRUE,TRUE,intermediate,4,12,FALSE,NA,FALSE,NA,29,11,0,0,p,m,150,0,0,40,30,30,3.1564128700055254,English,NA,NA,1,NA,NA,0,NA,NA,1,NA,NA,1,NA,NA,1,NA,NA,1,NA,NA
unknown_lab,tyjp,1998,female,United States,United States,TRUE,TRUE,intermediate,4,12,FALSE,NA,FALSE,NA,29,13,10,1.1173128526977774,p,h,160,1,0.25,140,40,40,4.092443014020803,English,NA,NA,1,NA,NA,0,NA,NA,1,NA,NA,1,NA,NA,1,NA,NA,1,NA,NA
unknown_lab,tyjp,1998,female,United States,United States,TRUE,TRUE,intermediate,4,12,FALSE,NA,FALSE,NA,29,11,0,0,n,m,150,0,-0,80,40,-40,-5.369507723654657,English,NA,NA,1,NA,NA,0,NA,NA,1,NA,NA,1,NA,NA,1,NA,NA,1,NA,NA
unknown_lab,tyjp,1998,female,United States,United States,TRUE,TRUE,intermediate,4,12,FALSE,NA,FALSE,NA,29,12,5,0.5676685773402819,p,h,155,1,0.16666666666666666,140,30,30,3.1564128700055254,English,NA,NA,1,NA,NA,0,NA,NA,1,NA,NA,1,NA,NA,1,NA,NA,1,NA,NA
unknown_lab,tyjp,1998,female,United States,United States,TRUE,TRUE,intermediate,4,12,FALSE,NA,FALSE,NA,29,10,-5,-0.5869152057713568,n,l,145,1,0.125,40,40,-40,-5.369507723654657,English,NA,NA,1,NA,NA,0,NA,NA,1,NA,NA,1,NA,NA,1,NA,NA,1,NA,NA
unknown_lab,tyjp,1998,female,United States,United States,TRUE,TRUE,intermediate,4,12,FALSE,NA,FALSE,NA,29,11,0,0,0,m,150,1,NA,40,0,-0,0,English,NA,NA,1,NA,NA,0,NA,NA,1,NA,NA,1,NA,NA,1,NA,NA,1,NA,NA
unknown_lab,tyjp,1998,female,United States,United States,TRUE,TRUE,intermediate,4,12,FALSE,NA,FALSE,NA,29,11,0,0,n,m,150,0,-0,40,20,-20,-2.477410529609116,English,NA,NA,1,NA,NA,0,NA,NA,1,NA,NA,1,NA,NA,1,NA,NA,1,NA,NA
unknown_lab,tyjp,1998,female,United States,United States,TRUE,TRUE,intermediate,4,12,FALSE,NA,FALSE,NA,29,10,-5,-0.5869152057713568,n,l,145,1,0.125,20,40,-40,-5.369507723654657,English,NA,NA,1,NA,NA,0,NA,NA,1,NA,NA,1,NA,NA,1,NA,NA,1,NA,NA
unknown_lab,tyjp,1998,female,United States,United States,TRUE,TRUE,intermediate,4,12,FALSE,NA,FALSE,NA,29,11,0,0,p,m,150,0,0,20,10,10,1.1173128526977774,English,NA,NA,1,NA,NA,0,NA,NA,1,NA,NA,1,NA,NA,1,NA,NA,1,NA,NA
unknown_lab,tyjp,1998,female,United States,United States,TRUE,TRUE,intermediate,4,12,FALSE,NA,FALSE,NA,29,11,0,0,p,m,150,0,0,120,30,30,3.1564128700055254,English,NA,NA,1,NA,NA,0,NA,NA,1,NA,NA,1,NA,NA,1,NA,NA,1,NA,NA
unknown_lab,tyjp,1998,female,United States,United States,TRUE,TRUE,intermediate,4,12,FALSE,NA,FALSE,NA,29,11,0,0,n,m,150,0,-0,60,30,-30,-3.8631371386483475,English,NA,NA,1,NA,NA,0,NA,NA,1,NA,NA,1,NA,NA,1,NA,NA,1,NA,NA
unknown_lab,tyjp,1998,female,United States,United States,TRUE,TRUE,intermediate,4,12,FALSE,NA,FALSE,NA,29,11,0,0,p,m,150,0,0,100,20,20,2.16686694770185,English,NA,NA,1,NA,NA,0,NA,NA,1,NA,NA,1,NA,NA,1,NA,NA,1,NA,NA
unknown_lab,tyjp,1998,female,United States,United States,TRUE,TRUE,intermediate,4,12,FALSE,NA,FALSE,NA,29,11,0,0,n,m,150,0,-0,60,10,-10,-1.1944280826109728,English,NA,NA,1,NA,NA,0,NA,NA,1,NA,NA,1,NA,NA,1,NA,NA,1,NA,NA
unknown_lab,tyjp,1998,female,United States,United States,TRUE,TRUE,intermediate,4,12,FALSE,NA,FALSE,NA,29,11,0,0,n,m,150,0,-0,140,40,-40,-5.369507723654657,English,NA,NA,1,NA,NA,0,NA,NA,1,NA,NA,1,NA,NA,1,NA,NA,1,NA,NA
unknown_lab,tyjp,1998,female,United States,United States,TRUE,TRUE,intermediate,4,12,FALSE,NA,FALSE,NA,29,11,0,0,p,m,150,0,0,100,30,30,3.1564128700055254,English,NA,NA,1,NA,NA,0,NA,NA,1,NA,NA,1,NA,NA,1,NA,NA,1,NA,NA
unknown_lab,tyjp,1998,female,United States,United States,TRUE,TRUE,intermediate,4,12,FALSE,NA,FALSE,NA,29,11,0,0,p,m,150,0,0,80,20,20,2.16686694770185,English,NA,NA,1,NA,NA,0,NA,NA,1,NA,NA,1,NA,NA,1,NA,NA,1,NA,NA
unknown_lab,tyjp,1998,female,United States,United States,TRUE,TRUE,intermediate,4,12,FALSE,NA,FALSE,NA,29,11,0,0,p,m,150,0,0,40,40,40,4.092443014020803,English,NA,NA,1,NA,NA,0,NA,NA,1,NA,NA,1,NA,NA,1,NA,NA,1,NA,NA
unknown_lab,tyjp,1998,female,United States,United States,TRUE,TRUE,intermediate,4,12,FALSE,NA,FALSE,NA,29,11,0,0,n,m,150,0,-0,20,20,-20,-2.477410529609116,English,NA,NA,1,NA,NA,0,NA,NA,1,NA,NA,1,NA,NA,1,NA,NA,1,NA,NA
unknown_lab,tyjp,1998,female,United States,United States,TRUE,TRUE,intermediate,4,12,FALSE,NA,FALSE,NA,29,11,0,0,n,m,150,0,-0,100,30,-30,-3.8631371386483475,English,NA,NA,1,NA,NA,0,NA,NA,1,NA,NA,1,NA,NA,1,NA,NA,1,NA,NA
unknown_lab,tyjp,1998,female,United States,United States,TRUE,TRUE,intermediate,4,12,FALSE,NA,FALSE,NA,29,11,0,0,0,m,150,1,NA,140,0,-0,0,English,NA,NA,1,NA,NA,0,NA,NA,1,NA,NA,1,NA,NA,1,NA,NA,1,NA,NA
unknown_lab,tyjp,1998,female,United States,United States,TRUE,TRUE,intermediate,4,12,FALSE,NA,FALSE,NA,29,11,0,0,p,m,150,0,0,60,10,10,1.1173128526977774,English,NA,NA,1,NA,NA,0,NA,NA,1,NA,NA,1,NA,NA,1,NA,NA,1,NA,NA
unknown_lab,tyjp,1998,female,United States,United States,TRUE,TRUE,intermediate,4,12,FALSE,NA,FALSE,NA,29,11,0,0,n,m,150,0,-0,100,40,-40,-5.369507723654657,English,NA,NA,1,NA,NA,0,NA,NA,1,NA,NA,1,NA,NA,1,NA,NA,1,NA,NA
unknown_lab,tyjp,1998,female,United States,United States,TRUE,TRUE,intermediate,4,12,FALSE,NA,FALSE,NA,29,11,0,0,n,m,150,0,-0,100,20,-20,-2.477410529609116,English,NA,NA,1,NA,NA,0,NA,NA,1,NA,NA,1,NA,NA,1,NA,NA,1,NA,NA
unknown_lab,tyjp,1998,female,United States,United States,TRUE,TRUE,intermediate,4,12,FALSE,NA,FALSE,NA,29,11,0,0,n,m,150,0,-0,80,30,-30,-3.8631371386483475,English,NA,NA,1,NA,NA,0,NA,NA,1,NA,NA,1,NA,NA,1,NA,NA,1,NA,NA
unknown_lab,tyjp,1998,female,United States,United States,TRUE,TRUE,intermediate,4,12,FALSE,NA,FALSE,NA,29,11,0,0,p,m,150,0,0,100,10,10,1.1173128526977774,English,NA,NA,1,NA,NA,0,NA,NA,1,NA,NA,1,NA,NA,1,NA,NA,1,NA,NA
unknown_lab,tyjp,1998,female,United States,United States,TRUE,TRUE,intermediate,4,12,FALSE,NA,FALSE,NA,29,11,0,0,n,m,150,0,-0,60,20,-20,-2.477410529609116,English,NA,NA,1,NA,NA,0,NA,NA,1,NA,NA,1,NA,NA,1,NA,NA,1,NA,NA
unknown_lab,tyjp,1998,female,United States,United States,TRUE,TRUE,intermediate,4,12,FALSE,NA,FALSE,NA,29,13,10,1.1173128526977774,p,h,160,1,0.25,100,40,40,4.092443014020803,English,NA,NA,1,NA,NA,0,NA,NA,1,NA,NA,1,NA,NA,1,NA,NA,1,NA,NA
unknown_lab,tyjp,1998,female,United States,United States,TRUE,TRUE,intermediate,4,12,FALSE,NA,FALSE,NA,29,11,0,0,n,m,150,0,-0,20,30,-30,-3.8631371386483475,English,NA,NA,1,NA,NA,0,NA,NA,1,NA,NA,1,NA,NA,1,NA,NA,1,NA,NA
unknown_lab,tyjp,1998,female,United States,United States,TRUE,TRUE,intermediate,4,12,FALSE,NA,FALSE,NA,29,11,0,0,p,m,150,0,0,80,10,10,1.1173128526977774,English,NA,NA,1,NA,NA,0,NA,NA,1,NA,NA,1,NA,NA,1,NA,NA,1,NA,NA
unknown_lab,tyjp,1998,female,United States,United States,TRUE,TRUE,intermediate,4,12,FALSE,NA,FALSE,NA,29,10,-5,-0.5869152057713568,n,l,145,1,0.16666666666666666,140,30,-30,-3.8631371386483475,English,NA,NA,1,NA,NA,0,NA,NA,1,NA,NA,1,NA,NA,1,NA,NA,1,NA,NA
unknown_lab,tyjp,1998,female,United States,United States,TRUE,TRUE,intermediate,4,12,FALSE,NA,FALSE,NA,29,11,0,0,p,m,150,0,0,60,30,30,3.1564128700055254,English,NA,NA,1,NA,NA,0,NA,NA,1,NA,NA,1,NA,NA,1,NA,NA,1,NA,NA
unknown_lab,tyjp,1998,female,United States,United States,TRUE,TRUE,intermediate,4,12,FALSE,NA,FALSE,NA,29,11,0,0,p,m,150,0,0,60,20,20,2.16686694770185,English,NA,NA,1,NA,NA,0,NA,NA,1,NA,NA,1,NA,NA,1,NA,NA,1,NA,NA
unknown_lab,tyjp,1998,female,United States,United States,TRUE,TRUE,intermediate,4,12,FALSE,NA,FALSE,NA,29,12,5,0.5676685773402819,p,h,155,1,0.125,120,40,40,4.092443014020803,English,NA,NA,1,NA,NA,0,NA,NA,1,NA,NA,1,NA,NA,1,NA,NA,1,NA,NA
unknown_lab,tyjp,1998,female,United States,United States,TRUE,TRUE,intermediate,4,12,FALSE,NA,FALSE,NA,29,11,0,0,0,m,150,1,NA,60,0,-0,0,English,NA,NA,1,NA,NA,0,NA,NA,1,NA,NA,1,NA,NA,1,NA,NA,1,NA,NA
unknown_lab,tyjp,1998,female,United States,United States,TRUE,TRUE,intermediate,4,12,FALSE,NA,FALSE,NA,29,11,0,0,n,m,150,0,-0,80,10,-10,-1.1944280826109728,English,NA,NA,1,NA,NA,0,NA,NA,1,NA,NA,1,NA,NA,1,NA,NA,1,NA,NA
unknown_lab,tyjp,1998,female,United States,United States,TRUE,TRUE,intermediate,4,12,FALSE,NA,FALSE,NA,29,11,0,0,n,m,150,0,-0,40,10,-10,-1.1944280826109728,English,NA,NA,1,NA,NA,0,NA,NA,1,NA,NA,1,NA,NA,1,NA,NA,1,NA,NA
unknown_lab,tyjp,1998,female,United States,United States,TRUE,TRUE,intermediate,4,12,FALSE,NA,FALSE,NA,29,11,0,0,p,m,150,0,0,40,20,20,2.16686694770185,English,NA,NA,1,NA,NA,0,NA,NA,1,NA,NA,1,NA,NA,1,NA,NA,1,NA,NA
unknown_lab,o7jr,1985,male,United States,United States,TRUE,TRUE,beginner,1,20,FALSE,NA,FALSE,NA,39,10,-5,-0.5869152057713568,p,l,145,0,-0.25,140,20,20,2.16686694770185,English,Spanish,NA,1,4,NA,0,38,NA,1,4,NA,1,4,NA,1,4,NA,1,4,NA
unknown_lab,o7jr,1985,male,United States,United States,TRUE,TRUE,beginner,1,20,FALSE,NA,FALSE,NA,39,10,-5,-0.5869152057713568,n,l,145,1,0.125,60,40,-40,-5.369507723654657,English,Spanish,NA,1,4,NA,0,38,NA,1,4,NA,1,4,NA,1,4,NA,1,4,NA
unknown_lab,o7jr,1985,male,United States,United States,TRUE,TRUE,beginner,1,20,FALSE,NA,FALSE,NA,39,11,0,0,p,m,150,0,0,100,40,40,4.092443014020803,English,Spanish,NA,1,4,NA,0,38,NA,1,4,NA,1,4,NA,1,4,NA,1,4,NA
unknown_lab,o7jr,1985,male,United States,United States,TRUE,TRUE,beginner,1,20,FALSE,NA,FALSE,NA,39,11,0,0,0,m,150,1,NA,20,0,-0,0,English,Spanish,NA,1,4,NA,0,38,NA,1,4,NA,1,4,NA,1,4,NA,1,4,NA
unknown_lab,o7jr,1985,male,United States,United States,TRUE,TRUE,beginner,1,20,FALSE,NA,FALSE,NA,39,10,-5,-0.5869152057713568,n,l,145,1,0.125,100,40,-40,-5.369507723654657,English,Spanish,NA,1,4,NA,0,38,NA,1,4,NA,1,4,NA,1,4,NA,1,4,NA
unknown_lab,o7jr,1985,male,United States,United States,TRUE,TRUE,beginner,1,20,FALSE,NA,FALSE,NA,39,10,-5,-0.5869152057713568,n,l,145,1,0.5,140,10,-10,-1.1944280826109728,English,Spanish,NA,1,4,NA,0,38,NA,1,4,NA,1,4,NA,1,4,NA,1,4,NA
unknown_lab,o7jr,1985,male,United States,United States,TRUE,TRUE,beginner,1,20,FALSE,NA,FALSE,NA,39,11,0,0,p,m,150,0,0,20,30,30,3.1564128700055254,English,Spanish,NA,1,4,NA,0,38,NA,1,4,NA,1,4,NA,1,4,NA,1,4,NA
unknown_lab,o7jr,1985,male,United States,United States,TRUE,TRUE,beginner,1,20,FALSE,NA,FALSE,NA,39,10,-5,-0.5869152057713568,n,l,145,1,0.25,120,20,-20,-2.477410529609116,English,Spanish,NA,1,4,NA,0,38,NA,1,4,NA,1,4,NA,1,4,NA,1,4,NA
unknown_lab,o7jr,1985,male,United States,United States,TRUE,TRUE,beginner,1,20,FALSE,NA,FALSE,NA,39,11,0,0,n,m,150,0,-0,20,40,-40,-5.369507723654657,English,Spanish,NA,1,4,NA,0,38,NA,1,4,NA,1,4,NA,1,4,NA,1,4,NA
unknown_lab,o7jr,1985,male,United States,United States,TRUE,TRUE,beginner,1,20,FALSE,NA,FALSE,NA,39,10,-5,-0.5869152057713568,p,l,145,0,-0.125,80,40,40,4.092443014020803,English,Spanish,NA,1,4,NA,0,38,NA,1,4,NA,1,4,NA,1,4,NA,1,4,NA
unknown_lab,o7jr,1985,male,United States,United States,TRUE,TRUE,beginner,1,20,FALSE,NA,FALSE,NA,39,11,0,0,n,m,150,0,-0,80,40,-40,-5.369507723654657,English,Spanish,NA,1,4,NA,0,38,NA,1,4,NA,1,4,NA,1,4,NA,1,4,NA
unknown_lab,o7jr,1985,male,United States,United States,TRUE,TRUE,beginner,1,20,FALSE,NA,FALSE,NA,39,11,0,0,p,m,150,0,0,80,10,10,1.1173128526977774,English,Spanish,NA,1,4,NA,0,38,NA,1,4,NA,1,4,NA,1,4,NA,1,4,NA
unknown_lab,o7jr,1985,male,United States,United States,TRUE,TRUE,beginner,1,20,FALSE,NA,FALSE,NA,39,10,-5,-0.5869152057713568,n,l,145,1,0.25,100,20,-20,-2.477410529609116,English,Spanish,NA,1,4,NA,0,38,NA,1,4,NA,1,4,NA,1,4,NA,1,4,NA
unknown_lab,o7jr,1985,male,United States,United States,TRUE,TRUE,beginner,1,20,FALSE,NA,FALSE,NA,39,11,0,0,n,m,150,0,-0,20,30,-30,-3.8631371386483475,English,Spanish,NA,1,4,NA,0,38,NA,1,4,NA,1,4,NA,1,4,NA,1,4,NA
unknown_lab,o7jr,1985,male,United States,United States,TRUE,TRUE,beginner,1,20,FALSE,NA,FALSE,NA,39,10,-5,-0.5869152057713568,p,l,145,0,-0.16666666666666666,60,30,30,3.1564128700055254,English,Spanish,NA,1,4,NA,0,38,NA,1,4,NA,1,4,NA,1,4,NA,1,4,NA
unknown_lab,o7jr,1985,male,United States,United States,TRUE,TRUE,beginner,1,20,FALSE,NA,FALSE,NA,39,10,-5,-0.5869152057713568,n,l,145,1,0.25,80,20,-20,-2.477410529609116,English,Spanish,NA,1,4,NA,0,38,NA,1,4,NA,1,4,NA,1,4,NA,1,4,NA
unknown_lab,o7jr,1985,male,United States,United States,TRUE,TRUE,beginner,1,20,FALSE,NA,FALSE,NA,39,10,-5,-0.5869152057713568,n,l,145,1,0.25,140,20,-20,-2.477410529609116,English,Spanish,NA,1,4,NA,0,38,NA,1,4,NA,1,4,NA,1,4,NA,1,4,NA
unknown_lab,o7jr,1985,male,United States,United States,TRUE,TRUE,beginner,1,20,FALSE,NA,FALSE,NA,39,11,0,0,n,m,150,0,-0,20,20,-20,-2.477410529609116,English,Spanish,NA,1,4,NA,0,38,NA,1,4,NA,1,4,NA,1,4,NA,1,4,NA
unknown_lab,o7jr,1985,male,United States,United States,TRUE,TRUE,beginner,1,20,FALSE,NA,FALSE,NA,39,10,-5,-0.5869152057713568,n,l,145,1,0.125,140,40,-40,-5.369507723654657,English,Spanish,NA,1,4,NA,0,38,NA,1,4,NA,1,4,NA,1,4,NA,1,4,NA
unknown_lab,o7jr,1985,male,United States,United States,TRUE,TRUE,beginner,1,20,FALSE,NA,FALSE,NA,39,11,0,0,0,m,150,1,NA,80,0,-0,0,English,Spanish,NA,1,4,NA,0,38,NA,1,4,NA,1,4,NA,1,4,NA,1,4,NA
unknown_lab,o7jr,1985,male,United States,United States,TRUE,TRUE,beginner,1,20,FALSE,NA,FALSE,NA,39,11,0,0,n,m,150,0,-0,80,10,-10,-1.1944280826109728,English,Spanish,NA,1,4,NA,0,38,NA,1,4,NA,1,4,NA,1,4,NA,1,4,NA
unknown_lab,o7jr,1985,male,United States,United States,TRUE,TRUE,beginner,1,20,FALSE,NA,FALSE,NA,39,11,0,0,n,m,150,0,-0,40,20,-20,-2.477410529609116,English,Spanish,NA,1,4,NA,0,38,NA,1,4,NA,1,4,NA,1,4,NA,1,4,NA
unknown_lab,o7jr,1985,male,United States,United States,TRUE,TRUE,beginner,1,20,FALSE,NA,FALSE,NA,39,13,10,1.1173128526977774,p,h,160,1,0.25,140,40,40,4.092443014020803,English,Spanish,NA,1,4,NA,0,38,NA,1,4,NA,1,4,NA,1,4,NA,1,4,NA
unknown_lab,o7jr,1985,male,United States,United States,TRUE,TRUE,beginner,1,20,FALSE,NA,FALSE,NA,39,10,-5,-0.5869152057713568,p,l,145,0,-0.16666666666666666,40,30,30,3.1564128700055254,English,Spanish,NA,1,4,NA,0,38,NA,1,4,NA,1,4,NA,1,4,NA,1,4,NA
unknown_lab,o7jr,1985,male,United States,United States,TRUE,TRUE,beginner,1,20,FALSE,NA,FALSE,NA,39,11,0,0,p,m,150,0,0,140,10,10,1.1173128526977774,English,Spanish,NA,1,4,NA,0,38,NA,1,4,NA,1,4,NA,1,4,NA,1,4,NA
unknown_lab,o7jr,1985,male,United States,United States,TRUE,TRUE,beginner,1,20,FALSE,NA,FALSE,NA,39,11,0,0,0,m,150,1,NA,40,0,-0,0,English,Spanish,NA,1,4,NA,0,38,NA,1,4,NA,1,4,NA,1,4,NA,1,4,NA
unknown_lab,o7jr,1985,male,United States,United States,TRUE,TRUE,beginner,1,20,FALSE,NA,FALSE,NA,39,11,0,0,p,m,150,0,0,20,10,10,1.1173128526977774,English,Spanish,NA,1,4,NA,0,38,NA,1,4,NA,1,4,NA,1,4,NA,1,4,NA
unknown_lab,o7jr,1985,male,United States,United States,TRUE,TRUE,beginner,1,20,FALSE,NA,FALSE,NA,39,11,0,0,p,m,150,0,0,60,20,20,2.16686694770185,English,Spanish,NA,1,4,NA,0,38,NA,1,4,NA,1,4,NA,1,4,NA,1,4,NA
unknown_lab,o7jr,1985,male,United States,United States,TRUE,TRUE,beginner,1,20,FALSE,NA,FALSE,NA,39,11,0,0,p,m,150,0,0,40,40,40,4.092443014020803,English,Spanish,NA,1,4,NA,0,38,NA,1,4,NA,1,4,NA,1,4,NA,1,4,NA
unknown_lab,o7jr,1985,male,United States,United States,TRUE,TRUE,beginner,1,20,FALSE,NA,FALSE,NA,39,9,-10,-1.1944280826109728,n,l,140,1,0.3333333333333333,100,30,-30,-3.8631371386483475,English,Spanish,NA,1,4,NA,0,38,NA,1,4,NA,1,4,NA,1,4,NA,1,4,NA
unknown_lab,o7jr,1985,male,United States,United States,TRUE,TRUE,beginner,1,20,FALSE,NA,FALSE,NA,39,12,5,0.5676685773402819,p,h,155,1,0.25,120,20,20,2.16686694770185,English,Spanish,NA,1,4,NA,0,38,NA,1,4,NA,1,4,NA,1,4,NA,1,4,NA
unknown_lab,o7jr,1985,male,United States,United States,TRUE,TRUE,beginner,1,20,FALSE,NA,FALSE,NA,39,11,0,0,n,m,150,0,-0,40,10,-10,-1.1944280826109728,English,Spanish,NA,1,4,NA,0,38,NA,1,4,NA,1,4,NA,1,4,NA,1,4,NA
unknown_lab,o7jr,1985,male,United States,United States,TRUE,TRUE,beginner,1,20,FALSE,NA,FALSE,NA,39,11,0,0,p,m,150,0,0,120,10,10,1.1173128526977774,English,Spanish,NA,1,4,NA,0,38,NA,1,4,NA,1,4,NA,1,4,NA,1,4,NA
unknown_lab,o7jr,1985,male,United States,United States,TRUE,TRUE,beginner,1,20,FALSE,NA,FALSE,NA,39,11,0,0,p,m,150,0,0,80,20,20,2.16686694770185,English,Spanish,NA,1,4,NA,0,38,NA,1,4,NA,1,4,NA,1,4,NA,1,4,NA
unknown_lab,o7jr,1985,male,United States,United States,TRUE,TRUE,beginner,1,20,FALSE,NA,FALSE,NA,39,9,-10,-1.1944280826109728,p,l,140,0,-0.25,120,40,40,4.092443014020803,English,Spanish,NA,1,4,NA,0,38,NA,1,4,NA,1,4,NA,1,4,NA,1,4,NA
unknown_lab,o7jr,1985,male,United States,United States,TRUE,TRUE,beginner,1,20,FALSE,NA,FALSE,NA,39,12,5,0.5676685773402819,p,h,155,1,0.16666666666666666,140,30,30,3.1564128700055254,English,Spanish,NA,1,4,NA,0,38,NA,1,4,NA,1,4,NA,1,4,NA,1,4,NA
unknown_lab,o7jr,1985,male,United States,United States,TRUE,TRUE,beginner,1,20,FALSE,NA,FALSE,NA,39,10,-5,-0.5869152057713568,n,l,145,1,0.5,100,10,-10,-1.1944280826109728,English,Spanish,NA,1,4,NA,0,38,NA,1,4,NA,1,4,NA,1,4,NA,1,4,NA
unknown_lab,o7jr,1985,male,United States,United States,TRUE,TRUE,beginner,1,20,FALSE,NA,FALSE,NA,39,10,-5,-0.5869152057713568,n,l,145,1,0.16666666666666666,120,30,-30,-3.8631371386483475,English,Spanish,NA,1,4,NA,0,38,NA,1,4,NA,1,4,NA,1,4,NA,1,4,NA
unknown_lab,o7jr,1985,male,United States,United States,TRUE,TRUE,beginner,1,20,FALSE,NA,FALSE,NA,39,10,-5,-0.5869152057713568,n,l,145,1,0.16666666666666666,40,30,-30,-3.8631371386483475,English,Spanish,NA,1,4,NA,0,38,NA,1,4,NA,1,4,NA,1,4,NA,1,4,NA
unknown_lab,o7jr,1985,male,United States,United States,TRUE,TRUE,beginner,1,20,FALSE,NA,FALSE,NA,39,10,-5,-0.5869152057713568,n,l,145,1,0.25,60,20,-20,-2.477410529609116,English,Spanish,NA,1,4,NA,0,38,NA,1,4,NA,1,4,NA,1,4,NA,1,4,NA
unknown_lab,o7jr,1985,male,United States,United States,TRUE,TRUE,beginner,1,20,FALSE,NA,FALSE,NA,39,11,0,0,0,m,150,1,NA,60,0,-0,0,English,Spanish,NA,1,4,NA,0,38,NA,1,4,NA,1,4,NA,1,4,NA,1,4,NA
unknown_lab,o7jr,1985,male,United States,United States,TRUE,TRUE,beginner,1,20,FALSE,NA,FALSE,NA,39,9,-10,-1.1944280826109728,n,l,140,1,0.25,120,40,-40,-5.369507723654657,English,Spanish,NA,1,4,NA,0,38,NA,1,4,NA,1,4,NA,1,4,NA,1,4,NA
unknown_lab,o7jr,1985,male,United States,United States,TRUE,TRUE,beginner,1,20,FALSE,NA,FALSE,NA,39,12,5,0.5676685773402819,p,h,155,1,0.125,60,40,40,4.092443014020803,English,Spanish,NA,1,4,NA,0,38,NA,1,4,NA,1,4,NA,1,4,NA,1,4,NA
unknown_lab,o7jr,1985,male,United States,United States,TRUE,TRUE,beginner,1,20,FALSE,NA,FALSE,NA,39,11,0,0,n,m,150,0,-0,20,10,-10,-1.1944280826109728,English,Spanish,NA,1,4,NA,0,38,NA,1,4,NA,1,4,NA,1,4,NA,1,4,NA
unknown_lab,o7jr,1985,male,United States,United States,TRUE,TRUE,beginner,1,20,FALSE,NA,FALSE,NA,39,11,0,0,n,m,150,0,-0,60,10,-10,-1.1944280826109728,English,Spanish,NA,1,4,NA,0,38,NA,1,4,NA,1,4,NA,1,4,NA,1,4,NA
unknown_lab,o7jr,1985,male,United States,United States,TRUE,TRUE,beginner,1,20,FALSE,NA,FALSE,NA,39,10,-5,-0.5869152057713568,n,l,145,1,0.125,40,40,-40,-5.369507723654657,English,Spanish,NA,1,4,NA,0,38,NA,1,4,NA,1,4,NA,1,4,NA,1,4,NA
unknown_lab,o7jr,1985,male,United States,United States,TRUE,TRUE,beginner,1,20,FALSE,NA,FALSE,NA,39,11,0,0,p,m,150,0,0,20,20,20,2.16686694770185,English,Spanish,NA,1,4,NA,0,38,NA,1,4,NA,1,4,NA,1,4,NA,1,4,NA
unknown_lab,o7jr,1985,male,United States,United States,TRUE,TRUE,beginner,1,20,FALSE,NA,FALSE,NA,39,10,-5,-0.5869152057713568,n,l,145,1,0.16666666666666666,60,30,-30,-3.8631371386483475,English,Spanish,NA,1,4,NA,0,38,NA,1,4,NA,1,4,NA,1,4,NA,1,4,NA
unknown_lab,o7jr,1985,male,United States,United States,TRUE,TRUE,beginner,1,20,FALSE,NA,FALSE,NA,39,10,-5,-0.5869152057713568,p,l,145,0,-0.125,20,40,40,4.092443014020803,English,Spanish,NA,1,4,NA,0,38,NA,1,4,NA,1,4,NA,1,4,NA,1,4,NA
unknown_lab,o7jr,1985,male,United States,United States,TRUE,TRUE,beginner,1,20,FALSE,NA,FALSE,NA,39,10,-5,-0.5869152057713568,p,l,145,0,-0.5,60,10,10,1.1173128526977774,English,Spanish,NA,1,4,NA,0,38,NA,1,4,NA,1,4,NA,1,4,NA,1,4,NA
unknown_lab,o7jr,1985,male,United States,United States,TRUE,TRUE,beginner,1,20,FALSE,NA,FALSE,NA,39,10,-5,-0.5869152057713568,p,l,145,0,-0.25,40,20,20,2.16686694770185,English,Spanish,NA,1,4,NA,0,38,NA,1,4,NA,1,4,NA,1,4,NA,1,4,NA
unknown_lab,o7jr,1985,male,United States,United States,TRUE,TRUE,beginner,1,20,FALSE,NA,FALSE,NA,39,11,0,0,0,m,150,1,NA,100,0,-0,0,English,Spanish,NA,1,4,NA,0,38,NA,1,4,NA,1,4,NA,1,4,NA,1,4,NA
unknown_lab,o7jr,1985,male,United States,United States,TRUE,TRUE,beginner,1,20,FALSE,NA,FALSE,NA,39,9,-10,-1.1944280826109728,p,l,140,0,-0.3333333333333333,100,30,30,3.1564128700055254,English,Spanish,NA,1,4,NA,0,38,NA,1,4,NA,1,4,NA,1,4,NA,1,4,NA
unknown_lab,o7jr,1985,male,United States,United States,TRUE,TRUE,beginner,1,20,FALSE,NA,FALSE,NA,39,9,-10,-1.1944280826109728,n,l,140,1,0.3333333333333333,140,30,-30,-3.8631371386483475,English,Spanish,NA,1,4,NA,0,38,NA,1,4,NA,1,4,NA,1,4,NA,1,4,NA
unknown_lab,o7jr,1985,male,United States,United States,TRUE,TRUE,beginner,1,20,FALSE,NA,FALSE,NA,39,9,-10,-1.1944280826109728,n,l,140,1,0.3333333333333333,80,30,-30,-3.8631371386483475,English,Spanish,NA,1,4,NA,0,38,NA,1,4,NA,1,4,NA,1,4,NA,1,4,NA
unknown_lab,o7jr,1985,male,United States,United States,TRUE,TRUE,beginner,1,20,FALSE,NA,FALSE,NA,39,10,-5,-0.5869152057713568,0,l,145,0,NA,120,0,-0,0,English,Spanish,NA,1,4,NA,0,38,NA,1,4,NA,1,4,NA,1,4,NA,1,4,NA
unknown_lab,o7jr,1985,male,United States,United States,TRUE,TRUE,beginner,1,20,FALSE,NA,FALSE,NA,39,10,-5,-0.5869152057713568,p,l,145,0,-0.25,100,20,20,2.16686694770185,English,Spanish,NA,1,4,NA,0,38,NA,1,4,NA,1,4,NA,1,4,NA,1,4,NA
unknown_lab,o7jr,1985,male,United States,United States,TRUE,TRUE,beginner,1,20,FALSE,NA,FALSE,NA,39,11,0,0,p,m,150,0,0,40,10,10,1.1173128526977774,English,Spanish,NA,1,4,NA,0,38,NA,1,4,NA,1,4,NA,1,4,NA,1,4,NA
unknown_lab,o7jr,1985,male,United States,United States,TRUE,TRUE,beginner,1,20,FALSE,NA,FALSE,NA,39,13,10,1.1173128526977774,p,h,160,1,0.3333333333333333,120,30,30,3.1564128700055254,English,Spanish,NA,1,4,NA,0,38,NA,1,4,NA,1,4,NA,1,4,NA,1,4,NA
unknown_lab,o7jr,1985,male,United States,United States,TRUE,TRUE,beginner,1,20,FALSE,NA,FALSE,NA,39,10,-5,-0.5869152057713568,n,l,145,1,0.5,120,10,-10,-1.1944280826109728,English,Spanish,NA,1,4,NA,0,38,NA,1,4,NA,1,4,NA,1,4,NA,1,4,NA
unknown_lab,o7jr,1985,male,United States,United States,TRUE,TRUE,beginner,1,20,FALSE,NA,FALSE,NA,39,11,0,0,0,m,150,1,NA,140,0,-0,0,English,Spanish,NA,1,4,NA,0,38,NA,1,4,NA,1,4,NA,1,4,NA,1,4,NA
unknown_lab,o7jr,1985,male,United States,United States,TRUE,TRUE,beginner,1,20,FALSE,NA,FALSE,NA,39,12,5,0.5676685773402819,p,h,155,1,0.25,20,20,20,2.16686694770185,English,Spanish,NA,1,4,NA,0,38,NA,1,4,NA,1,4,NA,1,4,NA,1,4,NA
unknown_lab,o7jr,1985,male,United States,United States,TRUE,TRUE,beginner,1,20,FALSE,NA,FALSE,NA,39,12,5,0.5676685773402819,n,h,155,0,-0.25,100,20,-20,-2.477410529609116,English,Spanish,NA,1,4,NA,0,38,NA,1,4,NA,1,4,NA,1,4,NA,1,4,NA
unknown_lab,o7jr,1985,male,United States,United States,TRUE,TRUE,beginner,1,20,FALSE,NA,FALSE,NA,39,12,5,0.5676685773402819,n,h,155,0,-0.5,120,10,-10,-1.1944280826109728,English,Spanish,NA,1,4,NA,0,38,NA,1,4,NA,1,4,NA,1,4,NA,1,4,NA
unknown_lab,o7jr,1985,male,United States,United States,TRUE,TRUE,beginner,1,20,FALSE,NA,FALSE,NA,39,11,0,0,n,m,150,0,-0,20,40,-40,-5.369507723654657,English,Spanish,NA,1,4,NA,0,38,NA,1,4,NA,1,4,NA,1,4,NA,1,4,NA
unknown_lab,o7jr,1985,male,United States,United States,TRUE,TRUE,beginner,1,20,FALSE,NA,FALSE,NA,39,10,-5,-0.5869152057713568,n,l,145,1,0.25,120,20,-20,-2.477410529609116,English,Spanish,NA,1,4,NA,0,38,NA,1,4,NA,1,4,NA,1,4,NA,1,4,NA
unknown_lab,o7jr,1985,male,United States,United States,TRUE,TRUE,beginner,1,20,FALSE,NA,FALSE,NA,39,9,-10,-1.1944280826109728,n,l,140,1,0.25,100,40,-40,-5.369507723654657,English,Spanish,NA,1,4,NA,0,38,NA,1,4,NA,1,4,NA,1,4,NA,1,4,NA
unknown_lab,o7jr,1985,male,United States,United States,TRUE,TRUE,beginner,1,20,FALSE,NA,FALSE,NA,39,9,-10,-1.1944280826109728,n,l,140,1,0.3333333333333333,40,30,-30,-3.8631371386483475,English,Spanish,NA,1,4,NA,0,38,NA,1,4,NA,1,4,NA,1,4,NA,1,4,NA
unknown_lab,o7jr,1985,male,United States,United States,TRUE,TRUE,beginner,1,20,FALSE,NA,FALSE,NA,39,9,-10,-1.1944280826109728,n,l,140,1,0.3333333333333333,120,30,-30,-3.8631371386483475,English,Spanish,NA,1,4,NA,0,38,NA,1,4,NA,1,4,NA,1,4,NA,1,4,NA
unknown_lab,o7jr,1985,male,United States,United States,TRUE,TRUE,beginner,1,20,FALSE,NA,FALSE,NA,39,13,10,1.1173128526977774,p,h,160,1,0.25,120,40,40,4.092443014020803,English,Spanish,NA,1,4,NA,0,38,NA,1,4,NA,1,4,NA,1,4,NA,1,4,NA
unknown_lab,o7jr,1985,male,United States,United States,TRUE,TRUE,beginner,1,20,FALSE,NA,FALSE,NA,39,10,-5,-0.5869152057713568,n,l,145,1,0.5,140,10,-10,-1.1944280826109728,English,Spanish,NA,1,4,NA,0,38,NA,1,4,NA,1,4,NA,1,4,NA,1,4,NA
unknown_lab,o7jr,1985,male,United States,United States,TRUE,TRUE,beginner,1,20,FALSE,NA,FALSE,NA,39,12,5,0.5676685773402819,p,h,155,1,0.25,120,20,20,2.16686694770185,English,Spanish,NA,1,4,NA,0,38,NA,1,4,NA,1,4,NA,1,4,NA,1,4,NA
unknown_lab,o7jr,1985,male,United States,United States,TRUE,TRUE,beginner,1,20,FALSE,NA,FALSE,NA,39,12,5,0.5676685773402819,p,h,155,1,0.125,140,40,40,4.092443014020803,English,Spanish,NA,1,4,NA,0,38,NA,1,4,NA,1,4,NA,1,4,NA,1,4,NA
unknown_lab,o7jr,1985,male,United States,United States,TRUE,TRUE,beginner,1,20,FALSE,NA,FALSE,NA,39,10,-5,-0.5869152057713568,n,l,145,1,0.16666666666666666,60,30,-30,-3.8631371386483475,English,Spanish,NA,1,4,NA,0,38,NA,1,4,NA,1,4,NA,1,4,NA,1,4,NA
unknown_lab,o7jr,1985,male,United States,United States,TRUE,TRUE,beginner,1,20,FALSE,NA,FALSE,NA,39,12,5,0.5676685773402819,p,h,155,1,0.25,60,20,20,2.16686694770185,English,Spanish,NA,1,4,NA,0,38,NA,1,4,NA,1,4,NA,1,4,NA,1,4,NA
unknown_lab,o7jr,1985,male,United States,United States,TRUE,TRUE,beginner,1,20,FALSE,NA,FALSE,NA,39,11,0,0,0,m,150,1,NA,100,0,-0,0,English,Spanish,NA,1,4,NA,0,38,NA,1,4,NA,1,4,NA,1,4,NA,1,4,NA
unknown_lab,o7jr,1985,male,United States,United States,TRUE,TRUE,beginner,1,20,FALSE,NA,FALSE,NA,39,10,-5,-0.5869152057713568,n,l,145,1,0.25,140,20,-20,-2.477410529609116,English,Spanish,NA,1,4,NA,0,38,NA,1,4,NA,1,4,NA,1,4,NA,1,4,NA
unknown_lab,o7jr,1985,male,United States,United States,TRUE,TRUE,beginner,1,20,FALSE,NA,FALSE,NA,39,10,-5,-0.5869152057713568,n,l,145,1,0.25,80,20,-20,-2.477410529609116,English,Spanish,NA,1,4,NA,0,38,NA,1,4,NA,1,4,NA,1,4,NA,1,4,NA
unknown_lab,o7jr,1985,male,United States,United States,TRUE,TRUE,beginner,1,20,FALSE,NA,FALSE,NA,39,12,5,0.5676685773402819,p,h,155,1,0.25,140,20,20,2.16686694770185,English,Spanish,NA,1,4,NA,0,38,NA,1,4,NA,1,4,NA,1,4,NA,1,4,NA
unknown_lab,o7jr,1985,male,United States,United States,TRUE,TRUE,beginner,1,20,FALSE,NA,FALSE,NA,39,12,5,0.5676685773402819,p,h,155,1,0.25,100,20,20,2.16686694770185,English,Spanish,NA,1,4,NA,0,38,NA,1,4,NA,1,4,NA,1,4,NA,1,4,NA
unknown_lab,o7jr,1985,male,United States,United States,TRUE,TRUE,beginner,1,20,FALSE,NA,FALSE,NA,39,12,5,0.5676685773402819,p,h,155,1,0.16666666666666666,100,30,30,3.1564128700055254,English,Spanish,NA,1,4,NA,0,38,NA,1,4,NA,1,4,NA,1,4,NA,1,4,NA
unknown_lab,o7jr,1985,male,United States,United States,TRUE,TRUE,beginner,1,20,FALSE,NA,FALSE,NA,39,12,5,0.5676685773402819,p,h,155,1,0.125,100,40,40,4.092443014020803,English,Spanish,NA,1,4,NA,0,38,NA,1,4,NA,1,4,NA,1,4,NA,1,4,NA
unknown_lab,o7jr,1985,male,United States,United States,TRUE,TRUE,beginner,1,20,FALSE,NA,FALSE,NA,39,10,-5,-0.5869152057713568,n,l,145,1,0.125,40,40,-40,-5.369507723654657,English,Spanish,NA,1,4,NA,0,38,NA,1,4,NA,1,4,NA,1,4,NA,1,4,NA
unknown_lab,o7jr,1985,male,United States,United States,TRUE,TRUE,beginner,1,20,FALSE,NA,FALSE,NA,39,10,-5,-0.5869152057713568,n,l,145,1,0.125,120,40,-40,-5.369507723654657,English,Spanish,NA,1,4,NA,0,38,NA,1,4,NA,1,4,NA,1,4,NA,1,4,NA
unknown_lab,o7jr,1985,male,United States,United States,TRUE,TRUE,beginner,1,20,FALSE,NA,FALSE,NA,39,10,-5,-0.5869152057713568,n,l,145,1,0.16666666666666666,80,30,-30,-3.8631371386483475,English,Spanish,NA,1,4,NA,0,38,NA,1,4,NA,1,4,NA,1,4,NA,1,4,NA
unknown_lab,o7jr,1985,male,United States,United States,TRUE,TRUE,beginner,1,20,FALSE,NA,FALSE,NA,39,11,0,0,n,m,150,0,-0,100,10,-10,-1.1944280826109728,English,Spanish,NA,1,4,NA,0,38,NA,1,4,NA,1,4,NA,1,4,NA,1,4,NA
unknown_lab,o7jr,1985,male,United States,United States,TRUE,TRUE,beginner,1,20,FALSE,NA,FALSE,NA,39,12,5,0.5676685773402819,p,h,155,1,0.16666666666666666,140,30,30,3.1564128700055254,English,Spanish,NA,1,4,NA,0,38,NA,1,4,NA,1,4,NA,1,4,NA,1,4,NA
unknown_lab,o7jr,1985,male,United States,United States,TRUE,TRUE,beginner,1,20,FALSE,NA,FALSE,NA,39,11,0,0,0,m,150,1,NA,60,0,-0,0,English,Spanish,NA,1,4,NA,0,38,NA,1,4,NA,1,4,NA,1,4,NA,1,4,NA
unknown_lab,o7jr,1985,male,United States,United States,TRUE,TRUE,beginner,1,20,FALSE,NA,FALSE,NA,39,12,5,0.5676685773402819,p,h,155,1,0.5,140,10,10,1.1173128526977774,English,Spanish,NA,1,4,NA,0,38,NA,1,4,NA,1,4,NA,1,4,NA,1,4,NA
unknown_lab,o7jr,1985,male,United States,United States,TRUE,TRUE,beginner,1,20,FALSE,NA,FALSE,NA,39,11,0,0,0,m,150,1,NA,80,0,-0,0,English,Spanish,NA,1,4,NA,0,38,NA,1,4,NA,1,4,NA,1,4,NA,1,4,NA
unknown_lab,o7jr,1985,male,United States,United States,TRUE,TRUE,beginner,1,20,FALSE,NA,FALSE,NA,39,10,-5,-0.5869152057713568,n,l,145,1,0.125,60,40,-40,-5.369507723654657,English,Spanish,NA,1,4,NA,0,38,NA,1,4,NA,1,4,NA,1,4,NA,1,4,NA
unknown_lab,o7jr,1985,male,United States,United States,TRUE,TRUE,beginner,1,20,FALSE,NA,FALSE,NA,39,11,0,0,n,m,150,0,-0,20,10,-10,-1.1944280826109728,English,Spanish,NA,1,4,NA,0,38,NA,1,4,NA,1,4,NA,1,4,NA,1,4,NA
unknown_lab,o7jr,1985,male,United States,United States,TRUE,TRUE,beginner,1,20,FALSE,NA,FALSE,NA,39,10,-5,-0.5869152057713568,n,l,145,1,0.16666666666666666,100,30,-30,-3.8631371386483475,English,Spanish,NA,1,4,NA,0,38,NA,1,4,NA,1,4,NA,1,4,NA,1,4,NA
unknown_lab,o7jr,1985,male,United States,United States,TRUE,TRUE,beginner,1,20,FALSE,NA,FALSE,NA,39,12,5,0.5676685773402819,p,h,155,1,0.5,120,10,10,1.1173128526977774,English,Spanish,NA,1,4,NA,0,38,NA,1,4,NA,1,4,NA,1,4,NA,1,4,NA
unknown_lab,o7jr,1985,male,United States,United States,TRUE,TRUE,beginner,1,20,FALSE,NA,FALSE,NA,39,12,5,0.5676685773402819,p,h,155,1,0.16666666666666666,60,30,30,3.1564128700055254,English,Spanish,NA,1,4,NA,0,38,NA,1,4,NA,1,4,NA,1,4,NA,1,4,NA
unknown_lab,o7jr,1985,male,United States,United States,TRUE,TRUE,beginner,1,20,FALSE,NA,FALSE,NA,39,11,0,0,p,m,150,0,0,40,20,20,2.16686694770185,English,Spanish,NA,1,4,NA,0,38,NA,1,4,NA,1,4,NA,1,4,NA,1,4,NA
unknown_lab,o7jr,1985,male,United States,United States,TRUE,TRUE,beginner,1,20,FALSE,NA,FALSE,NA,39,12,5,0.5676685773402819,p,h,155,1,0.16666666666666666,80,30,30,3.1564128700055254,English,Spanish,NA,1,4,NA,0,38,NA,1,4,NA,1,4,NA,1,4,NA,1,4,NA
unknown_lab,o7jr,1985,male,United States,United States,TRUE,TRUE,beginner,1,20,FALSE,NA,FALSE,NA,39,10,-5,-0.5869152057713568,n,l,145,1,0.125,80,40,-40,-5.369507723654657,English,Spanish,NA,1,4,NA,0,38,NA,1,4,NA,1,4,NA,1,4,NA,1,4,NA
unknown_lab,o7jr,1985,male,United States,United States,TRUE,TRUE,beginner,1,20,FALSE,NA,FALSE,NA,39,11,0,0,0,m,150,1,NA,120,0,-0,0,English,Spanish,NA,1,4,NA,0,38,NA,1,4,NA,1,4,NA,1,4,NA,1,4,NA
unknown_lab,o7jr,1985,male,United States,United States,TRUE,TRUE,beginner,1,20,FALSE,NA,FALSE,NA,39,12,5,0.5676685773402819,p,h,155,1,0.16666666666666666,40,30,30,3.1564128700055254,English,Spanish,NA,1,4,NA,0,38,NA,1,4,NA,1,4,NA,1,4,NA,1,4,NA
unknown_lab,o7jr,1985,male,United States,United States,TRUE,TRUE,beginner,1,20,FALSE,NA,FALSE,NA,39,11,0,0,p,m,150,0,0,80,10,10,1.1173128526977774,English,Spanish,NA,1,4,NA,0,38,NA,1,4,NA,1,4,NA,1,4,NA,1,4,NA
unknown_lab,o7jr,1985,male,United States,United States,TRUE,TRUE,beginner,1,20,FALSE,NA,FALSE,NA,39,10,-5,-0.5869152057713568,p,l,145,0,-0.16666666666666666,120,30,30,3.1564128700055254,English,Spanish,NA,1,4,NA,0,38,NA,1,4,NA,1,4,NA,1,4,NA,1,4,NA
unknown_lab,o7jr,1985,male,United States,United States,TRUE,TRUE,beginner,1,20,FALSE,NA,FALSE,NA,39,10,-5,-0.5869152057713568,n,l,145,1,0.25,20,20,-20,-2.477410529609116,English,Spanish,NA,1,4,NA,0,38,NA,1,4,NA,1,4,NA,1,4,NA,1,4,NA
unknown_lab,o7jr,1985,male,United States,United States,TRUE,TRUE,beginner,1,20,FALSE,NA,FALSE,NA,39,10,-5,-0.5869152057713568,p,l,145,0,-0.25,80,20,20,2.16686694770185,English,Spanish,NA,1,4,NA,0,38,NA,1,4,NA,1,4,NA,1,4,NA,1,4,NA
unknown_lab,o7jr,1985,male,United States,United States,TRUE,TRUE,beginner,1,20,FALSE,NA,FALSE,NA,39,11,0,0,p,m,150,0,0,20,10,10,1.1173128526977774,English,Spanish,NA,1,4,NA,0,38,NA,1,4,NA,1,4,NA,1,4,NA,1,4,NA
unknown_lab,o7jr,1985,male,United States,United States,TRUE,TRUE,beginner,1,20,FALSE,NA,FALSE,NA,39,11,0,0,p,m,150,0,0,60,10,10,1.1173128526977774,English,Spanish,NA,1,4,NA,0,38,NA,1,4,NA,1,4,NA,1,4,NA,1,4,NA
unknown_lab,o7jr,1985,male,United States,United States,TRUE,TRUE,beginner,1,20,FALSE,NA,FALSE,NA,39,11,0,0,n,m,150,0,-0,60,20,-20,-2.477410529609116,English,Spanish,NA,1,4,NA,0,38,NA,1,4,NA,1,4,NA,1,4,NA,1,4,NA
unknown_lab,o7jr,1985,male,United States,United States,TRUE,TRUE,beginner,1,20,FALSE,NA,FALSE,NA,39,10,-5,-0.5869152057713568,p,l,145,0,-0.125,80,40,40,4.092443014020803,English,Spanish,NA,1,4,NA,0,38,NA,1,4,NA,1,4,NA,1,4,NA,1,4,NA
unknown_lab,o7jr,1985,male,United States,United States,TRUE,TRUE,beginner,1,20,FALSE,NA,FALSE,NA,39,11,0,0,n,m,150,0,-0,80,10,-10,-1.1944280826109728,English,Spanish,NA,1,4,NA,0,38,NA,1,4,NA,1,4,NA,1,4,NA,1,4,NA
unknown_lab,o7jr,1985,male,United States,United States,TRUE,TRUE,beginner,1,20,FALSE,NA,FALSE,NA,39,11,0,0,0,m,150,1,NA,20,0,-0,0,English,Spanish,NA,1,4,NA,0,38,NA,1,4,NA,1,4,NA,1,4,NA,1,4,NA
unknown_lab,o7jr,1985,male,United States,United States,TRUE,TRUE,beginner,1,20,FALSE,NA,FALSE,NA,39,11,0,0,p,m,150,0,0,20,30,30,3.1564128700055254,English,Spanish,NA,1,4,NA,0,38,NA,1,4,NA,1,4,NA,1,4,NA,1,4,NA
unknown_lab,o7jr,1985,male,United States,United States,TRUE,TRUE,beginner,1,20,FALSE,NA,FALSE,NA,39,9,-10,-1.1944280826109728,n,l,140,1,0.25,140,40,-40,-5.369507723654657,English,Spanish,NA,1,4,NA,0,38,NA,1,4,NA,1,4,NA,1,4,NA,1,4,NA
unknown_lab,o7jr,1985,male,United States,United States,TRUE,TRUE,beginner,1,20,FALSE,NA,FALSE,NA,39,10,-5,-0.5869152057713568,n,l,145,1,0.16666666666666666,20,30,-30,-3.8631371386483475,English,Spanish,NA,1,4,NA,0,38,NA,1,4,NA,1,4,NA,1,4,NA,1,4,NA
unknown_lab,o7jr,1985,male,United States,United States,TRUE,TRUE,beginner,1,20,FALSE,NA,FALSE,NA,39,10,-5,-0.5869152057713568,n,l,145,1,0.16666666666666666,140,30,-30,-3.8631371386483475,English,Spanish,NA,1,4,NA,0,38,NA,1,4,NA,1,4,NA,1,4,NA,1,4,NA
unknown_lab,o7jr,1985,male,United States,United States,TRUE,TRUE,beginner,1,20,FALSE,NA,FALSE,NA,39,12,5,0.5676685773402819,p,h,155,1,0.5,100,10,10,1.1173128526977774,English,Spanish,NA,1,4,NA,0,38,NA,1,4,NA,1,4,NA,1,4,NA,1,4,NA
unknown_lab,o7jr,1985,male,United States,United States,TRUE,TRUE,beginner,1,20,FALSE,NA,FALSE,NA,39,11,0,0,n,m,150,0,-0,60,10,-10,-1.1944280826109728,English,Spanish,NA,1,4,NA,0,38,NA,1,4,NA,1,4,NA,1,4,NA,1,4,NA
unknown_lab,b2h0,1990,female,USA,USA,FALSE,NA,,NA,3,FALSE,NA,FALSE,NA,40,9,-10,-1.1944280826109728,n,l,140,1,0.25,80,40,-40,-5.369507723654657,English,NA,NA,1,NA,NA,0,NA,NA,1,NA,NA,1,NA,NA,1,NA,NA,1,NA,NA
unknown_lab,b2h0,1990,female,USA,USA,FALSE,NA,,NA,3,FALSE,NA,FALSE,NA,40,16,25,2.6687090560373763,p,h,175,1,0.625,140,40,40,4.092443014020803,English,NA,NA,1,NA,NA,0,NA,NA,1,NA,NA,1,NA,NA,1,NA,NA,1,NA,NA
unknown_lab,b2h0,1990,female,USA,USA,FALSE,NA,,NA,3,FALSE,NA,FALSE,NA,40,11,0,0,n,m,150,0,-0,40,40,-40,-5.369507723654657,English,NA,NA,1,NA,NA,0,NA,NA,1,NA,NA,1,NA,NA,1,NA,NA,1,NA,NA
unknown_lab,b2h0,1990,female,USA,USA,FALSE,NA,,NA,3,FALSE,NA,FALSE,NA,40,11,0,0,n,m,150,0,-0,40,30,-30,-3.8631371386483475,English,NA,NA,1,NA,NA,0,NA,NA,1,NA,NA,1,NA,NA,1,NA,NA,1,NA,NA
unknown_lab,b2h0,1990,female,USA,USA,FALSE,NA,,NA,3,FALSE,NA,FALSE,NA,40,11,0,0,n,m,150,0,-0,80,20,-20,-2.477410529609116,English,NA,NA,1,NA,NA,0,NA,NA,1,NA,NA,1,NA,NA,1,NA,NA,1,NA,NA
unknown_lab,b2h0,1990,female,USA,USA,FALSE,NA,,NA,3,FALSE,NA,FALSE,NA,40,11,0,0,p,m,150,0,0,80,30,30,3.1564128700055254,English,NA,NA,1,NA,NA,0,NA,NA,1,NA,NA,1,NA,NA,1,NA,NA,1,NA,NA
unknown_lab,b2h0,1990,female,USA,USA,FALSE,NA,,NA,3,FALSE,NA,FALSE,NA,40,11,0,0,0,m,150,1,NA,60,0,-0,0,English,NA,NA,1,NA,NA,0,NA,NA,1,NA,NA,1,NA,NA,1,NA,NA,1,NA,NA
unknown_lab,b2h0,1990,female,USA,USA,FALSE,NA,,NA,3,FALSE,NA,FALSE,NA,40,16,25,2.6687090560373763,p,h,175,1,0.625,120,40,40,4.092443014020803,English,NA,NA,1,NA,NA,0,NA,NA,1,NA,NA,1,NA,NA,1,NA,NA,1,NA,NA
unknown_lab,b2h0,1990,female,USA,USA,FALSE,NA,,NA,3,FALSE,NA,FALSE,NA,40,11,0,0,p,m,150,0,0,20,30,30,3.1564128700055254,English,NA,NA,1,NA,NA,0,NA,NA,1,NA,NA,1,NA,NA,1,NA,NA,1,NA,NA
unknown_lab,b2h0,1990,female,USA,USA,FALSE,NA,,NA,3,FALSE,NA,FALSE,NA,40,8,-15,-1.8240371213405995,n,l,135,1,0.375,120,40,-40,-5.369507723654657,English,NA,NA,1,NA,NA,0,NA,NA,1,NA,NA,1,NA,NA,1,NA,NA,1,NA,NA
unknown_lab,b2h0,1990,female,USA,USA,FALSE,NA,,NA,3,FALSE,NA,FALSE,NA,40,10,-5,-0.5869152057713568,p,l,145,0,-0.25,80,20,20,2.16686694770185,English,NA,NA,1,NA,NA,0,NA,NA,1,NA,NA,1,NA,NA,1,NA,NA,1,NA,NA
unknown_lab,b2h0,1990,female,USA,USA,FALSE,NA,,NA,3,FALSE,NA,FALSE,NA,40,11,0,0,n,m,150,0,-0,140,20,-20,-2.477410529609116,English,NA,NA,1,NA,NA,0,NA,NA,1,NA,NA,1,NA,NA,1,NA,NA,1,NA,NA
unknown_lab,b2h0,1990,female,USA,USA,FALSE,NA,,NA,3,FALSE,NA,FALSE,NA,40,8,-15,-1.8240371213405995,p,l,135,0,-1.5,80,10,10,1.1173128526977774,English,NA,NA,1,NA,NA,0,NA,NA,1,NA,NA,1,NA,NA,1,NA,NA,1,NA,NA
unknown_lab,b2h0,1990,female,USA,USA,FALSE,NA,,NA,3,FALSE,NA,FALSE,NA,40,11,0,0,0,m,150,1,NA,80,0,-0,0,English,NA,NA,1,NA,NA,0,NA,NA,1,NA,NA,1,NA,NA,1,NA,NA,1,NA,NA
unknown_lab,b2h0,1990,female,USA,USA,FALSE,NA,,NA,3,FALSE,NA,FALSE,NA,40,11,0,0,0,m,150,1,NA,40,0,-0,0,English,NA,NA,1,NA,NA,0,NA,NA,1,NA,NA,1,NA,NA,1,NA,NA,1,NA,NA
unknown_lab,b2h0,1990,female,USA,USA,FALSE,NA,,NA,3,FALSE,NA,FALSE,NA,40,11,0,0,p,m,150,0,0,120,30,30,3.1564128700055254,English,NA,NA,1,NA,NA,0,NA,NA,1,NA,NA,1,NA,NA,1,NA,NA,1,NA,NA
unknown_lab,b2h0,1990,female,USA,USA,FALSE,NA,,NA,3,FALSE,NA,FALSE,NA,40,11,0,0,p,m,150,0,0,100,40,40,4.092443014020803,English,NA,NA,1,NA,NA,0,NA,NA,1,NA,NA,1,NA,NA,1,NA,NA,1,NA,NA
unknown_lab,b2h0,1990,female,USA,USA,FALSE,NA,,NA,3,FALSE,NA,FALSE,NA,40,10,-5,-0.5869152057713568,n,l,145,1,0.5,80,10,-10,-1.1944280826109728,English,NA,NA,1,NA,NA,0,NA,NA,1,NA,NA,1,NA,NA,1,NA,NA,1,NA,NA
unknown_lab,b2h0,1990,female,USA,USA,FALSE,NA,,NA,3,FALSE,NA,FALSE,NA,40,11,0,0,n,m,150,0,-0,20,10,-10,-1.1944280826109728,English,NA,NA,1,NA,NA,0,NA,NA,1,NA,NA,1,NA,NA,1,NA,NA,1,NA,NA
unknown_lab,b2h0,1990,female,USA,USA,FALSE,NA,,NA,3,FALSE,NA,FALSE,NA,40,7,-20,-2.477410529609116,n,l,130,1,0.6666666666666666,80,30,-30,-3.8631371386483475,English,NA,NA,1,NA,NA,0,NA,NA,1,NA,NA,1,NA,NA,1,NA,NA,1,NA,NA
unknown_lab,b2h0,1990,female,USA,USA,FALSE,NA,,NA,3,FALSE,NA,FALSE,NA,40,11,0,0,n,m,150,0,-0,20,40,-40,-5.369507723654657,English,NA,NA,1,NA,NA,0,NA,NA,1,NA,NA,1,NA,NA,1,NA,NA,1,NA,NA
unknown_lab,b2h0,1990,female,USA,USA,FALSE,NA,,NA,3,FALSE,NA,FALSE,NA,40,11,0,0,p,m,150,0,0,60,20,20,2.16686694770185,English,NA,NA,1,NA,NA,0,NA,NA,1,NA,NA,1,NA,NA,1,NA,NA,1,NA,NA
unknown_lab,b2h0,1990,female,USA,USA,FALSE,NA,,NA,3,FALSE,NA,FALSE,NA,40,11,0,0,p,m,150,0,0,60,40,40,4.092443014020803,English,NA,NA,1,NA,NA,0,NA,NA,1,NA,NA,1,NA,NA,1,NA,NA,1,NA,NA
unknown_lab,b2h0,1990,female,USA,USA,FALSE,NA,,NA,3,FALSE,NA,FALSE,NA,40,11,0,0,p,m,150,0,0,100,10,10,1.1173128526977774,English,NA,NA,1,NA,NA,0,NA,NA,1,NA,NA,1,NA,NA,1,NA,NA,1,NA,NA
unknown_lab,b2h0,1990,female,USA,USA,FALSE,NA,,NA,3,FALSE,NA,FALSE,NA,40,8,-15,-1.8240371213405995,n,l,135,1,0.75,60,20,-20,-2.477410529609116,English,NA,NA,1,NA,NA,0,NA,NA,1,NA,NA,1,NA,NA,1,NA,NA,1,NA,NA
unknown_lab,b2h0,1990,female,USA,USA,FALSE,NA,,NA,3,FALSE,NA,FALSE,NA,40,10,-5,-0.5869152057713568,n,l,145,1,0.25,100,20,-20,-2.477410529609116,English,NA,NA,1,NA,NA,0,NA,NA,1,NA,NA,1,NA,NA,1,NA,NA,1,NA,NA
unknown_lab,b2h0,1990,female,USA,USA,FALSE,NA,,NA,3,FALSE,NA,FALSE,NA,40,10,-5,-0.5869152057713568,n,l,145,1,0.125,100,40,-40,-5.369507723654657,English,NA,NA,1,NA,NA,0,NA,NA,1,NA,NA,1,NA,NA,1,NA,NA,1,NA,NA
unknown_lab,b2h0,1990,female,USA,USA,FALSE,NA,,NA,3,FALSE,NA,FALSE,NA,40,9,-10,-1.1944280826109728,n,l,140,1,1,60,10,-10,-1.1944280826109728,English,NA,NA,1,NA,NA,0,NA,NA,1,NA,NA,1,NA,NA,1,NA,NA,1,NA,NA
unknown_lab,b2h0,1990,female,USA,USA,FALSE,NA,,NA,3,FALSE,NA,FALSE,NA,40,11,0,0,p,m,150,0,0,20,40,40,4.092443014020803,English,NA,NA,1,NA,NA,0,NA,NA,1,NA,NA,1,NA,NA,1,NA,NA,1,NA,NA
unknown_lab,b2h0,1990,female,USA,USA,FALSE,NA,,NA,3,FALSE,NA,FALSE,NA,40,9,-10,-1.1944280826109728,n,l,140,1,0.25,60,40,-40,-5.369507723654657,English,NA,NA,1,NA,NA,0,NA,NA,1,NA,NA,1,NA,NA,1,NA,NA,1,NA,NA
unknown_lab,b2h0,1990,female,USA,USA,FALSE,NA,,NA,3,FALSE,NA,FALSE,NA,40,8,-15,-1.8240371213405995,p,l,135,0,-0.75,40,20,20,2.16686694770185,English,NA,NA,1,NA,NA,0,NA,NA,1,NA,NA,1,NA,NA,1,NA,NA,1,NA,NA
unknown_lab,b2h0,1990,female,USA,USA,FALSE,NA,,NA,3,FALSE,NA,FALSE,NA,40,12,5,0.5676685773402819,n,h,155,0,-0.16666666666666666,120,30,-30,-3.8631371386483475,English,NA,NA,1,NA,NA,0,NA,NA,1,NA,NA,1,NA,NA,1,NA,NA,1,NA,NA
unknown_lab,b2h0,1990,female,USA,USA,FALSE,NA,,NA,3,FALSE,NA,FALSE,NA,40,10,-5,-0.5869152057713568,p,l,145,0,-0.16666666666666666,140,30,30,3.1564128700055254,English,NA,NA,1,NA,NA,0,NA,NA,1,NA,NA,1,NA,NA,1,NA,NA,1,NA,NA
unknown_lab,b2h0,1990,female,USA,USA,FALSE,NA,,NA,3,FALSE,NA,FALSE,NA,40,12,5,0.5676685773402819,n,h,155,0,-0.25,120,20,-20,-2.477410529609116,English,NA,NA,1,NA,NA,0,NA,NA,1,NA,NA,1,NA,NA,1,NA,NA,1,NA,NA
unknown_lab,b2h0,1990,female,USA,USA,FALSE,NA,,NA,3,FALSE,NA,FALSE,NA,40,12,5,0.5676685773402819,p,h,155,1,0.5,20,10,10,1.1173128526977774,English,NA,NA,1,NA,NA,0,NA,NA,1,NA,NA,1,NA,NA,1,NA,NA,1,NA,NA
unknown_lab,b2h0,1990,female,USA,USA,FALSE,NA,,NA,3,FALSE,NA,FALSE,NA,40,10,-5,-0.5869152057713568,p,l,145,0,-0.5,60,10,10,1.1173128526977774,English,NA,NA,1,NA,NA,0,NA,NA,1,NA,NA,1,NA,NA,1,NA,NA,1,NA,NA
unknown_lab,b2h0,1990,female,USA,USA,FALSE,NA,,NA,3,FALSE,NA,FALSE,NA,40,10,-5,-0.5869152057713568,n,l,145,1,0.25,40,20,-20,-2.477410529609116,English,NA,NA,1,NA,NA,0,NA,NA,1,NA,NA,1,NA,NA,1,NA,NA,1,NA,NA
unknown_lab,b2h0,1990,female,USA,USA,FALSE,NA,,NA,3,FALSE,NA,FALSE,NA,40,14,15,1.6500422849992202,p,h,165,1,0.5,40,30,30,3.1564128700055254,English,NA,NA,1,NA,NA,0,NA,NA,1,NA,NA,1,NA,NA,1,NA,NA,1,NA,NA
unknown_lab,b2h0,1990,female,USA,USA,FALSE,NA,,NA,3,FALSE,NA,FALSE,NA,40,12,5,0.5676685773402819,p,h,155,1,0.25,20,20,20,2.16686694770185,English,NA,NA,1,NA,NA,0,NA,NA,1,NA,NA,1,NA,NA,1,NA,NA,1,NA,NA
unknown_lab,b2h0,1990,female,USA,USA,FALSE,NA,,NA,3,FALSE,NA,FALSE,NA,40,12,5,0.5676685773402819,p,h,155,1,0.25,100,20,20,2.16686694770185,English,NA,NA,1,NA,NA,0,NA,NA,1,NA,NA,1,NA,NA,1,NA,NA,1,NA,NA
unknown_lab,b2h0,1990,female,USA,USA,FALSE,NA,,NA,3,FALSE,NA,FALSE,NA,40,12,5,0.5676685773402819,n,h,155,0,-0.5,40,10,-10,-1.1944280826109728,English,NA,NA,1,NA,NA,0,NA,NA,1,NA,NA,1,NA,NA,1,NA,NA,1,NA,NA
unknown_lab,b2h0,1990,female,USA,USA,FALSE,NA,,NA,3,FALSE,NA,FALSE,NA,40,10,-5,-0.5869152057713568,p,l,145,0,-0.5,120,10,10,1.1173128526977774,English,NA,NA,1,NA,NA,0,NA,NA,1,NA,NA,1,NA,NA,1,NA,NA,1,NA,NA
unknown_lab,b2h0,1990,female,USA,USA,FALSE,NA,,NA,3,FALSE,NA,FALSE,NA,40,10,-5,-0.5869152057713568,n,l,145,1,0.16666666666666666,20,30,-30,-3.8631371386483475,English,NA,NA,1,NA,NA,0,NA,NA,1,NA,NA,1,NA,NA,1,NA,NA,1,NA,NA
unknown_lab,b2h0,1990,female,USA,USA,FALSE,NA,,NA,3,FALSE,NA,FALSE,NA,40,12,5,0.5676685773402819,n,h,155,0,-0.16666666666666666,60,30,-30,-3.8631371386483475,English,NA,NA,1,NA,NA,0,NA,NA,1,NA,NA,1,NA,NA,1,NA,NA,1,NA,NA
unknown_lab,b2h0,1990,female,USA,USA,FALSE,NA,,NA,3,FALSE,NA,FALSE,NA,40,12,5,0.5676685773402819,n,h,155,0,-0.16666666666666666,140,30,-30,-3.8631371386483475,English,NA,NA,1,NA,NA,0,NA,NA,1,NA,NA,1,NA,NA,1,NA,NA,1,NA,NA
unknown_lab,b2h0,1990,female,USA,USA,FALSE,NA,,NA,3,FALSE,NA,FALSE,NA,40,9,-10,-1.1944280826109728,n,l,140,1,1,140,10,-10,-1.1944280826109728,English,NA,NA,1,NA,NA,0,NA,NA,1,NA,NA,1,NA,NA,1,NA,NA,1,NA,NA
unknown_lab,b2h0,1990,female,USA,USA,FALSE,NA,,NA,3,FALSE,NA,FALSE,NA,40,15,20,2.16686694770185,p,h,170,1,2,140,10,10,1.1173128526977774,English,NA,NA,1,NA,NA,0,NA,NA,1,NA,NA,1,NA,NA,1,NA,NA,1,NA,NA
unknown_lab,b2h0,1990,female,USA,USA,FALSE,NA,,NA,3,FALSE,NA,FALSE,NA,40,15,20,2.16686694770185,0,h,170,0,NA,120,0,-0,0,English,NA,NA,1,NA,NA,0,NA,NA,1,NA,NA,1,NA,NA,1,NA,NA,1,NA,NA
unknown_lab,b2h0,1990,female,USA,USA,FALSE,NA,,NA,3,FALSE,NA,FALSE,NA,40,15,20,2.16686694770185,n,h,170,0,-2,120,10,-10,-1.1944280826109728,English,NA,NA,1,NA,NA,0,NA,NA,1,NA,NA,1,NA,NA,1,NA,NA,1,NA,NA
unknown_lab,b2h0,1990,female,USA,USA,FALSE,NA,,NA,3,FALSE,NA,FALSE,NA,40,14,15,1.6500422849992202,0,h,165,0,NA,60,0,-0,0,English,NA,NA,1,NA,NA,0,NA,NA,1,NA,NA,1,NA,NA,1,NA,NA,1,NA,NA
unknown_lab,b2h0,1990,female,USA,USA,FALSE,NA,,NA,3,FALSE,NA,FALSE,NA,40,13,10,1.1173128526977774,p,h,160,1,0.3333333333333333,60,30,30,3.1564128700055254,English,NA,NA,1,NA,NA,0,NA,NA,1,NA,NA,1,NA,NA,1,NA,NA,1,NA,NA
unknown_lab,b2h0,1990,female,USA,USA,FALSE,NA,,NA,3,FALSE,NA,FALSE,NA,40,15,20,2.16686694770185,p,h,170,1,0.6666666666666666,100,30,30,3.1564128700055254,English,NA,NA,1,NA,NA,0,NA,NA,1,NA,NA,1,NA,NA,1,NA,NA,1,NA,NA
unknown_lab,b2h0,1990,female,USA,USA,FALSE,NA,,NA,3,FALSE,NA,FALSE,NA,40,15,20,2.16686694770185,n,h,170,0,-1,20,20,-20,-2.477410529609116,English,NA,NA,1,NA,NA,0,NA,NA,1,NA,NA,1,NA,NA,1,NA,NA,1,NA,NA
unknown_lab,b2h0,1990,female,USA,USA,FALSE,NA,,NA,3,FALSE,NA,FALSE,NA,40,11,0,0,p,m,150,0,0,120,20,20,2.16686694770185,English,NA,NA,1,NA,NA,0,NA,NA,1,NA,NA,1,NA,NA,1,NA,NA,1,NA,NA
unknown_lab,b2h0,1990,female,USA,USA,FALSE,NA,,NA,3,FALSE,NA,FALSE,NA,40,13,10,1.1173128526977774,p,h,160,1,0.5,140,20,20,2.16686694770185,English,NA,NA,1,NA,NA,0,NA,NA,1,NA,NA,1,NA,NA,1,NA,NA,1,NA,NA
unknown_lab,b2h0,1990,female,USA,USA,FALSE,NA,,NA,3,FALSE,NA,FALSE,NA,40,10,-5,-0.5869152057713568,n,l,145,1,0.125,20,40,-40,-5.369507723654657,English,NA,NA,1,NA,NA,0,NA,NA,1,NA,NA,1,NA,NA,1,NA,NA,1,NA,NA
unknown_lab,b2h0,1990,female,USA,USA,FALSE,NA,,NA,3,FALSE,NA,FALSE,NA,40,12,5,0.5676685773402819,n,h,155,0,-0.125,60,40,-40,-5.369507723654657,English,NA,NA,1,NA,NA,0,NA,NA,1,NA,NA,1,NA,NA,1,NA,NA,1,NA,NA
unknown_lab,b2h0,1990,female,USA,USA,FALSE,NA,,NA,3,FALSE,NA,FALSE,NA,40,11,0,0,p,m,150,0,0,60,20,20,2.16686694770185,English,NA,NA,1,NA,NA,0,NA,NA,1,NA,NA,1,NA,NA,1,NA,NA,1,NA,NA
unknown_lab,b2h0,1990,female,USA,USA,FALSE,NA,,NA,3,FALSE,NA,FALSE,NA,40,13,10,1.1173128526977774,p,h,160,1,0.3333333333333333,140,30,30,3.1564128700055254,English,NA,NA,1,NA,NA,0,NA,NA,1,NA,NA,1,NA,NA,1,NA,NA,1,NA,NA
unknown_lab,b2h0,1990,female,USA,USA,FALSE,NA,,NA,3,FALSE,NA,FALSE,NA,40,8,-15,-1.8240371213405995,n,l,135,1,0.5,40,30,-30,-3.8631371386483475,English,NA,NA,1,NA,NA,0,NA,NA,1,NA,NA,1,NA,NA,1,NA,NA,1,NA,NA
unknown_lab,b2h0,1990,female,USA,USA,FALSE,NA,,NA,3,FALSE,NA,FALSE,NA,40,11,0,0,n,m,150,0,-0,140,20,-20,-2.477410529609116,English,NA,NA,1,NA,NA,0,NA,NA,1,NA,NA,1,NA,NA,1,NA,NA,1,NA,NA
unknown_lab,b2h0,1990,female,USA,USA,FALSE,NA,,NA,3,FALSE,NA,FALSE,NA,40,10,-5,-0.5869152057713568,0,l,145,0,NA,140,0,-0,0,English,NA,NA,1,NA,NA,0,NA,NA,1,NA,NA,1,NA,NA,1,NA,NA,1,NA,NA
unknown_lab,b2h0,1990,female,USA,USA,FALSE,NA,,NA,3,FALSE,NA,FALSE,NA,40,7,-20,-2.477410529609116,n,l,130,1,0.6666666666666666,120,30,-30,-3.8631371386483475,English,NA,NA,1,NA,NA,0,NA,NA,1,NA,NA,1,NA,NA,1,NA,NA,1,NA,NA
unknown_lab,b2h0,1990,female,USA,USA,FALSE,NA,,NA,3,FALSE,NA,FALSE,NA,40,9,-10,-1.1944280826109728,n,l,140,1,0.25,140,40,-40,-5.369507723654657,English,NA,NA,1,NA,NA,0,NA,NA,1,NA,NA,1,NA,NA,1,NA,NA,1,NA,NA
unknown_lab,b2h0,1990,female,USA,USA,FALSE,NA,,NA,3,FALSE,NA,FALSE,NA,40,10,-5,-0.5869152057713568,p,l,145,0,-0.16666666666666666,60,30,30,3.1564128700055254,English,NA,NA,1,NA,NA,0,NA,NA,1,NA,NA,1,NA,NA,1,NA,NA,1,NA,NA
unknown_lab,b2h0,1990,female,USA,USA,FALSE,NA,,NA,3,FALSE,NA,FALSE,NA,40,11,0,0,n,m,150,0,-0,80,40,-40,-5.369507723654657,English,NA,NA,1,NA,NA,0,NA,NA,1,NA,NA,1,NA,NA,1,NA,NA,1,NA,NA
unknown_lab,b2h0,1990,female,USA,USA,FALSE,NA,,NA,3,FALSE,NA,FALSE,NA,40,11,0,0,0,m,150,1,NA,80,0,-0,0,English,NA,NA,1,NA,NA,0,NA,NA,1,NA,NA,1,NA,NA,1,NA,NA,1,NA,NA
unknown_lab,b2h0,1990,female,USA,USA,FALSE,NA,,NA,3,FALSE,NA,FALSE,NA,40,11,0,0,n,m,150,0,-0,100,30,-30,-3.8631371386483475,English,NA,NA,1,NA,NA,0,NA,NA,1,NA,NA,1,NA,NA,1,NA,NA,1,NA,NA
unknown_lab,b2h0,1990,female,USA,USA,FALSE,NA,,NA,3,FALSE,NA,FALSE,NA,40,12,5,0.5676685773402819,n,h,155,0,-0.125,100,40,-40,-5.369507723654657,English,NA,NA,1,NA,NA,0,NA,NA,1,NA,NA,1,NA,NA,1,NA,NA,1,NA,NA
unknown_lab,b2h0,1990,female,USA,USA,FALSE,NA,,NA,3,FALSE,NA,FALSE,NA,40,11,0,0,n,m,150,0,-0,140,30,-30,-3.8631371386483475,English,NA,NA,1,NA,NA,0,NA,NA,1,NA,NA,1,NA,NA,1,NA,NA,1,NA,NA
unknown_lab,b2h0,1990,female,USA,USA,FALSE,NA,,NA,3,FALSE,NA,FALSE,NA,40,11,0,0,p,m,150,0,0,40,20,20,2.16686694770185,English,NA,NA,1,NA,NA,0,NA,NA,1,NA,NA,1,NA,NA,1,NA,NA,1,NA,NA
unknown_lab,b2h0,1990,female,USA,USA,FALSE,NA,,NA,3,FALSE,NA,FALSE,NA,40,11,0,0,p,m,150,0,0,100,10,10,1.1173128526977774,English,NA,NA,1,NA,NA,0,NA,NA,1,NA,NA,1,NA,NA,1,NA,NA,1,NA,NA
unknown_lab,b2h0,1990,female,USA,USA,FALSE,NA,,NA,3,FALSE,NA,FALSE,NA,40,11,0,0,n,m,150,0,-0,60,20,-20,-2.477410529609116,English,NA,NA,1,NA,NA,0,NA,NA,1,NA,NA,1,NA,NA,1,NA,NA,1,NA,NA
unknown_lab,b2h0,1990,female,USA,USA,FALSE,NA,,NA,3,FALSE,NA,FALSE,NA,40,11,0,0,p,m,150,0,0,20,10,10,1.1173128526977774,English,NA,NA,1,NA,NA,0,NA,NA,1,NA,NA,1,NA,NA,1,NA,NA,1,NA,NA
unknown_lab,b2h0,1990,female,USA,USA,FALSE,NA,,NA,3,FALSE,NA,FALSE,NA,40,11,0,0,n,m,150,0,-0,40,10,-10,-1.1944280826109728,English,NA,NA,1,NA,NA,0,NA,NA,1,NA,NA,1,NA,NA,1,NA,NA,1,NA,NA
unknown_lab,b2h0,1990,female,USA,USA,FALSE,NA,,NA,3,FALSE,NA,FALSE,NA,40,12,5,0.5676685773402819,p,h,155,1,0.125,140,40,40,4.092443014020803,English,NA,NA,1,NA,NA,0,NA,NA,1,NA,NA,1,NA,NA,1,NA,NA,1,NA,NA
unknown_lab,b2h0,1990,female,USA,USA,FALSE,NA,,NA,3,FALSE,NA,FALSE,NA,40,11,0,0,n,m,150,0,-0,100,10,-10,-1.1944280826109728,English,NA,NA,1,NA,NA,0,NA,NA,1,NA,NA,1,NA,NA,1,NA,NA,1,NA,NA
unknown_lab,b2h0,1990,female,USA,USA,FALSE,NA,,NA,3,FALSE,NA,FALSE,NA,40,11,0,0,p,m,150,0,0,120,30,30,3.1564128700055254,English,NA,NA,1,NA,NA,0,NA,NA,1,NA,NA,1,NA,NA,1,NA,NA,1,NA,NA
unknown_lab,b2h0,1990,female,USA,USA,FALSE,NA,,NA,3,FALSE,NA,FALSE,NA,40,11,0,0,p,m,150,0,0,80,10,10,1.1173128526977774,English,NA,NA,1,NA,NA,0,NA,NA,1,NA,NA,1,NA,NA,1,NA,NA,1,NA,NA
unknown_lab,b2h0,1990,female,USA,USA,FALSE,NA,,NA,3,FALSE,NA,FALSE,NA,40,11,0,0,0,m,150,1,NA,120,0,-0,0,English,NA,NA,1,NA,NA,0,NA,NA,1,NA,NA,1,NA,NA,1,NA,NA,1,NA,NA
unknown_lab,b2h0,1990,female,USA,USA,FALSE,NA,,NA,3,FALSE,NA,FALSE,NA,40,11,0,0,n,m,150,0,-0,80,10,-10,-1.1944280826109728,English,NA,NA,1,NA,NA,0,NA,NA,1,NA,NA,1,NA,NA,1,NA,NA,1,NA,NA
unknown_lab,b2h0,1990,female,USA,USA,FALSE,NA,,NA,3,FALSE,NA,FALSE,NA,40,11,0,0,p,m,150,0,0,100,30,30,3.1564128700055254,English,NA,NA,1,NA,NA,0,NA,NA,1,NA,NA,1,NA,NA,1,NA,NA,1,NA,NA
unknown_lab,b2h0,1990,female,USA,USA,FALSE,NA,,NA,3,FALSE,NA,FALSE,NA,40,11,0,0,p,m,150,0,0,100,40,40,4.092443014020803,English,NA,NA,1,NA,NA,0,NA,NA,1,NA,NA,1,NA,NA,1,NA,NA,1,NA,NA
unknown_lab,b2h0,1990,female,USA,USA,FALSE,NA,,NA,3,FALSE,NA,FALSE,NA,40,11,0,0,p,m,150,0,0,140,10,10,1.1173128526977774,English,NA,NA,1,NA,NA,0,NA,NA,1,NA,NA,1,NA,NA,1,NA,NA,1,NA,NA
unknown_lab,b2h0,1990,female,USA,USA,FALSE,NA,,NA,3,FALSE,NA,FALSE,NA,40,11,0,0,p,m,150,0,0,40,30,30,3.1564128700055254,English,NA,NA,1,NA,NA,0,NA,NA,1,NA,NA,1,NA,NA,1,NA,NA,1,NA,NA
unknown_lab,b2h0,1990,female,USA,USA,FALSE,NA,,NA,3,FALSE,NA,FALSE,NA,40,11,0,0,n,m,150,0,-0,20,10,-10,-1.1944280826109728,English,NA,NA,1,NA,NA,0,NA,NA,1,NA,NA,1,NA,NA,1,NA,NA,1,NA,NA
unknown_lab,b2h0,1990,female,USA,USA,FALSE,NA,,NA,3,FALSE,NA,FALSE,NA,40,11,0,0,n,m,150,0,-0,80,30,-30,-3.8631371386483475,English,NA,NA,1,NA,NA,0,NA,NA,1,NA,NA,1,NA,NA,1,NA,NA,1,NA,NA
unknown_lab,b2h0,1990,female,USA,USA,FALSE,NA,,NA,3,FALSE,NA,FALSE,NA,40,11,0,0,n,m,150,0,-0,120,20,-20,-2.477410529609116,English,NA,NA,1,NA,NA,0,NA,NA,1,NA,NA,1,NA,NA,1,NA,NA,1,NA,NA
unknown_lab,b2h0,1990,female,USA,USA,FALSE,NA,,NA,3,FALSE,NA,FALSE,NA,40,12,5,0.5676685773402819,p,h,155,1,0.125,80,40,40,4.092443014020803,English,NA,NA,1,NA,NA,0,NA,NA,1,NA,NA,1,NA,NA,1,NA,NA,1,NA,NA
unknown_lab,b2h0,1990,female,USA,USA,FALSE,NA,,NA,3,FALSE,NA,FALSE,NA,40,11,0,0,p,m,150,0,0,80,30,30,3.1564128700055254,English,NA,NA,1,NA,NA,0,NA,NA,1,NA,NA,1,NA,NA,1,NA,NA,1,NA,NA
unknown_lab,b2h0,1990,female,USA,USA,FALSE,NA,,NA,3,FALSE,NA,FALSE,NA,40,11,0,0,p,m,150,0,0,120,40,40,4.092443014020803,English,NA,NA,1,NA,NA,0,NA,NA,1,NA,NA,1,NA,NA,1,NA,NA,1,NA,NA
unknown_lab,b2h0,1990,female,USA,USA,FALSE,NA,,NA,3,FALSE,NA,FALSE,NA,40,11,0,0,0,m,150,1,NA,20,0,-0,0,English,NA,NA,1,NA,NA,0,NA,NA,1,NA,NA,1,NA,NA,1,NA,NA,1,NA,NA
unknown_lab,b2h0,1990,female,USA,USA,FALSE,NA,,NA,3,FALSE,NA,FALSE,NA,40,11,0,0,n,m,150,0,-0,60,30,-30,-3.8631371386483475,English,NA,NA,1,NA,NA,0,NA,NA,1,NA,NA,1,NA,NA,1,NA,NA,1,NA,NA
unknown_lab,b2h0,1990,female,USA,USA,FALSE,NA,,NA,3,FALSE,NA,FALSE,NA,40,11,0,0,n,m,150,0,-0,20,30,-30,-3.8631371386483475,English,NA,NA,1,NA,NA,0,NA,NA,1,NA,NA,1,NA,NA,1,NA,NA,1,NA,NA
unknown_lab,b2h0,1990,female,USA,USA,FALSE,NA,,NA,3,FALSE,NA,FALSE,NA,40,11,0,0,p,m,150,0,0,60,10,10,1.1173128526977774,English,NA,NA,1,NA,NA,0,NA,NA,1,NA,NA,1,NA,NA,1,NA,NA,1,NA,NA
unknown_lab,b2h0,1990,female,USA,USA,FALSE,NA,,NA,3,FALSE,NA,FALSE,NA,40,11,0,0,n,m,150,0,-0,140,10,-10,-1.1944280826109728,English,NA,NA,1,NA,NA,0,NA,NA,1,NA,NA,1,NA,NA,1,NA,NA,1,NA,NA
unknown_lab,b2h0,1990,female,USA,USA,FALSE,NA,,NA,3,FALSE,NA,FALSE,NA,40,11,0,0,p,m,150,0,0,40,40,40,4.092443014020803,English,NA,NA,1,NA,NA,0,NA,NA,1,NA,NA,1,NA,NA,1,NA,NA,1,NA,NA
unknown_lab,b2h0,1990,female,USA,USA,FALSE,NA,,NA,3,FALSE,NA,FALSE,NA,40,11,0,0,n,m,150,0,-0,80,20,-20,-2.477410529609116,English,NA,NA,1,NA,NA,0,NA,NA,1,NA,NA,1,NA,NA,1,NA,NA,1,NA,NA
unknown_lab,b2h0,1990,female,USA,USA,FALSE,NA,,NA,3,FALSE,NA,FALSE,NA,40,12,5,0.5676685773402819,n,h,155,0,-0.5,60,10,-10,-1.1944280826109728,English,NA,NA,1,NA,NA,0,NA,NA,1,NA,NA,1,NA,NA,1,NA,NA,1,NA,NA
unknown_lab,b2h0,1990,female,USA,USA,FALSE,NA,,NA,3,FALSE,NA,FALSE,NA,40,10,-5,-0.5869152057713568,n,l,145,1,0.5,120,10,-10,-1.1944280826109728,English,NA,NA,1,NA,NA,0,NA,NA,1,NA,NA,1,NA,NA,1,NA,NA,1,NA,NA
unknown_lab,b2h0,1990,female,USA,USA,FALSE,NA,,NA,3,FALSE,NA,FALSE,NA,40,11,0,0,p,m,150,0,0,120,20,20,2.16686694770185,English,NA,NA,1,NA,NA,0,NA,NA,1,NA,NA,1,NA,NA,1,NA,NA,1,NA,NA
unknown_lab,b2h0,1990,female,USA,USA,FALSE,NA,,NA,3,FALSE,NA,FALSE,NA,40,11,0,0,n,m,150,0,-0,120,40,-40,-5.369507723654657,English,NA,NA,1,NA,NA,0,NA,NA,1,NA,NA,1,NA,NA,1,NA,NA,1,NA,NA
unknown_lab,b2h0,1990,female,USA,USA,FALSE,NA,,NA,3,FALSE,NA,FALSE,NA,40,11,0,0,p,m,150,0,0,100,20,20,2.16686694770185,English,NA,NA,1,NA,NA,0,NA,NA,1,NA,NA,1,NA,NA,1,NA,NA,1,NA,NA
unknown_lab,b2h0,1990,female,USA,USA,FALSE,NA,,NA,3,FALSE,NA,FALSE,NA,40,11,0,0,p,m,150,0,0,40,10,10,1.1173128526977774,English,NA,NA,1,NA,NA,0,NA,NA,1,NA,NA,1,NA,NA,1,NA,NA,1,NA,NA
unknown_lab,b2h0,1990,female,USA,USA,FALSE,NA,,NA,3,FALSE,NA,FALSE,NA,40,13,10,1.1173128526977774,p,h,160,1,0.25,60,40,40,4.092443014020803,English,NA,NA,1,NA,NA,0,NA,NA,1,NA,NA,1,NA,NA,1,NA,NA,1,NA,NA
unknown_lab,b2h0,1990,female,USA,USA,FALSE,NA,,NA,3,FALSE,NA,FALSE,NA,40,11,0,0,p,m,150,0,0,20,20,20,2.16686694770185,English,NA,NA,1,NA,NA,0,NA,NA,1,NA,NA,1,NA,NA,1,NA,NA,1,NA,NA
unknown_lab,b2h0,1990,female,USA,USA,FALSE,NA,,NA,3,FALSE,NA,FALSE,NA,40,11,0,0,p,m,150,0,0,20,30,30,3.1564128700055254,English,NA,NA,1,NA,NA,0,NA,NA,1,NA,NA,1,NA,NA,1,NA,NA,1,NA,NA
unknown_lab,b2h0,1990,female,USA,USA,FALSE,NA,,NA,3,FALSE,NA,FALSE,NA,40,11,0,0,n,m,150,0,-0,40,20,-20,-2.477410529609116,English,NA,NA,1,NA,NA,0,NA,NA,1,NA,NA,1,NA,NA,1,NA,NA,1,NA,NA
unknown_lab,b2h0,1990,female,USA,USA,FALSE,NA,,NA,3,FALSE,NA,FALSE,NA,40,11,0,0,n,m,150,0,-0,40,40,-40,-5.369507723654657,English,NA,NA,1,NA,NA,0,NA,NA,1,NA,NA,1,NA,NA,1,NA,NA,1,NA,NA
unknown_lab,b2h0,1990,female,USA,USA,FALSE,NA,,NA,3,FALSE,NA,FALSE,NA,40,11,0,0,p,m,150,0,0,80,20,20,2.16686694770185,English,NA,NA,1,NA,NA,0,NA,NA,1,NA,NA,1,NA,NA,1,NA,NA,1,NA,NA
unknown_lab,b2h0,1990,female,USA,USA,FALSE,NA,,NA,3,FALSE,NA,FALSE,NA,40,11,0,0,p,m,150,0,0,120,10,10,1.1173128526977774,English,NA,NA,1,NA,NA,0,NA,NA,1,NA,NA,1,NA,NA,1,NA,NA,1,NA,NA
unknown_lab,b2h0,1990,female,USA,USA,FALSE,NA,,NA,3,FALSE,NA,FALSE,NA,40,11,0,0,p,m,150,0,0,140,20,20,2.16686694770185,English,NA,NA,1,NA,NA,0,NA,NA,1,NA,NA,1,NA,NA,1,NA,NA,1,NA,NA
unknown_lab,b2h0,1990,female,USA,USA,FALSE,NA,,NA,3,FALSE,NA,FALSE,NA,40,12,5,0.5676685773402819,n,h,155,0,-0.25,100,20,-20,-2.477410529609116,English,NA,NA,1,NA,NA,0,NA,NA,1,NA,NA,1,NA,NA,1,NA,NA,1,NA,NA
unknown_lab,b2h0,1990,female,USA,USA,FALSE,NA,,NA,3,FALSE,NA,FALSE,NA,40,11,0,0,n,m,150,0,-0,20,20,-20,-2.477410529609116,English,NA,NA,1,NA,NA,0,NA,NA,1,NA,NA,1,NA,NA,1,NA,NA,1,NA,NA
unknown_lab,b2h0,1990,female,USA,USA,FALSE,NA,,NA,3,FALSE,NA,FALSE,NA,40,11,0,0,0,m,150,1,NA,20,0,-0,0,English,NA,NA,1,NA,NA,0,NA,NA,1,NA,NA,1,NA,NA,1,NA,NA,1,NA,NA
unknown_lab,b2h0,1990,female,USA,USA,FALSE,NA,,NA,3,FALSE,NA,FALSE,NA,40,11,0,0,0,m,150,1,NA,40,0,-0,0,English,NA,NA,1,NA,NA,0,NA,NA,1,NA,NA,1,NA,NA,1,NA,NA,1,NA,NA
unknown_lab,kihn,1998,female,United States,United States,TRUE,TRUE,intermediate,4,40,TRUE,1,FALSE,NA,30,6,-25,-3.1564128700055254,p,l,125,0,-1.25,140,20,20,2.16686694770185,English,NA,NA,NA,NA,NA,NA,NA,NA,NA,NA,NA,NA,NA,NA,NA,NA,NA,NA,NA,NA
unknown_lab,kihn,1998,female,United States,United States,TRUE,TRUE,intermediate,4,40,TRUE,1,FALSE,NA,30,11,0,0,0,m,150,1,NA,120,0,-0,0,English,NA,NA,NA,NA,NA,NA,NA,NA,NA,NA,NA,NA,NA,NA,NA,NA,NA,NA,NA,NA
unknown_lab,kihn,1998,female,United States,United States,TRUE,TRUE,intermediate,4,40,TRUE,1,FALSE,NA,30,15,20,2.16686694770185,n,h,170,0,-1,60,20,-20,-2.477410529609116,English,NA,NA,NA,NA,NA,NA,NA,NA,NA,NA,NA,NA,NA,NA,NA,NA,NA,NA,NA,NA
unknown_lab,kihn,1998,female,United States,United States,TRUE,TRUE,intermediate,4,40,TRUE,1,FALSE,NA,30,16,25,2.6687090560373763,n,h,175,0,-1.25,120,20,-20,-2.477410529609116,English,NA,NA,NA,NA,NA,NA,NA,NA,NA,NA,NA,NA,NA,NA,NA,NA,NA,NA,NA,NA
unknown_lab,kihn,1998,female,United States,United States,TRUE,TRUE,intermediate,4,40,TRUE,1,FALSE,NA,30,7,-20,-2.477410529609116,p,l,130,0,-0.6666666666666666,20,30,30,3.1564128700055254,English,NA,NA,NA,NA,NA,NA,NA,NA,NA,NA,NA,NA,NA,NA,NA,NA,NA,NA,NA,NA
unknown_lab,kihn,1998,female,United States,United States,TRUE,TRUE,intermediate,4,40,TRUE,1,FALSE,NA,30,7,-20,-2.477410529609116,0,l,130,0,NA,140,0,-0,0,English,NA,NA,NA,NA,NA,NA,NA,NA,NA,NA,NA,NA,NA,NA,NA,NA,NA,NA,NA,NA
unknown_lab,kihn,1998,female,United States,United States,TRUE,TRUE,intermediate,4,40,TRUE,1,FALSE,NA,30,11,0,0,n,m,150,0,-0,60,30,-30,-3.8631371386483475,English,NA,NA,NA,NA,NA,NA,NA,NA,NA,NA,NA,NA,NA,NA,NA,NA,NA,NA,NA,NA
unknown_lab,kihn,1998,female,United States,United States,TRUE,TRUE,intermediate,4,40,TRUE,1,FALSE,NA,30,10,-5,-0.5869152057713568,p,l,145,0,-0.125,140,40,40,4.092443014020803,English,NA,NA,NA,NA,NA,NA,NA,NA,NA,NA,NA,NA,NA,NA,NA,NA,NA,NA,NA,NA
unknown_lab,kihn,1998,female,United States,United States,TRUE,TRUE,intermediate,4,40,TRUE,1,FALSE,NA,30,10,-5,-0.5869152057713568,n,l,145,1,0.5,40,10,-10,-1.1944280826109728,English,NA,NA,NA,NA,NA,NA,NA,NA,NA,NA,NA,NA,NA,NA,NA,NA,NA,NA,NA,NA
unknown_lab,kihn,1998,female,United States,United States,TRUE,TRUE,intermediate,4,40,TRUE,1,FALSE,NA,30,12,5,0.5676685773402819,0,h,155,0,NA,40,0,-0,0,English,NA,NA,NA,NA,NA,NA,NA,NA,NA,NA,NA,NA,NA,NA,NA,NA,NA,NA,NA,NA
unknown_lab,kihn,1998,female,United States,United States,TRUE,TRUE,intermediate,4,40,TRUE,1,FALSE,NA,30,11,0,0,n,m,150,0,-0,40,20,-20,-2.477410529609116,English,NA,NA,NA,NA,NA,NA,NA,NA,NA,NA,NA,NA,NA,NA,NA,NA,NA,NA,NA,NA
unknown_lab,kihn,1998,female,United States,United States,TRUE,TRUE,intermediate,4,40,TRUE,1,FALSE,NA,30,11,0,0,p,m,150,0,0,120,30,30,3.1564128700055254,English,NA,NA,NA,NA,NA,NA,NA,NA,NA,NA,NA,NA,NA,NA,NA,NA,NA,NA,NA,NA
unknown_lab,kihn,1998,female,United States,United States,TRUE,TRUE,intermediate,4,40,TRUE,1,FALSE,NA,30,12,5,0.5676685773402819,p,h,155,1,0.125,80,40,40,4.092443014020803,English,NA,NA,NA,NA,NA,NA,NA,NA,NA,NA,NA,NA,NA,NA,NA,NA,NA,NA,NA,NA
unknown_lab,kihn,1998,female,United States,United States,TRUE,TRUE,intermediate,4,40,TRUE,1,FALSE,NA,30,10,-5,-0.5869152057713568,p,l,145,0,-0.5,60,10,10,1.1173128526977774,English,NA,NA,NA,NA,NA,NA,NA,NA,NA,NA,NA,NA,NA,NA,NA,NA,NA,NA,NA,NA
unknown_lab,kihn,1998,female,United States,United States,TRUE,TRUE,intermediate,4,40,TRUE,1,FALSE,NA,30,10,-5,-0.5869152057713568,p,l,145,0,-0.16666666666666666,100,30,30,3.1564128700055254,English,NA,NA,NA,NA,NA,NA,NA,NA,NA,NA,NA,NA,NA,NA,NA,NA,NA,NA,NA,NA
unknown_lab,kihn,1998,female,United States,United States,TRUE,TRUE,intermediate,4,40,TRUE,1,FALSE,NA,30,11,0,0,n,m,150,0,-0,140,20,-20,-2.477410529609116,English,NA,NA,NA,NA,NA,NA,NA,NA,NA,NA,NA,NA,NA,NA,NA,NA,NA,NA,NA,NA
unknown_lab,kihn,1998,female,United States,United States,TRUE,TRUE,intermediate,4,40,TRUE,1,FALSE,NA,30,9,-10,-1.1944280826109728,n,l,140,1,1,60,10,-10,-1.1944280826109728,English,NA,NA,NA,NA,NA,NA,NA,NA,NA,NA,NA,NA,NA,NA,NA,NA,NA,NA,NA,NA
unknown_lab,kihn,1998,female,United States,United States,TRUE,TRUE,intermediate,4,40,TRUE,1,FALSE,NA,30,10,-5,-0.5869152057713568,n,l,145,1,0.5,100,10,-10,-1.1944280826109728,English,NA,NA,NA,NA,NA,NA,NA,NA,NA,NA,NA,NA,NA,NA,NA,NA,NA,NA,NA,NA
unknown_lab,kihn,1998,female,United States,United States,TRUE,TRUE,intermediate,4,40,TRUE,1,FALSE,NA,30,10,-5,-0.5869152057713568,n,l,145,1,0.125,40,40,-40,-5.369507723654657,English,NA,NA,NA,NA,NA,NA,NA,NA,NA,NA,NA,NA,NA,NA,NA,NA,NA,NA,NA,NA
unknown_lab,kihn,1998,female,United States,United States,TRUE,TRUE,intermediate,4,40,TRUE,1,FALSE,NA,30,13,10,1.1173128526977774,p,h,160,1,0.3333333333333333,40,30,30,3.1564128700055254,English,NA,NA,NA,NA,NA,NA,NA,NA,NA,NA,NA,NA,NA,NA,NA,NA,NA,NA,NA,NA
unknown_lab,kihn,1998,female,United States,United States,TRUE,TRUE,intermediate,4,40,TRUE,1,FALSE,NA,30,10,-5,-0.5869152057713568,n,l,145,1,0.5,80,10,-10,-1.1944280826109728,English,NA,NA,NA,NA,NA,NA,NA,NA,NA,NA,NA,NA,NA,NA,NA,NA,NA,NA,NA,NA
unknown_lab,kihn,1998,female,United States,United States,TRUE,TRUE,intermediate,4,40,TRUE,1,FALSE,NA,30,9,-10,-1.1944280826109728,p,l,140,0,-0.25,60,40,40,4.092443014020803,English,NA,NA,NA,NA,NA,NA,NA,NA,NA,NA,NA,NA,NA,NA,NA,NA,NA,NA,NA,NA
unknown_lab,kihn,1998,female,United States,United States,TRUE,TRUE,intermediate,4,40,TRUE,1,FALSE,NA,30,7,-20,-2.477410529609116,0,l,130,0,NA,120,0,-0,0,English,NA,NA,NA,NA,NA,NA,NA,NA,NA,NA,NA,NA,NA,NA,NA,NA,NA,NA,NA,NA
unknown_lab,kihn,1998,female,United States,United States,TRUE,TRUE,intermediate,4,40,TRUE,1,FALSE,NA,30,10,-5,-0.5869152057713568,p,l,145,0,-0.5,40,10,10,1.1173128526977774,English,NA,NA,NA,NA,NA,NA,NA,NA,NA,NA,NA,NA,NA,NA,NA,NA,NA,NA,NA,NA
unknown_lab,kihn,1998,female,United States,United States,TRUE,TRUE,intermediate,4,40,TRUE,1,FALSE,NA,30,7,-20,-2.477410529609116,n,l,130,1,0.6666666666666666,80,30,-30,-3.8631371386483475,English,NA,NA,NA,NA,NA,NA,NA,NA,NA,NA,NA,NA,NA,NA,NA,NA,NA,NA,NA,NA
unknown_lab,kihn,1998,female,United States,United States,TRUE,TRUE,intermediate,4,40,TRUE,1,FALSE,NA,30,8,-15,-1.8240371213405995,p,l,135,0,-1.5,80,10,10,1.1173128526977774,English,NA,NA,NA,NA,NA,NA,NA,NA,NA,NA,NA,NA,NA,NA,NA,NA,NA,NA,NA,NA
unknown_lab,kihn,1998,female,United States,United States,TRUE,TRUE,intermediate,4,40,TRUE,1,FALSE,NA,30,11,0,0,p,m,150,0,0,20,10,10,1.1173128526977774,English,NA,NA,NA,NA,NA,NA,NA,NA,NA,NA,NA,NA,NA,NA,NA,NA,NA,NA,NA,NA
unknown_lab,kihn,1998,female,United States,United States,TRUE,TRUE,intermediate,4,40,TRUE,1,FALSE,NA,30,8,-15,-1.8240371213405995,p,l,135,0,-0.375,100,40,40,4.092443014020803,English,NA,NA,NA,NA,NA,NA,NA,NA,NA,NA,NA,NA,NA,NA,NA,NA,NA,NA,NA,NA
unknown_lab,kihn,1998,female,United States,United States,TRUE,TRUE,intermediate,4,40,TRUE,1,FALSE,NA,30,5,-30,-3.8631371386483475,p,l,120,0,-1.5,80,20,20,2.16686694770185,English,NA,NA,NA,NA,NA,NA,NA,NA,NA,NA,NA,NA,NA,NA,NA,NA,NA,NA,NA,NA
unknown_lab,kihn,1998,female,United States,United States,TRUE,TRUE,intermediate,4,40,TRUE,1,FALSE,NA,30,7,-20,-2.477410529609116,n,l,130,1,0.5,20,40,-40,-5.369507723654657,English,NA,NA,NA,NA,NA,NA,NA,NA,NA,NA,NA,NA,NA,NA,NA,NA,NA,NA,NA,NA
unknown_lab,kihn,1998,female,United States,United States,TRUE,TRUE,intermediate,4,40,TRUE,1,FALSE,NA,30,12,5,0.5676685773402819,n,h,155,0,-0.25,20,20,-20,-2.477410529609116,English,NA,NA,NA,NA,NA,NA,NA,NA,NA,NA,NA,NA,NA,NA,NA,NA,NA,NA,NA,NA
unknown_lab,kihn,1998,female,United States,United States,TRUE,TRUE,intermediate,4,40,TRUE,1,FALSE,NA,30,9,-10,-1.1944280826109728,n,l,140,1,0.25,80,40,-40,-5.369507723654657,English,NA,NA,NA,NA,NA,NA,NA,NA,NA,NA,NA,NA,NA,NA,NA,NA,NA,NA,NA,NA
unknown_lab,kihn,1998,female,United States,United States,TRUE,TRUE,intermediate,4,40,TRUE,1,FALSE,NA,30,11,0,0,p,m,150,0,0,100,20,20,2.16686694770185,English,NA,NA,NA,NA,NA,NA,NA,NA,NA,NA,NA,NA,NA,NA,NA,NA,NA,NA,NA,NA
unknown_lab,kihn,1998,female,United States,United States,TRUE,TRUE,intermediate,4,40,TRUE,1,FALSE,NA,30,8,-15,-1.8240371213405995,n,l,135,1,0.375,100,40,-40,-5.369507723654657,English,NA,NA,NA,NA,NA,NA,NA,NA,NA,NA,NA,NA,NA,NA,NA,NA,NA,NA,NA,NA
unknown_lab,kihn,1998,female,United States,United States,TRUE,TRUE,intermediate,4,40,TRUE,1,FALSE,NA,30,6,-25,-3.1564128700055254,n,l,125,1,0.8333333333333334,140,30,-30,-3.8631371386483475,English,NA,NA,NA,NA,NA,NA,NA,NA,NA,NA,NA,NA,NA,NA,NA,NA,NA,NA,NA,NA
unknown_lab,kihn,1998,female,United States,United States,TRUE,TRUE,intermediate,4,40,TRUE,1,FALSE,NA,30,10,-5,-0.5869152057713568,n,l,145,1,0.16666666666666666,100,30,-30,-3.8631371386483475,English,NA,NA,NA,NA,NA,NA,NA,NA,NA,NA,NA,NA,NA,NA,NA,NA,NA,NA,NA,NA
unknown_lab,kihn,1998,female,United States,United States,TRUE,TRUE,intermediate,4,40,TRUE,1,FALSE,NA,30,9,-10,-1.1944280826109728,0,l,140,0,NA,140,0,-0,0,English,NA,NA,NA,NA,NA,NA,NA,NA,NA,NA,NA,NA,NA,NA,NA,NA,NA,NA,NA,NA
unknown_lab,kihn,1998,female,United States,United States,TRUE,TRUE,intermediate,4,40,TRUE,1,FALSE,NA,30,7,-20,-2.477410529609116,n,l,130,1,2,140,10,-10,-1.1944280826109728,English,NA,NA,NA,NA,NA,NA,NA,NA,NA,NA,NA,NA,NA,NA,NA,NA,NA,NA,NA,NA
unknown_lab,kihn,1998,female,United States,United States,TRUE,TRUE,intermediate,4,40,TRUE,1,FALSE,NA,30,9,-10,-1.1944280826109728,p,l,140,0,-0.25,20,40,40,4.092443014020803,English,NA,NA,NA,NA,NA,NA,NA,NA,NA,NA,NA,NA,NA,NA,NA,NA,NA,NA,NA,NA
unknown_lab,kihn,1998,female,United States,United States,TRUE,TRUE,intermediate,4,40,TRUE,1,FALSE,NA,30,9,-10,-1.1944280826109728,p,l,140,0,-0.5,120,20,20,2.16686694770185,English,NA,NA,NA,NA,NA,NA,NA,NA,NA,NA,NA,NA,NA,NA,NA,NA,NA,NA,NA,NA
unknown_lab,kihn,1998,female,United States,United States,TRUE,TRUE,intermediate,4,40,TRUE,1,FALSE,NA,30,8,-15,-1.8240371213405995,p,l,135,0,-0.375,40,40,40,4.092443014020803,English,NA,NA,NA,NA,NA,NA,NA,NA,NA,NA,NA,NA,NA,NA,NA,NA,NA,NA,NA,NA
unknown_lab,kihn,1998,female,United States,United States,TRUE,TRUE,intermediate,4,40,TRUE,1,FALSE,NA,30,9,-10,-1.1944280826109728,n,l,140,1,0.5,100,20,-20,-2.477410529609116,English,NA,NA,NA,NA,NA,NA,NA,NA,NA,NA,NA,NA,NA,NA,NA,NA,NA,NA,NA,NA
unknown_lab,kihn,1998,female,United States,United States,TRUE,TRUE,intermediate,4,40,TRUE,1,FALSE,NA,30,9,-10,-1.1944280826109728,p,l,140,0,-0.5,60,20,20,2.16686694770185,English,NA,NA,NA,NA,NA,NA,NA,NA,NA,NA,NA,NA,NA,NA,NA,NA,NA,NA,NA,NA
unknown_lab,kihn,1998,female,United States,United States,TRUE,TRUE,intermediate,4,40,TRUE,1,FALSE,NA,30,9,-10,-1.1944280826109728,p,l,140,0,-1,100,10,10,1.1173128526977774,English,NA,NA,NA,NA,NA,NA,NA,NA,NA,NA,NA,NA,NA,NA,NA,NA,NA,NA,NA,NA
unknown_lab,kihn,1998,female,United States,United States,TRUE,TRUE,intermediate,4,40,TRUE,1,FALSE,NA,30,7,-20,-2.477410529609116,n,l,130,1,0.6666666666666666,40,30,-30,-3.8631371386483475,English,NA,NA,NA,NA,NA,NA,NA,NA,NA,NA,NA,NA,NA,NA,NA,NA,NA,NA,NA,NA
unknown_lab,kihn,1998,female,United States,United States,TRUE,TRUE,intermediate,4,40,TRUE,1,FALSE,NA,30,8,-15,-1.8240371213405995,p,l,135,0,-1.5,120,10,10,1.1173128526977774,English,NA,NA,NA,NA,NA,NA,NA,NA,NA,NA,NA,NA,NA,NA,NA,NA,NA,NA,NA,NA
unknown_lab,kihn,1998,female,United States,United States,TRUE,TRUE,intermediate,4,40,TRUE,1,FALSE,NA,30,8,-15,-1.8240371213405995,p,l,135,0,-1.5,140,10,10,1.1173128526977774,English,NA,NA,NA,NA,NA,NA,NA,NA,NA,NA,NA,NA,NA,NA,NA,NA,NA,NA,NA,NA
unknown_lab,kihn,1998,female,United States,United States,TRUE,TRUE,intermediate,4,40,TRUE,1,FALSE,NA,30,8,-15,-1.8240371213405995,n,l,135,1,0.5,20,30,-30,-3.8631371386483475,English,NA,NA,NA,NA,NA,NA,NA,NA,NA,NA,NA,NA,NA,NA,NA,NA,NA,NA,NA,NA
unknown_lab,kihn,1998,female,United States,United States,TRUE,TRUE,intermediate,4,40,TRUE,1,FALSE,NA,30,12,5,0.5676685773402819,n,h,155,0,-0.5,120,10,-10,-1.1944280826109728,English,NA,NA,NA,NA,NA,NA,NA,NA,NA,NA,NA,NA,NA,NA,NA,NA,NA,NA,NA,NA
unknown_lab,kihn,1998,female,United States,United States,TRUE,TRUE,intermediate,4,40,TRUE,1,FALSE,NA,30,7,-20,-2.477410529609116,n,l,130,1,0.5,60,40,-40,-5.369507723654657,English,NA,NA,NA,NA,NA,NA,NA,NA,NA,NA,NA,NA,NA,NA,NA,NA,NA,NA,NA,NA
unknown_lab,kihn,1998,female,United States,United States,TRUE,TRUE,intermediate,4,40,TRUE,1,FALSE,NA,30,9,-10,-1.1944280826109728,0,l,140,0,NA,20,0,-0,0,English,NA,NA,NA,NA,NA,NA,NA,NA,NA,NA,NA,NA,NA,NA,NA,NA,NA,NA,NA,NA
unknown_lab,kihn,1998,female,United States,United States,TRUE,TRUE,intermediate,4,40,TRUE,1,FALSE,NA,30,8,-15,-1.8240371213405995,n,l,135,1,0.5,120,30,-30,-3.8631371386483475,English,NA,NA,NA,NA,NA,NA,NA,NA,NA,NA,NA,NA,NA,NA,NA,NA,NA,NA,NA,NA
unknown_lab,kihn,1998,female,United States,United States,TRUE,TRUE,intermediate,4,40,TRUE,1,FALSE,NA,30,9,-10,-1.1944280826109728,p,l,140,0,-0.3333333333333333,80,30,30,3.1564128700055254,English,NA,NA,NA,NA,NA,NA,NA,NA,NA,NA,NA,NA,NA,NA,NA,NA,NA,NA,NA,NA
unknown_lab,kihn,1998,female,United States,United States,TRUE,TRUE,intermediate,4,40,TRUE,1,FALSE,NA,30,13,10,1.1173128526977774,p,h,160,1,0.3333333333333333,140,30,30,3.1564128700055254,English,NA,NA,NA,NA,NA,NA,NA,NA,NA,NA,NA,NA,NA,NA,NA,NA,NA,NA,NA,NA
unknown_lab,kihn,1998,female,United States,United States,TRUE,TRUE,intermediate,4,40,TRUE,1,FALSE,NA,30,14,15,1.6500422849992202,p,h,165,1,0.75,20,20,20,2.16686694770185,English,NA,NA,NA,NA,NA,NA,NA,NA,NA,NA,NA,NA,NA,NA,NA,NA,NA,NA,NA,NA
unknown_lab,kihn,1998,female,United States,United States,TRUE,TRUE,intermediate,4,40,TRUE,1,FALSE,NA,30,8,-15,-1.8240371213405995,0,l,135,0,NA,100,0,-0,0,English,NA,NA,NA,NA,NA,NA,NA,NA,NA,NA,NA,NA,NA,NA,NA,NA,NA,NA,NA,NA
unknown_lab,kihn,1998,female,United States,United States,TRUE,TRUE,intermediate,4,40,TRUE,1,FALSE,NA,30,10,-5,-0.5869152057713568,n,l,145,1,0.125,140,40,-40,-5.369507723654657,English,NA,NA,NA,NA,NA,NA,NA,NA,NA,NA,NA,NA,NA,NA,NA,NA,NA,NA,NA,NA
unknown_lab,kihn,1998,female,United States,United States,TRUE,TRUE,intermediate,4,40,TRUE,1,FALSE,NA,30,10,-5,-0.5869152057713568,p,l,145,0,-0.125,120,40,40,4.092443014020803,English,NA,NA,NA,NA,NA,NA,NA,NA,NA,NA,NA,NA,NA,NA,NA,NA,NA,NA,NA,NA
unknown_lab,kihn,1998,female,United States,United States,TRUE,TRUE,intermediate,4,40,TRUE,1,FALSE,NA,30,10,-5,-0.5869152057713568,n,l,145,1,0.125,120,40,-40,-5.369507723654657,English,NA,NA,NA,NA,NA,NA,NA,NA,NA,NA,NA,NA,NA,NA,NA,NA,NA,NA,NA,NA
unknown_lab,kihn,1998,female,United States,United States,TRUE,TRUE,intermediate,4,40,TRUE,1,FALSE,NA,30,11,0,0,n,m,150,0,-0,80,20,-20,-2.477410529609116,English,NA,NA,NA,NA,NA,NA,NA,NA,NA,NA,NA,NA,NA,NA,NA,NA,NA,NA,NA,NA
unknown_lab,kihn,1998,female,United States,United States,TRUE,TRUE,intermediate,4,40,TRUE,1,FALSE,NA,30,10,-5,-0.5869152057713568,n,l,145,1,0.5,20,10,-10,-1.1944280826109728,English,NA,NA,NA,NA,NA,NA,NA,NA,NA,NA,NA,NA,NA,NA,NA,NA,NA,NA,NA,NA
unknown_lab,kihn,1998,female,United States,United States,TRUE,TRUE,intermediate,4,40,TRUE,1,FALSE,NA,30,10,-5,-0.5869152057713568,n,l,145,1,0.5,100,10,-10,-1.1944280826109728,English,NA,NA,NA,NA,NA,NA,NA,NA,NA,NA,NA,NA,NA,NA,NA,NA,NA,NA,NA,NA
unknown_lab,kihn,1998,female,United States,United States,TRUE,TRUE,intermediate,4,40,TRUE,1,FALSE,NA,30,6,-25,-3.1564128700055254,n,l,125,1,0.8333333333333334,80,30,-30,-3.8631371386483475,English,NA,NA,NA,NA,NA,NA,NA,NA,NA,NA,NA,NA,NA,NA,NA,NA,NA,NA,NA,NA
unknown_lab,kihn,1998,female,United States,United States,TRUE,TRUE,intermediate,4,40,TRUE,1,FALSE,NA,30,6,-25,-3.1564128700055254,p,l,125,0,-0.8333333333333334,120,30,30,3.1564128700055254,English,NA,NA,NA,NA,NA,NA,NA,NA,NA,NA,NA,NA,NA,NA,NA,NA,NA,NA,NA,NA
unknown_lab,kihn,1998,female,United States,United States,TRUE,TRUE,intermediate,4,40,TRUE,1,FALSE,NA,30,8,-15,-1.8240371213405995,p,l,135,0,-0.75,40,20,20,2.16686694770185,English,NA,NA,NA,NA,NA,NA,NA,NA,NA,NA,NA,NA,NA,NA,NA,NA,NA,NA,NA,NA
unknown_lab,kihn,1998,female,United States,United States,TRUE,TRUE,intermediate,4,40,TRUE,1,FALSE,NA,30,9,-10,-1.1944280826109728,n,l,140,1,0.3333333333333333,140,30,-30,-3.8631371386483475,English,NA,NA,NA,NA,NA,NA,NA,NA,NA,NA,NA,NA,NA,NA,NA,NA,NA,NA,NA,NA
unknown_lab,kihn,1998,female,United States,United States,TRUE,TRUE,intermediate,4,40,TRUE,1,FALSE,NA,30,10,-5,-0.5869152057713568,p,l,145,0,-0.16666666666666666,80,30,30,3.1564128700055254,English,NA,NA,NA,NA,NA,NA,NA,NA,NA,NA,NA,NA,NA,NA,NA,NA,NA,NA,NA,NA
unknown_lab,kihn,1998,female,United States,United States,TRUE,TRUE,intermediate,4,40,TRUE,1,FALSE,NA,30,12,5,0.5676685773402819,p,h,155,1,0.125,120,40,40,4.092443014020803,English,NA,NA,NA,NA,NA,NA,NA,NA,NA,NA,NA,NA,NA,NA,NA,NA,NA,NA,NA,NA
unknown_lab,kihn,1998,female,United States,United States,TRUE,TRUE,intermediate,4,40,TRUE,1,FALSE,NA,30,9,-10,-1.1944280826109728,n,l,140,1,0.5,20,20,-20,-2.477410529609116,English,NA,NA,NA,NA,NA,NA,NA,NA,NA,NA,NA,NA,NA,NA,NA,NA,NA,NA,NA,NA
unknown_lab,kihn,1998,female,United States,United States,TRUE,TRUE,intermediate,4,40,TRUE,1,FALSE,NA,30,8,-15,-1.8240371213405995,n,l,135,1,0.75,60,20,-20,-2.477410529609116,English,NA,NA,NA,NA,NA,NA,NA,NA,NA,NA,NA,NA,NA,NA,NA,NA,NA,NA,NA,NA
unknown_lab,kihn,1998,female,United States,United States,TRUE,TRUE,intermediate,4,40,TRUE,1,FALSE,NA,30,9,-10,-1.1944280826109728,p,l,140,0,-1,100,10,10,1.1173128526977774,English,NA,NA,NA,NA,NA,NA,NA,NA,NA,NA,NA,NA,NA,NA,NA,NA,NA,NA,NA,NA
unknown_lab,kihn,1998,female,United States,United States,TRUE,TRUE,intermediate,4,40,TRUE,1,FALSE,NA,30,9,-10,-1.1944280826109728,n,l,140,1,1,60,10,-10,-1.1944280826109728,English,NA,NA,NA,NA,NA,NA,NA,NA,NA,NA,NA,NA,NA,NA,NA,NA,NA,NA,NA,NA
unknown_lab,kihn,1998,female,United States,United States,TRUE,TRUE,intermediate,4,40,TRUE,1,FALSE,NA,30,10,-5,-0.5869152057713568,0,l,145,0,NA,80,0,-0,0,English,NA,NA,NA,NA,NA,NA,NA,NA,NA,NA,NA,NA,NA,NA,NA,NA,NA,NA,NA,NA
unknown_lab,kihn,1998,female,United States,United States,TRUE,TRUE,intermediate,4,40,TRUE,1,FALSE,NA,30,12,5,0.5676685773402819,p,h,155,1,0.5,120,10,10,1.1173128526977774,English,NA,NA,NA,NA,NA,NA,NA,NA,NA,NA,NA,NA,NA,NA,NA,NA,NA,NA,NA,NA
unknown_lab,kihn,1998,female,United States,United States,TRUE,TRUE,intermediate,4,40,TRUE,1,FALSE,NA,30,12,5,0.5676685773402819,n,h,155,0,-0.25,40,20,-20,-2.477410529609116,English,NA,NA,NA,NA,NA,NA,NA,NA,NA,NA,NA,NA,NA,NA,NA,NA,NA,NA,NA,NA
unknown_lab,kihn,1998,female,United States,United States,TRUE,TRUE,intermediate,4,40,TRUE,1,FALSE,NA,30,11,0,0,0,m,150,1,NA,60,0,-0,0,English,NA,NA,NA,NA,NA,NA,NA,NA,NA,NA,NA,NA,NA,NA,NA,NA,NA,NA,NA,NA
unknown_lab,kihn,1998,female,United States,United States,TRUE,TRUE,intermediate,4,40,TRUE,1,FALSE,NA,30,10,-5,-0.5869152057713568,p,l,145,0,-0.16666666666666666,60,30,30,3.1564128700055254,English,NA,NA,NA,NA,NA,NA,NA,NA,NA,NA,NA,NA,NA,NA,NA,NA,NA,NA,NA,NA
unknown_lab,kihn,1998,female,United States,United States,TRUE,TRUE,intermediate,4,40,TRUE,1,FALSE,NA,30,11,0,0,n,m,150,0,-0,80,10,-10,-1.1944280826109728,English,NA,NA,NA,NA,NA,NA,NA,NA,NA,NA,NA,NA,NA,NA,NA,NA,NA,NA,NA,NA
unknown_lab,kihn,1998,female,United States,United States,TRUE,TRUE,intermediate,4,40,TRUE,1,FALSE,NA,30,11,0,0,p,m,150,0,0,20,10,10,1.1173128526977774,English,NA,NA,NA,NA,NA,NA,NA,NA,NA,NA,NA,NA,NA,NA,NA,NA,NA,NA,NA,NA
unknown_lab,kihn,1998,female,United States,United States,TRUE,TRUE,intermediate,4,40,TRUE,1,FALSE,NA,30,6,-25,-3.1564128700055254,n,l,125,1,0.625,120,40,-40,-5.369507723654657,English,NA,NA,NA,NA,NA,NA,NA,NA,NA,NA,NA,NA,NA,NA,NA,NA,NA,NA,NA,NA
unknown_lab,kihn,1998,female,United States,United States,TRUE,TRUE,intermediate,4,40,TRUE,1,FALSE,NA,30,7,-20,-2.477410529609116,p,l,130,0,-2,40,10,10,1.1173128526977774,English,NA,NA,NA,NA,NA,NA,NA,NA,NA,NA,NA,NA,NA,NA,NA,NA,NA,NA,NA,NA
unknown_lab,kihn,1998,female,United States,United States,TRUE,TRUE,intermediate,4,40,TRUE,1,FALSE,NA,30,10,-5,-0.5869152057713568,n,l,145,1,0.5,140,10,-10,-1.1944280826109728,English,NA,NA,NA,NA,NA,NA,NA,NA,NA,NA,NA,NA,NA,NA,NA,NA,NA,NA,NA,NA
unknown_lab,kihn,1998,female,United States,United States,TRUE,TRUE,intermediate,4,40,TRUE,1,FALSE,NA,30,8,-15,-1.8240371213405995,n,l,135,1,0.75,140,20,-20,-2.477410529609116,English,NA,NA,NA,NA,NA,NA,NA,NA,NA,NA,NA,NA,NA,NA,NA,NA,NA,NA,NA,NA
unknown_lab,kihn,1998,female,United States,United States,TRUE,TRUE,intermediate,4,40,TRUE,1,FALSE,NA,30,8,-15,-1.8240371213405995,n,l,135,1,1.5,40,10,-10,-1.1944280826109728,English,NA,NA,NA,NA,NA,NA,NA,NA,NA,NA,NA,NA,NA,NA,NA,NA,NA,NA,NA,NA
unknown_lab,kihn,1998,female,United States,United States,TRUE,TRUE,intermediate,4,40,TRUE,1,FALSE,NA,30,10,-5,-0.5869152057713568,n,l,145,1,0.16666666666666666,60,30,-30,-3.8631371386483475,English,NA,NA,NA,NA,NA,NA,NA,NA,NA,NA,NA,NA,NA,NA,NA,NA,NA,NA,NA,NA
unknown_lab,kihn,1998,female,United States,United States,TRUE,TRUE,intermediate,4,40,TRUE,1,FALSE,NA,30,11,0,0,p,m,150,0,0,80,20,20,2.16686694770185,English,NA,NA,NA,NA,NA,NA,NA,NA,NA,NA,NA,NA,NA,NA,NA,NA,NA,NA,NA,NA
unknown_lab,kihn,1998,female,United States,United States,TRUE,TRUE,intermediate,4,40,TRUE,1,FALSE,NA,30,11,0,0,p,m,150,0,0,20,20,20,2.16686694770185,English,NA,NA,NA,NA,NA,NA,NA,NA,NA,NA,NA,NA,NA,NA,NA,NA,NA,NA,NA,NA
unknown_lab,kihn,1998,female,United States,United States,TRUE,TRUE,intermediate,4,40,TRUE,1,FALSE,NA,30,10,-5,-0.5869152057713568,p,l,145,0,-0.25,60,20,20,2.16686694770185,English,NA,NA,NA,NA,NA,NA,NA,NA,NA,NA,NA,NA,NA,NA,NA,NA,NA,NA,NA,NA
unknown_lab,kihn,1998,female,United States,United States,TRUE,TRUE,intermediate,4,40,TRUE,1,FALSE,NA,30,11,0,0,p,m,150,0,0,60,40,40,4.092443014020803,English,NA,NA,NA,NA,NA,NA,NA,NA,NA,NA,NA,NA,NA,NA,NA,NA,NA,NA,NA,NA
unknown_lab,kihn,1998,female,United States,United States,TRUE,TRUE,intermediate,4,40,TRUE,1,FALSE,NA,30,8,-15,-1.8240371213405995,n,l,135,1,0.5,120,30,-30,-3.8631371386483475,English,NA,NA,NA,NA,NA,NA,NA,NA,NA,NA,NA,NA,NA,NA,NA,NA,NA,NA,NA,NA
unknown_lab,kihn,1998,female,United States,United States,TRUE,TRUE,intermediate,4,40,TRUE,1,FALSE,NA,30,10,-5,-0.5869152057713568,p,l,145,0,-0.5,140,10,10,1.1173128526977774,English,NA,NA,NA,NA,NA,NA,NA,NA,NA,NA,NA,NA,NA,NA,NA,NA,NA,NA,NA,NA
unknown_lab,kihn,1998,female,United States,United States,TRUE,TRUE,intermediate,4,40,TRUE,1,FALSE,NA,30,10,-5,-0.5869152057713568,0,l,145,0,NA,60,0,-0,0,English,NA,NA,NA,NA,NA,NA,NA,NA,NA,NA,NA,NA,NA,NA,NA,NA,NA,NA,NA,NA
unknown_lab,kihn,1998,female,United States,United States,TRUE,TRUE,intermediate,4,40,TRUE,1,FALSE,NA,30,12,5,0.5676685773402819,p,h,155,1,0.125,40,40,40,4.092443014020803,English,NA,NA,NA,NA,NA,NA,NA,NA,NA,NA,NA,NA,NA,NA,NA,NA,NA,NA,NA,NA
unknown_lab,kihn,1998,female,United States,United States,TRUE,TRUE,intermediate,4,40,TRUE,1,FALSE,NA,30,10,-5,-0.5869152057713568,p,l,145,0,-0.16666666666666666,140,30,30,3.1564128700055254,English,NA,NA,NA,NA,NA,NA,NA,NA,NA,NA,NA,NA,NA,NA,NA,NA,NA,NA,NA,NA
unknown_lab,kihn,1998,female,United States,United States,TRUE,TRUE,intermediate,4,40,TRUE,1,FALSE,NA,30,11,0,0,0,m,150,1,NA,40,0,-0,0,English,NA,NA,NA,NA,NA,NA,NA,NA,NA,NA,NA,NA,NA,NA,NA,NA,NA,NA,NA,NA
unknown_lab,kihn,1998,female,United States,United States,TRUE,TRUE,intermediate,4,40,TRUE,1,FALSE,NA,30,10,-5,-0.5869152057713568,n,l,145,1,0.125,80,40,-40,-5.369507723654657,English,NA,NA,NA,NA,NA,NA,NA,NA,NA,NA,NA,NA,NA,NA,NA,NA,NA,NA,NA,NA
unknown_lab,kihn,1998,female,United States,United States,TRUE,TRUE,intermediate,4,40,TRUE,1,FALSE,NA,30,9,-10,-1.1944280826109728,p,l,140,0,-1,60,10,10,1.1173128526977774,English,NA,NA,NA,NA,NA,NA,NA,NA,NA,NA,NA,NA,NA,NA,NA,NA,NA,NA,NA,NA
unknown_lab,kihn,1998,female,United States,United States,TRUE,TRUE,intermediate,4,40,TRUE,1,FALSE,NA,30,11,0,0,n,m,150,0,-0,20,30,-30,-3.8631371386483475,English,NA,NA,NA,NA,NA,NA,NA,NA,NA,NA,NA,NA,NA,NA,NA,NA,NA,NA,NA,NA
unknown_lab,kihn,1998,female,United States,United States,TRUE,TRUE,intermediate,4,40,TRUE,1,FALSE,NA,30,11,0,0,p,m,150,0,0,80,40,40,4.092443014020803,English,NA,NA,NA,NA,NA,NA,NA,NA,NA,NA,NA,NA,NA,NA,NA,NA,NA,NA,NA,NA
unknown_lab,kihn,1998,female,United States,United States,TRUE,TRUE,intermediate,4,40,TRUE,1,FALSE,NA,30,9,-10,-1.1944280826109728,p,l,140,0,-0.25,20,40,40,4.092443014020803,English,NA,NA,NA,NA,NA,NA,NA,NA,NA,NA,NA,NA,NA,NA,NA,NA,NA,NA,NA,NA
unknown_lab,kihn,1998,female,United States,United States,TRUE,TRUE,intermediate,4,40,TRUE,1,FALSE,NA,30,12,5,0.5676685773402819,n,h,155,0,-0.125,100,40,-40,-5.369507723654657,English,NA,NA,NA,NA,NA,NA,NA,NA,NA,NA,NA,NA,NA,NA,NA,NA,NA,NA,NA,NA
unknown_lab,kihn,1998,female,United States,United States,TRUE,TRUE,intermediate,4,40,TRUE,1,FALSE,NA,30,11,0,0,n,m,150,0,-0,20,10,-10,-1.1944280826109728,English,NA,NA,NA,NA,NA,NA,NA,NA,NA,NA,NA,NA,NA,NA,NA,NA,NA,NA,NA,NA
unknown_lab,kihn,1998,female,United States,United States,TRUE,TRUE,intermediate,4,40,TRUE,1,FALSE,NA,30,10,-5,-0.5869152057713568,n,l,145,1,0.125,40,40,-40,-5.369507723654657,English,NA,NA,NA,NA,NA,NA,NA,NA,NA,NA,NA,NA,NA,NA,NA,NA,NA,NA,NA,NA
unknown_lab,kihn,1998,female,United States,United States,TRUE,TRUE,intermediate,4,40,TRUE,1,FALSE,NA,30,10,-5,-0.5869152057713568,p,l,145,0,-0.25,100,20,20,2.16686694770185,English,NA,NA,NA,NA,NA,NA,NA,NA,NA,NA,NA,NA,NA,NA,NA,NA,NA,NA,NA,NA
unknown_lab,kihn,1998,female,United States,United States,TRUE,TRUE,intermediate,4,40,TRUE,1,FALSE,NA,30,11,0,0,n,m,150,0,-0,120,20,-20,-2.477410529609116,English,NA,NA,NA,NA,NA,NA,NA,NA,NA,NA,NA,NA,NA,NA,NA,NA,NA,NA,NA,NA
unknown_lab,kihn,1998,female,United States,United States,TRUE,TRUE,intermediate,4,40,TRUE,1,FALSE,NA,30,12,5,0.5676685773402819,n,h,155,0,-0.16666666666666666,100,30,-30,-3.8631371386483475,English,NA,NA,NA,NA,NA,NA,NA,NA,NA,NA,NA,NA,NA,NA,NA,NA,NA,NA,NA,NA
unknown_lab,kihn,1998,female,United States,United States,TRUE,TRUE,intermediate,4,40,TRUE,1,FALSE,NA,30,12,5,0.5676685773402819,p,h,155,1,0.125,100,40,40,4.092443014020803,English,NA,NA,NA,NA,NA,NA,NA,NA,NA,NA,NA,NA,NA,NA,NA,NA,NA,NA,NA,NA
unknown_lab,kihn,1998,female,United States,United States,TRUE,TRUE,intermediate,4,40,TRUE,1,FALSE,NA,30,10,-5,-0.5869152057713568,n,l,145,1,0.125,60,40,-40,-5.369507723654657,English,NA,NA,NA,NA,NA,NA,NA,NA,NA,NA,NA,NA,NA,NA,NA,NA,NA,NA,NA,NA
unknown_lab,kihn,1998,female,United States,United States,TRUE,TRUE,intermediate,4,40,TRUE,1,FALSE,NA,30,10,-5,-0.5869152057713568,p,l,145,0,-0.16666666666666666,20,30,30,3.1564128700055254,English,NA,NA,NA,NA,NA,NA,NA,NA,NA,NA,NA,NA,NA,NA,NA,NA,NA,NA,NA,NA
unknown_lab,kihn,1998,female,United States,United States,TRUE,TRUE,intermediate,4,40,TRUE,1,FALSE,NA,30,10,-5,-0.5869152057713568,n,l,145,1,0.125,140,40,-40,-5.369507723654657,English,NA,NA,NA,NA,NA,NA,NA,NA,NA,NA,NA,NA,NA,NA,NA,NA,NA,NA,NA,NA
unknown_lab,kihn,1998,female,United States,United States,TRUE,TRUE,intermediate,4,40,TRUE,1,FALSE,NA,30,11,0,0,p,m,150,0,0,100,30,30,3.1564128700055254,English,NA,NA,NA,NA,NA,NA,NA,NA,NA,NA,NA,NA,NA,NA,NA,NA,NA,NA,NA,NA
unknown_lab,kihn,1998,female,United States,United States,TRUE,TRUE,intermediate,4,40,TRUE,1,FALSE,NA,30,12,5,0.5676685773402819,p,h,155,1,0.25,120,20,20,2.16686694770185,English,NA,NA,NA,NA,NA,NA,NA,NA,NA,NA,NA,NA,NA,NA,NA,NA,NA,NA,NA,NA
unknown_lab,kihn,1998,female,United States,United States,TRUE,TRUE,intermediate,4,40,TRUE,1,FALSE,NA,30,10,-5,-0.5869152057713568,p,l,145,0,-0.25,140,20,20,2.16686694770185,English,NA,NA,NA,NA,NA,NA,NA,NA,NA,NA,NA,NA,NA,NA,NA,NA,NA,NA,NA,NA
unknown_lab,kihn,1998,female,United States,United States,TRUE,TRUE,intermediate,4,40,TRUE,1,FALSE,NA,30,9,-10,-1.1944280826109728,n,l,140,1,1,120,10,-10,-1.1944280826109728,English,NA,NA,NA,NA,NA,NA,NA,NA,NA,NA,NA,NA,NA,NA,NA,NA,NA,NA,NA,NA
unknown_lab,kihn,1998,female,United States,United States,TRUE,TRUE,intermediate,4,40,TRUE,1,FALSE,NA,30,13,10,1.1173128526977774,n,h,160,0,-0.25,20,40,-40,-5.369507723654657,English,NA,NA,NA,NA,NA,NA,NA,NA,NA,NA,NA,NA,NA,NA,NA,NA,NA,NA,NA,NA
unknown_lab,kihn,1998,female,United States,United States,TRUE,TRUE,intermediate,4,40,TRUE,1,FALSE,NA,30,9,-10,-1.1944280826109728,n,l,140,1,0.5,80,20,-20,-2.477410529609116,English,NA,NA,NA,NA,NA,NA,NA,NA,NA,NA,NA,NA,NA,NA,NA,NA,NA,NA,NA,NA
unknown_lab,kihn,1998,female,United States,United States,TRUE,TRUE,intermediate,4,40,TRUE,1,FALSE,NA,30,10,-5,-0.5869152057713568,p,l,145,0,-0.5,80,10,10,1.1173128526977774,English,NA,NA,NA,NA,NA,NA,NA,NA,NA,NA,NA,NA,NA,NA,NA,NA,NA,NA,NA,NA
unknown_lab,kihn,1998,female,United States,United States,TRUE,TRUE,intermediate,4,40,TRUE,1,FALSE,NA,30,10,-5,-0.5869152057713568,0,l,145,0,NA,80,0,-0,0,English,NA,NA,NA,NA,NA,NA,NA,NA,NA,NA,NA,NA,NA,NA,NA,NA,NA,NA,NA,NA
unknown_lab,sxl3,1990,male,united states,united states,TRUE,TRUE,advanced,3,21,TRUE,0,TRUE,0,33,11,0,0,n,m,150,0,-0,80,40,-40,-5.369507723654657,English,NA,NA,1,NA,NA,1,NA,NA,1,NA,NA,1,NA,NA,1,NA,NA,1,NA,NA
unknown_lab,sxl3,1990,male,united states,united states,TRUE,TRUE,advanced,3,21,TRUE,0,TRUE,0,33,11,0,0,n,m,150,0,-0,60,30,-30,-3.8631371386483475,English,NA,NA,1,NA,NA,1,NA,NA,1,NA,NA,1,NA,NA,1,NA,NA,1,NA,NA
unknown_lab,sxl3,1990,male,united states,united states,TRUE,TRUE,advanced,3,21,TRUE,0,TRUE,0,33,13,10,1.1173128526977774,p,h,160,1,0.3333333333333333,140,30,30,3.1564128700055254,English,NA,NA,1,NA,NA,1,NA,NA,1,NA,NA,1,NA,NA,1,NA,NA,1,NA,NA
unknown_lab,sxl3,1990,male,united states,united states,TRUE,TRUE,advanced,3,21,TRUE,0,TRUE,0,33,13,10,1.1173128526977774,p,h,160,1,0.5,40,20,20,2.16686694770185,English,NA,NA,1,NA,NA,1,NA,NA,1,NA,NA,1,NA,NA,1,NA,NA,1,NA,NA
unknown_lab,sxl3,1990,male,united states,united states,TRUE,TRUE,advanced,3,21,TRUE,0,TRUE,0,33,10,-5,-0.5869152057713568,p,l,145,0,-0.16666666666666666,80,30,30,3.1564128700055254,English,NA,NA,1,NA,NA,1,NA,NA,1,NA,NA,1,NA,NA,1,NA,NA,1,NA,NA
unknown_lab,sxl3,1990,male,united states,united states,TRUE,TRUE,advanced,3,21,TRUE,0,TRUE,0,33,11,0,0,0,m,150,1,NA,20,0,-0,0,English,NA,NA,1,NA,NA,1,NA,NA,1,NA,NA,1,NA,NA,1,NA,NA,1,NA,NA
unknown_lab,sxl3,1990,male,united states,united states,TRUE,TRUE,advanced,3,21,TRUE,0,TRUE,0,33,11,0,0,n,m,150,0,-0,20,40,-40,-5.369507723654657,English,NA,NA,1,NA,NA,1,NA,NA,1,NA,NA,1,NA,NA,1,NA,NA,1,NA,NA
unknown_lab,sxl3,1990,male,united states,united states,TRUE,TRUE,advanced,3,21,TRUE,0,TRUE,0,33,11,0,0,p,m,150,0,0,100,10,10,1.1173128526977774,English,NA,NA,1,NA,NA,1,NA,NA,1,NA,NA,1,NA,NA,1,NA,NA,1,NA,NA
unknown_lab,sxl3,1990,male,united states,united states,TRUE,TRUE,advanced,3,21,TRUE,0,TRUE,0,33,5,-30,-3.8631371386483475,n,l,120,1,1,120,30,-30,-3.8631371386483475,English,NA,NA,1,NA,NA,1,NA,NA,1,NA,NA,1,NA,NA,1,NA,NA,1,NA,NA
unknown_lab,sxl3,1990,male,united states,united states,TRUE,TRUE,advanced,3,21,TRUE,0,TRUE,0,33,11,0,0,0,m,150,1,NA,80,0,-0,0,English,NA,NA,1,NA,NA,1,NA,NA,1,NA,NA,1,NA,NA,1,NA,NA,1,NA,NA
unknown_lab,sxl3,1990,male,united states,united states,TRUE,TRUE,advanced,3,21,TRUE,0,TRUE,0,33,13,10,1.1173128526977774,p,h,160,1,0.3333333333333333,20,30,30,3.1564128700055254,English,NA,NA,1,NA,NA,1,NA,NA,1,NA,NA,1,NA,NA,1,NA,NA,1,NA,NA
unknown_lab,sxl3,1990,male,united states,united states,TRUE,TRUE,advanced,3,21,TRUE,0,TRUE,0,33,13,10,1.1173128526977774,p,h,160,1,0.5,20,20,20,2.16686694770185,English,NA,NA,1,NA,NA,1,NA,NA,1,NA,NA,1,NA,NA,1,NA,NA,1,NA,NA
unknown_lab,sxl3,1990,male,united states,united states,TRUE,TRUE,advanced,3,21,TRUE,0,TRUE,0,33,10,-5,-0.5869152057713568,n,l,145,1,0.25,60,20,-20,-2.477410529609116,English,NA,NA,1,NA,NA,1,NA,NA,1,NA,NA,1,NA,NA,1,NA,NA,1,NA,NA
unknown_lab,sxl3,1990,male,united states,united states,TRUE,TRUE,advanced,3,21,TRUE,0,TRUE,0,33,9,-10,-1.1944280826109728,p,l,140,0,-0.3333333333333333,120,30,30,3.1564128700055254,English,NA,NA,1,NA,NA,1,NA,NA,1,NA,NA,1,NA,NA,1,NA,NA,1,NA,NA
unknown_lab,sxl3,1990,male,united states,united states,TRUE,TRUE,advanced,3,21,TRUE,0,TRUE,0,33,13,10,1.1173128526977774,p,h,160,1,1,80,10,10,1.1173128526977774,English,NA,NA,1,NA,NA,1,NA,NA,1,NA,NA,1,NA,NA,1,NA,NA,1,NA,NA
unknown_lab,sxl3,1990,male,united states,united states,TRUE,TRUE,advanced,3,21,TRUE,0,TRUE,0,33,11,0,0,0,m,150,1,NA,60,0,-0,0,English,NA,NA,1,NA,NA,1,NA,NA,1,NA,NA,1,NA,NA,1,NA,NA,1,NA,NA
unknown_lab,sxl3,1990,male,united states,united states,TRUE,TRUE,advanced,3,21,TRUE,0,TRUE,0,33,12,5,0.5676685773402819,p,h,155,1,0.25,120,20,20,2.16686694770185,English,NA,NA,1,NA,NA,1,NA,NA,1,NA,NA,1,NA,NA,1,NA,NA,1,NA,NA
unknown_lab,sxl3,1990,male,united states,united states,TRUE,TRUE,advanced,3,21,TRUE,0,TRUE,0,33,7,-20,-2.477410529609116,n,l,130,1,1,140,20,-20,-2.477410529609116,English,NA,NA,1,NA,NA,1,NA,NA,1,NA,NA,1,NA,NA,1,NA,NA,1,NA,NA
unknown_lab,sxl3,1990,male,united states,united states,TRUE,TRUE,advanced,3,21,TRUE,0,TRUE,0,33,9,-10,-1.1944280826109728,n,l,140,1,0.25,140,40,-40,-5.369507723654657,English,NA,NA,1,NA,NA,1,NA,NA,1,NA,NA,1,NA,NA,1,NA,NA,1,NA,NA
unknown_lab,sxl3,1990,male,united states,united states,TRUE,TRUE,advanced,3,21,TRUE,0,TRUE,0,33,13,10,1.1173128526977774,p,h,160,1,0.5,140,20,20,2.16686694770185,English,NA,NA,1,NA,NA,1,NA,NA,1,NA,NA,1,NA,NA,1,NA,NA,1,NA,NA
unknown_lab,sxl3,1990,male,united states,united states,TRUE,TRUE,advanced,3,21,TRUE,0,TRUE,0,33,12,5,0.5676685773402819,p,h,155,1,0.16666666666666666,40,30,30,3.1564128700055254,English,NA,NA,1,NA,NA,1,NA,NA,1,NA,NA,1,NA,NA,1,NA,NA,1,NA,NA
unknown_lab,sxl3,1990,male,united states,united states,TRUE,TRUE,advanced,3,21,TRUE,0,TRUE,0,33,12,5,0.5676685773402819,p,h,155,1,0.5,60,10,10,1.1173128526977774,English,NA,NA,1,NA,NA,1,NA,NA,1,NA,NA,1,NA,NA,1,NA,NA,1,NA,NA
unknown_lab,sxl3,1990,male,united states,united states,TRUE,TRUE,advanced,3,21,TRUE,0,TRUE,0,33,12,5,0.5676685773402819,p,h,155,1,0.16666666666666666,60,30,30,3.1564128700055254,English,NA,NA,1,NA,NA,1,NA,NA,1,NA,NA,1,NA,NA,1,NA,NA,1,NA,NA
unknown_lab,sxl3,1990,male,united states,united states,TRUE,TRUE,advanced,3,21,TRUE,0,TRUE,0,33,12,5,0.5676685773402819,n,h,155,0,-0.125,40,40,-40,-5.369507723654657,English,NA,NA,1,NA,NA,1,NA,NA,1,NA,NA,1,NA,NA,1,NA,NA,1,NA,NA
unknown_lab,sxl3,1990,male,united states,united states,TRUE,TRUE,advanced,3,21,TRUE,0,TRUE,0,33,13,10,1.1173128526977774,n,h,160,0,-0.25,60,40,-40,-5.369507723654657,English,NA,NA,1,NA,NA,1,NA,NA,1,NA,NA,1,NA,NA,1,NA,NA,1,NA,NA
unknown_lab,sxl3,1990,male,united states,united states,TRUE,TRUE,advanced,3,21,TRUE,0,TRUE,0,33,8,-15,-1.8240371213405995,n,l,135,1,0.5,140,30,-30,-3.8631371386483475,English,NA,NA,1,NA,NA,1,NA,NA,1,NA,NA,1,NA,NA,1,NA,NA,1,NA,NA
unknown_lab,sxl3,1990,male,united states,united states,TRUE,TRUE,advanced,3,21,TRUE,0,TRUE,0,33,10,-5,-0.5869152057713568,n,l,145,1,0.125,100,40,-40,-5.369507723654657,English,NA,NA,1,NA,NA,1,NA,NA,1,NA,NA,1,NA,NA,1,NA,NA,1,NA,NA
unknown_lab,sxl3,1990,male,united states,united states,TRUE,TRUE,advanced,3,21,TRUE,0,TRUE,0,33,13,10,1.1173128526977774,p,h,160,1,0.25,40,40,40,4.092443014020803,English,NA,NA,1,NA,NA,1,NA,NA,1,NA,NA,1,NA,NA,1,NA,NA,1,NA,NA
unknown_lab,sxl3,1990,male,united states,united states,TRUE,TRUE,advanced,3,21,TRUE,0,TRUE,0,33,7,-20,-2.477410529609116,p,l,130,0,-0.5,20,40,40,4.092443014020803,English,NA,NA,1,NA,NA,1,NA,NA,1,NA,NA,1,NA,NA,1,NA,NA,1,NA,NA
unknown_lab,sxl3,1990,male,united states,united states,TRUE,TRUE,advanced,3,21,TRUE,0,TRUE,0,33,12,5,0.5676685773402819,n,h,155,0,-0.25,100,20,-20,-2.477410529609116,English,NA,NA,1,NA,NA,1,NA,NA,1,NA,NA,1,NA,NA,1,NA,NA,1,NA,NA
unknown_lab,sxl3,1990,male,united states,united states,TRUE,TRUE,advanced,3,21,TRUE,0,TRUE,0,33,11,0,0,p,m,150,0,0,120,10,10,1.1173128526977774,English,NA,NA,1,NA,NA,1,NA,NA,1,NA,NA,1,NA,NA,1,NA,NA,1,NA,NA
unknown_lab,sxl3,1990,male,united states,united states,TRUE,TRUE,advanced,3,21,TRUE,0,TRUE,0,33,11,0,0,0,m,150,1,NA,100,0,-0,0,English,NA,NA,1,NA,NA,1,NA,NA,1,NA,NA,1,NA,NA,1,NA,NA,1,NA,NA
unknown_lab,sxl3,1990,male,united states,united states,TRUE,TRUE,advanced,3,21,TRUE,0,TRUE,0,33,12,5,0.5676685773402819,n,h,155,0,-0.25,120,20,-20,-2.477410529609116,English,NA,NA,1,NA,NA,1,NA,NA,1,NA,NA,1,NA,NA,1,NA,NA,1,NA,NA
unknown_lab,sxl3,1990,male,united states,united states,TRUE,TRUE,advanced,3,21,TRUE,0,TRUE,0,33,8,-15,-1.8240371213405995,n,l,135,1,1.5,120,10,-10,-1.1944280826109728,English,NA,NA,1,NA,NA,1,NA,NA,1,NA,NA,1,NA,NA,1,NA,NA,1,NA,NA
unknown_lab,sxl3,1990,male,united states,united states,TRUE,TRUE,advanced,3,21,TRUE,0,TRUE,0,33,9,-10,-1.1944280826109728,n,l,140,1,0.5,40,20,-20,-2.477410529609116,English,NA,NA,1,NA,NA,1,NA,NA,1,NA,NA,1,NA,NA,1,NA,NA,1,NA,NA
unknown_lab,sxl3,1990,male,united states,united states,TRUE,TRUE,advanced,3,21,TRUE,0,TRUE,0,33,12,5,0.5676685773402819,n,h,155,0,-0.16666666666666666,80,30,-30,-3.8631371386483475,English,NA,NA,1,NA,NA,1,NA,NA,1,NA,NA,1,NA,NA,1,NA,NA,1,NA,NA
unknown_lab,sxl3,1990,male,united states,united states,TRUE,TRUE,advanced,3,21,TRUE,0,TRUE,0,33,12,5,0.5676685773402819,p,h,155,1,0.5,40,10,10,1.1173128526977774,English,NA,NA,1,NA,NA,1,NA,NA,1,NA,NA,1,NA,NA,1,NA,NA,1,NA,NA
unknown_lab,sxl3,1990,male,united states,united states,TRUE,TRUE,advanced,3,21,TRUE,0,TRUE,0,33,8,-15,-1.8240371213405995,p,l,135,0,-0.75,60,20,20,2.16686694770185,English,NA,NA,1,NA,NA,1,NA,NA,1,NA,NA,1,NA,NA,1,NA,NA,1,NA,NA
unknown_lab,sxl3,1990,male,united states,united states,TRUE,TRUE,advanced,3,21,TRUE,0,TRUE,0,33,9,-10,-1.1944280826109728,n,l,140,1,0.3333333333333333,20,30,-30,-3.8631371386483475,English,NA,NA,1,NA,NA,1,NA,NA,1,NA,NA,1,NA,NA,1,NA,NA,1,NA,NA
unknown_lab,sxl3,1990,male,united states,united states,TRUE,TRUE,advanced,3,21,TRUE,0,TRUE,0,33,8,-15,-1.8240371213405995,n,l,135,1,0.5,40,30,-30,-3.8631371386483475,English,NA,NA,1,NA,NA,1,NA,NA,1,NA,NA,1,NA,NA,1,NA,NA,1,NA,NA
unknown_lab,sxl3,1990,male,united states,united states,TRUE,TRUE,advanced,3,21,TRUE,0,TRUE,0,33,12,5,0.5676685773402819,n,h,155,0,-0.25,20,20,-20,-2.477410529609116,English,NA,NA,1,NA,NA,1,NA,NA,1,NA,NA,1,NA,NA,1,NA,NA,1,NA,NA
unknown_lab,sxl3,1990,male,united states,united states,TRUE,TRUE,advanced,3,21,TRUE,0,TRUE,0,33,13,10,1.1173128526977774,n,h,160,0,-1,20,10,-10,-1.1944280826109728,English,NA,NA,1,NA,NA,1,NA,NA,1,NA,NA,1,NA,NA,1,NA,NA,1,NA,NA
unknown_lab,sxl3,1990,male,united states,united states,TRUE,TRUE,advanced,3,21,TRUE,0,TRUE,0,33,9,-10,-1.1944280826109728,0,l,140,0,NA,120,0,-0,0,English,NA,NA,1,NA,NA,1,NA,NA,1,NA,NA,1,NA,NA,1,NA,NA,1,NA,NA
unknown_lab,sxl3,1990,male,united states,united states,TRUE,TRUE,advanced,3,21,TRUE,0,TRUE,0,33,9,-10,-1.1944280826109728,p,l,140,0,-0.5,100,20,20,2.16686694770185,English,NA,NA,1,NA,NA,1,NA,NA,1,NA,NA,1,NA,NA,1,NA,NA,1,NA,NA
unknown_lab,sxl3,1990,male,united states,united states,TRUE,TRUE,advanced,3,21,TRUE,0,TRUE,0,33,9,-10,-1.1944280826109728,0,l,140,0,NA,80,0,-0,0,English,NA,NA,1,NA,NA,1,NA,NA,1,NA,NA,1,NA,NA,1,NA,NA,1,NA,NA
unknown_lab,sxl3,1990,male,united states,united states,TRUE,TRUE,advanced,3,21,TRUE,0,TRUE,0,33,9,-10,-1.1944280826109728,p,l,140,0,-0.25,100,40,40,4.092443014020803,English,NA,NA,1,NA,NA,1,NA,NA,1,NA,NA,1,NA,NA,1,NA,NA,1,NA,NA
unknown_lab,sxl3,1990,male,united states,united states,TRUE,TRUE,advanced,3,21,TRUE,0,TRUE,0,33,10,-5,-0.5869152057713568,n,l,145,1,0.25,80,20,-20,-2.477410529609116,English,NA,NA,1,NA,NA,1,NA,NA,1,NA,NA,1,NA,NA,1,NA,NA,1,NA,NA
unknown_lab,sxl3,1990,male,united states,united states,TRUE,TRUE,advanced,3,21,TRUE,0,TRUE,0,33,8,-15,-1.8240371213405995,0,l,135,0,NA,60,0,-0,0,English,NA,NA,1,NA,NA,1,NA,NA,1,NA,NA,1,NA,NA,1,NA,NA,1,NA,NA
unknown_lab,sxl3,1990,male,united states,united states,TRUE,TRUE,advanced,3,21,TRUE,0,TRUE,0,33,13,10,1.1173128526977774,p,h,160,1,0.25,120,40,40,4.092443014020803,English,NA,NA,1,NA,NA,1,NA,NA,1,NA,NA,1,NA,NA,1,NA,NA,1,NA,NA
unknown_lab,sxl3,1990,male,united states,united states,TRUE,TRUE,advanced,3,21,TRUE,0,TRUE,0,33,11,0,0,p,m,150,0,0,20,10,10,1.1173128526977774,English,NA,NA,1,NA,NA,1,NA,NA,1,NA,NA,1,NA,NA,1,NA,NA,1,NA,NA
unknown_lab,sxl3,1990,male,united states,united states,TRUE,TRUE,advanced,3,21,TRUE,0,TRUE,0,33,13,10,1.1173128526977774,n,h,160,0,-1,60,10,-10,-1.1944280826109728,English,NA,NA,1,NA,NA,1,NA,NA,1,NA,NA,1,NA,NA,1,NA,NA,1,NA,NA
unknown_lab,sxl3,1990,male,united states,united states,TRUE,TRUE,advanced,3,21,TRUE,0,TRUE,0,33,12,5,0.5676685773402819,p,h,155,1,0.125,140,40,40,4.092443014020803,English,NA,NA,1,NA,NA,1,NA,NA,1,NA,NA,1,NA,NA,1,NA,NA,1,NA,NA
unknown_lab,sxl3,1990,male,united states,united states,TRUE,TRUE,advanced,3,21,TRUE,0,TRUE,0,33,10,-5,-0.5869152057713568,n,l,145,1,0.5,100,10,-10,-1.1944280826109728,English,NA,NA,1,NA,NA,1,NA,NA,1,NA,NA,1,NA,NA,1,NA,NA,1,NA,NA
unknown_lab,sxl3,1990,male,united states,united states,TRUE,TRUE,advanced,3,21,TRUE,0,TRUE,0,33,13,10,1.1173128526977774,p,h,160,1,1,140,10,10,1.1173128526977774,English,NA,NA,1,NA,NA,1,NA,NA,1,NA,NA,1,NA,NA,1,NA,NA,1,NA,NA
unknown_lab,sxl3,1990,male,united states,united states,TRUE,TRUE,advanced,3,21,TRUE,0,TRUE,0,33,9,-10,-1.1944280826109728,n,l,140,1,0.25,120,40,-40,-5.369507723654657,English,NA,NA,1,NA,NA,1,NA,NA,1,NA,NA,1,NA,NA,1,NA,NA,1,NA,NA
unknown_lab,sxl3,1990,male,united states,united states,TRUE,TRUE,advanced,3,21,TRUE,0,TRUE,0,33,10,-5,-0.5869152057713568,p,l,145,0,-0.25,80,20,20,2.16686694770185,English,NA,NA,1,NA,NA,1,NA,NA,1,NA,NA,1,NA,NA,1,NA,NA,1,NA,NA
unknown_lab,sxl3,1990,male,united states,united states,TRUE,TRUE,advanced,3,21,TRUE,0,TRUE,0,33,10,-5,-0.5869152057713568,p,l,145,0,-0.125,80,40,40,4.092443014020803,English,NA,NA,1,NA,NA,1,NA,NA,1,NA,NA,1,NA,NA,1,NA,NA,1,NA,NA
unknown_lab,sxl3,1990,male,united states,united states,TRUE,TRUE,advanced,3,21,TRUE,0,TRUE,0,33,13,10,1.1173128526977774,p,h,160,1,0.25,60,40,40,4.092443014020803,English,NA,NA,1,NA,NA,1,NA,NA,1,NA,NA,1,NA,NA,1,NA,NA,1,NA,NA
unknown_lab,sxl3,1990,male,united states,united states,TRUE,TRUE,advanced,3,21,TRUE,0,TRUE,0,33,12,5,0.5676685773402819,n,h,155,0,-0.5,140,10,-10,-1.1944280826109728,English,NA,NA,1,NA,NA,1,NA,NA,1,NA,NA,1,NA,NA,1,NA,NA,1,NA,NA
unknown_lab,sxl3,1990,male,united states,united states,TRUE,TRUE,advanced,3,21,TRUE,0,TRUE,0,33,12,5,0.5676685773402819,p,h,155,1,0.16666666666666666,100,30,30,3.1564128700055254,English,NA,NA,1,NA,NA,1,NA,NA,1,NA,NA,1,NA,NA,1,NA,NA,1,NA,NA
unknown_lab,sxl3,1990,male,united states,united states,TRUE,TRUE,advanced,3,21,TRUE,0,TRUE,0,33,10,-5,-0.5869152057713568,n,l,145,1,0.5,80,10,-10,-1.1944280826109728,English,NA,NA,1,NA,NA,1,NA,NA,1,NA,NA,1,NA,NA,1,NA,NA,1,NA,NA
unknown_lab,sxl3,1990,male,united states,united states,TRUE,TRUE,advanced,3,21,TRUE,0,TRUE,0,33,10,-5,-0.5869152057713568,n,l,145,1,0.5,40,10,-10,-1.1944280826109728,English,NA,NA,1,NA,NA,1,NA,NA,1,NA,NA,1,NA,NA,1,NA,NA,1,NA,NA
unknown_lab,sxl3,1990,male,united states,united states,TRUE,TRUE,advanced,3,21,TRUE,0,TRUE,0,33,13,10,1.1173128526977774,p,h,160,1,1,100,10,10,1.1173128526977774,English,NA,NA,1,NA,NA,1,NA,NA,1,NA,NA,1,NA,NA,1,NA,NA,1,NA,NA
unknown_lab,sxl3,1990,male,united states,united states,TRUE,TRUE,advanced,3,21,TRUE,0,TRUE,0,33,9,-10,-1.1944280826109728,n,l,140,1,0.25,60,40,-40,-5.369507723654657,English,NA,NA,1,NA,NA,1,NA,NA,1,NA,NA,1,NA,NA,1,NA,NA,1,NA,NA
unknown_lab,sxl3,1990,male,united states,united states,TRUE,TRUE,advanced,3,21,TRUE,0,TRUE,0,33,13,10,1.1173128526977774,n,h,160,0,-0.5,120,20,-20,-2.477410529609116,English,NA,NA,1,NA,NA,1,NA,NA,1,NA,NA,1,NA,NA,1,NA,NA,1,NA,NA
unknown_lab,sxl3,1990,male,united states,united states,TRUE,TRUE,advanced,3,21,TRUE,0,TRUE,0,33,13,10,1.1173128526977774,n,h,160,0,-0.5,100,20,-20,-2.477410529609116,English,NA,NA,1,NA,NA,1,NA,NA,1,NA,NA,1,NA,NA,1,NA,NA,1,NA,NA
unknown_lab,sxl3,1990,male,united states,united states,TRUE,TRUE,advanced,3,21,TRUE,0,TRUE,0,33,10,-5,-0.5869152057713568,0,l,145,0,NA,20,0,-0,0,English,NA,NA,1,NA,NA,1,NA,NA,1,NA,NA,1,NA,NA,1,NA,NA,1,NA,NA
unknown_lab,sxl3,1990,male,united states,united states,TRUE,TRUE,advanced,3,21,TRUE,0,TRUE,0,33,12,5,0.5676685773402819,p,h,155,1,0.5,80,10,10,1.1173128526977774,English,NA,NA,1,NA,NA,1,NA,NA,1,NA,NA,1,NA,NA,1,NA,NA,1,NA,NA
unknown_lab,sxl3,1990,male,united states,united states,TRUE,TRUE,advanced,3,21,TRUE,0,TRUE,0,33,12,5,0.5676685773402819,n,h,155,0,-0.16666666666666666,140,30,-30,-3.8631371386483475,English,NA,NA,1,NA,NA,1,NA,NA,1,NA,NA,1,NA,NA,1,NA,NA,1,NA,NA
unknown_lab,sxl3,1990,male,united states,united states,TRUE,TRUE,advanced,3,21,TRUE,0,TRUE,0,33,9,-10,-1.1944280826109728,p,l,140,0,-0.25,140,40,40,4.092443014020803,English,NA,NA,1,NA,NA,1,NA,NA,1,NA,NA,1,NA,NA,1,NA,NA,1,NA,NA
unknown_lab,sxl3,1990,male,united states,united states,TRUE,TRUE,advanced,3,21,TRUE,0,TRUE,0,33,10,-5,-0.5869152057713568,p,l,145,0,-0.16666666666666666,140,30,30,3.1564128700055254,English,NA,NA,1,NA,NA,1,NA,NA,1,NA,NA,1,NA,NA,1,NA,NA,1,NA,NA
unknown_lab,sxl3,1990,male,united states,united states,TRUE,TRUE,advanced,3,21,TRUE,0,TRUE,0,33,13,10,1.1173128526977774,0,h,160,0,NA,140,0,-0,0,English,NA,NA,1,NA,NA,1,NA,NA,1,NA,NA,1,NA,NA,1,NA,NA,1,NA,NA
unknown_lab,sxl3,1990,male,united states,united states,TRUE,TRUE,advanced,3,21,TRUE,0,TRUE,0,33,9,-10,-1.1944280826109728,p,l,140,0,-1,20,10,10,1.1173128526977774,English,NA,NA,1,NA,NA,1,NA,NA,1,NA,NA,1,NA,NA,1,NA,NA,1,NA,NA
unknown_lab,sxl3,1990,male,united states,united states,TRUE,TRUE,advanced,3,21,TRUE,0,TRUE,0,33,11,0,0,n,m,150,0,-0,100,30,-30,-3.8631371386483475,English,NA,NA,1,NA,NA,1,NA,NA,1,NA,NA,1,NA,NA,1,NA,NA,1,NA,NA
unknown_lab,sxl3,1990,male,united states,united states,TRUE,TRUE,advanced,3,21,TRUE,0,TRUE,0,33,11,0,0,n,m,150,0,-0,120,30,-30,-3.8631371386483475,English,NA,NA,1,NA,NA,1,NA,NA,1,NA,NA,1,NA,NA,1,NA,NA,1,NA,NA
unknown_lab,sxl3,1990,male,united states,united states,TRUE,TRUE,advanced,3,21,TRUE,0,TRUE,0,33,8,-15,-1.8240371213405995,n,l,135,1,0.375,120,40,-40,-5.369507723654657,English,NA,NA,1,NA,NA,1,NA,NA,1,NA,NA,1,NA,NA,1,NA,NA,1,NA,NA
unknown_lab,sxl3,1990,male,united states,united states,TRUE,TRUE,advanced,3,21,TRUE,0,TRUE,0,33,8,-15,-1.8240371213405995,p,l,135,0,-1.5,140,10,10,1.1173128526977774,English,NA,NA,1,NA,NA,1,NA,NA,1,NA,NA,1,NA,NA,1,NA,NA,1,NA,NA
unknown_lab,sxl3,1990,male,united states,united states,TRUE,TRUE,advanced,3,21,TRUE,0,TRUE,0,33,9,-10,-1.1944280826109728,n,l,140,1,0.3333333333333333,20,30,-30,-3.8631371386483475,English,NA,NA,1,NA,NA,1,NA,NA,1,NA,NA,1,NA,NA,1,NA,NA,1,NA,NA
unknown_lab,sxl3,1990,male,united states,united states,TRUE,TRUE,advanced,3,21,TRUE,0,TRUE,0,33,11,0,0,p,m,150,0,0,60,40,40,4.092443014020803,English,NA,NA,1,NA,NA,1,NA,NA,1,NA,NA,1,NA,NA,1,NA,NA,1,NA,NA
unknown_lab,sxl3,1990,male,united states,united states,TRUE,TRUE,advanced,3,21,TRUE,0,TRUE,0,33,8,-15,-1.8240371213405995,p,l,135,0,-0.5,20,30,30,3.1564128700055254,English,NA,NA,1,NA,NA,1,NA,NA,1,NA,NA,1,NA,NA,1,NA,NA,1,NA,NA
unknown_lab,sxl3,1990,male,united states,united states,TRUE,TRUE,advanced,3,21,TRUE,0,TRUE,0,33,12,5,0.5676685773402819,0,h,155,0,NA,40,0,-0,0,English,NA,NA,1,NA,NA,1,NA,NA,1,NA,NA,1,NA,NA,1,NA,NA,1,NA,NA
unknown_lab,sxl3,1990,male,united states,united states,TRUE,TRUE,advanced,3,21,TRUE,0,TRUE,0,33,11,0,0,n,m,150,0,-0,40,10,-10,-1.1944280826109728,English,NA,NA,1,NA,NA,1,NA,NA,1,NA,NA,1,NA,NA,1,NA,NA,1,NA,NA
unknown_lab,sxl3,1990,male,united states,united states,TRUE,TRUE,advanced,3,21,TRUE,0,TRUE,0,33,9,-10,-1.1944280826109728,n,l,140,1,0.5,60,20,-20,-2.477410529609116,English,NA,NA,1,NA,NA,1,NA,NA,1,NA,NA,1,NA,NA,1,NA,NA,1,NA,NA
unknown_lab,sxl3,1990,male,united states,united states,TRUE,TRUE,advanced,3,21,TRUE,0,TRUE,0,33,10,-5,-0.5869152057713568,n,l,145,1,0.5,20,10,-10,-1.1944280826109728,English,NA,NA,1,NA,NA,1,NA,NA,1,NA,NA,1,NA,NA,1,NA,NA,1,NA,NA
unknown_lab,sxl3,1990,male,united states,united states,TRUE,TRUE,advanced,3,21,TRUE,0,TRUE,0,33,9,-10,-1.1944280826109728,p,l,140,0,-0.5,100,20,20,2.16686694770185,English,NA,NA,1,NA,NA,1,NA,NA,1,NA,NA,1,NA,NA,1,NA,NA,1,NA,NA
unknown_lab,sxl3,1990,male,united states,united states,TRUE,TRUE,advanced,3,21,TRUE,0,TRUE,0,33,9,-10,-1.1944280826109728,p,l,140,0,-0.25,20,40,40,4.092443014020803,English,NA,NA,1,NA,NA,1,NA,NA,1,NA,NA,1,NA,NA,1,NA,NA,1,NA,NA
unknown_lab,sxl3,1990,male,united states,united states,TRUE,TRUE,advanced,3,21,TRUE,0,TRUE,0,33,11,0,0,n,m,150,0,-0,80,10,-10,-1.1944280826109728,English,NA,NA,1,NA,NA,1,NA,NA,1,NA,NA,1,NA,NA,1,NA,NA,1,NA,NA
unknown_lab,sxl3,1990,male,united states,united states,TRUE,TRUE,advanced,3,21,TRUE,0,TRUE,0,33,11,0,0,p,m,150,0,0,140,20,20,2.16686694770185,English,NA,NA,1,NA,NA,1,NA,NA,1,NA,NA,1,NA,NA,1,NA,NA,1,NA,NA
unknown_lab,sxl3,1990,male,united states,united states,TRUE,TRUE,advanced,3,21,TRUE,0,TRUE,0,33,10,-5,-0.5869152057713568,p,l,145,0,-0.25,40,20,20,2.16686694770185,English,NA,NA,1,NA,NA,1,NA,NA,1,NA,NA,1,NA,NA,1,NA,NA,1,NA,NA
unknown_lab,sxl3,1990,male,united states,united states,TRUE,TRUE,advanced,3,21,TRUE,0,TRUE,0,33,10,-5,-0.5869152057713568,0,l,145,0,NA,120,0,-0,0,English,NA,NA,1,NA,NA,1,NA,NA,1,NA,NA,1,NA,NA,1,NA,NA,1,NA,NA
unknown_lab,sxl3,1990,male,united states,united states,TRUE,TRUE,advanced,3,21,TRUE,0,TRUE,0,33,14,15,1.6500422849992202,p,h,165,1,0.75,80,20,20,2.16686694770185,English,NA,NA,1,NA,NA,1,NA,NA,1,NA,NA,1,NA,NA,1,NA,NA,1,NA,NA
unknown_lab,sxl3,1990,male,united states,united states,TRUE,TRUE,advanced,3,21,TRUE,0,TRUE,0,33,8,-15,-1.8240371213405995,p,l,135,0,-0.5,80,30,30,3.1564128700055254,English,NA,NA,1,NA,NA,1,NA,NA,1,NA,NA,1,NA,NA,1,NA,NA,1,NA,NA
unknown_lab,sxl3,1990,male,united states,united states,TRUE,TRUE,advanced,3,21,TRUE,0,TRUE,0,33,7,-20,-2.477410529609116,n,l,130,1,0.5,140,40,-40,-5.369507723654657,English,NA,NA,1,NA,NA,1,NA,NA,1,NA,NA,1,NA,NA,1,NA,NA,1,NA,NA
unknown_lab,sxl3,1990,male,united states,united states,TRUE,TRUE,advanced,3,21,TRUE,0,TRUE,0,33,14,15,1.6500422849992202,0,h,165,0,NA,140,0,-0,0,English,NA,NA,1,NA,NA,1,NA,NA,1,NA,NA,1,NA,NA,1,NA,NA,1,NA,NA
unknown_lab,sxl3,1990,male,united states,united states,TRUE,TRUE,advanced,3,21,TRUE,0,TRUE,0,33,9,-10,-1.1944280826109728,p,l,140,0,-0.25,120,40,40,4.092443014020803,English,NA,NA,1,NA,NA,1,NA,NA,1,NA,NA,1,NA,NA,1,NA,NA,1,NA,NA
unknown_lab,sxl3,1990,male,united states,united states,TRUE,TRUE,advanced,3,21,TRUE,0,TRUE,0,33,13,10,1.1173128526977774,n,h,160,0,-1,60,10,-10,-1.1944280826109728,English,NA,NA,1,NA,NA,1,NA,NA,1,NA,NA,1,NA,NA,1,NA,NA,1,NA,NA
unknown_lab,sxl3,1990,male,united states,united states,TRUE,TRUE,advanced,3,21,TRUE,0,TRUE,0,33,9,-10,-1.1944280826109728,0,l,140,0,NA,100,0,-0,0,English,NA,NA,1,NA,NA,1,NA,NA,1,NA,NA,1,NA,NA,1,NA,NA,1,NA,NA
unknown_lab,sxl3,1990,male,united states,united states,TRUE,TRUE,advanced,3,21,TRUE,0,TRUE,0,33,10,-5,-0.5869152057713568,n,l,145,1,0.25,140,20,-20,-2.477410529609116,English,NA,NA,1,NA,NA,1,NA,NA,1,NA,NA,1,NA,NA,1,NA,NA,1,NA,NA
unknown_lab,sxl3,1990,male,united states,united states,TRUE,TRUE,advanced,3,21,TRUE,0,TRUE,0,33,13,10,1.1173128526977774,n,h,160,0,-0.5,40,20,-20,-2.477410529609116,English,NA,NA,1,NA,NA,1,NA,NA,1,NA,NA,1,NA,NA,1,NA,NA,1,NA,NA
unknown_lab,sxl3,1990,male,united states,united states,TRUE,TRUE,advanced,3,21,TRUE,0,TRUE,0,33,9,-10,-1.1944280826109728,n,l,140,1,0.25,80,40,-40,-5.369507723654657,English,NA,NA,1,NA,NA,1,NA,NA,1,NA,NA,1,NA,NA,1,NA,NA,1,NA,NA
unknown_lab,sxl3,1990,male,united states,united states,TRUE,TRUE,advanced,3,21,TRUE,0,TRUE,0,33,13,10,1.1173128526977774,p,h,160,1,0.5,120,20,20,2.16686694770185,English,NA,NA,1,NA,NA,1,NA,NA,1,NA,NA,1,NA,NA,1,NA,NA,1,NA,NA
unknown_lab,sxl3,1990,male,united states,united states,TRUE,TRUE,advanced,3,21,TRUE,0,TRUE,0,33,10,-5,-0.5869152057713568,p,l,145,0,-0.25,60,20,20,2.16686694770185,English,NA,NA,1,NA,NA,1,NA,NA,1,NA,NA,1,NA,NA,1,NA,NA,1,NA,NA
unknown_lab,sxl3,1990,male,united states,united states,TRUE,TRUE,advanced,3,21,TRUE,0,TRUE,0,33,13,10,1.1173128526977774,n,h,160,0,-0.5,80,20,-20,-2.477410529609116,English,NA,NA,1,NA,NA,1,NA,NA,1,NA,NA,1,NA,NA,1,NA,NA,1,NA,NA
unknown_lab,sxl3,1990,male,united states,united states,TRUE,TRUE,advanced,3,21,TRUE,0,TRUE,0,33,9,-10,-1.1944280826109728,p,l,140,0,-0.3333333333333333,40,30,30,3.1564128700055254,English,NA,NA,1,NA,NA,1,NA,NA,1,NA,NA,1,NA,NA,1,NA,NA,1,NA,NA
unknown_lab,sxl3,1990,male,united states,united states,TRUE,TRUE,advanced,3,21,TRUE,0,TRUE,0,33,13,10,1.1173128526977774,p,h,160,1,0.3333333333333333,120,30,30,3.1564128700055254,English,NA,NA,1,NA,NA,1,NA,NA,1,NA,NA,1,NA,NA,1,NA,NA,1,NA,NA
unknown_lab,sxl3,1990,male,united states,united states,TRUE,TRUE,advanced,3,21,TRUE,0,TRUE,0,33,8,-15,-1.8240371213405995,p,l,135,0,-0.375,100,40,40,4.092443014020803,English,NA,NA,1,NA,NA,1,NA,NA,1,NA,NA,1,NA,NA,1,NA,NA,1,NA,NA
unknown_lab,sxl3,1990,male,united states,united states,TRUE,TRUE,advanced,3,21,TRUE,0,TRUE,0,33,13,10,1.1173128526977774,p,h,160,1,0.25,40,40,40,4.092443014020803,English,NA,NA,1,NA,NA,1,NA,NA,1,NA,NA,1,NA,NA,1,NA,NA,1,NA,NA
unknown_lab,sxl3,1990,male,united states,united states,TRUE,TRUE,advanced,3,21,TRUE,0,TRUE,0,33,8,-15,-1.8240371213405995,p,l,135,0,-0.375,80,40,40,4.092443014020803,English,NA,NA,1,NA,NA,1,NA,NA,1,NA,NA,1,NA,NA,1,NA,NA,1,NA,NA
unknown_lab,sxl3,1990,male,united states,united states,TRUE,TRUE,advanced,3,21,TRUE,0,TRUE,0,33,12,5,0.5676685773402819,n,h,155,0,-0.125,20,40,-40,-5.369507723654657,English,NA,NA,1,NA,NA,1,NA,NA,1,NA,NA,1,NA,NA,1,NA,NA,1,NA,NA
unknown_lab,sxl3,1990,male,united states,united states,TRUE,TRUE,advanced,3,21,TRUE,0,TRUE,0,33,10,-5,-0.5869152057713568,n,l,145,1,0.16666666666666666,40,30,-30,-3.8631371386483475,English,NA,NA,1,NA,NA,1,NA,NA,1,NA,NA,1,NA,NA,1,NA,NA,1,NA,NA
unknown_lab,sxl3,1990,male,united states,united states,TRUE,TRUE,advanced,3,21,TRUE,0,TRUE,0,33,14,15,1.6500422849992202,p,h,165,1,1.5,120,10,10,1.1173128526977774,English,NA,NA,1,NA,NA,1,NA,NA,1,NA,NA,1,NA,NA,1,NA,NA,1,NA,NA
unknown_lab,sxl3,1990,male,united states,united states,TRUE,TRUE,advanced,3,21,TRUE,0,TRUE,0,33,8,-15,-1.8240371213405995,n,l,135,1,1.5,140,10,-10,-1.1944280826109728,English,NA,NA,1,NA,NA,1,NA,NA,1,NA,NA,1,NA,NA,1,NA,NA,1,NA,NA
unknown_lab,sxl3,1990,male,united states,united states,TRUE,TRUE,advanced,3,21,TRUE,0,TRUE,0,33,13,10,1.1173128526977774,0,h,160,0,NA,40,0,-0,0,English,NA,NA,1,NA,NA,1,NA,NA,1,NA,NA,1,NA,NA,1,NA,NA,1,NA,NA
unknown_lab,sxl3,1990,male,united states,united states,TRUE,TRUE,advanced,3,21,TRUE,0,TRUE,0,33,8,-15,-1.8240371213405995,n,l,135,1,1.5,120,10,-10,-1.1944280826109728,English,NA,NA,1,NA,NA,1,NA,NA,1,NA,NA,1,NA,NA,1,NA,NA,1,NA,NA
unknown_lab,sxl3,1990,male,united states,united states,TRUE,TRUE,advanced,3,21,TRUE,0,TRUE,0,33,14,15,1.6500422849992202,n,h,165,0,-0.5,60,30,-30,-3.8631371386483475,English,NA,NA,1,NA,NA,1,NA,NA,1,NA,NA,1,NA,NA,1,NA,NA,1,NA,NA
unknown_lab,sxl3,1990,male,united states,united states,TRUE,TRUE,advanced,3,21,TRUE,0,TRUE,0,33,8,-15,-1.8240371213405995,n,l,135,1,0.75,20,20,-20,-2.477410529609116,English,NA,NA,1,NA,NA,1,NA,NA,1,NA,NA,1,NA,NA,1,NA,NA,1,NA,NA
unknown_lab,sxl3,1990,male,united states,united states,TRUE,TRUE,advanced,3,21,TRUE,0,TRUE,0,33,7,-20,-2.477410529609116,n,l,130,1,0.5,100,40,-40,-5.369507723654657,English,NA,NA,1,NA,NA,1,NA,NA,1,NA,NA,1,NA,NA,1,NA,NA,1,NA,NA
unknown_lab,sxl3,1990,male,united states,united states,TRUE,TRUE,advanced,3,21,TRUE,0,TRUE,0,33,15,20,2.16686694770185,p,h,170,1,1,20,20,20,2.16686694770185,English,NA,NA,1,NA,NA,1,NA,NA,1,NA,NA,1,NA,NA,1,NA,NA,1,NA,NA
unknown_lab,sxl3,1990,male,united states,united states,TRUE,TRUE,advanced,3,21,TRUE,0,TRUE,0,33,13,10,1.1173128526977774,p,h,160,1,0.3333333333333333,60,30,30,3.1564128700055254,English,NA,NA,1,NA,NA,1,NA,NA,1,NA,NA,1,NA,NA,1,NA,NA,1,NA,NA
unknown_lab,sxl3,1990,male,united states,united states,TRUE,TRUE,advanced,3,21,TRUE,0,TRUE,0,33,12,5,0.5676685773402819,p,h,155,1,0.5,40,10,10,1.1173128526977774,English,NA,NA,1,NA,NA,1,NA,NA,1,NA,NA,1,NA,NA,1,NA,NA,1,NA,NA
unknown_lab,sxl3,1990,male,united states,united states,TRUE,TRUE,advanced,3,21,TRUE,0,TRUE,0,33,13,10,1.1173128526977774,n,h,160,0,-0.25,40,40,-40,-5.369507723654657,English,NA,NA,1,NA,NA,1,NA,NA,1,NA,NA,1,NA,NA,1,NA,NA,1,NA,NA
unknown_lab,sxl3,1990,male,united states,united states,TRUE,TRUE,advanced,3,21,TRUE,0,TRUE,0,33,10,-5,-0.5869152057713568,p,l,145,0,-0.16666666666666666,100,30,30,3.1564128700055254,English,NA,NA,1,NA,NA,1,NA,NA,1,NA,NA,1,NA,NA,1,NA,NA,1,NA,NA
unknown_lab,sxl3,1990,male,united states,united states,TRUE,TRUE,advanced,3,21,TRUE,0,TRUE,0,33,9,-10,-1.1944280826109728,n,l,140,1,1,100,10,-10,-1.1944280826109728,English,NA,NA,1,NA,NA,1,NA,NA,1,NA,NA,1,NA,NA,1,NA,NA,1,NA,NA
unknown_lab,sxl3,1990,male,united states,united states,TRUE,TRUE,advanced,3,21,TRUE,0,TRUE,0,33,8,-15,-1.8240371213405995,n,l,135,1,0.5,80,30,-30,-3.8631371386483475,English,NA,NA,1,NA,NA,1,NA,NA,1,NA,NA,1,NA,NA,1,NA,NA,1,NA,NA
unknown_lab,mgj8,2007,female,United States,United States,TRUE,TRUE,intermediate,0,7,TRUE,0,FALSE,NA,27,13,10,1.1173128526977774,p,h,160,1,0.5,80,20,20,2.16686694770185,English,Spanish,NA,1,1,NA,0,0,NA,1,1,NA,1,2,NA,1,2,NA,1,2,NA
unknown_lab,mgj8,2007,female,United States,United States,TRUE,TRUE,intermediate,0,7,TRUE,0,FALSE,NA,27,11,0,0,p,m,150,0,0,20,30,30,3.1564128700055254,English,Spanish,NA,1,1,NA,0,0,NA,1,1,NA,1,2,NA,1,2,NA,1,2,NA
unknown_lab,mgj8,2007,female,United States,United States,TRUE,TRUE,intermediate,0,7,TRUE,0,FALSE,NA,27,12,5,0.5676685773402819,p,h,155,1,0.16666666666666666,120,30,30,3.1564128700055254,English,Spanish,NA,1,1,NA,0,0,NA,1,1,NA,1,2,NA,1,2,NA,1,2,NA
unknown_lab,mgj8,2007,female,United States,United States,TRUE,TRUE,intermediate,0,7,TRUE,0,FALSE,NA,27,11,0,0,0,m,150,1,NA,100,0,-0,0,English,Spanish,NA,1,1,NA,0,0,NA,1,1,NA,1,2,NA,1,2,NA,1,2,NA
unknown_lab,mgj8,2007,female,United States,United States,TRUE,TRUE,intermediate,0,7,TRUE,0,FALSE,NA,27,11,0,0,p,m,150,0,0,20,40,40,4.092443014020803,English,Spanish,NA,1,1,NA,0,0,NA,1,1,NA,1,2,NA,1,2,NA,1,2,NA
unknown_lab,mgj8,2007,female,United States,United States,TRUE,TRUE,intermediate,0,7,TRUE,0,FALSE,NA,27,11,0,0,0,m,150,1,NA,20,0,-0,0,English,Spanish,NA,1,1,NA,0,0,NA,1,1,NA,1,2,NA,1,2,NA,1,2,NA
unknown_lab,mgj8,2007,female,United States,United States,TRUE,TRUE,intermediate,0,7,TRUE,0,FALSE,NA,27,11,0,0,n,m,150,0,-0,80,30,-30,-3.8631371386483475,English,Spanish,NA,1,1,NA,0,0,NA,1,1,NA,1,2,NA,1,2,NA,1,2,NA
unknown_lab,mgj8,2007,female,United States,United States,TRUE,TRUE,intermediate,0,7,TRUE,0,FALSE,NA,27,12,5,0.5676685773402819,n,h,155,0,-0.5,40,10,-10,-1.1944280826109728,English,Spanish,NA,1,1,NA,0,0,NA,1,1,NA,1,2,NA,1,2,NA,1,2,NA
unknown_lab,mgj8,2007,female,United States,United States,TRUE,TRUE,intermediate,0,7,TRUE,0,FALSE,NA,27,11,0,0,p,m,150,0,0,60,30,30,3.1564128700055254,English,Spanish,NA,1,1,NA,0,0,NA,1,1,NA,1,2,NA,1,2,NA,1,2,NA
unknown_lab,mgj8,2007,female,United States,United States,TRUE,TRUE,intermediate,0,7,TRUE,0,FALSE,NA,27,10,-5,-0.5869152057713568,n,l,145,1,0.25,100,20,-20,-2.477410529609116,English,Spanish,NA,1,1,NA,0,0,NA,1,1,NA,1,2,NA,1,2,NA,1,2,NA
unknown_lab,mgj8,2007,female,United States,United States,TRUE,TRUE,intermediate,0,7,TRUE,0,FALSE,NA,27,10,-5,-0.5869152057713568,p,l,145,0,-0.5,140,10,10,1.1173128526977774,English,Spanish,NA,1,1,NA,0,0,NA,1,1,NA,1,2,NA,1,2,NA,1,2,NA
unknown_lab,mgj8,2007,female,United States,United States,TRUE,TRUE,intermediate,0,7,TRUE,0,FALSE,NA,27,11,0,0,p,m,150,0,0,80,40,40,4.092443014020803,English,Spanish,NA,1,1,NA,0,0,NA,1,1,NA,1,2,NA,1,2,NA,1,2,NA
unknown_lab,mgj8,2007,female,United States,United States,TRUE,TRUE,intermediate,0,7,TRUE,0,FALSE,NA,27,10,-5,-0.5869152057713568,n,l,145,1,0.5,140,10,-10,-1.1944280826109728,English,Spanish,NA,1,1,NA,0,0,NA,1,1,NA,1,2,NA,1,2,NA,1,2,NA
unknown_lab,mgj8,2007,female,United States,United States,TRUE,TRUE,intermediate,0,7,TRUE,0,FALSE,NA,27,11,0,0,0,m,150,1,NA,40,0,-0,0,English,Spanish,NA,1,1,NA,0,0,NA,1,1,NA,1,2,NA,1,2,NA,1,2,NA
unknown_lab,mgj8,2007,female,United States,United States,TRUE,TRUE,intermediate,0,7,TRUE,0,FALSE,NA,27,10,-5,-0.5869152057713568,n,l,145,1,0.25,120,20,-20,-2.477410529609116,English,Spanish,NA,1,1,NA,0,0,NA,1,1,NA,1,2,NA,1,2,NA,1,2,NA
unknown_lab,mgj8,2007,female,United States,United States,TRUE,TRUE,intermediate,0,7,TRUE,0,FALSE,NA,27,11,0,0,n,m,150,0,-0,20,20,-20,-2.477410529609116,English,Spanish,NA,1,1,NA,0,0,NA,1,1,NA,1,2,NA,1,2,NA,1,2,NA
unknown_lab,mgj8,2007,female,United States,United States,TRUE,TRUE,intermediate,0,7,TRUE,0,FALSE,NA,27,11,0,0,n,m,150,0,-0,140,20,-20,-2.477410529609116,English,Spanish,NA,1,1,NA,0,0,NA,1,1,NA,1,2,NA,1,2,NA,1,2,NA
unknown_lab,mgj8,2007,female,United States,United States,TRUE,TRUE,intermediate,0,7,TRUE,0,FALSE,NA,27,12,5,0.5676685773402819,p,h,155,1,0.16666666666666666,80,30,30,3.1564128700055254,English,Spanish,NA,1,1,NA,0,0,NA,1,1,NA,1,2,NA,1,2,NA,1,2,NA
unknown_lab,mgj8,2007,female,United States,United States,TRUE,TRUE,intermediate,0,7,TRUE,0,FALSE,NA,27,11,0,0,n,m,150,0,-0,20,40,-40,-5.369507723654657,English,Spanish,NA,1,1,NA,0,0,NA,1,1,NA,1,2,NA,1,2,NA,1,2,NA
unknown_lab,mgj8,2007,female,United States,United States,TRUE,TRUE,intermediate,0,7,TRUE,0,FALSE,NA,27,11,0,0,n,m,150,0,-0,120,30,-30,-3.8631371386483475,English,Spanish,NA,1,1,NA,0,0,NA,1,1,NA,1,2,NA,1,2,NA,1,2,NA
unknown_lab,mgj8,2007,female,United States,United States,TRUE,TRUE,intermediate,0,7,TRUE,0,FALSE,NA,27,12,5,0.5676685773402819,p,h,155,1,0.16666666666666666,40,30,30,3.1564128700055254,English,Spanish,NA,1,1,NA,0,0,NA,1,1,NA,1,2,NA,1,2,NA,1,2,NA
unknown_lab,mgj8,2007,female,United States,United States,TRUE,TRUE,intermediate,0,7,TRUE,0,FALSE,NA,27,12,5,0.5676685773402819,p,h,155,1,0.25,20,20,20,2.16686694770185,English,Spanish,NA,1,1,NA,0,0,NA,1,1,NA,1,2,NA,1,2,NA,1,2,NA
unknown_lab,mgj8,2007,female,United States,United States,TRUE,TRUE,intermediate,0,7,TRUE,0,FALSE,NA,27,11,0,0,0,m,150,1,NA,100,0,-0,0,English,Spanish,NA,1,1,NA,0,0,NA,1,1,NA,1,2,NA,1,2,NA,1,2,NA
unknown_lab,mgj8,2007,female,United States,United States,TRUE,TRUE,intermediate,0,7,TRUE,0,FALSE,NA,27,12,5,0.5676685773402819,p,h,155,1,0.25,100,20,20,2.16686694770185,English,Spanish,NA,1,1,NA,0,0,NA,1,1,NA,1,2,NA,1,2,NA,1,2,NA
unknown_lab,mgj8,2007,female,United States,United States,TRUE,TRUE,intermediate,0,7,TRUE,0,FALSE,NA,27,12,5,0.5676685773402819,p,h,155,1,0.25,140,20,20,2.16686694770185,English,Spanish,NA,1,1,NA,0,0,NA,1,1,NA,1,2,NA,1,2,NA,1,2,NA
unknown_lab,mgj8,2007,female,United States,United States,TRUE,TRUE,intermediate,0,7,TRUE,0,FALSE,NA,27,12,5,0.5676685773402819,p,h,155,1,0.5,60,10,10,1.1173128526977774,English,Spanish,NA,1,1,NA,0,0,NA,1,1,NA,1,2,NA,1,2,NA,1,2,NA
unknown_lab,mgj8,2007,female,United States,United States,TRUE,TRUE,intermediate,0,7,TRUE,0,FALSE,NA,27,11,0,0,p,m,150,0,0,60,40,40,4.092443014020803,English,Spanish,NA,1,1,NA,0,0,NA,1,1,NA,1,2,NA,1,2,NA,1,2,NA
unknown_lab,mgj8,2007,female,United States,United States,TRUE,TRUE,intermediate,0,7,TRUE,0,FALSE,NA,27,11,0,0,0,m,150,1,NA,120,0,-0,0,English,Spanish,NA,1,1,NA,0,0,NA,1,1,NA,1,2,NA,1,2,NA,1,2,NA
unknown_lab,mgj8,2007,female,United States,United States,TRUE,TRUE,intermediate,0,7,TRUE,0,FALSE,NA,27,11,0,0,0,m,150,1,NA,40,0,-0,0,English,Spanish,NA,1,1,NA,0,0,NA,1,1,NA,1,2,NA,1,2,NA,1,2,NA
unknown_lab,mgj8,2007,female,United States,United States,TRUE,TRUE,intermediate,0,7,TRUE,0,FALSE,NA,27,10,-5,-0.5869152057713568,p,l,145,0,-0.5,80,10,10,1.1173128526977774,English,Spanish,NA,1,1,NA,0,0,NA,1,1,NA,1,2,NA,1,2,NA,1,2,NA
unknown_lab,mgj8,2007,female,United States,United States,TRUE,TRUE,intermediate,0,7,TRUE,0,FALSE,NA,27,11,0,0,p,m,150,0,0,60,20,20,2.16686694770185,English,Spanish,NA,1,1,NA,0,0,NA,1,1,NA,1,2,NA,1,2,NA,1,2,NA
unknown_lab,mgj8,2007,female,United States,United States,TRUE,TRUE,intermediate,0,7,TRUE,0,FALSE,NA,27,11,0,0,p,m,150,0,0,40,40,40,4.092443014020803,English,Spanish,NA,1,1,NA,0,0,NA,1,1,NA,1,2,NA,1,2,NA,1,2,NA
unknown_lab,mgj8,2007,female,United States,United States,TRUE,TRUE,intermediate,0,7,TRUE,0,FALSE,NA,27,11,0,0,p,m,150,0,0,40,10,10,1.1173128526977774,English,Spanish,NA,1,1,NA,0,0,NA,1,1,NA,1,2,NA,1,2,NA,1,2,NA
unknown_lab,mgj8,2007,female,United States,United States,TRUE,TRUE,intermediate,0,7,TRUE,0,FALSE,NA,27,11,0,0,n,m,150,0,-0,40,40,-40,-5.369507723654657,English,Spanish,NA,1,1,NA,0,0,NA,1,1,NA,1,2,NA,1,2,NA,1,2,NA
unknown_lab,mgj8,2007,female,United States,United States,TRUE,TRUE,intermediate,0,7,TRUE,0,FALSE,NA,27,11,0,0,p,m,150,0,0,120,10,10,1.1173128526977774,English,Spanish,NA,1,1,NA,0,0,NA,1,1,NA,1,2,NA,1,2,NA,1,2,NA
unknown_lab,mgj8,2007,female,United States,United States,TRUE,TRUE,intermediate,0,7,TRUE,0,FALSE,NA,27,11,0,0,p,m,150,0,0,120,20,20,2.16686694770185,English,Spanish,NA,1,1,NA,0,0,NA,1,1,NA,1,2,NA,1,2,NA,1,2,NA
unknown_lab,mgj8,2007,female,United States,United States,TRUE,TRUE,intermediate,0,7,TRUE,0,FALSE,NA,27,11,0,0,n,m,150,0,-0,100,10,-10,-1.1944280826109728,English,Spanish,NA,1,1,NA,0,0,NA,1,1,NA,1,2,NA,1,2,NA,1,2,NA
unknown_lab,mgj8,2007,female,United States,United States,TRUE,TRUE,intermediate,0,7,TRUE,0,FALSE,NA,27,13,10,1.1173128526977774,p,h,160,1,0.3333333333333333,140,30,30,3.1564128700055254,English,Spanish,NA,1,1,NA,0,0,NA,1,1,NA,1,2,NA,1,2,NA,1,2,NA
unknown_lab,mgj8,2007,female,United States,United States,TRUE,TRUE,intermediate,0,7,TRUE,0,FALSE,NA,27,11,0,0,p,m,150,0,0,40,20,20,2.16686694770185,English,Spanish,NA,1,1,NA,0,0,NA,1,1,NA,1,2,NA,1,2,NA,1,2,NA
unknown_lab,mgj8,2007,female,United States,United States,TRUE,TRUE,intermediate,0,7,TRUE,0,FALSE,NA,27,11,0,0,0,m,150,1,NA,60,0,-0,0,English,Spanish,NA,1,1,NA,0,0,NA,1,1,NA,1,2,NA,1,2,NA,1,2,NA
unknown_lab,mgj8,2007,female,United States,United States,TRUE,TRUE,intermediate,0,7,TRUE,0,FALSE,NA,27,10,-5,-0.5869152057713568,n,l,145,1,0.125,140,40,-40,-5.369507723654657,English,Spanish,NA,1,1,NA,0,0,NA,1,1,NA,1,2,NA,1,2,NA,1,2,NA
unknown_lab,mgj8,2007,female,United States,United States,TRUE,TRUE,intermediate,0,7,TRUE,0,FALSE,NA,27,12,5,0.5676685773402819,p,h,155,1,0.125,100,40,40,4.092443014020803,English,Spanish,NA,1,1,NA,0,0,NA,1,1,NA,1,2,NA,1,2,NA,1,2,NA
unknown_lab,mgj8,2007,female,United States,United States,TRUE,TRUE,intermediate,0,7,TRUE,0,FALSE,NA,27,11,0,0,p,m,150,0,0,20,10,10,1.1173128526977774,English,Spanish,NA,1,1,NA,0,0,NA,1,1,NA,1,2,NA,1,2,NA,1,2,NA
unknown_lab,mgj8,2007,female,United States,United States,TRUE,TRUE,intermediate,0,7,TRUE,0,FALSE,NA,27,12,5,0.5676685773402819,p,h,155,1,0.125,120,40,40,4.092443014020803,English,Spanish,NA,1,1,NA,0,0,NA,1,1,NA,1,2,NA,1,2,NA,1,2,NA
unknown_lab,mgj8,2007,female,United States,United States,TRUE,TRUE,intermediate,0,7,TRUE,0,FALSE,NA,27,11,0,0,n,m,150,0,-0,20,30,-30,-3.8631371386483475,English,Spanish,NA,1,1,NA,0,0,NA,1,1,NA,1,2,NA,1,2,NA,1,2,NA
unknown_lab,mgj8,2007,female,United States,United States,TRUE,TRUE,intermediate,0,7,TRUE,0,FALSE,NA,27,11,0,0,n,m,150,0,-0,60,40,-40,-5.369507723654657,English,Spanish,NA,1,1,NA,0,0,NA,1,1,NA,1,2,NA,1,2,NA,1,2,NA
unknown_lab,mgj8,2007,female,United States,United States,TRUE,TRUE,intermediate,0,7,TRUE,0,FALSE,NA,27,11,0,0,p,m,150,0,0,100,10,10,1.1173128526977774,English,Spanish,NA,1,1,NA,0,0,NA,1,1,NA,1,2,NA,1,2,NA,1,2,NA
unknown_lab,mgj8,2007,female,United States,United States,TRUE,TRUE,intermediate,0,7,TRUE,0,FALSE,NA,27,11,0,0,n,m,150,0,-0,60,30,-30,-3.8631371386483475,English,Spanish,NA,1,1,NA,0,0,NA,1,1,NA,1,2,NA,1,2,NA,1,2,NA
unknown_lab,mgj8,2007,female,United States,United States,TRUE,TRUE,intermediate,0,7,TRUE,0,FALSE,NA,27,12,5,0.5676685773402819,n,h,155,0,-0.125,80,40,-40,-5.369507723654657,English,Spanish,NA,1,1,NA,0,0,NA,1,1,NA,1,2,NA,1,2,NA,1,2,NA
unknown_lab,mgj8,2007,female,United States,United States,TRUE,TRUE,intermediate,0,7,TRUE,0,FALSE,NA,27,11,0,0,n,m,150,0,-0,80,10,-10,-1.1944280826109728,English,Spanish,NA,1,1,NA,0,0,NA,1,1,NA,1,2,NA,1,2,NA,1,2,NA
unknown_lab,mgj8,2007,female,United States,United States,TRUE,TRUE,intermediate,0,7,TRUE,0,FALSE,NA,27,11,0,0,n,m,150,0,-0,20,10,-10,-1.1944280826109728,English,Spanish,NA,1,1,NA,0,0,NA,1,1,NA,1,2,NA,1,2,NA,1,2,NA
unknown_lab,mgj8,2007,female,United States,United States,TRUE,TRUE,intermediate,0,7,TRUE,0,FALSE,NA,27,11,0,0,n,m,150,0,-0,80,20,-20,-2.477410529609116,English,Spanish,NA,1,1,NA,0,0,NA,1,1,NA,1,2,NA,1,2,NA,1,2,NA
unknown_lab,mgj8,2007,female,United States,United States,TRUE,TRUE,intermediate,0,7,TRUE,0,FALSE,NA,27,12,5,0.5676685773402819,p,h,155,1,0.125,140,40,40,4.092443014020803,English,Spanish,NA,1,1,NA,0,0,NA,1,1,NA,1,2,NA,1,2,NA,1,2,NA
unknown_lab,mgj8,2007,female,United States,United States,TRUE,TRUE,intermediate,0,7,TRUE,0,FALSE,NA,27,11,0,0,n,m,150,0,-0,120,10,-10,-1.1944280826109728,English,Spanish,NA,1,1,NA,0,0,NA,1,1,NA,1,2,NA,1,2,NA,1,2,NA
unknown_lab,mgj8,2007,female,United States,United States,TRUE,TRUE,intermediate,0,7,TRUE,0,FALSE,NA,27,11,0,0,n,m,150,0,-0,60,10,-10,-1.1944280826109728,English,Spanish,NA,1,1,NA,0,0,NA,1,1,NA,1,2,NA,1,2,NA,1,2,NA
unknown_lab,mgj8,2007,female,United States,United States,TRUE,TRUE,intermediate,0,7,TRUE,0,FALSE,NA,27,11,0,0,p,m,150,0,0,40,20,20,2.16686694770185,English,Spanish,NA,1,1,NA,0,0,NA,1,1,NA,1,2,NA,1,2,NA,1,2,NA
unknown_lab,mgj8,2007,female,United States,United States,TRUE,TRUE,intermediate,0,7,TRUE,0,FALSE,NA,27,10,-5,-0.5869152057713568,n,l,145,1,0.125,80,40,-40,-5.369507723654657,English,Spanish,NA,1,1,NA,0,0,NA,1,1,NA,1,2,NA,1,2,NA,1,2,NA
unknown_lab,mgj8,2007,female,United States,United States,TRUE,TRUE,intermediate,0,7,TRUE,0,FALSE,NA,27,12,5,0.5676685773402819,p,h,155,1,0.125,40,40,40,4.092443014020803,English,Spanish,NA,1,1,NA,0,0,NA,1,1,NA,1,2,NA,1,2,NA,1,2,NA
unknown_lab,mgj8,2007,female,United States,United States,TRUE,TRUE,intermediate,0,7,TRUE,0,FALSE,NA,27,11,0,0,n,m,150,0,-0,20,40,-40,-5.369507723654657,English,Spanish,NA,1,1,NA,0,0,NA,1,1,NA,1,2,NA,1,2,NA,1,2,NA
unknown_lab,mgj8,2007,female,United States,United States,TRUE,TRUE,intermediate,0,7,TRUE,0,FALSE,NA,27,12,5,0.5676685773402819,n,h,155,0,-0.5,100,10,-10,-1.1944280826109728,English,Spanish,NA,1,1,NA,0,0,NA,1,1,NA,1,2,NA,1,2,NA,1,2,NA
unknown_lab,mgj8,2007,female,United States,United States,TRUE,TRUE,intermediate,0,7,TRUE,0,FALSE,NA,27,10,-5,-0.5869152057713568,p,l,145,0,-0.5,80,10,10,1.1173128526977774,English,Spanish,NA,1,1,NA,0,0,NA,1,1,NA,1,2,NA,1,2,NA,1,2,NA
unknown_lab,mgj8,2007,female,United States,United States,TRUE,TRUE,intermediate,0,7,TRUE,0,FALSE,NA,27,11,0,0,0,m,150,1,NA,80,0,-0,0,English,Spanish,NA,1,1,NA,0,0,NA,1,1,NA,1,2,NA,1,2,NA,1,2,NA
unknown_lab,mgj8,2007,female,United States,United States,TRUE,TRUE,intermediate,0,7,TRUE,0,FALSE,NA,27,10,-5,-0.5869152057713568,n,l,145,1,0.16666666666666666,120,30,-30,-3.8631371386483475,English,Spanish,NA,1,1,NA,0,0,NA,1,1,NA,1,2,NA,1,2,NA,1,2,NA
unknown_lab,mgj8,2007,female,United States,United States,TRUE,TRUE,intermediate,0,7,TRUE,0,FALSE,NA,27,10,-5,-0.5869152057713568,n,l,145,1,0.16666666666666666,40,30,-30,-3.8631371386483475,English,Spanish,NA,1,1,NA,0,0,NA,1,1,NA,1,2,NA,1,2,NA,1,2,NA
unknown_lab,mgj8,2007,female,United States,United States,TRUE,TRUE,intermediate,0,7,TRUE,0,FALSE,NA,27,11,0,0,0,m,150,1,NA,60,0,-0,0,English,Spanish,NA,1,1,NA,0,0,NA,1,1,NA,1,2,NA,1,2,NA,1,2,NA
unknown_lab,mgj8,2007,female,United States,United States,TRUE,TRUE,intermediate,0,7,TRUE,0,FALSE,NA,27,11,0,0,n,m,150,0,-0,100,20,-20,-2.477410529609116,English,Spanish,NA,1,1,NA,0,0,NA,1,1,NA,1,2,NA,1,2,NA,1,2,NA
unknown_lab,mgj8,2007,female,United States,United States,TRUE,TRUE,intermediate,0,7,TRUE,0,FALSE,NA,27,10,-5,-0.5869152057713568,p,l,145,0,-0.25,120,20,20,2.16686694770185,English,Spanish,NA,1,1,NA,0,0,NA,1,1,NA,1,2,NA,1,2,NA,1,2,NA
unknown_lab,mgj8,2007,female,United States,United States,TRUE,TRUE,intermediate,0,7,TRUE,0,FALSE,NA,27,11,0,0,0,m,150,1,NA,140,0,-0,0,English,Spanish,NA,1,1,NA,0,0,NA,1,1,NA,1,2,NA,1,2,NA,1,2,NA
unknown_lab,mgj8,2007,female,United States,United States,TRUE,TRUE,intermediate,0,7,TRUE,0,FALSE,NA,27,10,-5,-0.5869152057713568,n,l,145,1,0.16666666666666666,60,30,-30,-3.8631371386483475,English,Spanish,NA,1,1,NA,0,0,NA,1,1,NA,1,2,NA,1,2,NA,1,2,NA
unknown_lab,mgj8,2007,female,United States,United States,TRUE,TRUE,intermediate,0,7,TRUE,0,FALSE,NA,27,12,5,0.5676685773402819,p,h,155,1,0.16666666666666666,60,30,30,3.1564128700055254,English,Spanish,NA,1,1,NA,0,0,NA,1,1,NA,1,2,NA,1,2,NA,1,2,NA
unknown_lab,mgj8,2007,female,United States,United States,TRUE,TRUE,intermediate,0,7,TRUE,0,FALSE,NA,27,12,5,0.5676685773402819,p,h,155,1,0.125,120,40,40,4.092443014020803,English,Spanish,NA,1,1,NA,0,0,NA,1,1,NA,1,2,NA,1,2,NA,1,2,NA
unknown_lab,mgj8,2007,female,United States,United States,TRUE,TRUE,intermediate,0,7,TRUE,0,FALSE,NA,27,10,-5,-0.5869152057713568,n,l,145,1,0.125,100,40,-40,-5.369507723654657,English,Spanish,NA,1,1,NA,0,0,NA,1,1,NA,1,2,NA,1,2,NA,1,2,NA
unknown_lab,mgj8,2007,female,United States,United States,TRUE,TRUE,intermediate,0,7,TRUE,0,FALSE,NA,27,12,5,0.5676685773402819,n,h,155,0,-0.5,40,10,-10,-1.1944280826109728,English,Spanish,NA,1,1,NA,0,0,NA,1,1,NA,1,2,NA,1,2,NA,1,2,NA
unknown_lab,mgj8,2007,female,United States,United States,TRUE,TRUE,intermediate,0,7,TRUE,0,FALSE,NA,27,10,-5,-0.5869152057713568,n,l,145,1,0.16666666666666666,100,30,-30,-3.8631371386483475,English,Spanish,NA,1,1,NA,0,0,NA,1,1,NA,1,2,NA,1,2,NA,1,2,NA
unknown_lab,mgj8,2007,female,United States,United States,TRUE,TRUE,intermediate,0,7,TRUE,0,FALSE,NA,27,10,-5,-0.5869152057713568,n,l,145,1,0.25,120,20,-20,-2.477410529609116,English,Spanish,NA,1,1,NA,0,0,NA,1,1,NA,1,2,NA,1,2,NA,1,2,NA
unknown_lab,mgj8,2007,female,United States,United States,TRUE,TRUE,intermediate,0,7,TRUE,0,FALSE,NA,27,12,5,0.5676685773402819,p,h,155,1,0.125,100,40,40,4.092443014020803,English,Spanish,NA,1,1,NA,0,0,NA,1,1,NA,1,2,NA,1,2,NA,1,2,NA
unknown_lab,mgj8,2007,female,United States,United States,TRUE,TRUE,intermediate,0,7,TRUE,0,FALSE,NA,27,10,-5,-0.5869152057713568,n,l,145,1,0.25,60,20,-20,-2.477410529609116,English,Spanish,NA,1,1,NA,0,0,NA,1,1,NA,1,2,NA,1,2,NA,1,2,NA
unknown_lab,mgj8,2007,female,United States,United States,TRUE,TRUE,intermediate,0,7,TRUE,0,FALSE,NA,27,11,0,0,0,m,150,1,NA,140,0,-0,0,English,Spanish,NA,1,1,NA,0,0,NA,1,1,NA,1,2,NA,1,2,NA,1,2,NA
unknown_lab,mgj8,2007,female,United States,United States,TRUE,TRUE,intermediate,0,7,TRUE,0,FALSE,NA,27,12,5,0.5676685773402819,p,h,155,1,0.5,100,10,10,1.1173128526977774,English,Spanish,NA,1,1,NA,0,0,NA,1,1,NA,1,2,NA,1,2,NA,1,2,NA
unknown_lab,mgj8,2007,female,United States,United States,TRUE,TRUE,intermediate,0,7,TRUE,0,FALSE,NA,27,10,-5,-0.5869152057713568,0,l,145,0,NA,120,0,-0,0,English,Spanish,NA,1,1,NA,0,0,NA,1,1,NA,1,2,NA,1,2,NA,1,2,NA
unknown_lab,mgj8,2007,female,United States,United States,TRUE,TRUE,intermediate,0,7,TRUE,0,FALSE,NA,27,12,5,0.5676685773402819,p,h,155,1,0.125,80,40,40,4.092443014020803,English,Spanish,NA,1,1,NA,0,0,NA,1,1,NA,1,2,NA,1,2,NA,1,2,NA
unknown_lab,mgj8,2007,female,United States,United States,TRUE,TRUE,intermediate,0,7,TRUE,0,FALSE,NA,27,11,0,0,p,m,150,0,0,20,40,40,4.092443014020803,English,Spanish,NA,1,1,NA,0,0,NA,1,1,NA,1,2,NA,1,2,NA,1,2,NA
unknown_lab,mgj8,2007,female,United States,United States,TRUE,TRUE,intermediate,0,7,TRUE,0,FALSE,NA,27,12,5,0.5676685773402819,n,h,155,0,-0.25,40,20,-20,-2.477410529609116,English,Spanish,NA,1,1,NA,0,0,NA,1,1,NA,1,2,NA,1,2,NA,1,2,NA
unknown_lab,mgj8,2007,female,United States,United States,TRUE,TRUE,intermediate,0,7,TRUE,0,FALSE,NA,27,12,5,0.5676685773402819,p,h,155,1,0.16666666666666666,40,30,30,3.1564128700055254,English,Spanish,NA,1,1,NA,0,0,NA,1,1,NA,1,2,NA,1,2,NA,1,2,NA
unknown_lab,mgj8,2007,female,United States,United States,TRUE,TRUE,intermediate,0,7,TRUE,0,FALSE,NA,27,10,-5,-0.5869152057713568,n,l,145,1,0.16666666666666666,80,30,-30,-3.8631371386483475,English,Spanish,NA,1,1,NA,0,0,NA,1,1,NA,1,2,NA,1,2,NA,1,2,NA
unknown_lab,mgj8,2007,female,United States,United States,TRUE,TRUE,intermediate,0,7,TRUE,0,FALSE,NA,27,12,5,0.5676685773402819,p,h,155,1,0.16666666666666666,100,30,30,3.1564128700055254,English,Spanish,NA,1,1,NA,0,0,NA,1,1,NA,1,2,NA,1,2,NA,1,2,NA
unknown_lab,mgj8,2007,female,United States,United States,TRUE,TRUE,intermediate,0,7,TRUE,0,FALSE,NA,27,10,-5,-0.5869152057713568,n,l,145,1,0.25,140,20,-20,-2.477410529609116,English,Spanish,NA,1,1,NA,0,0,NA,1,1,NA,1,2,NA,1,2,NA,1,2,NA
unknown_lab,mgj8,2007,female,United States,United States,TRUE,TRUE,intermediate,0,7,TRUE,0,FALSE,NA,27,12,5,0.5676685773402819,n,h,155,0,-0.5,140,10,-10,-1.1944280826109728,English,Spanish,NA,1,1,NA,0,0,NA,1,1,NA,1,2,NA,1,2,NA,1,2,NA
unknown_lab,mgj8,2007,female,United States,United States,TRUE,TRUE,intermediate,0,7,TRUE,0,FALSE,NA,27,11,0,0,p,m,150,0,0,120,30,30,3.1564128700055254,English,Spanish,NA,1,1,NA,0,0,NA,1,1,NA,1,2,NA,1,2,NA,1,2,NA
unknown_lab,mgj8,2007,female,United States,United States,TRUE,TRUE,intermediate,0,7,TRUE,0,FALSE,NA,27,11,0,0,p,m,150,0,0,80,20,20,2.16686694770185,English,Spanish,NA,1,1,NA,0,0,NA,1,1,NA,1,2,NA,1,2,NA,1,2,NA
unknown_lab,mgj8,2007,female,United States,United States,TRUE,TRUE,intermediate,0,7,TRUE,0,FALSE,NA,27,10,-5,-0.5869152057713568,n,l,145,1,0.125,120,40,-40,-5.369507723654657,English,Spanish,NA,1,1,NA,0,0,NA,1,1,NA,1,2,NA,1,2,NA,1,2,NA
unknown_lab,mgj8,2007,female,United States,United States,TRUE,TRUE,intermediate,0,7,TRUE,0,FALSE,NA,27,10,-5,-0.5869152057713568,n,l,145,1,0.125,140,40,-40,-5.369507723654657,English,Spanish,NA,1,1,NA,0,0,NA,1,1,NA,1,2,NA,1,2,NA,1,2,NA
unknown_lab,mgj8,2007,female,United States,United States,TRUE,TRUE,intermediate,0,7,TRUE,0,FALSE,NA,27,12,5,0.5676685773402819,p,h,155,1,0.5,120,10,10,1.1173128526977774,English,Spanish,NA,1,1,NA,0,0,NA,1,1,NA,1,2,NA,1,2,NA,1,2,NA
unknown_lab,mgj8,2007,female,United States,United States,TRUE,TRUE,intermediate,0,7,TRUE,0,FALSE,NA,27,12,5,0.5676685773402819,p,h,155,1,0.16666666666666666,140,30,30,3.1564128700055254,English,Spanish,NA,1,1,NA,0,0,NA,1,1,NA,1,2,NA,1,2,NA,1,2,NA
unknown_lab,mgj8,2007,female,United States,United States,TRUE,TRUE,intermediate,0,7,TRUE,0,FALSE,NA,27,10,-5,-0.5869152057713568,n,l,145,1,0.5,80,10,-10,-1.1944280826109728,English,Spanish,NA,1,1,NA,0,0,NA,1,1,NA,1,2,NA,1,2,NA,1,2,NA
unknown_lab,mgj8,2007,female,United States,United States,TRUE,TRUE,intermediate,0,7,TRUE,0,FALSE,NA,27,11,0,0,n,m,150,0,-0,20,20,-20,-2.477410529609116,English,Spanish,NA,1,1,NA,0,0,NA,1,1,NA,1,2,NA,1,2,NA,1,2,NA
unknown_lab,mgj8,2007,female,United States,United States,TRUE,TRUE,intermediate,0,7,TRUE,0,FALSE,NA,27,11,0,0,n,m,150,0,-0,20,10,-10,-1.1944280826109728,English,Spanish,NA,1,1,NA,0,0,NA,1,1,NA,1,2,NA,1,2,NA,1,2,NA
unknown_lab,mgj8,2007,female,United States,United States,TRUE,TRUE,intermediate,0,7,TRUE,0,FALSE,NA,27,11,0,0,n,m,150,0,-0,60,10,-10,-1.1944280826109728,English,Spanish,NA,1,1,NA,0,0,NA,1,1,NA,1,2,NA,1,2,NA,1,2,NA
unknown_lab,mgj8,2007,female,United States,United States,TRUE,TRUE,intermediate,0,7,TRUE,0,FALSE,NA,27,12,5,0.5676685773402819,p,h,155,1,0.125,140,40,40,4.092443014020803,English,Spanish,NA,1,1,NA,0,0,NA,1,1,NA,1,2,NA,1,2,NA,1,2,NA
unknown_lab,mgj8,2007,female,United States,United States,TRUE,TRUE,intermediate,0,7,TRUE,0,FALSE,NA,27,12,5,0.5676685773402819,p,h,155,1,0.125,60,40,40,4.092443014020803,English,Spanish,NA,1,1,NA,0,0,NA,1,1,NA,1,2,NA,1,2,NA,1,2,NA
unknown_lab,mgj8,2007,female,United States,United States,TRUE,TRUE,intermediate,0,7,TRUE,0,FALSE,NA,27,12,5,0.5676685773402819,p,h,155,1,0.5,60,10,10,1.1173128526977774,English,Spanish,NA,1,1,NA,0,0,NA,1,1,NA,1,2,NA,1,2,NA,1,2,NA
unknown_lab,mgj8,2007,female,United States,United States,TRUE,TRUE,intermediate,0,7,TRUE,0,FALSE,NA,27,10,-5,-0.5869152057713568,n,l,145,1,0.16666666666666666,140,30,-30,-3.8631371386483475,English,Spanish,NA,1,1,NA,0,0,NA,1,1,NA,1,2,NA,1,2,NA,1,2,NA
unknown_lab,mgj8,2007,female,United States,United States,TRUE,TRUE,intermediate,0,7,TRUE,0,FALSE,NA,27,10,-5,-0.5869152057713568,n,l,145,1,0.5,120,10,-10,-1.1944280826109728,English,Spanish,NA,1,1,NA,0,0,NA,1,1,NA,1,2,NA,1,2,NA,1,2,NA
unknown_lab,mgj8,2007,female,United States,United States,TRUE,TRUE,intermediate,0,7,TRUE,0,FALSE,NA,27,11,0,0,n,m,150,0,-0,60,40,-40,-5.369507723654657,English,Spanish,NA,1,1,NA,0,0,NA,1,1,NA,1,2,NA,1,2,NA,1,2,NA
unknown_lab,mgj8,2007,female,United States,United States,TRUE,TRUE,intermediate,0,7,TRUE,0,FALSE,NA,27,11,0,0,0,m,150,1,NA,20,0,-0,0,English,Spanish,NA,1,1,NA,0,0,NA,1,1,NA,1,2,NA,1,2,NA,1,2,NA
unknown_lab,mgj8,2007,female,United States,United States,TRUE,TRUE,intermediate,0,7,TRUE,0,FALSE,NA,27,11,0,0,n,m,150,0,-0,20,30,-30,-3.8631371386483475,English,Spanish,NA,1,1,NA,0,0,NA,1,1,NA,1,2,NA,1,2,NA,1,2,NA
unknown_lab,mgj8,2007,female,United States,United States,TRUE,TRUE,intermediate,0,7,TRUE,0,FALSE,NA,27,11,0,0,p,m,150,0,0,60,20,20,2.16686694770185,English,Spanish,NA,1,1,NA,0,0,NA,1,1,NA,1,2,NA,1,2,NA,1,2,NA
unknown_lab,mgj8,2007,female,United States,United States,TRUE,TRUE,intermediate,0,7,TRUE,0,FALSE,NA,27,11,0,0,p,m,150,0,0,100,20,20,2.16686694770185,English,Spanish,NA,1,1,NA,0,0,NA,1,1,NA,1,2,NA,1,2,NA,1,2,NA
unknown_lab,mgj8,2007,female,United States,United States,TRUE,TRUE,intermediate,0,7,TRUE,0,FALSE,NA,27,10,-5,-0.5869152057713568,n,l,145,1,0.125,40,40,-40,-5.369507723654657,English,Spanish,NA,1,1,NA,0,0,NA,1,1,NA,1,2,NA,1,2,NA,1,2,NA
unknown_lab,mgj8,2007,female,United States,United States,TRUE,TRUE,intermediate,0,7,TRUE,0,FALSE,NA,27,11,0,0,p,m,150,0,0,20,10,10,1.1173128526977774,English,Spanish,NA,1,1,NA,0,0,NA,1,1,NA,1,2,NA,1,2,NA,1,2,NA
unknown_lab,mgj8,2007,female,United States,United States,TRUE,TRUE,intermediate,0,7,TRUE,0,FALSE,NA,27,12,5,0.5676685773402819,n,h,155,0,-0.25,80,20,-20,-2.477410529609116,English,Spanish,NA,1,1,NA,0,0,NA,1,1,NA,1,2,NA,1,2,NA,1,2,NA
unknown_lab,mgj8,2007,female,United States,United States,TRUE,TRUE,intermediate,0,7,TRUE,0,FALSE,NA,27,10,-5,-0.5869152057713568,p,l,145,0,-0.5,140,10,10,1.1173128526977774,English,Spanish,NA,1,1,NA,0,0,NA,1,1,NA,1,2,NA,1,2,NA,1,2,NA
unknown_lab,mgj8,2007,female,United States,United States,TRUE,TRUE,intermediate,0,7,TRUE,0,FALSE,NA,27,12,5,0.5676685773402819,p,h,155,1,0.25,140,20,20,2.16686694770185,English,Spanish,NA,1,1,NA,0,0,NA,1,1,NA,1,2,NA,1,2,NA,1,2,NA
unknown_lab,mgj8,2007,female,United States,United States,TRUE,TRUE,intermediate,0,7,TRUE,0,FALSE,NA,27,12,5,0.5676685773402819,p,h,155,1,0.16666666666666666,80,30,30,3.1564128700055254,English,Spanish,NA,1,1,NA,0,0,NA,1,1,NA,1,2,NA,1,2,NA,1,2,NA
unknown_lab,mgj8,2007,female,United States,United States,TRUE,TRUE,intermediate,0,7,TRUE,0,FALSE,NA,27,11,0,0,p,m,150,0,0,20,30,30,3.1564128700055254,English,Spanish,NA,1,1,NA,0,0,NA,1,1,NA,1,2,NA,1,2,NA,1,2,NA
unknown_lab,ikgx,2005,male,United States,United States,FALSE,NA,,NA,50,FALSE,NA,FALSE,NA,34,12,5,0.5676685773402819,p,h,155,1,0.125,120,40,40,4.092443014020803,English,NA,NA,1,NA,NA,0,NA,NA,1,NA,NA,1,NA,NA,1,NA,NA,1,NA,NA
unknown_lab,ikgx,2005,male,United States,United States,FALSE,NA,,NA,50,FALSE,NA,FALSE,NA,34,11,0,0,n,m,150,0,-0,40,30,-30,-3.8631371386483475,English,NA,NA,1,NA,NA,0,NA,NA,1,NA,NA,1,NA,NA,1,NA,NA,1,NA,NA
unknown_lab,ikgx,2005,male,United States,United States,FALSE,NA,,NA,50,FALSE,NA,FALSE,NA,34,11,0,0,n,m,150,0,-0,80,30,-30,-3.8631371386483475,English,NA,NA,1,NA,NA,0,NA,NA,1,NA,NA,1,NA,NA,1,NA,NA,1,NA,NA
unknown_lab,ikgx,2005,male,United States,United States,FALSE,NA,,NA,50,FALSE,NA,FALSE,NA,34,11,0,0,n,m,150,0,-0,120,20,-20,-2.477410529609116,English,NA,NA,1,NA,NA,0,NA,NA,1,NA,NA,1,NA,NA,1,NA,NA,1,NA,NA
unknown_lab,ikgx,2005,male,United States,United States,FALSE,NA,,NA,50,FALSE,NA,FALSE,NA,34,11,0,0,n,m,150,0,-0,80,40,-40,-5.369507723654657,English,NA,NA,1,NA,NA,0,NA,NA,1,NA,NA,1,NA,NA,1,NA,NA,1,NA,NA
unknown_lab,ikgx,2005,male,United States,United States,FALSE,NA,,NA,50,FALSE,NA,FALSE,NA,34,11,0,0,0,m,150,1,NA,80,0,-0,0,English,NA,NA,1,NA,NA,0,NA,NA,1,NA,NA,1,NA,NA,1,NA,NA,1,NA,NA
unknown_lab,ikgx,2005,male,United States,United States,FALSE,NA,,NA,50,FALSE,NA,FALSE,NA,34,11,0,0,0,m,150,1,NA,20,0,-0,0,English,NA,NA,1,NA,NA,0,NA,NA,1,NA,NA,1,NA,NA,1,NA,NA,1,NA,NA
unknown_lab,ikgx,2005,male,United States,United States,FALSE,NA,,NA,50,FALSE,NA,FALSE,NA,34,11,0,0,n,m,150,0,-0,20,40,-40,-5.369507723654657,English,NA,NA,1,NA,NA,0,NA,NA,1,NA,NA,1,NA,NA,1,NA,NA,1,NA,NA
unknown_lab,ikgx,2005,male,United States,United States,FALSE,NA,,NA,50,FALSE,NA,FALSE,NA,34,12,5,0.5676685773402819,p,h,155,1,0.5,100,10,10,1.1173128526977774,English,NA,NA,1,NA,NA,0,NA,NA,1,NA,NA,1,NA,NA,1,NA,NA,1,NA,NA
unknown_lab,ikgx,2005,male,United States,United States,FALSE,NA,,NA,50,FALSE,NA,FALSE,NA,34,12,5,0.5676685773402819,p,h,155,1,0.16666666666666666,60,30,30,3.1564128700055254,English,NA,NA,1,NA,NA,0,NA,NA,1,NA,NA,1,NA,NA,1,NA,NA,1,NA,NA
unknown_lab,ikgx,2005,male,United States,United States,FALSE,NA,,NA,50,FALSE,NA,FALSE,NA,34,11,0,0,n,m,150,0,-0,80,20,-20,-2.477410529609116,English,NA,NA,1,NA,NA,0,NA,NA,1,NA,NA,1,NA,NA,1,NA,NA,1,NA,NA
unknown_lab,ikgx,2005,male,United States,United States,FALSE,NA,,NA,50,FALSE,NA,FALSE,NA,34,11,0,0,p,m,150,0,0,80,10,10,1.1173128526977774,English,NA,NA,1,NA,NA,0,NA,NA,1,NA,NA,1,NA,NA,1,NA,NA,1,NA,NA
unknown_lab,ikgx,2005,male,United States,United States,FALSE,NA,,NA,50,FALSE,NA,FALSE,NA,34,11,0,0,n,m,150,0,-0,60,40,-40,-5.369507723654657,English,NA,NA,1,NA,NA,0,NA,NA,1,NA,NA,1,NA,NA,1,NA,NA,1,NA,NA
unknown_lab,ikgx,2005,male,United States,United States,FALSE,NA,,NA,50,FALSE,NA,FALSE,NA,34,11,0,0,n,m,150,0,-0,80,10,-10,-1.1944280826109728,English,NA,NA,1,NA,NA,0,NA,NA,1,NA,NA,1,NA,NA,1,NA,NA,1,NA,NA
unknown_lab,ikgx,2005,male,United States,United States,FALSE,NA,,NA,50,FALSE,NA,FALSE,NA,34,11,0,0,0,m,150,1,NA,40,0,-0,0,English,NA,NA,1,NA,NA,0,NA,NA,1,NA,NA,1,NA,NA,1,NA,NA,1,NA,NA
unknown_lab,ikgx,2005,male,United States,United States,FALSE,NA,,NA,50,FALSE,NA,FALSE,NA,34,10,-5,-0.5869152057713568,n,l,145,1,0.125,140,40,-40,-5.369507723654657,English,NA,NA,1,NA,NA,0,NA,NA,1,NA,NA,1,NA,NA,1,NA,NA,1,NA,NA
unknown_lab,ikgx,2005,male,United States,United States,FALSE,NA,,NA,50,FALSE,NA,FALSE,NA,34,11,0,0,p,m,150,0,0,40,20,20,2.16686694770185,English,NA,NA,1,NA,NA,0,NA,NA,1,NA,NA,1,NA,NA,1,NA,NA,1,NA,NA
unknown_lab,ikgx,2005,male,United States,United States,FALSE,NA,,NA,50,FALSE,NA,FALSE,NA,34,11,0,0,p,m,150,0,0,40,30,30,3.1564128700055254,English,NA,NA,1,NA,NA,0,NA,NA,1,NA,NA,1,NA,NA,1,NA,NA,1,NA,NA
unknown_lab,ikgx,2005,male,United States,United States,FALSE,NA,,NA,50,FALSE,NA,FALSE,NA,34,12,5,0.5676685773402819,n,h,155,0,-0.5,100,10,-10,-1.1944280826109728,English,NA,NA,1,NA,NA,0,NA,NA,1,NA,NA,1,NA,NA,1,NA,NA,1,NA,NA
unknown_lab,ikgx,2005,male,United States,United States,FALSE,NA,,NA,50,FALSE,NA,FALSE,NA,34,12,5,0.5676685773402819,p,h,155,1,0.125,40,40,40,4.092443014020803,English,NA,NA,1,NA,NA,0,NA,NA,1,NA,NA,1,NA,NA,1,NA,NA,1,NA,NA
unknown_lab,ikgx,2005,male,United States,United States,FALSE,NA,,NA,50,FALSE,NA,FALSE,NA,34,10,-5,-0.5869152057713568,p,l,145,0,-0.16666666666666666,20,30,30,3.1564128700055254,English,NA,NA,1,NA,NA,0,NA,NA,1,NA,NA,1,NA,NA,1,NA,NA,1,NA,NA
unknown_lab,ikgx,2005,male,United States,United States,FALSE,NA,,NA,50,FALSE,NA,FALSE,NA,34,11,0,0,n,m,150,0,-0,60,10,-10,-1.1944280826109728,English,NA,NA,1,NA,NA,0,NA,NA,1,NA,NA,1,NA,NA,1,NA,NA,1,NA,NA
unknown_lab,ikgx,2005,male,United States,United States,FALSE,NA,,NA,50,FALSE,NA,FALSE,NA,34,10,-5,-0.5869152057713568,p,l,145,0,-0.25,140,20,20,2.16686694770185,English,NA,NA,1,NA,NA,0,NA,NA,1,NA,NA,1,NA,NA,1,NA,NA,1,NA,NA
unknown_lab,ikgx,2005,male,United States,United States,FALSE,NA,,NA,50,FALSE,NA,FALSE,NA,34,10,-5,-0.5869152057713568,p,l,145,0,-0.125,60,40,40,4.092443014020803,English,NA,NA,1,NA,NA,0,NA,NA,1,NA,NA,1,NA,NA,1,NA,NA,1,NA,NA
unknown_lab,ikgx,2005,male,United States,United States,FALSE,NA,,NA,50,FALSE,NA,FALSE,NA,34,11,0,0,n,m,150,0,-0,20,30,-30,-3.8631371386483475,English,NA,NA,1,NA,NA,0,NA,NA,1,NA,NA,1,NA,NA,1,NA,NA,1,NA,NA
unknown_lab,ikgx,2005,male,United States,United States,FALSE,NA,,NA,50,FALSE,NA,FALSE,NA,34,11,0,0,0,m,150,1,NA,140,0,-0,0,English,NA,NA,1,NA,NA,0,NA,NA,1,NA,NA,1,NA,NA,1,NA,NA,1,NA,NA
unknown_lab,ikgx,2005,male,United States,United States,FALSE,NA,,NA,50,FALSE,NA,FALSE,NA,34,11,0,0,n,m,150,0,-0,100,30,-30,-3.8631371386483475,English,NA,NA,1,NA,NA,0,NA,NA,1,NA,NA,1,NA,NA,1,NA,NA,1,NA,NA
unknown_lab,ikgx,2005,male,United States,United States,FALSE,NA,,NA,50,FALSE,NA,FALSE,NA,34,11,0,0,p,m,150,0,0,40,10,10,1.1173128526977774,English,NA,NA,1,NA,NA,0,NA,NA,1,NA,NA,1,NA,NA,1,NA,NA,1,NA,NA
unknown_lab,ikgx,2005,male,United States,United States,FALSE,NA,,NA,50,FALSE,NA,FALSE,NA,34,11,0,0,0,m,150,1,NA,80,0,-0,0,English,NA,NA,1,NA,NA,0,NA,NA,1,NA,NA,1,NA,NA,1,NA,NA,1,NA,NA
unknown_lab,ikgx,2005,male,United States,United States,FALSE,NA,,NA,50,FALSE,NA,FALSE,NA,34,11,0,0,p,m,150,0,0,80,20,20,2.16686694770185,English,NA,NA,1,NA,NA,0,NA,NA,1,NA,NA,1,NA,NA,1,NA,NA,1,NA,NA
unknown_lab,ikgx,2005,male,United States,United States,FALSE,NA,,NA,50,FALSE,NA,FALSE,NA,34,11,0,0,n,m,150,0,-0,60,30,-30,-3.8631371386483475,English,NA,NA,1,NA,NA,0,NA,NA,1,NA,NA,1,NA,NA,1,NA,NA,1,NA,NA
unknown_lab,ikgx,2005,male,United States,United States,FALSE,NA,,NA,50,FALSE,NA,FALSE,NA,34,11,0,0,p,m,150,0,0,60,10,10,1.1173128526977774,English,NA,NA,1,NA,NA,0,NA,NA,1,NA,NA,1,NA,NA,1,NA,NA,1,NA,NA
unknown_lab,ikgx,2005,male,United States,United States,FALSE,NA,,NA,50,FALSE,NA,FALSE,NA,34,12,5,0.5676685773402819,p,h,155,1,0.16666666666666666,140,30,30,3.1564128700055254,English,NA,NA,1,NA,NA,0,NA,NA,1,NA,NA,1,NA,NA,1,NA,NA,1,NA,NA
unknown_lab,ikgx,2005,male,United States,United States,FALSE,NA,,NA,50,FALSE,NA,FALSE,NA,34,11,0,0,p,m,150,0,0,120,30,30,3.1564128700055254,English,NA,NA,1,NA,NA,0,NA,NA,1,NA,NA,1,NA,NA,1,NA,NA,1,NA,NA
unknown_lab,ikgx,2005,male,United States,United States,FALSE,NA,,NA,50,FALSE,NA,FALSE,NA,34,11,0,0,p,m,150,0,0,100,40,40,4.092443014020803,English,NA,NA,1,NA,NA,0,NA,NA,1,NA,NA,1,NA,NA,1,NA,NA,1,NA,NA
unknown_lab,ikgx,2005,male,United States,United States,FALSE,NA,,NA,50,FALSE,NA,FALSE,NA,34,11,0,0,n,m,150,0,-0,100,20,-20,-2.477410529609116,English,NA,NA,1,NA,NA,0,NA,NA,1,NA,NA,1,NA,NA,1,NA,NA,1,NA,NA
unknown_lab,ikgx,2005,male,United States,United States,FALSE,NA,,NA,50,FALSE,NA,FALSE,NA,34,10,-5,-0.5869152057713568,n,l,145,1,0.125,100,40,-40,-5.369507723654657,English,NA,NA,1,NA,NA,0,NA,NA,1,NA,NA,1,NA,NA,1,NA,NA,1,NA,NA
unknown_lab,ikgx,2005,male,United States,United States,FALSE,NA,,NA,50,FALSE,NA,FALSE,NA,34,10,-5,-0.5869152057713568,n,l,145,1,0.16666666666666666,120,30,-30,-3.8631371386483475,English,NA,NA,1,NA,NA,0,NA,NA,1,NA,NA,1,NA,NA,1,NA,NA,1,NA,NA
unknown_lab,ikgx,2005,male,United States,United States,FALSE,NA,,NA,50,FALSE,NA,FALSE,NA,34,11,0,0,p,m,150,0,0,20,20,20,2.16686694770185,English,NA,NA,1,NA,NA,0,NA,NA,1,NA,NA,1,NA,NA,1,NA,NA,1,NA,NA
unknown_lab,ikgx,2005,male,United States,United States,FALSE,NA,,NA,50,FALSE,NA,FALSE,NA,34,11,0,0,p,m,150,0,0,60,20,20,2.16686694770185,English,NA,NA,1,NA,NA,0,NA,NA,1,NA,NA,1,NA,NA,1,NA,NA,1,NA,NA
unknown_lab,ikgx,2005,male,United States,United States,FALSE,NA,,NA,50,FALSE,NA,FALSE,NA,34,11,0,0,n,m,150,0,-0,40,10,-10,-1.1944280826109728,English,NA,NA,1,NA,NA,0,NA,NA,1,NA,NA,1,NA,NA,1,NA,NA,1,NA,NA
unknown_lab,ikgx,2005,male,United States,United States,FALSE,NA,,NA,50,FALSE,NA,FALSE,NA,34,11,0,0,n,m,150,0,-0,140,10,-10,-1.1944280826109728,English,NA,NA,1,NA,NA,0,NA,NA,1,NA,NA,1,NA,NA,1,NA,NA,1,NA,NA
unknown_lab,ikgx,2005,male,United States,United States,FALSE,NA,,NA,50,FALSE,NA,FALSE,NA,34,11,0,0,p,m,150,0,0,80,40,40,4.092443014020803,English,NA,NA,1,NA,NA,0,NA,NA,1,NA,NA,1,NA,NA,1,NA,NA,1,NA,NA
unknown_lab,ikgx,2005,male,United States,United States,FALSE,NA,,NA,50,FALSE,NA,FALSE,NA,34,11,0,0,0,m,150,1,NA,20,0,-0,0,English,NA,NA,1,NA,NA,0,NA,NA,1,NA,NA,1,NA,NA,1,NA,NA,1,NA,NA
unknown_lab,ikgx,2005,male,United States,United States,FALSE,NA,,NA,50,FALSE,NA,FALSE,NA,34,10,-5,-0.5869152057713568,p,l,145,0,-0.25,120,20,20,2.16686694770185,English,NA,NA,1,NA,NA,0,NA,NA,1,NA,NA,1,NA,NA,1,NA,NA,1,NA,NA
unknown_lab,ikgx,2005,male,United States,United States,FALSE,NA,,NA,50,FALSE,NA,FALSE,NA,34,11,0,0,n,m,150,0,-0,40,40,-40,-5.369507723654657,English,NA,NA,1,NA,NA,0,NA,NA,1,NA,NA,1,NA,NA,1,NA,NA,1,NA,NA
unknown_lab,ikgx,2005,male,United States,United States,FALSE,NA,,NA,50,FALSE,NA,FALSE,NA,34,11,0,0,n,m,150,0,-0,40,20,-20,-2.477410529609116,English,NA,NA,1,NA,NA,0,NA,NA,1,NA,NA,1,NA,NA,1,NA,NA,1,NA,NA
unknown_lab,ikgx,2005,male,United States,United States,FALSE,NA,,NA,50,FALSE,NA,FALSE,NA,34,12,5,0.5676685773402819,p,h,155,1,0.125,140,40,40,4.092443014020803,English,NA,NA,1,NA,NA,0,NA,NA,1,NA,NA,1,NA,NA,1,NA,NA,1,NA,NA
unknown_lab,ikgx,2005,male,United States,United States,FALSE,NA,,NA,50,FALSE,NA,FALSE,NA,34,11,0,0,n,m,150,0,-0,140,30,-30,-3.8631371386483475,English,NA,NA,1,NA,NA,0,NA,NA,1,NA,NA,1,NA,NA,1,NA,NA,1,NA,NA
unknown_lab,ikgx,2005,male,United States,United States,FALSE,NA,,NA,50,FALSE,NA,FALSE,NA,34,11,0,0,n,m,150,0,-0,20,20,-20,-2.477410529609116,English,NA,NA,1,NA,NA,0,NA,NA,1,NA,NA,1,NA,NA,1,NA,NA,1,NA,NA
unknown_lab,ikgx,2005,male,United States,United States,FALSE,NA,,NA,50,FALSE,NA,FALSE,NA,34,11,0,0,n,m,150,0,-0,20,10,-10,-1.1944280826109728,English,NA,NA,1,NA,NA,0,NA,NA,1,NA,NA,1,NA,NA,1,NA,NA,1,NA,NA
unknown_lab,ikgx,2005,male,United States,United States,FALSE,NA,,NA,50,FALSE,NA,FALSE,NA,34,11,0,0,n,m,150,0,-0,140,20,-20,-2.477410529609116,English,NA,NA,1,NA,NA,0,NA,NA,1,NA,NA,1,NA,NA,1,NA,NA,1,NA,NA
unknown_lab,ikgx,2005,male,United States,United States,FALSE,NA,,NA,50,FALSE,NA,FALSE,NA,34,11,0,0,0,m,150,1,NA,60,0,-0,0,English,NA,NA,1,NA,NA,0,NA,NA,1,NA,NA,1,NA,NA,1,NA,NA,1,NA,NA
unknown_lab,ikgx,2005,male,United States,United States,FALSE,NA,,NA,50,FALSE,NA,FALSE,NA,34,11,0,0,p,m,150,0,0,100,30,30,3.1564128700055254,English,NA,NA,1,NA,NA,0,NA,NA,1,NA,NA,1,NA,NA,1,NA,NA,1,NA,NA
unknown_lab,ikgx,2005,male,United States,United States,FALSE,NA,,NA,50,FALSE,NA,FALSE,NA,34,11,0,0,n,m,150,0,-0,60,20,-20,-2.477410529609116,English,NA,NA,1,NA,NA,0,NA,NA,1,NA,NA,1,NA,NA,1,NA,NA,1,NA,NA
unknown_lab,ikgx,2005,male,United States,United States,FALSE,NA,,NA,50,FALSE,NA,FALSE,NA,34,11,0,0,p,m,150,0,0,20,40,40,4.092443014020803,English,NA,NA,1,NA,NA,0,NA,NA,1,NA,NA,1,NA,NA,1,NA,NA,1,NA,NA
unknown_lab,ikgx,2005,male,United States,United States,FALSE,NA,,NA,50,FALSE,NA,FALSE,NA,34,12,5,0.5676685773402819,p,h,155,1,0.16666666666666666,80,30,30,3.1564128700055254,English,NA,NA,1,NA,NA,0,NA,NA,1,NA,NA,1,NA,NA,1,NA,NA,1,NA,NA
unknown_lab,ikgx,2005,male,United States,United States,FALSE,NA,,NA,50,FALSE,NA,FALSE,NA,34,11,0,0,p,m,150,0,0,140,10,10,1.1173128526977774,English,NA,NA,1,NA,NA,0,NA,NA,1,NA,NA,1,NA,NA,1,NA,NA,1,NA,NA
unknown_lab,ikgx,2005,male,United States,United States,FALSE,NA,,NA,50,FALSE,NA,FALSE,NA,34,10,-5,-0.5869152057713568,n,l,145,1,0.125,120,40,-40,-5.369507723654657,English,NA,NA,1,NA,NA,0,NA,NA,1,NA,NA,1,NA,NA,1,NA,NA,1,NA,NA
unknown_lab,ikgx,2005,male,United States,United States,FALSE,NA,,NA,50,FALSE,NA,FALSE,NA,34,11,0,0,0,m,150,1,NA,140,0,-0,0,English,NA,NA,1,NA,NA,0,NA,NA,1,NA,NA,1,NA,NA,1,NA,NA,1,NA,NA
unknown_lab,ikgx,2005,male,United States,United States,FALSE,NA,,NA,50,FALSE,NA,FALSE,NA,34,11,0,0,p,m,150,0,0,60,20,20,2.16686694770185,English,NA,NA,1,NA,NA,0,NA,NA,1,NA,NA,1,NA,NA,1,NA,NA,1,NA,NA
unknown_lab,ikgx,2005,male,United States,United States,FALSE,NA,,NA,50,FALSE,NA,FALSE,NA,34,11,0,0,p,m,150,0,0,80,30,30,3.1564128700055254,English,NA,NA,1,NA,NA,0,NA,NA,1,NA,NA,1,NA,NA,1,NA,NA,1,NA,NA
unknown_lab,ikgx,2005,male,United States,United States,FALSE,NA,,NA,50,FALSE,NA,FALSE,NA,34,11,0,0,p,m,150,0,0,20,20,20,2.16686694770185,English,NA,NA,1,NA,NA,0,NA,NA,1,NA,NA,1,NA,NA,1,NA,NA,1,NA,NA
unknown_lab,ikgx,2005,male,United States,United States,FALSE,NA,,NA,50,FALSE,NA,FALSE,NA,34,10,-5,-0.5869152057713568,n,l,145,1,0.25,100,20,-20,-2.477410529609116,English,NA,NA,1,NA,NA,0,NA,NA,1,NA,NA,1,NA,NA,1,NA,NA,1,NA,NA
unknown_lab,ikgx,2005,male,United States,United States,FALSE,NA,,NA,50,FALSE,NA,FALSE,NA,34,10,-5,-0.5869152057713568,p,l,145,0,-0.125,120,40,40,4.092443014020803,English,NA,NA,1,NA,NA,0,NA,NA,1,NA,NA,1,NA,NA,1,NA,NA,1,NA,NA
unknown_lab,ikgx,2005,male,United States,United States,FALSE,NA,,NA,50,FALSE,NA,FALSE,NA,34,10,-5,-0.5869152057713568,p,l,145,0,-0.125,140,40,40,4.092443014020803,English,NA,NA,1,NA,NA,0,NA,NA,1,NA,NA,1,NA,NA,1,NA,NA,1,NA,NA
unknown_lab,ikgx,2005,male,United States,United States,FALSE,NA,,NA,50,FALSE,NA,FALSE,NA,34,11,0,0,0,m,150,1,NA,100,0,-0,0,English,NA,NA,1,NA,NA,0,NA,NA,1,NA,NA,1,NA,NA,1,NA,NA,1,NA,NA
unknown_lab,ikgx,2005,male,United States,United States,FALSE,NA,,NA,50,FALSE,NA,FALSE,NA,34,10,-5,-0.5869152057713568,p,l,145,0,-0.5,120,10,10,1.1173128526977774,English,NA,NA,1,NA,NA,0,NA,NA,1,NA,NA,1,NA,NA,1,NA,NA,1,NA,NA
unknown_lab,ikgx,2005,male,United States,United States,FALSE,NA,,NA,50,FALSE,NA,FALSE,NA,34,9,-10,-1.1944280826109728,p,l,140,0,-0.3333333333333333,60,30,30,3.1564128700055254,English,NA,NA,1,NA,NA,0,NA,NA,1,NA,NA,1,NA,NA,1,NA,NA,1,NA,NA
unknown_lab,ikgx,2005,male,United States,United States,FALSE,NA,,NA,50,FALSE,NA,FALSE,NA,34,9,-10,-1.1944280826109728,p,l,140,0,-0.25,100,40,40,4.092443014020803,English,NA,NA,1,NA,NA,0,NA,NA,1,NA,NA,1,NA,NA,1,NA,NA,1,NA,NA
unknown_lab,ikgx,2005,male,United States,United States,FALSE,NA,,NA,50,FALSE,NA,FALSE,NA,34,10,-5,-0.5869152057713568,p,l,145,0,-0.5,140,10,10,1.1173128526977774,English,NA,NA,1,NA,NA,0,NA,NA,1,NA,NA,1,NA,NA,1,NA,NA,1,NA,NA
unknown_lab,ikgx,2005,male,United States,United States,FALSE,NA,,NA,50,FALSE,NA,FALSE,NA,34,11,0,0,n,m,150,0,-0,40,40,-40,-5.369507723654657,English,NA,NA,1,NA,NA,0,NA,NA,1,NA,NA,1,NA,NA,1,NA,NA,1,NA,NA
unknown_lab,ikgx,2005,male,United States,United States,FALSE,NA,,NA,50,FALSE,NA,FALSE,NA,34,10,-5,-0.5869152057713568,p,l,145,0,-0.16666666666666666,20,30,30,3.1564128700055254,English,NA,NA,1,NA,NA,0,NA,NA,1,NA,NA,1,NA,NA,1,NA,NA,1,NA,NA
unknown_lab,ikgx,2005,male,United States,United States,FALSE,NA,,NA,50,FALSE,NA,FALSE,NA,34,10,-5,-0.5869152057713568,n,l,145,1,0.25,40,20,-20,-2.477410529609116,English,NA,NA,1,NA,NA,0,NA,NA,1,NA,NA,1,NA,NA,1,NA,NA,1,NA,NA
unknown_lab,ikgx,2005,male,United States,United States,FALSE,NA,,NA,50,FALSE,NA,FALSE,NA,34,11,0,0,n,m,150,0,-0,140,30,-30,-3.8631371386483475,English,NA,NA,1,NA,NA,0,NA,NA,1,NA,NA,1,NA,NA,1,NA,NA,1,NA,NA
unknown_lab,ikgx,2005,male,United States,United States,FALSE,NA,,NA,50,FALSE,NA,FALSE,NA,34,11,0,0,p,m,150,0,0,40,10,10,1.1173128526977774,English,NA,NA,1,NA,NA,0,NA,NA,1,NA,NA,1,NA,NA,1,NA,NA,1,NA,NA
unknown_lab,ikgx,2005,male,United States,United States,FALSE,NA,,NA,50,FALSE,NA,FALSE,NA,34,11,0,0,n,m,150,0,-0,120,20,-20,-2.477410529609116,English,NA,NA,1,NA,NA,0,NA,NA,1,NA,NA,1,NA,NA,1,NA,NA,1,NA,NA
unknown_lab,ikgx,2005,male,United States,United States,FALSE,NA,,NA,50,FALSE,NA,FALSE,NA,34,11,0,0,n,m,150,0,-0,20,20,-20,-2.477410529609116,English,NA,NA,1,NA,NA,0,NA,NA,1,NA,NA,1,NA,NA,1,NA,NA,1,NA,NA
unknown_lab,ikgx,2005,male,United States,United States,FALSE,NA,,NA,50,FALSE,NA,FALSE,NA,34,11,0,0,n,m,150,0,-0,120,10,-10,-1.1944280826109728,English,NA,NA,1,NA,NA,0,NA,NA,1,NA,NA,1,NA,NA,1,NA,NA,1,NA,NA
unknown_lab,ikgx,2005,male,United States,United States,FALSE,NA,,NA,50,FALSE,NA,FALSE,NA,34,10,-5,-0.5869152057713568,p,l,145,0,-0.25,140,20,20,2.16686694770185,English,NA,NA,1,NA,NA,0,NA,NA,1,NA,NA,1,NA,NA,1,NA,NA,1,NA,NA
unknown_lab,ikgx,2005,male,United States,United States,FALSE,NA,,NA,50,FALSE,NA,FALSE,NA,34,11,0,0,n,m,150,0,-0,60,40,-40,-5.369507723654657,English,NA,NA,1,NA,NA,0,NA,NA,1,NA,NA,1,NA,NA,1,NA,NA,1,NA,NA
unknown_lab,ikgx,2005,male,United States,United States,FALSE,NA,,NA,50,FALSE,NA,FALSE,NA,34,11,0,0,n,m,150,0,-0,120,30,-30,-3.8631371386483475,English,NA,NA,1,NA,NA,0,NA,NA,1,NA,NA,1,NA,NA,1,NA,NA,1,NA,NA
unknown_lab,ikgx,2005,male,United States,United States,FALSE,NA,,NA,50,FALSE,NA,FALSE,NA,34,11,0,0,p,m,150,0,0,40,40,40,4.092443014020803,English,NA,NA,1,NA,NA,0,NA,NA,1,NA,NA,1,NA,NA,1,NA,NA,1,NA,NA
unknown_lab,ikgx,2005,male,United States,United States,FALSE,NA,,NA,50,FALSE,NA,FALSE,NA,34,11,0,0,p,m,150,0,0,120,20,20,2.16686694770185,English,NA,NA,1,NA,NA,0,NA,NA,1,NA,NA,1,NA,NA,1,NA,NA,1,NA,NA
unknown_lab,ikgx,2005,male,United States,United States,FALSE,NA,,NA,50,FALSE,NA,FALSE,NA,34,11,0,0,n,m,150,0,-0,20,10,-10,-1.1944280826109728,English,NA,NA,1,NA,NA,0,NA,NA,1,NA,NA,1,NA,NA,1,NA,NA,1,NA,NA
unknown_lab,ikgx,2005,male,United States,United States,FALSE,NA,,NA,50,FALSE,NA,FALSE,NA,34,11,0,0,p,m,150,0,0,140,30,30,3.1564128700055254,English,NA,NA,1,NA,NA,0,NA,NA,1,NA,NA,1,NA,NA,1,NA,NA,1,NA,NA
unknown_lab,ikgx,2005,male,United States,United States,FALSE,NA,,NA,50,FALSE,NA,FALSE,NA,34,12,5,0.5676685773402819,p,h,155,1,0.125,60,40,40,4.092443014020803,English,NA,NA,1,NA,NA,0,NA,NA,1,NA,NA,1,NA,NA,1,NA,NA,1,NA,NA
unknown_lab,ikgx,2005,male,United States,United States,FALSE,NA,,NA,50,FALSE,NA,FALSE,NA,34,11,0,0,p,m,150,0,0,80,20,20,2.16686694770185,English,NA,NA,1,NA,NA,0,NA,NA,1,NA,NA,1,NA,NA,1,NA,NA,1,NA,NA
unknown_lab,ikgx,2005,male,United States,United States,FALSE,NA,,NA,50,FALSE,NA,FALSE,NA,34,11,0,0,n,m,150,0,-0,100,10,-10,-1.1944280826109728,English,NA,NA,1,NA,NA,0,NA,NA,1,NA,NA,1,NA,NA,1,NA,NA,1,NA,NA
unknown_lab,ikgx,2005,male,United States,United States,FALSE,NA,,NA,50,FALSE,NA,FALSE,NA,34,11,0,0,p,m,150,0,0,120,30,30,3.1564128700055254,English,NA,NA,1,NA,NA,0,NA,NA,1,NA,NA,1,NA,NA,1,NA,NA,1,NA,NA
unknown_lab,ikgx,2005,male,United States,United States,FALSE,NA,,NA,50,FALSE,NA,FALSE,NA,34,11,0,0,n,m,150,0,-0,80,40,-40,-5.369507723654657,English,NA,NA,1,NA,NA,0,NA,NA,1,NA,NA,1,NA,NA,1,NA,NA,1,NA,NA
unknown_lab,ikgx,2005,male,United States,United States,FALSE,NA,,NA,50,FALSE,NA,FALSE,NA,34,11,0,0,p,m,150,0,0,20,40,40,4.092443014020803,English,NA,NA,1,NA,NA,0,NA,NA,1,NA,NA,1,NA,NA,1,NA,NA,1,NA,NA
unknown_lab,ikgx,2005,male,United States,United States,FALSE,NA,,NA,50,FALSE,NA,FALSE,NA,34,11,0,0,n,m,150,0,-0,80,30,-30,-3.8631371386483475,English,NA,NA,1,NA,NA,0,NA,NA,1,NA,NA,1,NA,NA,1,NA,NA,1,NA,NA
unknown_lab,ikgx,2005,male,United States,United States,FALSE,NA,,NA,50,FALSE,NA,FALSE,NA,34,12,5,0.5676685773402819,p,h,155,1,0.125,80,40,40,4.092443014020803,English,NA,NA,1,NA,NA,0,NA,NA,1,NA,NA,1,NA,NA,1,NA,NA,1,NA,NA
unknown_lab,ikgx,2005,male,United States,United States,FALSE,NA,,NA,50,FALSE,NA,FALSE,NA,34,11,0,0,p,m,150,0,0,80,10,10,1.1173128526977774,English,NA,NA,1,NA,NA,0,NA,NA,1,NA,NA,1,NA,NA,1,NA,NA,1,NA,NA
unknown_lab,ikgx,2005,male,United States,United States,FALSE,NA,,NA,50,FALSE,NA,FALSE,NA,34,11,0,0,n,m,150,0,-0,20,30,-30,-3.8631371386483475,English,NA,NA,1,NA,NA,0,NA,NA,1,NA,NA,1,NA,NA,1,NA,NA,1,NA,NA
unknown_lab,ikgx,2005,male,United States,United States,FALSE,NA,,NA,50,FALSE,NA,FALSE,NA,34,11,0,0,0,m,150,1,NA,60,0,-0,0,English,NA,NA,1,NA,NA,0,NA,NA,1,NA,NA,1,NA,NA,1,NA,NA,1,NA,NA
unknown_lab,ikgx,2005,male,United States,United States,FALSE,NA,,NA,50,FALSE,NA,FALSE,NA,34,11,0,0,n,m,150,0,-0,80,20,-20,-2.477410529609116,English,NA,NA,1,NA,NA,0,NA,NA,1,NA,NA,1,NA,NA,1,NA,NA,1,NA,NA
unknown_lab,ikgx,2005,male,United States,United States,FALSE,NA,,NA,50,FALSE,NA,FALSE,NA,34,10,-5,-0.5869152057713568,n,l,145,1,0.25,140,20,-20,-2.477410529609116,English,NA,NA,1,NA,NA,0,NA,NA,1,NA,NA,1,NA,NA,1,NA,NA,1,NA,NA
unknown_lab,ikgx,2005,male,United States,United States,FALSE,NA,,NA,50,FALSE,NA,FALSE,NA,34,12,5,0.5676685773402819,p,h,155,1,0.5,100,10,10,1.1173128526977774,English,NA,NA,1,NA,NA,0,NA,NA,1,NA,NA,1,NA,NA,1,NA,NA,1,NA,NA
unknown_lab,ikgx,2005,male,United States,United States,FALSE,NA,,NA,50,FALSE,NA,FALSE,NA,34,11,0,0,n,m,150,0,-0,60,30,-30,-3.8631371386483475,English,NA,NA,1,NA,NA,0,NA,NA,1,NA,NA,1,NA,NA,1,NA,NA,1,NA,NA
unknown_lab,ikgx,2005,male,United States,United States,FALSE,NA,,NA,50,FALSE,NA,FALSE,NA,34,10,-5,-0.5869152057713568,n,l,145,1,0.16666666666666666,100,30,-30,-3.8631371386483475,English,NA,NA,1,NA,NA,0,NA,NA,1,NA,NA,1,NA,NA,1,NA,NA,1,NA,NA
unknown_lab,ikgx,2005,male,United States,United States,FALSE,NA,,NA,50,FALSE,NA,FALSE,NA,34,11,0,0,n,m,150,0,-0,40,30,-30,-3.8631371386483475,English,NA,NA,1,NA,NA,0,NA,NA,1,NA,NA,1,NA,NA,1,NA,NA,1,NA,NA
unknown_lab,ikgx,2005,male,United States,United States,FALSE,NA,,NA,50,FALSE,NA,FALSE,NA,34,10,-5,-0.5869152057713568,n,l,145,1,0.125,120,40,-40,-5.369507723654657,English,NA,NA,1,NA,NA,0,NA,NA,1,NA,NA,1,NA,NA,1,NA,NA,1,NA,NA
unknown_lab,ikgx,2005,male,United States,United States,FALSE,NA,,NA,50,FALSE,NA,FALSE,NA,34,11,0,0,n,m,150,0,-0,20,40,-40,-5.369507723654657,English,NA,NA,1,NA,NA,0,NA,NA,1,NA,NA,1,NA,NA,1,NA,NA,1,NA,NA
unknown_lab,ikgx,2005,male,United States,United States,FALSE,NA,,NA,50,FALSE,NA,FALSE,NA,34,11,0,0,n,m,150,0,-0,60,20,-20,-2.477410529609116,English,NA,NA,1,NA,NA,0,NA,NA,1,NA,NA,1,NA,NA,1,NA,NA,1,NA,NA
unknown_lab,ikgx,2005,male,United States,United States,FALSE,NA,,NA,50,FALSE,NA,FALSE,NA,34,11,0,0,n,m,150,0,-0,40,10,-10,-1.1944280826109728,English,NA,NA,1,NA,NA,0,NA,NA,1,NA,NA,1,NA,NA,1,NA,NA,1,NA,NA
unknown_lab,ikgx,2005,male,United States,United States,FALSE,NA,,NA,50,FALSE,NA,FALSE,NA,34,11,0,0,n,m,150,0,-0,100,40,-40,-5.369507723654657,English,NA,NA,1,NA,NA,0,NA,NA,1,NA,NA,1,NA,NA,1,NA,NA,1,NA,NA
unknown_lab,ikgx,2005,male,United States,United States,FALSE,NA,,NA,50,FALSE,NA,FALSE,NA,34,11,0,0,n,m,150,0,-0,140,10,-10,-1.1944280826109728,English,NA,NA,1,NA,NA,0,NA,NA,1,NA,NA,1,NA,NA,1,NA,NA,1,NA,NA
unknown_lab,ikgx,2005,male,United States,United States,FALSE,NA,,NA,50,FALSE,NA,FALSE,NA,34,11,0,0,0,m,150,1,NA,40,0,-0,0,English,NA,NA,1,NA,NA,0,NA,NA,1,NA,NA,1,NA,NA,1,NA,NA,1,NA,NA
unknown_lab,ikgx,2005,male,United States,United States,FALSE,NA,,NA,50,FALSE,NA,FALSE,NA,34,11,0,0,n,m,150,0,-0,60,10,-10,-1.1944280826109728,English,NA,NA,1,NA,NA,0,NA,NA,1,NA,NA,1,NA,NA,1,NA,NA,1,NA,NA
unknown_lab,ikgx,2005,male,United States,United States,FALSE,NA,,NA,50,FALSE,NA,FALSE,NA,34,11,0,0,0,m,150,1,NA,120,0,-0,0,English,NA,NA,1,NA,NA,0,NA,NA,1,NA,NA,1,NA,NA,1,NA,NA,1,NA,NA
unknown_lab,ikgx,2005,male,United States,United States,FALSE,NA,,NA,50,FALSE,NA,FALSE,NA,34,11,0,0,p,m,150,0,0,40,20,20,2.16686694770185,English,NA,NA,1,NA,NA,0,NA,NA,1,NA,NA,1,NA,NA,1,NA,NA,1,NA,NA
unknown_lab,ikgx,2005,male,United States,United States,FALSE,NA,,NA,50,FALSE,NA,FALSE,NA,34,11,0,0,p,m,150,0,0,100,20,20,2.16686694770185,English,NA,NA,1,NA,NA,0,NA,NA,1,NA,NA,1,NA,NA,1,NA,NA,1,NA,NA
unknown_lab,ikgx,2005,male,United States,United States,FALSE,NA,,NA,50,FALSE,NA,FALSE,NA,34,11,0,0,0,m,150,1,NA,120,0,-0,0,English,NA,NA,1,NA,NA,0,NA,NA,1,NA,NA,1,NA,NA,1,NA,NA,1,NA,NA
unknown_lab,gzxq,2005,male,United States,United States,TRUE,FALSE,beginner,NA,2,TRUE,1,FALSE,NA,21,12,5,0.5676685773402819,p,h,155,1,0.125,80,40,40,4.092443014020803,English,NA,NA,1,NA,NA,6,NA,NA,1,NA,NA,1,NA,NA,1,NA,NA,1,NA,NA
unknown_lab,gzxq,2005,male,United States,United States,TRUE,FALSE,beginner,NA,2,TRUE,1,FALSE,NA,21,12,5,0.5676685773402819,p,h,155,1,0.5,20,10,10,1.1173128526977774,English,NA,NA,1,NA,NA,6,NA,NA,1,NA,NA,1,NA,NA,1,NA,NA,1,NA,NA
unknown_lab,gzxq,2005,male,United States,United States,TRUE,FALSE,beginner,NA,2,TRUE,1,FALSE,NA,21,10,-5,-0.5869152057713568,n,l,145,1,0.16666666666666666,40,30,-30,-3.8631371386483475,English,NA,NA,1,NA,NA,6,NA,NA,1,NA,NA,1,NA,NA,1,NA,NA,1,NA,NA
unknown_lab,gzxq,2005,male,United States,United States,TRUE,FALSE,beginner,NA,2,TRUE,1,FALSE,NA,21,10,-5,-0.5869152057713568,p,l,145,0,-0.25,20,20,20,2.16686694770185,English,NA,NA,1,NA,NA,6,NA,NA,1,NA,NA,1,NA,NA,1,NA,NA,1,NA,NA
unknown_lab,gzxq,2005,male,United States,United States,TRUE,FALSE,beginner,NA,2,TRUE,1,FALSE,NA,21,10,-5,-0.5869152057713568,n,l,145,1,0.5,60,10,-10,-1.1944280826109728,English,NA,NA,1,NA,NA,6,NA,NA,1,NA,NA,1,NA,NA,1,NA,NA,1,NA,NA
unknown_lab,gzxq,2005,male,United States,United States,TRUE,FALSE,beginner,NA,2,TRUE,1,FALSE,NA,21,8,-15,-1.8240371213405995,n,l,135,1,0.5,140,30,-30,-3.8631371386483475,English,NA,NA,1,NA,NA,6,NA,NA,1,NA,NA,1,NA,NA,1,NA,NA,1,NA,NA
unknown_lab,gzxq,2005,male,United States,United States,TRUE,FALSE,beginner,NA,2,TRUE,1,FALSE,NA,21,12,5,0.5676685773402819,0,h,155,0,NA,100,0,-0,0,English,NA,NA,1,NA,NA,6,NA,NA,1,NA,NA,1,NA,NA,1,NA,NA,1,NA,NA
unknown_lab,gzxq,2005,male,United States,United States,TRUE,FALSE,beginner,NA,2,TRUE,1,FALSE,NA,21,12,5,0.5676685773402819,p,h,155,1,0.5,40,10,10,1.1173128526977774,English,NA,NA,1,NA,NA,6,NA,NA,1,NA,NA,1,NA,NA,1,NA,NA,1,NA,NA
unknown_lab,gzxq,2005,male,United States,United States,TRUE,FALSE,beginner,NA,2,TRUE,1,FALSE,NA,21,10,-5,-0.5869152057713568,p,l,145,0,-0.16666666666666666,80,30,30,3.1564128700055254,English,NA,NA,1,NA,NA,6,NA,NA,1,NA,NA,1,NA,NA,1,NA,NA,1,NA,NA
unknown_lab,gzxq,2005,male,United States,United States,TRUE,FALSE,beginner,NA,2,TRUE,1,FALSE,NA,21,11,0,0,n,m,150,0,-0,40,20,-20,-2.477410529609116,English,NA,NA,1,NA,NA,6,NA,NA,1,NA,NA,1,NA,NA,1,NA,NA,1,NA,NA
unknown_lab,gzxq,2005,male,United States,United States,TRUE,FALSE,beginner,NA,2,TRUE,1,FALSE,NA,21,11,0,0,0,m,150,1,NA,120,0,-0,0,English,NA,NA,1,NA,NA,6,NA,NA,1,NA,NA,1,NA,NA,1,NA,NA,1,NA,NA
unknown_lab,gzxq,2005,male,United States,United States,TRUE,FALSE,beginner,NA,2,TRUE,1,FALSE,NA,21,11,0,0,n,m,150,0,-0,100,10,-10,-1.1944280826109728,English,NA,NA,1,NA,NA,6,NA,NA,1,NA,NA,1,NA,NA,1,NA,NA,1,NA,NA
unknown_lab,gzxq,2005,male,United States,United States,TRUE,FALSE,beginner,NA,2,TRUE,1,FALSE,NA,21,11,0,0,p,m,150,0,0,80,10,10,1.1173128526977774,English,NA,NA,1,NA,NA,6,NA,NA,1,NA,NA,1,NA,NA,1,NA,NA,1,NA,NA
unknown_lab,gzxq,2005,male,United States,United States,TRUE,FALSE,beginner,NA,2,TRUE,1,FALSE,NA,21,11,0,0,p,m,150,0,0,100,10,10,1.1173128526977774,English,NA,NA,1,NA,NA,6,NA,NA,1,NA,NA,1,NA,NA,1,NA,NA,1,NA,NA
unknown_lab,gzxq,2005,male,United States,United States,TRUE,FALSE,beginner,NA,2,TRUE,1,FALSE,NA,21,10,-5,-0.5869152057713568,n,l,145,1,0.25,80,20,-20,-2.477410529609116,English,NA,NA,1,NA,NA,6,NA,NA,1,NA,NA,1,NA,NA,1,NA,NA,1,NA,NA
unknown_lab,gzxq,2005,male,United States,United States,TRUE,FALSE,beginner,NA,2,TRUE,1,FALSE,NA,21,12,5,0.5676685773402819,p,h,155,1,0.16666666666666666,140,30,30,3.1564128700055254,English,NA,NA,1,NA,NA,6,NA,NA,1,NA,NA,1,NA,NA,1,NA,NA,1,NA,NA
unknown_lab,gzxq,2005,male,United States,United States,TRUE,FALSE,beginner,NA,2,TRUE,1,FALSE,NA,21,11,0,0,p,m,150,0,0,20,30,30,3.1564128700055254,English,NA,NA,1,NA,NA,6,NA,NA,1,NA,NA,1,NA,NA,1,NA,NA,1,NA,NA
unknown_lab,gzxq,2005,male,United States,United States,TRUE,FALSE,beginner,NA,2,TRUE,1,FALSE,NA,21,11,0,0,p,m,150,0,0,60,30,30,3.1564128700055254,English,NA,NA,1,NA,NA,6,NA,NA,1,NA,NA,1,NA,NA,1,NA,NA,1,NA,NA
unknown_lab,gzxq,2005,male,United States,United States,TRUE,FALSE,beginner,NA,2,TRUE,1,FALSE,NA,21,10,-5,-0.5869152057713568,n,l,145,1,0.16666666666666666,20,30,-30,-3.8631371386483475,English,NA,NA,1,NA,NA,6,NA,NA,1,NA,NA,1,NA,NA,1,NA,NA,1,NA,NA
unknown_lab,gzxq,2005,male,United States,United States,TRUE,FALSE,beginner,NA,2,TRUE,1,FALSE,NA,21,8,-15,-1.8240371213405995,n,l,135,1,0.375,140,40,-40,-5.369507723654657,English,NA,NA,1,NA,NA,6,NA,NA,1,NA,NA,1,NA,NA,1,NA,NA,1,NA,NA
unknown_lab,gzxq,2005,male,United States,United States,TRUE,FALSE,beginner,NA,2,TRUE,1,FALSE,NA,21,11,0,0,0,m,150,1,NA,100,0,-0,0,English,NA,NA,1,NA,NA,6,NA,NA,1,NA,NA,1,NA,NA,1,NA,NA,1,NA,NA
unknown_lab,gzxq,2005,male,United States,United States,TRUE,FALSE,beginner,NA,2,TRUE,1,FALSE,NA,21,12,5,0.5676685773402819,p,h,155,1,0.125,40,40,40,4.092443014020803,English,NA,NA,1,NA,NA,6,NA,NA,1,NA,NA,1,NA,NA,1,NA,NA,1,NA,NA
unknown_lab,gzxq,2005,male,United States,United States,TRUE,FALSE,beginner,NA,2,TRUE,1,FALSE,NA,21,10,-5,-0.5869152057713568,p,l,145,0,-0.125,120,40,40,4.092443014020803,English,NA,NA,1,NA,NA,6,NA,NA,1,NA,NA,1,NA,NA,1,NA,NA,1,NA,NA
unknown_lab,gzxq,2005,male,United States,United States,TRUE,FALSE,beginner,NA,2,TRUE,1,FALSE,NA,21,10,-5,-0.5869152057713568,n,l,145,1,0.125,40,40,-40,-5.369507723654657,English,NA,NA,1,NA,NA,6,NA,NA,1,NA,NA,1,NA,NA,1,NA,NA,1,NA,NA
unknown_lab,gzxq,2005,male,United States,United States,TRUE,FALSE,beginner,NA,2,TRUE,1,FALSE,NA,21,10,-5,-0.5869152057713568,n,l,145,1,0.25,120,20,-20,-2.477410529609116,English,NA,NA,1,NA,NA,6,NA,NA,1,NA,NA,1,NA,NA,1,NA,NA,1,NA,NA
unknown_lab,gzxq,2005,male,United States,United States,TRUE,FALSE,beginner,NA,2,TRUE,1,FALSE,NA,21,11,0,0,n,m,150,0,-0,40,10,-10,-1.1944280826109728,English,NA,NA,1,NA,NA,6,NA,NA,1,NA,NA,1,NA,NA,1,NA,NA,1,NA,NA
unknown_lab,gzxq,2005,male,United States,United States,TRUE,FALSE,beginner,NA,2,TRUE,1,FALSE,NA,21,12,5,0.5676685773402819,n,h,155,0,-0.25,20,20,-20,-2.477410529609116,English,NA,NA,1,NA,NA,6,NA,NA,1,NA,NA,1,NA,NA,1,NA,NA,1,NA,NA
unknown_lab,gzxq,2005,male,United States,United States,TRUE,FALSE,beginner,NA,2,TRUE,1,FALSE,NA,21,11,0,0,p,m,150,0,0,120,20,20,2.16686694770185,English,NA,NA,1,NA,NA,6,NA,NA,1,NA,NA,1,NA,NA,1,NA,NA,1,NA,NA
unknown_lab,gzxq,2005,male,United States,United States,TRUE,FALSE,beginner,NA,2,TRUE,1,FALSE,NA,21,10,-5,-0.5869152057713568,n,l,145,1,0.5,120,10,-10,-1.1944280826109728,English,NA,NA,1,NA,NA,6,NA,NA,1,NA,NA,1,NA,NA,1,NA,NA,1,NA,NA
unknown_lab,gzxq,2005,male,United States,United States,TRUE,FALSE,beginner,NA,2,TRUE,1,FALSE,NA,21,11,0,0,p,m,150,0,0,40,20,20,2.16686694770185,English,NA,NA,1,NA,NA,6,NA,NA,1,NA,NA,1,NA,NA,1,NA,NA,1,NA,NA
unknown_lab,gzxq,2005,male,United States,United States,TRUE,FALSE,beginner,NA,2,TRUE,1,FALSE,NA,21,10,-5,-0.5869152057713568,n,l,145,1,0.125,100,40,-40,-5.369507723654657,English,NA,NA,1,NA,NA,6,NA,NA,1,NA,NA,1,NA,NA,1,NA,NA,1,NA,NA
unknown_lab,gzxq,2005,male,United States,United States,TRUE,FALSE,beginner,NA,2,TRUE,1,FALSE,NA,21,11,0,0,p,m,150,0,0,100,40,40,4.092443014020803,English,NA,NA,1,NA,NA,6,NA,NA,1,NA,NA,1,NA,NA,1,NA,NA,1,NA,NA
unknown_lab,gzxq,2005,male,United States,United States,TRUE,FALSE,beginner,NA,2,TRUE,1,FALSE,NA,21,10,-5,-0.5869152057713568,n,l,145,1,0.25,100,20,-20,-2.477410529609116,English,NA,NA,1,NA,NA,6,NA,NA,1,NA,NA,1,NA,NA,1,NA,NA,1,NA,NA
unknown_lab,gzxq,2005,male,United States,United States,TRUE,FALSE,beginner,NA,2,TRUE,1,FALSE,NA,21,11,0,0,n,m,150,0,-0,140,10,-10,-1.1944280826109728,English,NA,NA,1,NA,NA,6,NA,NA,1,NA,NA,1,NA,NA,1,NA,NA,1,NA,NA
unknown_lab,gzxq,2005,male,United States,United States,TRUE,FALSE,beginner,NA,2,TRUE,1,FALSE,NA,21,12,5,0.5676685773402819,0,h,155,0,NA,140,0,-0,0,English,NA,NA,1,NA,NA,6,NA,NA,1,NA,NA,1,NA,NA,1,NA,NA,1,NA,NA
unknown_lab,gzxq,2005,male,United States,United States,TRUE,FALSE,beginner,NA,2,TRUE,1,FALSE,NA,21,10,-5,-0.5869152057713568,n,l,145,1,0.125,80,40,-40,-5.369507723654657,English,NA,NA,1,NA,NA,6,NA,NA,1,NA,NA,1,NA,NA,1,NA,NA,1,NA,NA
unknown_lab,gzxq,2005,male,United States,United States,TRUE,FALSE,beginner,NA,2,TRUE,1,FALSE,NA,21,10,-5,-0.5869152057713568,n,l,145,1,0.125,120,40,-40,-5.369507723654657,English,NA,NA,1,NA,NA,6,NA,NA,1,NA,NA,1,NA,NA,1,NA,NA,1,NA,NA
unknown_lab,gzxq,2005,male,United States,United States,TRUE,FALSE,beginner,NA,2,TRUE,1,FALSE,NA,21,11,0,0,0,m,150,1,NA,40,0,-0,0,English,NA,NA,1,NA,NA,6,NA,NA,1,NA,NA,1,NA,NA,1,NA,NA,1,NA,NA
unknown_lab,gzxq,2005,male,United States,United States,TRUE,FALSE,beginner,NA,2,TRUE,1,FALSE,NA,21,10,-5,-0.5869152057713568,n,l,145,1,0.25,60,20,-20,-2.477410529609116,English,NA,NA,1,NA,NA,6,NA,NA,1,NA,NA,1,NA,NA,1,NA,NA,1,NA,NA
unknown_lab,gzxq,2005,male,United States,United States,TRUE,FALSE,beginner,NA,2,TRUE,1,FALSE,NA,21,11,0,0,p,m,150,0,0,20,40,40,4.092443014020803,English,NA,NA,1,NA,NA,6,NA,NA,1,NA,NA,1,NA,NA,1,NA,NA,1,NA,NA
unknown_lab,gzxq,2005,male,United States,United States,TRUE,FALSE,beginner,NA,2,TRUE,1,FALSE,NA,21,11,0,0,n,m,150,0,-0,20,10,-10,-1.1944280826109728,English,NA,NA,1,NA,NA,6,NA,NA,1,NA,NA,1,NA,NA,1,NA,NA,1,NA,NA
unknown_lab,gzxq,2005,male,United States,United States,TRUE,FALSE,beginner,NA,2,TRUE,1,FALSE,NA,21,11,0,0,p,m,150,0,0,60,10,10,1.1173128526977774,English,NA,NA,1,NA,NA,6,NA,NA,1,NA,NA,1,NA,NA,1,NA,NA,1,NA,NA
unknown_lab,gzxq,2005,male,United States,United States,TRUE,FALSE,beginner,NA,2,TRUE,1,FALSE,NA,21,11,0,0,p,m,150,0,0,60,20,20,2.16686694770185,English,NA,NA,1,NA,NA,6,NA,NA,1,NA,NA,1,NA,NA,1,NA,NA,1,NA,NA
unknown_lab,gzxq,2005,male,United States,United States,TRUE,FALSE,beginner,NA,2,TRUE,1,FALSE,NA,21,10,-5,-0.5869152057713568,n,l,145,1,0.16666666666666666,60,30,-30,-3.8631371386483475,English,NA,NA,1,NA,NA,6,NA,NA,1,NA,NA,1,NA,NA,1,NA,NA,1,NA,NA
unknown_lab,gzxq,2005,male,United States,United States,TRUE,FALSE,beginner,NA,2,TRUE,1,FALSE,NA,21,11,0,0,p,m,150,0,0,140,10,10,1.1173128526977774,English,NA,NA,1,NA,NA,6,NA,NA,1,NA,NA,1,NA,NA,1,NA,NA,1,NA,NA
unknown_lab,gzxq,2005,male,United States,United States,TRUE,FALSE,beginner,NA,2,TRUE,1,FALSE,NA,21,12,5,0.5676685773402819,p,h,155,1,0.25,140,20,20,2.16686694770185,English,NA,NA,1,NA,NA,6,NA,NA,1,NA,NA,1,NA,NA,1,NA,NA,1,NA,NA
unknown_lab,gzxq,2005,male,United States,United States,TRUE,FALSE,beginner,NA,2,TRUE,1,FALSE,NA,21,11,0,0,p,m,150,0,0,120,10,10,1.1173128526977774,English,NA,NA,1,NA,NA,6,NA,NA,1,NA,NA,1,NA,NA,1,NA,NA,1,NA,NA
unknown_lab,gzxq,2005,male,United States,United States,TRUE,FALSE,beginner,NA,2,TRUE,1,FALSE,NA,21,11,0,0,p,m,150,0,0,100,20,20,2.16686694770185,English,NA,NA,1,NA,NA,6,NA,NA,1,NA,NA,1,NA,NA,1,NA,NA,1,NA,NA
unknown_lab,gzxq,2005,male,United States,United States,TRUE,FALSE,beginner,NA,2,TRUE,1,FALSE,NA,21,11,0,0,0,m,150,1,NA,80,0,-0,0,English,NA,NA,1,NA,NA,6,NA,NA,1,NA,NA,1,NA,NA,1,NA,NA,1,NA,NA
unknown_lab,gzxq,2005,male,United States,United States,TRUE,FALSE,beginner,NA,2,TRUE,1,FALSE,NA,21,9,-10,-1.1944280826109728,n,l,140,1,0.25,60,40,-40,-5.369507723654657,English,NA,NA,1,NA,NA,6,NA,NA,1,NA,NA,1,NA,NA,1,NA,NA,1,NA,NA
unknown_lab,gzxq,2005,male,United States,United States,TRUE,FALSE,beginner,NA,2,TRUE,1,FALSE,NA,21,11,0,0,p,m,150,0,0,40,30,30,3.1564128700055254,English,NA,NA,1,NA,NA,6,NA,NA,1,NA,NA,1,NA,NA,1,NA,NA,1,NA,NA
unknown_lab,gzxq,2005,male,United States,United States,TRUE,FALSE,beginner,NA,2,TRUE,1,FALSE,NA,21,10,-5,-0.5869152057713568,n,l,145,1,0.16666666666666666,80,30,-30,-3.8631371386483475,English,NA,NA,1,NA,NA,6,NA,NA,1,NA,NA,1,NA,NA,1,NA,NA,1,NA,NA
unknown_lab,gzxq,2005,male,United States,United States,TRUE,FALSE,beginner,NA,2,TRUE,1,FALSE,NA,21,10,-5,-0.5869152057713568,p,l,145,0,-0.25,80,20,20,2.16686694770185,English,NA,NA,1,NA,NA,6,NA,NA,1,NA,NA,1,NA,NA,1,NA,NA,1,NA,NA
unknown_lab,gzxq,2005,male,United States,United States,TRUE,FALSE,beginner,NA,2,TRUE,1,FALSE,NA,21,10,-5,-0.5869152057713568,0,l,145,0,NA,140,0,-0,0,English,NA,NA,1,NA,NA,6,NA,NA,1,NA,NA,1,NA,NA,1,NA,NA,1,NA,NA
unknown_lab,gzxq,2005,male,United States,United States,TRUE,FALSE,beginner,NA,2,TRUE,1,FALSE,NA,21,11,0,0,n,m,150,0,-0,20,40,-40,-5.369507723654657,English,NA,NA,1,NA,NA,6,NA,NA,1,NA,NA,1,NA,NA,1,NA,NA,1,NA,NA
unknown_lab,gzxq,2005,male,United States,United States,TRUE,FALSE,beginner,NA,2,TRUE,1,FALSE,NA,21,12,5,0.5676685773402819,p,h,155,1,0.16666666666666666,120,30,30,3.1564128700055254,English,NA,NA,1,NA,NA,6,NA,NA,1,NA,NA,1,NA,NA,1,NA,NA,1,NA,NA
unknown_lab,gzxq,2005,male,United States,United States,TRUE,FALSE,beginner,NA,2,TRUE,1,FALSE,NA,21,10,-5,-0.5869152057713568,n,l,145,1,0.16666666666666666,120,30,-30,-3.8631371386483475,English,NA,NA,1,NA,NA,6,NA,NA,1,NA,NA,1,NA,NA,1,NA,NA,1,NA,NA
unknown_lab,gzxq,2005,male,United States,United States,TRUE,FALSE,beginner,NA,2,TRUE,1,FALSE,NA,21,11,0,0,n,m,150,0,-0,80,30,-30,-3.8631371386483475,English,NA,NA,1,NA,NA,6,NA,NA,1,NA,NA,1,NA,NA,1,NA,NA,1,NA,NA
unknown_lab,gzxq,2005,male,United States,United States,TRUE,FALSE,beginner,NA,2,TRUE,1,FALSE,NA,21,10,-5,-0.5869152057713568,p,l,145,0,-0.125,100,40,40,4.092443014020803,English,NA,NA,1,NA,NA,6,NA,NA,1,NA,NA,1,NA,NA,1,NA,NA,1,NA,NA
unknown_lab,gzxq,2005,male,United States,United States,TRUE,FALSE,beginner,NA,2,TRUE,1,FALSE,NA,21,10,-5,-0.5869152057713568,n,l,145,1,0.125,100,40,-40,-5.369507723654657,English,NA,NA,1,NA,NA,6,NA,NA,1,NA,NA,1,NA,NA,1,NA,NA,1,NA,NA
unknown_lab,gzxq,2005,male,United States,United States,TRUE,FALSE,beginner,NA,2,TRUE,1,FALSE,NA,21,10,-5,-0.5869152057713568,n,l,145,1,0.25,80,20,-20,-2.477410529609116,English,NA,NA,1,NA,NA,6,NA,NA,1,NA,NA,1,NA,NA,1,NA,NA,1,NA,NA
unknown_lab,gzxq,2005,male,United States,United States,TRUE,FALSE,beginner,NA,2,TRUE,1,FALSE,NA,21,11,0,0,0,m,150,1,NA,60,0,-0,0,English,NA,NA,1,NA,NA,6,NA,NA,1,NA,NA,1,NA,NA,1,NA,NA,1,NA,NA
unknown_lab,gzxq,2005,male,United States,United States,TRUE,FALSE,beginner,NA,2,TRUE,1,FALSE,NA,21,13,10,1.1173128526977774,p,h,160,1,0.25,140,40,40,4.092443014020803,English,NA,NA,1,NA,NA,6,NA,NA,1,NA,NA,1,NA,NA,1,NA,NA,1,NA,NA
unknown_lab,gzxq,2005,male,United States,United States,TRUE,FALSE,beginner,NA,2,TRUE,1,FALSE,NA,21,11,0,0,0,m,150,1,NA,60,0,-0,0,English,NA,NA,1,NA,NA,6,NA,NA,1,NA,NA,1,NA,NA,1,NA,NA,1,NA,NA
unknown_lab,gzxq,2005,male,United States,United States,TRUE,FALSE,beginner,NA,2,TRUE,1,FALSE,NA,21,13,10,1.1173128526977774,p,h,160,1,0.25,120,40,40,4.092443014020803,English,NA,NA,1,NA,NA,6,NA,NA,1,NA,NA,1,NA,NA,1,NA,NA,1,NA,NA
unknown_lab,gzxq,2005,male,United States,United States,TRUE,FALSE,beginner,NA,2,TRUE,1,FALSE,NA,21,10,-5,-0.5869152057713568,p,l,145,0,-0.16666666666666666,80,30,30,3.1564128700055254,English,NA,NA,1,NA,NA,6,NA,NA,1,NA,NA,1,NA,NA,1,NA,NA,1,NA,NA
unknown_lab,gzxq,2005,male,United States,United States,TRUE,FALSE,beginner,NA,2,TRUE,1,FALSE,NA,21,10,-5,-0.5869152057713568,n,l,145,1,0.125,120,40,-40,-5.369507723654657,English,NA,NA,1,NA,NA,6,NA,NA,1,NA,NA,1,NA,NA,1,NA,NA,1,NA,NA
unknown_lab,gzxq,2005,male,United States,United States,TRUE,FALSE,beginner,NA,2,TRUE,1,FALSE,NA,21,10,-5,-0.5869152057713568,p,l,145,0,-0.16666666666666666,120,30,30,3.1564128700055254,English,NA,NA,1,NA,NA,6,NA,NA,1,NA,NA,1,NA,NA,1,NA,NA,1,NA,NA
unknown_lab,gzxq,2005,male,United States,United States,TRUE,FALSE,beginner,NA,2,TRUE,1,FALSE,NA,21,10,-5,-0.5869152057713568,p,l,145,0,-0.16666666666666666,100,30,30,3.1564128700055254,English,NA,NA,1,NA,NA,6,NA,NA,1,NA,NA,1,NA,NA,1,NA,NA,1,NA,NA
unknown_lab,gzxq,2005,male,United States,United States,TRUE,FALSE,beginner,NA,2,TRUE,1,FALSE,NA,21,11,0,0,p,m,150,0,0,60,10,10,1.1173128526977774,English,NA,NA,1,NA,NA,6,NA,NA,1,NA,NA,1,NA,NA,1,NA,NA,1,NA,NA
unknown_lab,gzxq,2005,male,United States,United States,TRUE,FALSE,beginner,NA,2,TRUE,1,FALSE,NA,21,10,-5,-0.5869152057713568,p,l,145,0,-0.16666666666666666,140,30,30,3.1564128700055254,English,NA,NA,1,NA,NA,6,NA,NA,1,NA,NA,1,NA,NA,1,NA,NA,1,NA,NA
unknown_lab,gzxq,2005,male,United States,United States,TRUE,FALSE,beginner,NA,2,TRUE,1,FALSE,NA,21,11,0,0,p,m,150,0,0,40,10,10,1.1173128526977774,English,NA,NA,1,NA,NA,6,NA,NA,1,NA,NA,1,NA,NA,1,NA,NA,1,NA,NA
unknown_lab,gzxq,2005,male,United States,United States,TRUE,FALSE,beginner,NA,2,TRUE,1,FALSE,NA,21,9,-10,-1.1944280826109728,n,l,140,1,0.25,60,40,-40,-5.369507723654657,English,NA,NA,1,NA,NA,6,NA,NA,1,NA,NA,1,NA,NA,1,NA,NA,1,NA,NA
unknown_lab,gzxq,2005,male,United States,United States,TRUE,FALSE,beginner,NA,2,TRUE,1,FALSE,NA,21,11,0,0,n,m,150,0,-0,60,30,-30,-3.8631371386483475,English,NA,NA,1,NA,NA,6,NA,NA,1,NA,NA,1,NA,NA,1,NA,NA,1,NA,NA
unknown_lab,gzxq,2005,male,United States,United States,TRUE,FALSE,beginner,NA,2,TRUE,1,FALSE,NA,21,11,0,0,n,m,150,0,-0,80,10,-10,-1.1944280826109728,English,NA,NA,1,NA,NA,6,NA,NA,1,NA,NA,1,NA,NA,1,NA,NA,1,NA,NA
unknown_lab,gzxq,2005,male,United States,United States,TRUE,FALSE,beginner,NA,2,TRUE,1,FALSE,NA,21,9,-10,-1.1944280826109728,n,l,140,1,0.3333333333333333,140,30,-30,-3.8631371386483475,English,NA,NA,1,NA,NA,6,NA,NA,1,NA,NA,1,NA,NA,1,NA,NA,1,NA,NA
unknown_lab,gzxq,2005,male,United States,United States,TRUE,FALSE,beginner,NA,2,TRUE,1,FALSE,NA,21,11,0,0,n,m,150,0,-0,20,20,-20,-2.477410529609116,English,NA,NA,1,NA,NA,6,NA,NA,1,NA,NA,1,NA,NA,1,NA,NA,1,NA,NA
unknown_lab,gzxq,2005,male,United States,United States,TRUE,FALSE,beginner,NA,2,TRUE,1,FALSE,NA,21,11,0,0,p,m,150,0,0,20,30,30,3.1564128700055254,English,NA,NA,1,NA,NA,6,NA,NA,1,NA,NA,1,NA,NA,1,NA,NA,1,NA,NA
unknown_lab,gzxq,2005,male,United States,United States,TRUE,FALSE,beginner,NA,2,TRUE,1,FALSE,NA,21,11,0,0,p,m,150,0,0,120,10,10,1.1173128526977774,English,NA,NA,1,NA,NA,6,NA,NA,1,NA,NA,1,NA,NA,1,NA,NA,1,NA,NA
unknown_lab,gzxq,2005,male,United States,United States,TRUE,FALSE,beginner,NA,2,TRUE,1,FALSE,NA,21,11,0,0,p,m,150,0,0,60,30,30,3.1564128700055254,English,NA,NA,1,NA,NA,6,NA,NA,1,NA,NA,1,NA,NA,1,NA,NA,1,NA,NA
unknown_lab,gzxq,2005,male,United States,United States,TRUE,FALSE,beginner,NA,2,TRUE,1,FALSE,NA,21,12,5,0.5676685773402819,0,h,155,0,NA,40,0,-0,0,English,NA,NA,1,NA,NA,6,NA,NA,1,NA,NA,1,NA,NA,1,NA,NA,1,NA,NA
unknown_lab,gzxq,2005,male,United States,United States,TRUE,FALSE,beginner,NA,2,TRUE,1,FALSE,NA,21,12,5,0.5676685773402819,0,h,155,0,NA,20,0,-0,0,English,NA,NA,1,NA,NA,6,NA,NA,1,NA,NA,1,NA,NA,1,NA,NA,1,NA,NA
unknown_lab,gzxq,2005,male,United States,United States,TRUE,FALSE,beginner,NA,2,TRUE,1,FALSE,NA,21,11,0,0,n,m,150,0,-0,100,10,-10,-1.1944280826109728,English,NA,NA,1,NA,NA,6,NA,NA,1,NA,NA,1,NA,NA,1,NA,NA,1,NA,NA
unknown_lab,gzxq,2005,male,United States,United States,TRUE,FALSE,beginner,NA,2,TRUE,1,FALSE,NA,21,11,0,0,p,m,150,0,0,20,40,40,4.092443014020803,English,NA,NA,1,NA,NA,6,NA,NA,1,NA,NA,1,NA,NA,1,NA,NA,1,NA,NA
unknown_lab,gzxq,2005,male,United States,United States,TRUE,FALSE,beginner,NA,2,TRUE,1,FALSE,NA,21,10,-5,-0.5869152057713568,p,l,145,0,-0.16666666666666666,40,30,30,3.1564128700055254,English,NA,NA,1,NA,NA,6,NA,NA,1,NA,NA,1,NA,NA,1,NA,NA,1,NA,NA
unknown_lab,gzxq,2005,male,United States,United States,TRUE,FALSE,beginner,NA,2,TRUE,1,FALSE,NA,21,11,0,0,p,m,150,0,0,100,10,10,1.1173128526977774,English,NA,NA,1,NA,NA,6,NA,NA,1,NA,NA,1,NA,NA,1,NA,NA,1,NA,NA
unknown_lab,gzxq,2005,male,United States,United States,TRUE,FALSE,beginner,NA,2,TRUE,1,FALSE,NA,21,11,0,0,p,m,150,0,0,20,20,20,2.16686694770185,English,NA,NA,1,NA,NA,6,NA,NA,1,NA,NA,1,NA,NA,1,NA,NA,1,NA,NA
unknown_lab,gzxq,2005,male,United States,United States,TRUE,FALSE,beginner,NA,2,TRUE,1,FALSE,NA,21,10,-5,-0.5869152057713568,n,l,145,1,0.16666666666666666,40,30,-30,-3.8631371386483475,English,NA,NA,1,NA,NA,6,NA,NA,1,NA,NA,1,NA,NA,1,NA,NA,1,NA,NA
unknown_lab,gzxq,2005,male,United States,United States,TRUE,FALSE,beginner,NA,2,TRUE,1,FALSE,NA,21,11,0,0,p,m,150,0,0,140,10,10,1.1173128526977774,English,NA,NA,1,NA,NA,6,NA,NA,1,NA,NA,1,NA,NA,1,NA,NA,1,NA,NA
unknown_lab,gzxq,2005,male,United States,United States,TRUE,FALSE,beginner,NA,2,TRUE,1,FALSE,NA,21,10,-5,-0.5869152057713568,n,l,145,1,0.125,40,40,-40,-5.369507723654657,English,NA,NA,1,NA,NA,6,NA,NA,1,NA,NA,1,NA,NA,1,NA,NA,1,NA,NA
unknown_lab,gzxq,2005,male,United States,United States,TRUE,FALSE,beginner,NA,2,TRUE,1,FALSE,NA,21,11,0,0,p,m,150,0,0,140,20,20,2.16686694770185,English,NA,NA,1,NA,NA,6,NA,NA,1,NA,NA,1,NA,NA,1,NA,NA,1,NA,NA
unknown_lab,gzxq,2005,male,United States,United States,TRUE,FALSE,beginner,NA,2,TRUE,1,FALSE,NA,21,11,0,0,n,m,150,0,-0,40,10,-10,-1.1944280826109728,English,NA,NA,1,NA,NA,6,NA,NA,1,NA,NA,1,NA,NA,1,NA,NA,1,NA,NA
unknown_lab,gzxq,2005,male,United States,United States,TRUE,FALSE,beginner,NA,2,TRUE,1,FALSE,NA,21,10,-5,-0.5869152057713568,p,l,145,0,-0.25,120,20,20,2.16686694770185,English,NA,NA,1,NA,NA,6,NA,NA,1,NA,NA,1,NA,NA,1,NA,NA,1,NA,NA
unknown_lab,gzxq,2005,male,United States,United States,TRUE,FALSE,beginner,NA,2,TRUE,1,FALSE,NA,21,9,-10,-1.1944280826109728,n,l,140,1,0.3333333333333333,100,30,-30,-3.8631371386483475,English,NA,NA,1,NA,NA,6,NA,NA,1,NA,NA,1,NA,NA,1,NA,NA,1,NA,NA
unknown_lab,gzxq,2005,male,United States,United States,TRUE,FALSE,beginner,NA,2,TRUE,1,FALSE,NA,21,11,0,0,p,m,150,0,0,80,40,40,4.092443014020803,English,NA,NA,1,NA,NA,6,NA,NA,1,NA,NA,1,NA,NA,1,NA,NA,1,NA,NA
unknown_lab,gzxq,2005,male,United States,United States,TRUE,FALSE,beginner,NA,2,TRUE,1,FALSE,NA,21,11,0,0,p,m,150,0,0,80,10,10,1.1173128526977774,English,NA,NA,1,NA,NA,6,NA,NA,1,NA,NA,1,NA,NA,1,NA,NA,1,NA,NA
unknown_lab,gzxq,2005,male,United States,United States,TRUE,FALSE,beginner,NA,2,TRUE,1,FALSE,NA,21,9,-10,-1.1944280826109728,n,l,140,1,0.3333333333333333,120,30,-30,-3.8631371386483475,English,NA,NA,1,NA,NA,6,NA,NA,1,NA,NA,1,NA,NA,1,NA,NA,1,NA,NA
unknown_lab,gzxq,2005,male,United States,United States,TRUE,FALSE,beginner,NA,2,TRUE,1,FALSE,NA,21,9,-10,-1.1944280826109728,n,l,140,1,0.25,80,40,-40,-5.369507723654657,English,NA,NA,1,NA,NA,6,NA,NA,1,NA,NA,1,NA,NA,1,NA,NA,1,NA,NA
unknown_lab,gzxq,2005,male,United States,United States,TRUE,FALSE,beginner,NA,2,TRUE,1,FALSE,NA,21,12,5,0.5676685773402819,n,h,155,0,-0.5,20,10,-10,-1.1944280826109728,English,NA,NA,1,NA,NA,6,NA,NA,1,NA,NA,1,NA,NA,1,NA,NA,1,NA,NA
unknown_lab,gzxq,2005,male,United States,United States,TRUE,FALSE,beginner,NA,2,TRUE,1,FALSE,NA,21,10,-5,-0.5869152057713568,n,l,145,1,0.5,140,10,-10,-1.1944280826109728,English,NA,NA,1,NA,NA,6,NA,NA,1,NA,NA,1,NA,NA,1,NA,NA,1,NA,NA
unknown_lab,gzxq,2005,male,United States,United States,TRUE,FALSE,beginner,NA,2,TRUE,1,FALSE,NA,21,12,5,0.5676685773402819,p,h,155,1,0.125,60,40,40,4.092443014020803,English,NA,NA,1,NA,NA,6,NA,NA,1,NA,NA,1,NA,NA,1,NA,NA,1,NA,NA
unknown_lab,gzxq,2005,male,United States,United States,TRUE,FALSE,beginner,NA,2,TRUE,1,FALSE,NA,21,11,0,0,n,m,150,0,-0,60,10,-10,-1.1944280826109728,English,NA,NA,1,NA,NA,6,NA,NA,1,NA,NA,1,NA,NA,1,NA,NA,1,NA,NA
unknown_lab,gzxq,2005,male,United States,United States,TRUE,FALSE,beginner,NA,2,TRUE,1,FALSE,NA,21,10,-5,-0.5869152057713568,n,l,145,1,0.125,20,40,-40,-5.369507723654657,English,NA,NA,1,NA,NA,6,NA,NA,1,NA,NA,1,NA,NA,1,NA,NA,1,NA,NA
unknown_lab,gzxq,2005,male,United States,United States,TRUE,FALSE,beginner,NA,2,TRUE,1,FALSE,NA,21,10,-5,-0.5869152057713568,0,l,145,0,NA,20,0,-0,0,English,NA,NA,1,NA,NA,6,NA,NA,1,NA,NA,1,NA,NA,1,NA,NA,1,NA,NA
unknown_lab,gzxq,2005,male,United States,United States,TRUE,FALSE,beginner,NA,2,TRUE,1,FALSE,NA,21,9,-10,-1.1944280826109728,n,l,140,1,0.5,60,20,-20,-2.477410529609116,English,NA,NA,1,NA,NA,6,NA,NA,1,NA,NA,1,NA,NA,1,NA,NA,1,NA,NA
unknown_lab,gzxq,2005,male,United States,United States,TRUE,FALSE,beginner,NA,2,TRUE,1,FALSE,NA,21,11,0,0,n,m,150,0,-0,120,10,-10,-1.1944280826109728,English,NA,NA,1,NA,NA,6,NA,NA,1,NA,NA,1,NA,NA,1,NA,NA,1,NA,NA
unknown_lab,gzxq,2005,male,United States,United States,TRUE,FALSE,beginner,NA,2,TRUE,1,FALSE,NA,21,11,0,0,n,m,150,0,-0,40,20,-20,-2.477410529609116,English,NA,NA,1,NA,NA,6,NA,NA,1,NA,NA,1,NA,NA,1,NA,NA,1,NA,NA
unknown_lab,gzxq,2005,male,United States,United States,TRUE,FALSE,beginner,NA,2,TRUE,1,FALSE,NA,21,8,-15,-1.8240371213405995,n,l,135,1,0.75,100,20,-20,-2.477410529609116,English,NA,NA,1,NA,NA,6,NA,NA,1,NA,NA,1,NA,NA,1,NA,NA,1,NA,NA
unknown_lab,gzxq,2005,male,United States,United States,TRUE,FALSE,beginner,NA,2,TRUE,1,FALSE,NA,21,8,-15,-1.8240371213405995,n,l,135,1,0.75,120,20,-20,-2.477410529609116,English,NA,NA,1,NA,NA,6,NA,NA,1,NA,NA,1,NA,NA,1,NA,NA,1,NA,NA
unknown_lab,gzxq,2005,male,United States,United States,TRUE,FALSE,beginner,NA,2,TRUE,1,FALSE,NA,21,13,10,1.1173128526977774,p,h,160,1,0.5,60,20,20,2.16686694770185,English,NA,NA,1,NA,NA,6,NA,NA,1,NA,NA,1,NA,NA,1,NA,NA,1,NA,NA
unknown_lab,gzxq,2005,male,United States,United States,TRUE,FALSE,beginner,NA,2,TRUE,1,FALSE,NA,21,11,0,0,0,m,150,1,NA,80,0,-0,0,English,NA,NA,1,NA,NA,6,NA,NA,1,NA,NA,1,NA,NA,1,NA,NA,1,NA,NA
unknown_lab,gzxq,2005,male,United States,United States,TRUE,FALSE,beginner,NA,2,TRUE,1,FALSE,NA,21,10,-5,-0.5869152057713568,p,l,145,0,-0.25,80,20,20,2.16686694770185,English,NA,NA,1,NA,NA,6,NA,NA,1,NA,NA,1,NA,NA,1,NA,NA,1,NA,NA
unknown_lab,gzxq,2005,male,United States,United States,TRUE,FALSE,beginner,NA,2,TRUE,1,FALSE,NA,21,12,5,0.5676685773402819,p,h,155,1,0.5,20,10,10,1.1173128526977774,English,NA,NA,1,NA,NA,6,NA,NA,1,NA,NA,1,NA,NA,1,NA,NA,1,NA,NA
unknown_lab,gzxq,2005,male,United States,United States,TRUE,FALSE,beginner,NA,2,TRUE,1,FALSE,NA,21,8,-15,-1.8240371213405995,n,l,135,1,0.75,140,20,-20,-2.477410529609116,English,NA,NA,1,NA,NA,6,NA,NA,1,NA,NA,1,NA,NA,1,NA,NA,1,NA,NA
unknown_lab,gzxq,2005,male,United States,United States,TRUE,FALSE,beginner,NA,2,TRUE,1,FALSE,NA,21,11,0,0,p,m,150,0,0,40,40,40,4.092443014020803,English,NA,NA,1,NA,NA,6,NA,NA,1,NA,NA,1,NA,NA,1,NA,NA,1,NA,NA
unknown_lab,gzxq,2005,male,United States,United States,TRUE,FALSE,beginner,NA,2,TRUE,1,FALSE,NA,21,7,-20,-2.477410529609116,n,l,130,1,0.5,140,40,-40,-5.369507723654657,English,NA,NA,1,NA,NA,6,NA,NA,1,NA,NA,1,NA,NA,1,NA,NA,1,NA,NA
unknown_lab,gzxq,2005,male,United States,United States,TRUE,FALSE,beginner,NA,2,TRUE,1,FALSE,NA,21,11,0,0,p,m,150,0,0,100,20,20,2.16686694770185,English,NA,NA,1,NA,NA,6,NA,NA,1,NA,NA,1,NA,NA,1,NA,NA,1,NA,NA
unknown_lab,gzxq,2005,male,United States,United States,TRUE,FALSE,beginner,NA,2,TRUE,1,FALSE,NA,21,10,-5,-0.5869152057713568,n,l,145,1,0.16666666666666666,20,30,-30,-3.8631371386483475,English,NA,NA,1,NA,NA,6,NA,NA,1,NA,NA,1,NA,NA,1,NA,NA,1,NA,NA
unknown_lab,gzxq,2005,male,United States,United States,TRUE,FALSE,beginner,NA,2,TRUE,1,FALSE,NA,21,12,5,0.5676685773402819,p,h,155,1,0.25,40,20,20,2.16686694770185,English,NA,NA,1,NA,NA,6,NA,NA,1,NA,NA,1,NA,NA,1,NA,NA,1,NA,NA
unknown_lab,spky,1997,male,United States,United States,FALSE,NA,,NA,14,FALSE,NA,FALSE,NA,34,10,-5,-0.5869152057713568,n,l,145,1,0.125,20,40,-40,-5.369507723654657,English,NA,NA,1,NA,NA,0,NA,NA,1,NA,NA,1,NA,NA,1,NA,NA,1,NA,NA
unknown_lab,spky,1997,male,United States,United States,FALSE,NA,,NA,14,FALSE,NA,FALSE,NA,34,11,0,0,p,m,150,0,0,80,10,10,1.1173128526977774,English,NA,NA,1,NA,NA,0,NA,NA,1,NA,NA,1,NA,NA,1,NA,NA,1,NA,NA
unknown_lab,spky,1997,male,United States,United States,FALSE,NA,,NA,14,FALSE,NA,FALSE,NA,34,11,0,0,0,m,150,1,NA,120,0,-0,0,English,NA,NA,1,NA,NA,0,NA,NA,1,NA,NA,1,NA,NA,1,NA,NA,1,NA,NA
unknown_lab,spky,1997,male,United States,United States,FALSE,NA,,NA,14,FALSE,NA,FALSE,NA,34,9,-10,-1.1944280826109728,0,l,140,0,NA,100,0,-0,0,English,NA,NA,1,NA,NA,0,NA,NA,1,NA,NA,1,NA,NA,1,NA,NA,1,NA,NA
unknown_lab,spky,1997,male,United States,United States,FALSE,NA,,NA,14,FALSE,NA,FALSE,NA,34,12,5,0.5676685773402819,p,h,155,1,0.125,40,40,40,4.092443014020803,English,NA,NA,1,NA,NA,0,NA,NA,1,NA,NA,1,NA,NA,1,NA,NA,1,NA,NA
unknown_lab,spky,1997,male,United States,United States,FALSE,NA,,NA,14,FALSE,NA,FALSE,NA,34,12,5,0.5676685773402819,p,h,155,1,0.16666666666666666,40,30,30,3.1564128700055254,English,NA,NA,1,NA,NA,0,NA,NA,1,NA,NA,1,NA,NA,1,NA,NA,1,NA,NA
unknown_lab,spky,1997,male,United States,United States,FALSE,NA,,NA,14,FALSE,NA,FALSE,NA,34,9,-10,-1.1944280826109728,n,l,140,1,0.5,100,20,-20,-2.477410529609116,English,NA,NA,1,NA,NA,0,NA,NA,1,NA,NA,1,NA,NA,1,NA,NA,1,NA,NA
unknown_lab,spky,1997,male,United States,United States,FALSE,NA,,NA,14,FALSE,NA,FALSE,NA,34,12,5,0.5676685773402819,p,h,155,1,0.5,140,10,10,1.1173128526977774,English,NA,NA,1,NA,NA,0,NA,NA,1,NA,NA,1,NA,NA,1,NA,NA,1,NA,NA
unknown_lab,spky,1997,male,United States,United States,FALSE,NA,,NA,14,FALSE,NA,FALSE,NA,34,12,5,0.5676685773402819,n,h,155,0,-0.16666666666666666,100,30,-30,-3.8631371386483475,English,NA,NA,1,NA,NA,0,NA,NA,1,NA,NA,1,NA,NA,1,NA,NA,1,NA,NA
unknown_lab,spky,1997,male,United States,United States,FALSE,NA,,NA,14,FALSE,NA,FALSE,NA,34,10,-5,-0.5869152057713568,n,l,145,1,0.5,60,10,-10,-1.1944280826109728,English,NA,NA,1,NA,NA,0,NA,NA,1,NA,NA,1,NA,NA,1,NA,NA,1,NA,NA
unknown_lab,spky,1997,male,United States,United States,FALSE,NA,,NA,14,FALSE,NA,FALSE,NA,34,9,-10,-1.1944280826109728,n,l,140,1,0.25,120,40,-40,-5.369507723654657,English,NA,NA,1,NA,NA,0,NA,NA,1,NA,NA,1,NA,NA,1,NA,NA,1,NA,NA
unknown_lab,spky,1997,male,United States,United States,FALSE,NA,,NA,14,FALSE,NA,FALSE,NA,34,11,0,0,n,m,150,0,-0,60,20,-20,-2.477410529609116,English,NA,NA,1,NA,NA,0,NA,NA,1,NA,NA,1,NA,NA,1,NA,NA,1,NA,NA
unknown_lab,spky,1997,male,United States,United States,FALSE,NA,,NA,14,FALSE,NA,FALSE,NA,34,9,-10,-1.1944280826109728,n,l,140,1,0.25,140,40,-40,-5.369507723654657,English,NA,NA,1,NA,NA,0,NA,NA,1,NA,NA,1,NA,NA,1,NA,NA,1,NA,NA
unknown_lab,spky,1997,male,United States,United States,FALSE,NA,,NA,14,FALSE,NA,FALSE,NA,34,12,5,0.5676685773402819,p,h,155,1,0.125,100,40,40,4.092443014020803,English,NA,NA,1,NA,NA,0,NA,NA,1,NA,NA,1,NA,NA,1,NA,NA,1,NA,NA
unknown_lab,spky,1997,male,United States,United States,FALSE,NA,,NA,14,FALSE,NA,FALSE,NA,34,11,0,0,p,m,150,0,0,100,30,30,3.1564128700055254,English,NA,NA,1,NA,NA,0,NA,NA,1,NA,NA,1,NA,NA,1,NA,NA,1,NA,NA
unknown_lab,spky,1997,male,United States,United States,FALSE,NA,,NA,14,FALSE,NA,FALSE,NA,34,11,0,0,n,m,150,0,-0,20,30,-30,-3.8631371386483475,English,NA,NA,1,NA,NA,0,NA,NA,1,NA,NA,1,NA,NA,1,NA,NA,1,NA,NA
unknown_lab,spky,1997,male,United States,United States,FALSE,NA,,NA,14,FALSE,NA,FALSE,NA,34,12,5,0.5676685773402819,p,h,155,1,0.25,40,20,20,2.16686694770185,English,NA,NA,1,NA,NA,0,NA,NA,1,NA,NA,1,NA,NA,1,NA,NA,1,NA,NA
unknown_lab,spky,1997,male,United States,United States,FALSE,NA,,NA,14,FALSE,NA,FALSE,NA,34,9,-10,-1.1944280826109728,p,l,140,0,-0.25,80,40,40,4.092443014020803,English,NA,NA,1,NA,NA,0,NA,NA,1,NA,NA,1,NA,NA,1,NA,NA,1,NA,NA
unknown_lab,spky,1997,male,United States,United States,FALSE,NA,,NA,14,FALSE,NA,FALSE,NA,34,11,0,0,p,m,150,0,0,20,10,10,1.1173128526977774,English,NA,NA,1,NA,NA,0,NA,NA,1,NA,NA,1,NA,NA,1,NA,NA,1,NA,NA
unknown_lab,spky,1997,male,United States,United States,FALSE,NA,,NA,14,FALSE,NA,FALSE,NA,34,11,0,0,0,m,150,1,NA,140,0,-0,0,English,NA,NA,1,NA,NA,0,NA,NA,1,NA,NA,1,NA,NA,1,NA,NA,1,NA,NA
unknown_lab,spky,1997,male,United States,United States,FALSE,NA,,NA,14,FALSE,NA,FALSE,NA,34,10,-5,-0.5869152057713568,p,l,145,0,-0.16666666666666666,20,30,30,3.1564128700055254,English,NA,NA,1,NA,NA,0,NA,NA,1,NA,NA,1,NA,NA,1,NA,NA,1,NA,NA
unknown_lab,spky,1997,male,United States,United States,FALSE,NA,,NA,14,FALSE,NA,FALSE,NA,34,9,-10,-1.1944280826109728,n,l,140,1,0.5,140,20,-20,-2.477410529609116,English,NA,NA,1,NA,NA,0,NA,NA,1,NA,NA,1,NA,NA,1,NA,NA,1,NA,NA
unknown_lab,spky,1997,male,United States,United States,FALSE,NA,,NA,14,FALSE,NA,FALSE,NA,34,10,-5,-0.5869152057713568,p,l,145,0,-0.125,60,40,40,4.092443014020803,English,NA,NA,1,NA,NA,0,NA,NA,1,NA,NA,1,NA,NA,1,NA,NA,1,NA,NA
unknown_lab,spky,1997,male,United States,United States,FALSE,NA,,NA,14,FALSE,NA,FALSE,NA,34,9,-10,-1.1944280826109728,p,l,140,0,-0.3333333333333333,120,30,30,3.1564128700055254,English,NA,NA,1,NA,NA,0,NA,NA,1,NA,NA,1,NA,NA,1,NA,NA,1,NA,NA
unknown_lab,spky,1997,male,United States,United States,FALSE,NA,,NA,14,FALSE,NA,FALSE,NA,34,12,5,0.5676685773402819,p,h,155,1,0.25,60,20,20,2.16686694770185,English,NA,NA,1,NA,NA,0,NA,NA,1,NA,NA,1,NA,NA,1,NA,NA,1,NA,NA
unknown_lab,spky,1997,male,United States,United States,FALSE,NA,,NA,14,FALSE,NA,FALSE,NA,34,10,-5,-0.5869152057713568,n,l,145,1,0.5,140,10,-10,-1.1944280826109728,English,NA,NA,1,NA,NA,0,NA,NA,1,NA,NA,1,NA,NA,1,NA,NA,1,NA,NA
unknown_lab,spky,1997,male,United States,United States,FALSE,NA,,NA,14,FALSE,NA,FALSE,NA,34,10,-5,-0.5869152057713568,p,l,145,0,-0.5,40,10,10,1.1173128526977774,English,NA,NA,1,NA,NA,0,NA,NA,1,NA,NA,1,NA,NA,1,NA,NA,1,NA,NA
unknown_lab,spky,1997,male,United States,United States,FALSE,NA,,NA,14,FALSE,NA,FALSE,NA,34,11,0,0,0,m,150,1,NA,40,0,-0,0,English,NA,NA,1,NA,NA,0,NA,NA,1,NA,NA,1,NA,NA,1,NA,NA,1,NA,NA
unknown_lab,spky,1997,male,United States,United States,FALSE,NA,,NA,14,FALSE,NA,FALSE,NA,34,11,0,0,p,m,150,0,0,140,30,30,3.1564128700055254,English,NA,NA,1,NA,NA,0,NA,NA,1,NA,NA,1,NA,NA,1,NA,NA,1,NA,NA
unknown_lab,spky,1997,male,United States,United States,FALSE,NA,,NA,14,FALSE,NA,FALSE,NA,34,10,-5,-0.5869152057713568,n,l,145,1,0.5,20,10,-10,-1.1944280826109728,English,NA,NA,1,NA,NA,0,NA,NA,1,NA,NA,1,NA,NA,1,NA,NA,1,NA,NA
unknown_lab,spky,1997,male,United States,United States,FALSE,NA,,NA,14,FALSE,NA,FALSE,NA,34,11,0,0,p,m,150,0,0,120,20,20,2.16686694770185,English,NA,NA,1,NA,NA,0,NA,NA,1,NA,NA,1,NA,NA,1,NA,NA,1,NA,NA
unknown_lab,spky,1997,male,United States,United States,FALSE,NA,,NA,14,FALSE,NA,FALSE,NA,34,10,-5,-0.5869152057713568,n,l,145,1,0.25,80,20,-20,-2.477410529609116,English,NA,NA,1,NA,NA,0,NA,NA,1,NA,NA,1,NA,NA,1,NA,NA,1,NA,NA
unknown_lab,spky,1997,male,United States,United States,FALSE,NA,,NA,14,FALSE,NA,FALSE,NA,34,10,-5,-0.5869152057713568,n,l,145,1,0.16666666666666666,60,30,-30,-3.8631371386483475,English,NA,NA,1,NA,NA,0,NA,NA,1,NA,NA,1,NA,NA,1,NA,NA,1,NA,NA
unknown_lab,spky,1997,male,United States,United States,FALSE,NA,,NA,14,FALSE,NA,FALSE,NA,34,12,5,0.5676685773402819,n,h,155,0,-0.25,40,20,-20,-2.477410529609116,English,NA,NA,1,NA,NA,0,NA,NA,1,NA,NA,1,NA,NA,1,NA,NA,1,NA,NA
unknown_lab,spky,1997,male,United States,United States,FALSE,NA,,NA,14,FALSE,NA,FALSE,NA,34,11,0,0,0,m,150,1,NA,20,0,-0,0,English,NA,NA,1,NA,NA,0,NA,NA,1,NA,NA,1,NA,NA,1,NA,NA,1,NA,NA
unknown_lab,spky,1997,male,United States,United States,FALSE,NA,,NA,14,FALSE,NA,FALSE,NA,34,14,15,1.6500422849992202,p,h,165,1,0.375,120,40,40,4.092443014020803,English,NA,NA,1,NA,NA,0,NA,NA,1,NA,NA,1,NA,NA,1,NA,NA,1,NA,NA
unknown_lab,spky,1997,male,United States,United States,FALSE,NA,,NA,14,FALSE,NA,FALSE,NA,34,10,-5,-0.5869152057713568,n,l,145,1,0.125,40,40,-40,-5.369507723654657,English,NA,NA,1,NA,NA,0,NA,NA,1,NA,NA,1,NA,NA,1,NA,NA,1,NA,NA
unknown_lab,spky,1997,male,United States,United States,FALSE,NA,,NA,14,FALSE,NA,FALSE,NA,34,12,5,0.5676685773402819,p,h,155,1,0.125,20,40,40,4.092443014020803,English,NA,NA,1,NA,NA,0,NA,NA,1,NA,NA,1,NA,NA,1,NA,NA,1,NA,NA
unknown_lab,spky,1997,male,United States,United States,FALSE,NA,,NA,14,FALSE,NA,FALSE,NA,34,10,-5,-0.5869152057713568,n,l,145,1,0.16666666666666666,140,30,-30,-3.8631371386483475,English,NA,NA,1,NA,NA,0,NA,NA,1,NA,NA,1,NA,NA,1,NA,NA,1,NA,NA
unknown_lab,spky,1997,male,United States,United States,FALSE,NA,,NA,14,FALSE,NA,FALSE,NA,34,12,5,0.5676685773402819,n,h,155,0,-0.125,80,40,-40,-5.369507723654657,English,NA,NA,1,NA,NA,0,NA,NA,1,NA,NA,1,NA,NA,1,NA,NA,1,NA,NA
unknown_lab,spky,1997,male,United States,United States,FALSE,NA,,NA,14,FALSE,NA,FALSE,NA,34,13,10,1.1173128526977774,p,h,160,1,1,100,10,10,1.1173128526977774,English,NA,NA,1,NA,NA,0,NA,NA,1,NA,NA,1,NA,NA,1,NA,NA,1,NA,NA
unknown_lab,spky,1997,male,United States,United States,FALSE,NA,,NA,14,FALSE,NA,FALSE,NA,34,11,0,0,0,m,150,1,NA,60,0,-0,0,English,NA,NA,1,NA,NA,0,NA,NA,1,NA,NA,1,NA,NA,1,NA,NA,1,NA,NA
unknown_lab,spky,1997,male,United States,United States,FALSE,NA,,NA,14,FALSE,NA,FALSE,NA,34,11,0,0,n,m,150,0,-0,120,10,-10,-1.1944280826109728,English,NA,NA,1,NA,NA,0,NA,NA,1,NA,NA,1,NA,NA,1,NA,NA,1,NA,NA
unknown_lab,spky,1997,male,United States,United States,FALSE,NA,,NA,14,FALSE,NA,FALSE,NA,34,11,0,0,p,m,150,0,0,20,20,20,2.16686694770185,English,NA,NA,1,NA,NA,0,NA,NA,1,NA,NA,1,NA,NA,1,NA,NA,1,NA,NA
unknown_lab,spky,1997,male,United States,United States,FALSE,NA,,NA,14,FALSE,NA,FALSE,NA,34,11,0,0,n,m,150,0,-0,100,40,-40,-5.369507723654657,English,NA,NA,1,NA,NA,0,NA,NA,1,NA,NA,1,NA,NA,1,NA,NA,1,NA,NA
unknown_lab,spky,1997,male,United States,United States,FALSE,NA,,NA,14,FALSE,NA,FALSE,NA,34,11,0,0,n,m,150,0,-0,80,10,-10,-1.1944280826109728,English,NA,NA,1,NA,NA,0,NA,NA,1,NA,NA,1,NA,NA,1,NA,NA,1,NA,NA
unknown_lab,spky,1997,male,United States,United States,FALSE,NA,,NA,14,FALSE,NA,FALSE,NA,34,11,0,0,n,m,150,0,-0,100,10,-10,-1.1944280826109728,English,NA,NA,1,NA,NA,0,NA,NA,1,NA,NA,1,NA,NA,1,NA,NA,1,NA,NA
unknown_lab,spky,1997,male,United States,United States,FALSE,NA,,NA,14,FALSE,NA,FALSE,NA,34,9,-10,-1.1944280826109728,n,l,140,1,0.5,120,20,-20,-2.477410529609116,English,NA,NA,1,NA,NA,0,NA,NA,1,NA,NA,1,NA,NA,1,NA,NA,1,NA,NA
unknown_lab,spky,1997,male,United States,United States,FALSE,NA,,NA,14,FALSE,NA,FALSE,NA,34,11,0,0,0,m,150,1,NA,80,0,-0,0,English,NA,NA,1,NA,NA,0,NA,NA,1,NA,NA,1,NA,NA,1,NA,NA,1,NA,NA
unknown_lab,spky,1997,male,United States,United States,FALSE,NA,,NA,14,FALSE,NA,FALSE,NA,34,10,-5,-0.5869152057713568,p,l,145,0,-0.125,140,40,40,4.092443014020803,English,NA,NA,1,NA,NA,0,NA,NA,1,NA,NA,1,NA,NA,1,NA,NA,1,NA,NA
unknown_lab,spky,1997,male,United States,United States,FALSE,NA,,NA,14,FALSE,NA,FALSE,NA,34,10,-5,-0.5869152057713568,p,l,145,0,-0.16666666666666666,60,30,30,3.1564128700055254,English,NA,NA,1,NA,NA,0,NA,NA,1,NA,NA,1,NA,NA,1,NA,NA,1,NA,NA
unknown_lab,spky,1997,male,United States,United States,FALSE,NA,,NA,14,FALSE,NA,FALSE,NA,34,11,0,0,n,m,150,0,-0,20,20,-20,-2.477410529609116,English,NA,NA,1,NA,NA,0,NA,NA,1,NA,NA,1,NA,NA,1,NA,NA,1,NA,NA
unknown_lab,spky,1997,male,United States,United States,FALSE,NA,,NA,14,FALSE,NA,FALSE,NA,34,10,-5,-0.5869152057713568,n,l,145,1,0.16666666666666666,40,30,-30,-3.8631371386483475,English,NA,NA,1,NA,NA,0,NA,NA,1,NA,NA,1,NA,NA,1,NA,NA,1,NA,NA
unknown_lab,spky,1997,male,United States,United States,FALSE,NA,,NA,14,FALSE,NA,FALSE,NA,34,11,0,0,n,m,150,0,-0,80,30,-30,-3.8631371386483475,English,NA,NA,1,NA,NA,0,NA,NA,1,NA,NA,1,NA,NA,1,NA,NA,1,NA,NA
unknown_lab,spky,1997,male,United States,United States,FALSE,NA,,NA,14,FALSE,NA,FALSE,NA,34,12,5,0.5676685773402819,p,h,155,1,0.5,120,10,10,1.1173128526977774,English,NA,NA,1,NA,NA,0,NA,NA,1,NA,NA,1,NA,NA,1,NA,NA,1,NA,NA
unknown_lab,spky,1997,male,United States,United States,FALSE,NA,,NA,14,FALSE,NA,FALSE,NA,34,12,5,0.5676685773402819,p,h,155,1,0.16666666666666666,80,30,30,3.1564128700055254,English,NA,NA,1,NA,NA,0,NA,NA,1,NA,NA,1,NA,NA,1,NA,NA,1,NA,NA
unknown_lab,spky,1997,male,United States,United States,FALSE,NA,,NA,14,FALSE,NA,FALSE,NA,34,11,0,0,p,m,150,0,0,100,20,20,2.16686694770185,English,NA,NA,1,NA,NA,0,NA,NA,1,NA,NA,1,NA,NA,1,NA,NA,1,NA,NA
unknown_lab,spky,1997,male,United States,United States,FALSE,NA,,NA,14,FALSE,NA,FALSE,NA,34,10,-5,-0.5869152057713568,n,l,145,1,0.125,60,40,-40,-5.369507723654657,English,NA,NA,1,NA,NA,0,NA,NA,1,NA,NA,1,NA,NA,1,NA,NA,1,NA,NA
unknown_lab,spky,1997,male,United States,United States,FALSE,NA,,NA,14,FALSE,NA,FALSE,NA,34,10,-5,-0.5869152057713568,n,l,145,1,0.5,40,10,-10,-1.1944280826109728,English,NA,NA,1,NA,NA,0,NA,NA,1,NA,NA,1,NA,NA,1,NA,NA,1,NA,NA
unknown_lab,spky,1997,male,United States,United States,FALSE,NA,,NA,14,FALSE,NA,FALSE,NA,34,11,0,0,n,m,150,0,-0,120,30,-30,-3.8631371386483475,English,NA,NA,1,NA,NA,0,NA,NA,1,NA,NA,1,NA,NA,1,NA,NA,1,NA,NA
unknown_lab,spky,1997,male,United States,United States,FALSE,NA,,NA,14,FALSE,NA,FALSE,NA,34,11,0,0,p,m,150,0,0,60,20,20,2.16686694770185,English,NA,NA,1,NA,NA,0,NA,NA,1,NA,NA,1,NA,NA,1,NA,NA,1,NA,NA
unknown_lab,spky,1997,male,United States,United States,FALSE,NA,,NA,14,FALSE,NA,FALSE,NA,34,11,0,0,0,m,150,1,NA,80,0,-0,0,English,NA,NA,1,NA,NA,0,NA,NA,1,NA,NA,1,NA,NA,1,NA,NA,1,NA,NA
unknown_lab,spky,1997,male,United States,United States,FALSE,NA,,NA,14,FALSE,NA,FALSE,NA,34,11,0,0,p,m,150,0,0,100,20,20,2.16686694770185,English,NA,NA,1,NA,NA,0,NA,NA,1,NA,NA,1,NA,NA,1,NA,NA,1,NA,NA
unknown_lab,spky,1997,male,United States,United States,FALSE,NA,,NA,14,FALSE,NA,FALSE,NA,34,12,5,0.5676685773402819,p,h,155,1,0.25,80,20,20,2.16686694770185,English,NA,NA,1,NA,NA,0,NA,NA,1,NA,NA,1,NA,NA,1,NA,NA,1,NA,NA
unknown_lab,spky,1997,male,United States,United States,FALSE,NA,,NA,14,FALSE,NA,FALSE,NA,34,10,-5,-0.5869152057713568,n,l,145,1,0.5,80,10,-10,-1.1944280826109728,English,NA,NA,1,NA,NA,0,NA,NA,1,NA,NA,1,NA,NA,1,NA,NA,1,NA,NA
unknown_lab,spky,1997,male,United States,United States,FALSE,NA,,NA,14,FALSE,NA,FALSE,NA,34,11,0,0,p,m,150,0,0,40,20,20,2.16686694770185,English,NA,NA,1,NA,NA,0,NA,NA,1,NA,NA,1,NA,NA,1,NA,NA,1,NA,NA
unknown_lab,spky,1997,male,United States,United States,FALSE,NA,,NA,14,FALSE,NA,FALSE,NA,34,9,-10,-1.1944280826109728,n,l,140,1,0.5,140,20,-20,-2.477410529609116,English,NA,NA,1,NA,NA,0,NA,NA,1,NA,NA,1,NA,NA,1,NA,NA,1,NA,NA
unknown_lab,spky,1997,male,United States,United States,FALSE,NA,,NA,14,FALSE,NA,FALSE,NA,34,12,5,0.5676685773402819,p,h,155,1,0.5,140,10,10,1.1173128526977774,English,NA,NA,1,NA,NA,0,NA,NA,1,NA,NA,1,NA,NA,1,NA,NA,1,NA,NA
unknown_lab,spky,1997,male,United States,United States,FALSE,NA,,NA,14,FALSE,NA,FALSE,NA,34,11,0,0,p,m,150,0,0,140,40,40,4.092443014020803,English,NA,NA,1,NA,NA,0,NA,NA,1,NA,NA,1,NA,NA,1,NA,NA,1,NA,NA
unknown_lab,spky,1997,male,United States,United States,FALSE,NA,,NA,14,FALSE,NA,FALSE,NA,34,10,-5,-0.5869152057713568,p,l,145,0,-0.16666666666666666,140,30,30,3.1564128700055254,English,NA,NA,1,NA,NA,0,NA,NA,1,NA,NA,1,NA,NA,1,NA,NA,1,NA,NA
unknown_lab,spky,1997,male,United States,United States,FALSE,NA,,NA,14,FALSE,NA,FALSE,NA,34,11,0,0,n,m,150,0,-0,100,40,-40,-5.369507723654657,English,NA,NA,1,NA,NA,0,NA,NA,1,NA,NA,1,NA,NA,1,NA,NA,1,NA,NA
unknown_lab,spky,1997,male,United States,United States,FALSE,NA,,NA,14,FALSE,NA,FALSE,NA,34,10,-5,-0.5869152057713568,p,l,145,0,-0.125,20,40,40,4.092443014020803,English,NA,NA,1,NA,NA,0,NA,NA,1,NA,NA,1,NA,NA,1,NA,NA,1,NA,NA
unknown_lab,spky,1997,male,United States,United States,FALSE,NA,,NA,14,FALSE,NA,FALSE,NA,34,10,-5,-0.5869152057713568,p,l,145,0,-0.5,40,10,10,1.1173128526977774,English,NA,NA,1,NA,NA,0,NA,NA,1,NA,NA,1,NA,NA,1,NA,NA,1,NA,NA
unknown_lab,spky,1997,male,United States,United States,FALSE,NA,,NA,14,FALSE,NA,FALSE,NA,34,12,5,0.5676685773402819,p,h,155,1,0.5,80,10,10,1.1173128526977774,English,NA,NA,1,NA,NA,0,NA,NA,1,NA,NA,1,NA,NA,1,NA,NA,1,NA,NA
unknown_lab,spky,1997,male,United States,United States,FALSE,NA,,NA,14,FALSE,NA,FALSE,NA,34,10,-5,-0.5869152057713568,n,l,145,1,0.125,20,40,-40,-5.369507723654657,English,NA,NA,1,NA,NA,0,NA,NA,1,NA,NA,1,NA,NA,1,NA,NA,1,NA,NA
unknown_lab,spky,1997,male,United States,United States,FALSE,NA,,NA,14,FALSE,NA,FALSE,NA,34,10,-5,-0.5869152057713568,n,l,145,1,0.125,40,40,-40,-5.369507723654657,English,NA,NA,1,NA,NA,0,NA,NA,1,NA,NA,1,NA,NA,1,NA,NA,1,NA,NA
unknown_lab,spky,1997,male,United States,United States,FALSE,NA,,NA,14,FALSE,NA,FALSE,NA,34,12,5,0.5676685773402819,p,h,155,1,0.16666666666666666,80,30,30,3.1564128700055254,English,NA,NA,1,NA,NA,0,NA,NA,1,NA,NA,1,NA,NA,1,NA,NA,1,NA,NA
unknown_lab,spky,1997,male,United States,United States,FALSE,NA,,NA,14,FALSE,NA,FALSE,NA,34,9,-10,-1.1944280826109728,n,l,140,1,0.25,120,40,-40,-5.369507723654657,English,NA,NA,1,NA,NA,0,NA,NA,1,NA,NA,1,NA,NA,1,NA,NA,1,NA,NA
unknown_lab,spky,1997,male,United States,United States,FALSE,NA,,NA,14,FALSE,NA,FALSE,NA,34,8,-15,-1.8240371213405995,n,l,135,1,0.5,100,30,-30,-3.8631371386483475,English,NA,NA,1,NA,NA,0,NA,NA,1,NA,NA,1,NA,NA,1,NA,NA,1,NA,NA
unknown_lab,spky,1997,male,United States,United States,FALSE,NA,,NA,14,FALSE,NA,FALSE,NA,34,12,5,0.5676685773402819,n,h,155,0,-0.5,20,10,-10,-1.1944280826109728,English,NA,NA,1,NA,NA,0,NA,NA,1,NA,NA,1,NA,NA,1,NA,NA,1,NA,NA
unknown_lab,spky,1997,male,United States,United States,FALSE,NA,,NA,14,FALSE,NA,FALSE,NA,34,12,5,0.5676685773402819,0,h,155,0,NA,140,0,-0,0,English,NA,NA,1,NA,NA,0,NA,NA,1,NA,NA,1,NA,NA,1,NA,NA,1,NA,NA
unknown_lab,spky,1997,male,United States,United States,FALSE,NA,,NA,14,FALSE,NA,FALSE,NA,34,11,0,0,p,m,150,0,0,20,10,10,1.1173128526977774,English,NA,NA,1,NA,NA,0,NA,NA,1,NA,NA,1,NA,NA,1,NA,NA,1,NA,NA
unknown_lab,spky,1997,male,United States,United States,FALSE,NA,,NA,14,FALSE,NA,FALSE,NA,34,11,0,0,0,m,150,1,NA,60,0,-0,0,English,NA,NA,1,NA,NA,0,NA,NA,1,NA,NA,1,NA,NA,1,NA,NA,1,NA,NA
unknown_lab,spky,1997,male,United States,United States,FALSE,NA,,NA,14,FALSE,NA,FALSE,NA,34,12,5,0.5676685773402819,p,h,155,1,0.16666666666666666,100,30,30,3.1564128700055254,English,NA,NA,1,NA,NA,0,NA,NA,1,NA,NA,1,NA,NA,1,NA,NA,1,NA,NA
unknown_lab,spky,1997,male,United States,United States,FALSE,NA,,NA,14,FALSE,NA,FALSE,NA,34,9,-10,-1.1944280826109728,n,l,140,1,0.3333333333333333,140,30,-30,-3.8631371386483475,English,NA,NA,1,NA,NA,0,NA,NA,1,NA,NA,1,NA,NA,1,NA,NA,1,NA,NA
unknown_lab,spky,1997,male,United States,United States,FALSE,NA,,NA,14,FALSE,NA,FALSE,NA,34,12,5,0.5676685773402819,n,h,155,0,-0.25,100,20,-20,-2.477410529609116,English,NA,NA,1,NA,NA,0,NA,NA,1,NA,NA,1,NA,NA,1,NA,NA,1,NA,NA
unknown_lab,spky,1997,male,United States,United States,FALSE,NA,,NA,14,FALSE,NA,FALSE,NA,34,10,-5,-0.5869152057713568,n,l,145,1,0.25,120,20,-20,-2.477410529609116,English,NA,NA,1,NA,NA,0,NA,NA,1,NA,NA,1,NA,NA,1,NA,NA,1,NA,NA
unknown_lab,spky,1997,male,United States,United States,FALSE,NA,,NA,14,FALSE,NA,FALSE,NA,34,12,5,0.5676685773402819,0,h,155,0,NA,40,0,-0,0,English,NA,NA,1,NA,NA,0,NA,NA,1,NA,NA,1,NA,NA,1,NA,NA,1,NA,NA
unknown_lab,spky,1997,male,United States,United States,FALSE,NA,,NA,14,FALSE,NA,FALSE,NA,34,11,0,0,n,m,150,0,-0,60,40,-40,-5.369507723654657,English,NA,NA,1,NA,NA,0,NA,NA,1,NA,NA,1,NA,NA,1,NA,NA,1,NA,NA
unknown_lab,spky,1997,male,United States,United States,FALSE,NA,,NA,14,FALSE,NA,FALSE,NA,34,10,-5,-0.5869152057713568,0,l,145,0,NA,100,0,-0,0,English,NA,NA,1,NA,NA,0,NA,NA,1,NA,NA,1,NA,NA,1,NA,NA,1,NA,NA
unknown_lab,spky,1997,male,United States,United States,FALSE,NA,,NA,14,FALSE,NA,FALSE,NA,34,11,0,0,p,m,150,0,0,40,40,40,4.092443014020803,English,NA,NA,1,NA,NA,0,NA,NA,1,NA,NA,1,NA,NA,1,NA,NA,1,NA,NA
unknown_lab,spky,1997,male,United States,United States,FALSE,NA,,NA,14,FALSE,NA,FALSE,NA,34,11,0,0,n,m,150,0,-0,40,20,-20,-2.477410529609116,English,NA,NA,1,NA,NA,0,NA,NA,1,NA,NA,1,NA,NA,1,NA,NA,1,NA,NA
unknown_lab,spky,1997,male,United States,United States,FALSE,NA,,NA,14,FALSE,NA,FALSE,NA,34,11,0,0,p,m,150,0,0,120,20,20,2.16686694770185,English,NA,NA,1,NA,NA,0,NA,NA,1,NA,NA,1,NA,NA,1,NA,NA,1,NA,NA
unknown_lab,spky,1997,male,United States,United States,FALSE,NA,,NA,14,FALSE,NA,FALSE,NA,34,11,0,0,p,m,150,0,0,60,40,40,4.092443014020803,English,NA,NA,1,NA,NA,0,NA,NA,1,NA,NA,1,NA,NA,1,NA,NA,1,NA,NA
unknown_lab,spky,1997,male,United States,United States,FALSE,NA,,NA,14,FALSE,NA,FALSE,NA,34,11,0,0,p,m,150,0,0,60,30,30,3.1564128700055254,English,NA,NA,1,NA,NA,0,NA,NA,1,NA,NA,1,NA,NA,1,NA,NA,1,NA,NA
unknown_lab,spky,1997,male,United States,United States,FALSE,NA,,NA,14,FALSE,NA,FALSE,NA,34,10,-5,-0.5869152057713568,p,l,145,0,-0.16666666666666666,20,30,30,3.1564128700055254,English,NA,NA,1,NA,NA,0,NA,NA,1,NA,NA,1,NA,NA,1,NA,NA,1,NA,NA
unknown_lab,spky,1997,male,United States,United States,FALSE,NA,,NA,14,FALSE,NA,FALSE,NA,34,12,5,0.5676685773402819,p,h,155,1,0.16666666666666666,120,30,30,3.1564128700055254,English,NA,NA,1,NA,NA,0,NA,NA,1,NA,NA,1,NA,NA,1,NA,NA,1,NA,NA
unknown_lab,spky,1997,male,United States,United States,FALSE,NA,,NA,14,FALSE,NA,FALSE,NA,34,10,-5,-0.5869152057713568,n,l,145,1,0.5,140,10,-10,-1.1944280826109728,English,NA,NA,1,NA,NA,0,NA,NA,1,NA,NA,1,NA,NA,1,NA,NA,1,NA,NA
unknown_lab,spky,1997,male,United States,United States,FALSE,NA,,NA,14,FALSE,NA,FALSE,NA,34,11,0,0,n,m,150,0,-0,80,40,-40,-5.369507723654657,English,NA,NA,1,NA,NA,0,NA,NA,1,NA,NA,1,NA,NA,1,NA,NA,1,NA,NA
unknown_lab,spky,1997,male,United States,United States,FALSE,NA,,NA,14,FALSE,NA,FALSE,NA,34,10,-5,-0.5869152057713568,p,l,145,0,-0.125,100,40,40,4.092443014020803,English,NA,NA,1,NA,NA,0,NA,NA,1,NA,NA,1,NA,NA,1,NA,NA,1,NA,NA
unknown_lab,spky,1997,male,United States,United States,FALSE,NA,,NA,14,FALSE,NA,FALSE,NA,34,11,0,0,n,m,150,0,-0,60,10,-10,-1.1944280826109728,English,NA,NA,1,NA,NA,0,NA,NA,1,NA,NA,1,NA,NA,1,NA,NA,1,NA,NA
unknown_lab,spky,1997,male,United States,United States,FALSE,NA,,NA,14,FALSE,NA,FALSE,NA,34,12,5,0.5676685773402819,n,h,155,0,-0.5,40,10,-10,-1.1944280826109728,English,NA,NA,1,NA,NA,0,NA,NA,1,NA,NA,1,NA,NA,1,NA,NA,1,NA,NA
unknown_lab,spky,1997,male,United States,United States,FALSE,NA,,NA,14,FALSE,NA,FALSE,NA,34,12,5,0.5676685773402819,n,h,155,0,-0.25,80,20,-20,-2.477410529609116,English,NA,NA,1,NA,NA,0,NA,NA,1,NA,NA,1,NA,NA,1,NA,NA,1,NA,NA
unknown_lab,spky,1997,male,United States,United States,FALSE,NA,,NA,14,FALSE,NA,FALSE,NA,34,9,-10,-1.1944280826109728,p,l,140,0,-0.25,120,40,40,4.092443014020803,English,NA,NA,1,NA,NA,0,NA,NA,1,NA,NA,1,NA,NA,1,NA,NA,1,NA,NA
unknown_lab,spky,1997,male,United States,United States,FALSE,NA,,NA,14,FALSE,NA,FALSE,NA,34,11,0,0,p,m,150,0,0,40,30,30,3.1564128700055254,English,NA,NA,1,NA,NA,0,NA,NA,1,NA,NA,1,NA,NA,1,NA,NA,1,NA,NA
unknown_lab,spky,1997,male,United States,United States,FALSE,NA,,NA,14,FALSE,NA,FALSE,NA,34,9,-10,-1.1944280826109728,n,l,140,1,0.3333333333333333,120,30,-30,-3.8631371386483475,English,NA,NA,1,NA,NA,0,NA,NA,1,NA,NA,1,NA,NA,1,NA,NA,1,NA,NA
unknown_lab,spky,1997,male,United States,United States,FALSE,NA,,NA,14,FALSE,NA,FALSE,NA,34,11,0,0,n,m,150,0,-0,100,10,-10,-1.1944280826109728,English,NA,NA,1,NA,NA,0,NA,NA,1,NA,NA,1,NA,NA,1,NA,NA,1,NA,NA
unknown_lab,spky,1997,male,United States,United States,FALSE,NA,,NA,14,FALSE,NA,FALSE,NA,34,10,-5,-0.5869152057713568,p,l,145,0,-0.125,80,40,40,4.092443014020803,English,NA,NA,1,NA,NA,0,NA,NA,1,NA,NA,1,NA,NA,1,NA,NA,1,NA,NA
unknown_lab,spky,1997,male,United States,United States,FALSE,NA,,NA,14,FALSE,NA,FALSE,NA,34,11,0,0,n,m,150,0,-0,40,30,-30,-3.8631371386483475,English,NA,NA,1,NA,NA,0,NA,NA,1,NA,NA,1,NA,NA,1,NA,NA,1,NA,NA
unknown_lab,spky,1997,male,United States,United States,FALSE,NA,,NA,14,FALSE,NA,FALSE,NA,34,10,-5,-0.5869152057713568,p,l,145,0,-0.5,60,10,10,1.1173128526977774,English,NA,NA,1,NA,NA,0,NA,NA,1,NA,NA,1,NA,NA,1,NA,NA,1,NA,NA
unknown_lab,spky,1997,male,United States,United States,FALSE,NA,,NA,14,FALSE,NA,FALSE,NA,34,11,0,0,n,m,150,0,-0,20,30,-30,-3.8631371386483475,English,NA,NA,1,NA,NA,0,NA,NA,1,NA,NA,1,NA,NA,1,NA,NA,1,NA,NA
unknown_lab,spky,1997,male,United States,United States,FALSE,NA,,NA,14,FALSE,NA,FALSE,NA,34,11,0,0,0,m,150,1,NA,20,0,-0,0,English,NA,NA,1,NA,NA,0,NA,NA,1,NA,NA,1,NA,NA,1,NA,NA,1,NA,NA
unknown_lab,spky,1997,male,United States,United States,FALSE,NA,,NA,14,FALSE,NA,FALSE,NA,34,10,-5,-0.5869152057713568,n,l,145,1,0.25,60,20,-20,-2.477410529609116,English,NA,NA,1,NA,NA,0,NA,NA,1,NA,NA,1,NA,NA,1,NA,NA,1,NA,NA
unknown_lab,spky,1997,male,United States,United States,FALSE,NA,,NA,14,FALSE,NA,FALSE,NA,34,10,-5,-0.5869152057713568,n,l,145,1,0.16666666666666666,60,30,-30,-3.8631371386483475,English,NA,NA,1,NA,NA,0,NA,NA,1,NA,NA,1,NA,NA,1,NA,NA,1,NA,NA
unknown_lab,spky,1997,male,United States,United States,FALSE,NA,,NA,14,FALSE,NA,FALSE,NA,34,10,-5,-0.5869152057713568,n,l,145,1,0.25,20,20,-20,-2.477410529609116,English,NA,NA,1,NA,NA,0,NA,NA,1,NA,NA,1,NA,NA,1,NA,NA,1,NA,NA
unknown_lab,spky,1997,male,United States,United States,FALSE,NA,,NA,14,FALSE,NA,FALSE,NA,34,10,-5,-0.5869152057713568,n,l,145,1,0.5,120,10,-10,-1.1944280826109728,English,NA,NA,1,NA,NA,0,NA,NA,1,NA,NA,1,NA,NA,1,NA,NA,1,NA,NA
unknown_lab,spky,1997,male,United States,United States,FALSE,NA,,NA,14,FALSE,NA,FALSE,NA,34,11,0,0,p,m,150,0,0,20,20,20,2.16686694770185,English,NA,NA,1,NA,NA,0,NA,NA,1,NA,NA,1,NA,NA,1,NA,NA,1,NA,NA
unknown_lab,spky,1997,male,United States,United States,FALSE,NA,,NA,14,FALSE,NA,FALSE,NA,34,12,5,0.5676685773402819,p,h,155,1,0.5,100,10,10,1.1173128526977774,English,NA,NA,1,NA,NA,0,NA,NA,1,NA,NA,1,NA,NA,1,NA,NA,1,NA,NA
unknown_lab,spky,1997,male,United States,United States,FALSE,NA,,NA,14,FALSE,NA,FALSE,NA,34,11,0,0,0,m,150,1,NA,120,0,-0,0,English,NA,NA,1,NA,NA,0,NA,NA,1,NA,NA,1,NA,NA,1,NA,NA,1,NA,NA
unknown_lab,spky,1997,male,United States,United States,FALSE,NA,,NA,14,FALSE,NA,FALSE,NA,34,10,-5,-0.5869152057713568,n,l,145,1,0.16666666666666666,80,30,-30,-3.8631371386483475,English,NA,NA,1,NA,NA,0,NA,NA,1,NA,NA,1,NA,NA,1,NA,NA,1,NA,NA
unknown_lab,spky,1997,male,United States,United States,FALSE,NA,,NA,14,FALSE,NA,FALSE,NA,34,10,-5,-0.5869152057713568,n,l,145,1,0.125,140,40,-40,-5.369507723654657,English,NA,NA,1,NA,NA,0,NA,NA,1,NA,NA,1,NA,NA,1,NA,NA,1,NA,NA
unknown_lab,spky,1997,male,United States,United States,FALSE,NA,,NA,14,FALSE,NA,FALSE,NA,34,12,5,0.5676685773402819,p,h,155,1,0.5,120,10,10,1.1173128526977774,English,NA,NA,1,NA,NA,0,NA,NA,1,NA,NA,1,NA,NA,1,NA,NA,1,NA,NA
unknown_lab,cxzr,2001,female,United States,United States,TRUE,TRUE,advanced,5,30,FALSE,NA,FALSE,NA,29,13,10,1.1173128526977774,p,h,160,1,0.3333333333333333,60,30,30,3.1564128700055254,English,NA,NA,1,NA,NA,0,NA,NA,1,NA,NA,1,NA,NA,1,NA,NA,1,NA,NA
unknown_lab,cxzr,2001,female,United States,United States,TRUE,TRUE,advanced,5,30,FALSE,NA,FALSE,NA,29,12,5,0.5676685773402819,n,h,155,0,-0.5,60,10,-10,-1.1944280826109728,English,NA,NA,1,NA,NA,0,NA,NA,1,NA,NA,1,NA,NA,1,NA,NA,1,NA,NA
unknown_lab,cxzr,2001,female,United States,United States,TRUE,TRUE,advanced,5,30,FALSE,NA,FALSE,NA,29,8,-15,-1.8240371213405995,n,l,135,1,0.5,120,30,-30,-3.8631371386483475,English,NA,NA,1,NA,NA,0,NA,NA,1,NA,NA,1,NA,NA,1,NA,NA,1,NA,NA
unknown_lab,cxzr,2001,female,United States,United States,TRUE,TRUE,advanced,5,30,FALSE,NA,FALSE,NA,29,11,0,0,p,m,150,0,0,40,20,20,2.16686694770185,English,NA,NA,1,NA,NA,0,NA,NA,1,NA,NA,1,NA,NA,1,NA,NA,1,NA,NA
unknown_lab,cxzr,2001,female,United States,United States,TRUE,TRUE,advanced,5,30,FALSE,NA,FALSE,NA,29,12,5,0.5676685773402819,0,h,155,0,NA,40,0,-0,0,English,NA,NA,1,NA,NA,0,NA,NA,1,NA,NA,1,NA,NA,1,NA,NA,1,NA,NA
unknown_lab,cxzr,2001,female,United States,United States,TRUE,TRUE,advanced,5,30,FALSE,NA,FALSE,NA,29,11,0,0,0,m,150,1,NA,100,0,-0,0,English,NA,NA,1,NA,NA,0,NA,NA,1,NA,NA,1,NA,NA,1,NA,NA,1,NA,NA
unknown_lab,cxzr,2001,female,United States,United States,TRUE,TRUE,advanced,5,30,FALSE,NA,FALSE,NA,29,10,-5,-0.5869152057713568,n,l,145,1,0.125,60,40,-40,-5.369507723654657,English,NA,NA,1,NA,NA,0,NA,NA,1,NA,NA,1,NA,NA,1,NA,NA,1,NA,NA
unknown_lab,cxzr,2001,female,United States,United States,TRUE,TRUE,advanced,5,30,FALSE,NA,FALSE,NA,29,9,-10,-1.1944280826109728,0,l,140,0,NA,120,0,-0,0,English,NA,NA,1,NA,NA,0,NA,NA,1,NA,NA,1,NA,NA,1,NA,NA,1,NA,NA
unknown_lab,cxzr,2001,female,United States,United States,TRUE,TRUE,advanced,5,30,FALSE,NA,FALSE,NA,29,12,5,0.5676685773402819,p,h,155,1,0.16666666666666666,80,30,30,3.1564128700055254,English,NA,NA,1,NA,NA,0,NA,NA,1,NA,NA,1,NA,NA,1,NA,NA,1,NA,NA
unknown_lab,cxzr,2001,female,United States,United States,TRUE,TRUE,advanced,5,30,FALSE,NA,FALSE,NA,29,12,5,0.5676685773402819,p,h,155,1,0.25,100,20,20,2.16686694770185,English,NA,NA,1,NA,NA,0,NA,NA,1,NA,NA,1,NA,NA,1,NA,NA,1,NA,NA
unknown_lab,cxzr,2001,female,United States,United States,TRUE,TRUE,advanced,5,30,FALSE,NA,FALSE,NA,29,9,-10,-1.1944280826109728,p,l,140,0,-0.5,120,20,20,2.16686694770185,English,NA,NA,1,NA,NA,0,NA,NA,1,NA,NA,1,NA,NA,1,NA,NA,1,NA,NA
unknown_lab,cxzr,2001,female,United States,United States,TRUE,TRUE,advanced,5,30,FALSE,NA,FALSE,NA,29,10,-5,-0.5869152057713568,n,l,145,1,0.25,80,20,-20,-2.477410529609116,English,NA,NA,1,NA,NA,0,NA,NA,1,NA,NA,1,NA,NA,1,NA,NA,1,NA,NA
unknown_lab,cxzr,2001,female,United States,United States,TRUE,TRUE,advanced,5,30,FALSE,NA,FALSE,NA,29,10,-5,-0.5869152057713568,n,l,145,1,0.25,120,20,-20,-2.477410529609116,English,NA,NA,1,NA,NA,0,NA,NA,1,NA,NA,1,NA,NA,1,NA,NA,1,NA,NA
unknown_lab,cxzr,2001,female,United States,United States,TRUE,TRUE,advanced,5,30,FALSE,NA,FALSE,NA,29,9,-10,-1.1944280826109728,n,l,140,1,0.3333333333333333,60,30,-30,-3.8631371386483475,English,NA,NA,1,NA,NA,0,NA,NA,1,NA,NA,1,NA,NA,1,NA,NA,1,NA,NA
unknown_lab,cxzr,2001,female,United States,United States,TRUE,TRUE,advanced,5,30,FALSE,NA,FALSE,NA,29,9,-10,-1.1944280826109728,n,l,140,1,0.3333333333333333,40,30,-30,-3.8631371386483475,English,NA,NA,1,NA,NA,0,NA,NA,1,NA,NA,1,NA,NA,1,NA,NA,1,NA,NA
unknown_lab,cxzr,2001,female,United States,United States,TRUE,TRUE,advanced,5,30,FALSE,NA,FALSE,NA,29,11,0,0,0,m,150,1,NA,140,0,-0,0,English,NA,NA,1,NA,NA,0,NA,NA,1,NA,NA,1,NA,NA,1,NA,NA,1,NA,NA
unknown_lab,cxzr,2001,female,United States,United States,TRUE,TRUE,advanced,5,30,FALSE,NA,FALSE,NA,29,9,-10,-1.1944280826109728,n,l,140,1,0.25,140,40,-40,-5.369507723654657,English,NA,NA,1,NA,NA,0,NA,NA,1,NA,NA,1,NA,NA,1,NA,NA,1,NA,NA
unknown_lab,cxzr,2001,female,United States,United States,TRUE,TRUE,advanced,5,30,FALSE,NA,FALSE,NA,29,12,5,0.5676685773402819,p,h,155,1,0.5,100,10,10,1.1173128526977774,English,NA,NA,1,NA,NA,0,NA,NA,1,NA,NA,1,NA,NA,1,NA,NA,1,NA,NA
unknown_lab,cxzr,2001,female,United States,United States,TRUE,TRUE,advanced,5,30,FALSE,NA,FALSE,NA,29,8,-15,-1.8240371213405995,n,l,135,1,1.5,40,10,-10,-1.1944280826109728,English,NA,NA,1,NA,NA,0,NA,NA,1,NA,NA,1,NA,NA,1,NA,NA,1,NA,NA
unknown_lab,cxzr,2001,female,United States,United States,TRUE,TRUE,advanced,5,30,FALSE,NA,FALSE,NA,29,10,-5,-0.5869152057713568,n,l,145,1,0.5,80,10,-10,-1.1944280826109728,English,NA,NA,1,NA,NA,0,NA,NA,1,NA,NA,1,NA,NA,1,NA,NA,1,NA,NA
unknown_lab,cxzr,2001,female,United States,United States,TRUE,TRUE,advanced,5,30,FALSE,NA,FALSE,NA,29,13,10,1.1173128526977774,p,h,160,1,1,120,10,10,1.1173128526977774,English,NA,NA,1,NA,NA,0,NA,NA,1,NA,NA,1,NA,NA,1,NA,NA,1,NA,NA
unknown_lab,cxzr,2001,female,United States,United States,TRUE,TRUE,advanced,5,30,FALSE,NA,FALSE,NA,29,9,-10,-1.1944280826109728,n,l,140,1,1,120,10,-10,-1.1944280826109728,English,NA,NA,1,NA,NA,0,NA,NA,1,NA,NA,1,NA,NA,1,NA,NA,1,NA,NA
unknown_lab,cxzr,2001,female,United States,United States,TRUE,TRUE,advanced,5,30,FALSE,NA,FALSE,NA,29,14,15,1.6500422849992202,p,h,165,1,0.375,60,40,40,4.092443014020803,English,NA,NA,1,NA,NA,0,NA,NA,1,NA,NA,1,NA,NA,1,NA,NA,1,NA,NA
unknown_lab,cxzr,2001,female,United States,United States,TRUE,TRUE,advanced,5,30,FALSE,NA,FALSE,NA,29,10,-5,-0.5869152057713568,p,l,145,0,-0.5,60,10,10,1.1173128526977774,English,NA,NA,1,NA,NA,0,NA,NA,1,NA,NA,1,NA,NA,1,NA,NA,1,NA,NA
unknown_lab,cxzr,2001,female,United States,United States,TRUE,TRUE,advanced,5,30,FALSE,NA,FALSE,NA,29,8,-15,-1.8240371213405995,n,l,135,1,0.75,100,20,-20,-2.477410529609116,English,NA,NA,1,NA,NA,0,NA,NA,1,NA,NA,1,NA,NA,1,NA,NA,1,NA,NA
unknown_lab,cxzr,2001,female,United States,United States,TRUE,TRUE,advanced,5,30,FALSE,NA,FALSE,NA,29,10,-5,-0.5869152057713568,n,l,145,1,0.16666666666666666,80,30,-30,-3.8631371386483475,English,NA,NA,1,NA,NA,0,NA,NA,1,NA,NA,1,NA,NA,1,NA,NA,1,NA,NA
unknown_lab,cxzr,2001,female,United States,United States,TRUE,TRUE,advanced,5,30,FALSE,NA,FALSE,NA,29,13,10,1.1173128526977774,p,h,160,1,0.25,40,40,40,4.092443014020803,English,NA,NA,1,NA,NA,0,NA,NA,1,NA,NA,1,NA,NA,1,NA,NA,1,NA,NA
unknown_lab,cxzr,2001,female,United States,United States,TRUE,TRUE,advanced,5,30,FALSE,NA,FALSE,NA,29,12,5,0.5676685773402819,n,h,155,0,-0.125,100,40,-40,-5.369507723654657,English,NA,NA,1,NA,NA,0,NA,NA,1,NA,NA,1,NA,NA,1,NA,NA,1,NA,NA
unknown_lab,cxzr,2001,female,United States,United States,TRUE,TRUE,advanced,5,30,FALSE,NA,FALSE,NA,29,12,5,0.5676685773402819,n,h,155,0,-0.16666666666666666,100,30,-30,-3.8631371386483475,English,NA,NA,1,NA,NA,0,NA,NA,1,NA,NA,1,NA,NA,1,NA,NA,1,NA,NA
unknown_lab,cxzr,2001,female,United States,United States,TRUE,TRUE,advanced,5,30,FALSE,NA,FALSE,NA,29,13,10,1.1173128526977774,p,h,160,1,0.3333333333333333,20,30,30,3.1564128700055254,English,NA,NA,1,NA,NA,0,NA,NA,1,NA,NA,1,NA,NA,1,NA,NA,1,NA,NA
unknown_lab,cxzr,2001,female,United States,United States,TRUE,TRUE,advanced,5,30,FALSE,NA,FALSE,NA,29,8,-15,-1.8240371213405995,n,l,135,1,0.375,80,40,-40,-5.369507723654657,English,NA,NA,1,NA,NA,0,NA,NA,1,NA,NA,1,NA,NA,1,NA,NA,1,NA,NA
unknown_lab,cxzr,2001,female,United States,United States,TRUE,TRUE,advanced,5,30,FALSE,NA,FALSE,NA,29,12,5,0.5676685773402819,p,h,155,1,0.25,80,20,20,2.16686694770185,English,NA,NA,1,NA,NA,0,NA,NA,1,NA,NA,1,NA,NA,1,NA,NA,1,NA,NA
unknown_lab,cxzr,2001,female,United States,United States,TRUE,TRUE,advanced,5,30,FALSE,NA,FALSE,NA,29,9,-10,-1.1944280826109728,n,l,140,1,1,100,10,-10,-1.1944280826109728,English,NA,NA,1,NA,NA,0,NA,NA,1,NA,NA,1,NA,NA,1,NA,NA,1,NA,NA
unknown_lab,cxzr,2001,female,United States,United States,TRUE,TRUE,advanced,5,30,FALSE,NA,FALSE,NA,29,8,-15,-1.8240371213405995,n,l,135,1,0.375,120,40,-40,-5.369507723654657,English,NA,NA,1,NA,NA,0,NA,NA,1,NA,NA,1,NA,NA,1,NA,NA,1,NA,NA
unknown_lab,cxzr,2001,female,United States,United States,TRUE,TRUE,advanced,5,30,FALSE,NA,FALSE,NA,29,13,10,1.1173128526977774,p,h,160,1,1,140,10,10,1.1173128526977774,English,NA,NA,1,NA,NA,0,NA,NA,1,NA,NA,1,NA,NA,1,NA,NA,1,NA,NA
unknown_lab,cxzr,2001,female,United States,United States,TRUE,TRUE,advanced,5,30,FALSE,NA,FALSE,NA,29,9,-10,-1.1944280826109728,p,l,140,0,-0.5,140,20,20,2.16686694770185,English,NA,NA,1,NA,NA,0,NA,NA,1,NA,NA,1,NA,NA,1,NA,NA,1,NA,NA
unknown_lab,cxzr,2001,female,United States,United States,TRUE,TRUE,advanced,5,30,FALSE,NA,FALSE,NA,29,15,20,2.16686694770185,p,h,170,1,0.6666666666666666,140,30,30,3.1564128700055254,English,NA,NA,1,NA,NA,0,NA,NA,1,NA,NA,1,NA,NA,1,NA,NA,1,NA,NA
unknown_lab,cxzr,2001,female,United States,United States,TRUE,TRUE,advanced,5,30,FALSE,NA,FALSE,NA,29,8,-15,-1.8240371213405995,n,l,135,1,0.5,140,30,-30,-3.8631371386483475,English,NA,NA,1,NA,NA,0,NA,NA,1,NA,NA,1,NA,NA,1,NA,NA,1,NA,NA
unknown_lab,cxzr,2001,female,United States,United States,TRUE,TRUE,advanced,5,30,FALSE,NA,FALSE,NA,29,9,-10,-1.1944280826109728,p,l,140,0,-0.5,60,20,20,2.16686694770185,English,NA,NA,1,NA,NA,0,NA,NA,1,NA,NA,1,NA,NA,1,NA,NA,1,NA,NA
unknown_lab,cxzr,2001,female,United States,United States,TRUE,TRUE,advanced,5,30,FALSE,NA,FALSE,NA,29,13,10,1.1173128526977774,p,h,160,1,0.25,100,40,40,4.092443014020803,English,NA,NA,1,NA,NA,0,NA,NA,1,NA,NA,1,NA,NA,1,NA,NA,1,NA,NA
unknown_lab,cxzr,2001,female,United States,United States,TRUE,TRUE,advanced,5,30,FALSE,NA,FALSE,NA,29,14,15,1.6500422849992202,p,h,165,1,0.375,120,40,40,4.092443014020803,English,NA,NA,1,NA,NA,0,NA,NA,1,NA,NA,1,NA,NA,1,NA,NA,1,NA,NA
unknown_lab,cxzr,2001,female,United States,United States,TRUE,TRUE,advanced,5,30,FALSE,NA,FALSE,NA,29,10,-5,-0.5869152057713568,p,l,145,0,-0.5,20,10,10,1.1173128526977774,English,NA,NA,1,NA,NA,0,NA,NA,1,NA,NA,1,NA,NA,1,NA,NA,1,NA,NA
unknown_lab,cxzr,2001,female,United States,United States,TRUE,TRUE,advanced,5,30,FALSE,NA,FALSE,NA,29,12,5,0.5676685773402819,p,h,155,1,0.16666666666666666,120,30,30,3.1564128700055254,English,NA,NA,1,NA,NA,0,NA,NA,1,NA,NA,1,NA,NA,1,NA,NA,1,NA,NA
unknown_lab,cxzr,2001,female,United States,United States,TRUE,TRUE,advanced,5,30,FALSE,NA,FALSE,NA,29,8,-15,-1.8240371213405995,n,l,135,1,0.75,60,20,-20,-2.477410529609116,English,NA,NA,1,NA,NA,0,NA,NA,1,NA,NA,1,NA,NA,1,NA,NA,1,NA,NA
unknown_lab,cxzr,2001,female,United States,United States,TRUE,TRUE,advanced,5,30,FALSE,NA,FALSE,NA,29,9,-10,-1.1944280826109728,n,l,140,1,0.5,140,20,-20,-2.477410529609116,English,NA,NA,1,NA,NA,0,NA,NA,1,NA,NA,1,NA,NA,1,NA,NA,1,NA,NA
unknown_lab,cxzr,2001,female,United States,United States,TRUE,TRUE,advanced,5,30,FALSE,NA,FALSE,NA,29,15,20,2.16686694770185,p,h,170,1,0.5,140,40,40,4.092443014020803,English,NA,NA,1,NA,NA,0,NA,NA,1,NA,NA,1,NA,NA,1,NA,NA,1,NA,NA
unknown_lab,cxzr,2001,female,United States,United States,TRUE,TRUE,advanced,5,30,FALSE,NA,FALSE,NA,29,9,-10,-1.1944280826109728,0,l,140,0,NA,60,0,-0,0,English,NA,NA,1,NA,NA,0,NA,NA,1,NA,NA,1,NA,NA,1,NA,NA,1,NA,NA
unknown_lab,cxzr,2001,female,United States,United States,TRUE,TRUE,advanced,5,30,FALSE,NA,FALSE,NA,29,13,10,1.1173128526977774,n,h,160,0,-1,20,10,-10,-1.1944280826109728,English,NA,NA,1,NA,NA,0,NA,NA,1,NA,NA,1,NA,NA,1,NA,NA,1,NA,NA
unknown_lab,cxzr,2001,female,United States,United States,TRUE,TRUE,advanced,5,30,FALSE,NA,FALSE,NA,29,9,-10,-1.1944280826109728,p,l,140,0,-0.3333333333333333,100,30,30,3.1564128700055254,English,NA,NA,1,NA,NA,0,NA,NA,1,NA,NA,1,NA,NA,1,NA,NA,1,NA,NA
unknown_lab,cxzr,2001,female,United States,United States,TRUE,TRUE,advanced,5,30,FALSE,NA,FALSE,NA,29,9,-10,-1.1944280826109728,p,l,140,0,-0.25,20,40,40,4.092443014020803,English,NA,NA,1,NA,NA,0,NA,NA,1,NA,NA,1,NA,NA,1,NA,NA,1,NA,NA
unknown_lab,cxzr,2001,female,United States,United States,TRUE,TRUE,advanced,5,30,FALSE,NA,FALSE,NA,29,13,10,1.1173128526977774,p,h,160,1,0.3333333333333333,40,30,30,3.1564128700055254,English,NA,NA,1,NA,NA,0,NA,NA,1,NA,NA,1,NA,NA,1,NA,NA,1,NA,NA
unknown_lab,cxzr,2001,female,United States,United States,TRUE,TRUE,advanced,5,30,FALSE,NA,FALSE,NA,29,10,-5,-0.5869152057713568,n,l,145,1,0.16666666666666666,20,30,-30,-3.8631371386483475,English,NA,NA,1,NA,NA,0,NA,NA,1,NA,NA,1,NA,NA,1,NA,NA,1,NA,NA
unknown_lab,cxzr,2001,female,United States,United States,TRUE,TRUE,advanced,5,30,FALSE,NA,FALSE,NA,29,8,-15,-1.8240371213405995,0,l,135,0,NA,40,0,-0,0,English,NA,NA,1,NA,NA,0,NA,NA,1,NA,NA,1,NA,NA,1,NA,NA,1,NA,NA
unknown_lab,cxzr,2001,female,United States,United States,TRUE,TRUE,advanced,5,30,FALSE,NA,FALSE,NA,29,10,-5,-0.5869152057713568,p,l,145,0,-0.25,20,20,20,2.16686694770185,English,NA,NA,1,NA,NA,0,NA,NA,1,NA,NA,1,NA,NA,1,NA,NA,1,NA,NA
unknown_lab,cxzr,2001,female,United States,United States,TRUE,TRUE,advanced,5,30,FALSE,NA,FALSE,NA,29,14,15,1.6500422849992202,p,h,165,1,0.375,80,40,40,4.092443014020803,English,NA,NA,1,NA,NA,0,NA,NA,1,NA,NA,1,NA,NA,1,NA,NA,1,NA,NA
unknown_lab,cxzr,2001,female,United States,United States,TRUE,TRUE,advanced,5,30,FALSE,NA,FALSE,NA,29,12,5,0.5676685773402819,n,h,155,0,-0.25,20,20,-20,-2.477410529609116,English,NA,NA,1,NA,NA,0,NA,NA,1,NA,NA,1,NA,NA,1,NA,NA,1,NA,NA
unknown_lab,cxzr,2001,female,United States,United States,TRUE,TRUE,advanced,5,30,FALSE,NA,FALSE,NA,29,8,-15,-1.8240371213405995,n,l,135,1,0.375,40,40,-40,-5.369507723654657,English,NA,NA,1,NA,NA,0,NA,NA,1,NA,NA,1,NA,NA,1,NA,NA,1,NA,NA
unknown_lab,cxzr,2001,female,United States,United States,TRUE,TRUE,advanced,5,30,FALSE,NA,FALSE,NA,29,8,-15,-1.8240371213405995,n,l,135,1,1.5,140,10,-10,-1.1944280826109728,English,NA,NA,1,NA,NA,0,NA,NA,1,NA,NA,1,NA,NA,1,NA,NA,1,NA,NA
unknown_lab,cxzr,2001,female,United States,United States,TRUE,TRUE,advanced,5,30,FALSE,NA,FALSE,NA,29,13,10,1.1173128526977774,0,h,160,0,NA,60,0,-0,0,English,NA,NA,1,NA,NA,0,NA,NA,1,NA,NA,1,NA,NA,1,NA,NA,1,NA,NA
unknown_lab,cxzr,2001,female,United States,United States,TRUE,TRUE,advanced,5,30,FALSE,NA,FALSE,NA,29,8,-15,-1.8240371213405995,n,l,135,1,0.5,100,30,-30,-3.8631371386483475,English,NA,NA,1,NA,NA,0,NA,NA,1,NA,NA,1,NA,NA,1,NA,NA,1,NA,NA
unknown_lab,cxzr,2001,female,United States,United States,TRUE,TRUE,advanced,5,30,FALSE,NA,FALSE,NA,29,12,5,0.5676685773402819,n,h,155,0,-0.25,20,20,-20,-2.477410529609116,English,NA,NA,1,NA,NA,0,NA,NA,1,NA,NA,1,NA,NA,1,NA,NA,1,NA,NA
unknown_lab,cxzr,2001,female,United States,United States,TRUE,TRUE,advanced,5,30,FALSE,NA,FALSE,NA,29,9,-10,-1.1944280826109728,n,l,140,1,0.5,140,20,-20,-2.477410529609116,English,NA,NA,1,NA,NA,0,NA,NA,1,NA,NA,1,NA,NA,1,NA,NA,1,NA,NA
unknown_lab,cxzr,2001,female,United States,United States,TRUE,TRUE,advanced,5,30,FALSE,NA,FALSE,NA,29,8,-15,-1.8240371213405995,n,l,135,1,0.375,100,40,-40,-5.369507723654657,English,NA,NA,1,NA,NA,0,NA,NA,1,NA,NA,1,NA,NA,1,NA,NA,1,NA,NA
unknown_lab,cxzr,2001,female,United States,United States,TRUE,TRUE,advanced,5,30,FALSE,NA,FALSE,NA,29,10,-5,-0.5869152057713568,n,l,145,1,0.16666666666666666,20,30,-30,-3.8631371386483475,English,NA,NA,1,NA,NA,0,NA,NA,1,NA,NA,1,NA,NA,1,NA,NA,1,NA,NA
unknown_lab,cxzr,2001,female,United States,United States,TRUE,TRUE,advanced,5,30,FALSE,NA,FALSE,NA,29,12,5,0.5676685773402819,p,h,155,1,0.16666666666666666,20,30,30,3.1564128700055254,English,NA,NA,1,NA,NA,0,NA,NA,1,NA,NA,1,NA,NA,1,NA,NA,1,NA,NA
unknown_lab,cxzr,2001,female,United States,United States,TRUE,TRUE,advanced,5,30,FALSE,NA,FALSE,NA,29,9,-10,-1.1944280826109728,n,l,140,1,0.3333333333333333,120,30,-30,-3.8631371386483475,English,NA,NA,1,NA,NA,0,NA,NA,1,NA,NA,1,NA,NA,1,NA,NA,1,NA,NA
unknown_lab,cxzr,2001,female,United States,United States,TRUE,TRUE,advanced,5,30,FALSE,NA,FALSE,NA,29,10,-5,-0.5869152057713568,n,l,145,1,0.16666666666666666,140,30,-30,-3.8631371386483475,English,NA,NA,1,NA,NA,0,NA,NA,1,NA,NA,1,NA,NA,1,NA,NA,1,NA,NA
unknown_lab,cxzr,2001,female,United States,United States,TRUE,TRUE,advanced,5,30,FALSE,NA,FALSE,NA,29,14,15,1.6500422849992202,p,h,165,1,0.5,40,30,30,3.1564128700055254,English,NA,NA,1,NA,NA,0,NA,NA,1,NA,NA,1,NA,NA,1,NA,NA,1,NA,NA
unknown_lab,cxzr,2001,female,United States,United States,TRUE,TRUE,advanced,5,30,FALSE,NA,FALSE,NA,29,13,10,1.1173128526977774,n,h,160,0,-0.25,20,40,-40,-5.369507723654657,English,NA,NA,1,NA,NA,0,NA,NA,1,NA,NA,1,NA,NA,1,NA,NA,1,NA,NA
unknown_lab,cxzr,2001,female,United States,United States,TRUE,TRUE,advanced,5,30,FALSE,NA,FALSE,NA,29,11,0,0,0,m,150,1,NA,20,0,-0,0,English,NA,NA,1,NA,NA,0,NA,NA,1,NA,NA,1,NA,NA,1,NA,NA,1,NA,NA
unknown_lab,cxzr,2001,female,United States,United States,TRUE,TRUE,advanced,5,30,FALSE,NA,FALSE,NA,29,9,-10,-1.1944280826109728,n,l,140,1,0.25,80,40,-40,-5.369507723654657,English,NA,NA,1,NA,NA,0,NA,NA,1,NA,NA,1,NA,NA,1,NA,NA,1,NA,NA
unknown_lab,cxzr,2001,female,United States,United States,TRUE,TRUE,advanced,5,30,FALSE,NA,FALSE,NA,29,10,-5,-0.5869152057713568,p,l,145,0,-0.5,20,10,10,1.1173128526977774,English,NA,NA,1,NA,NA,0,NA,NA,1,NA,NA,1,NA,NA,1,NA,NA,1,NA,NA
unknown_lab,cxzr,2001,female,United States,United States,TRUE,TRUE,advanced,5,30,FALSE,NA,FALSE,NA,29,14,15,1.6500422849992202,p,h,165,1,1.5,140,10,10,1.1173128526977774,English,NA,NA,1,NA,NA,0,NA,NA,1,NA,NA,1,NA,NA,1,NA,NA,1,NA,NA
unknown_lab,cxzr,2001,female,United States,United States,TRUE,TRUE,advanced,5,30,FALSE,NA,FALSE,NA,29,12,5,0.5676685773402819,p,h,155,1,0.25,120,20,20,2.16686694770185,English,NA,NA,1,NA,NA,0,NA,NA,1,NA,NA,1,NA,NA,1,NA,NA,1,NA,NA
unknown_lab,cxzr,2001,female,United States,United States,TRUE,TRUE,advanced,5,30,FALSE,NA,FALSE,NA,29,9,-10,-1.1944280826109728,n,l,140,1,1,80,10,-10,-1.1944280826109728,English,NA,NA,1,NA,NA,0,NA,NA,1,NA,NA,1,NA,NA,1,NA,NA,1,NA,NA
unknown_lab,cxzr,2001,female,United States,United States,TRUE,TRUE,advanced,5,30,FALSE,NA,FALSE,NA,29,12,5,0.5676685773402819,0,h,155,0,NA,120,0,-0,0,English,NA,NA,1,NA,NA,0,NA,NA,1,NA,NA,1,NA,NA,1,NA,NA,1,NA,NA
unknown_lab,cxzr,2001,female,United States,United States,TRUE,TRUE,advanced,5,30,FALSE,NA,FALSE,NA,29,8,-15,-1.8240371213405995,n,l,135,1,0.75,100,20,-20,-2.477410529609116,English,NA,NA,1,NA,NA,0,NA,NA,1,NA,NA,1,NA,NA,1,NA,NA,1,NA,NA
unknown_lab,cxzr,2001,female,United States,United States,TRUE,TRUE,advanced,5,30,FALSE,NA,FALSE,NA,29,15,20,2.16686694770185,p,h,170,1,0.5,140,40,40,4.092443014020803,English,NA,NA,1,NA,NA,0,NA,NA,1,NA,NA,1,NA,NA,1,NA,NA,1,NA,NA
unknown_lab,cxzr,2001,female,United States,United States,TRUE,TRUE,advanced,5,30,FALSE,NA,FALSE,NA,29,13,10,1.1173128526977774,n,h,160,0,-1,100,10,-10,-1.1944280826109728,English,NA,NA,1,NA,NA,0,NA,NA,1,NA,NA,1,NA,NA,1,NA,NA,1,NA,NA
unknown_lab,cxzr,2001,female,United States,United States,TRUE,TRUE,advanced,5,30,FALSE,NA,FALSE,NA,29,12,5,0.5676685773402819,n,h,155,0,-0.5,140,10,-10,-1.1944280826109728,English,NA,NA,1,NA,NA,0,NA,NA,1,NA,NA,1,NA,NA,1,NA,NA,1,NA,NA
unknown_lab,cxzr,2001,female,United States,United States,TRUE,TRUE,advanced,5,30,FALSE,NA,FALSE,NA,29,8,-15,-1.8240371213405995,n,l,135,1,0.375,120,40,-40,-5.369507723654657,English,NA,NA,1,NA,NA,0,NA,NA,1,NA,NA,1,NA,NA,1,NA,NA,1,NA,NA
unknown_lab,cxzr,2001,female,United States,United States,TRUE,TRUE,advanced,5,30,FALSE,NA,FALSE,NA,29,13,10,1.1173128526977774,0,h,160,0,NA,80,0,-0,0,English,NA,NA,1,NA,NA,0,NA,NA,1,NA,NA,1,NA,NA,1,NA,NA,1,NA,NA
unknown_lab,cxzr,2001,female,United States,United States,TRUE,TRUE,advanced,5,30,FALSE,NA,FALSE,NA,29,10,-5,-0.5869152057713568,n,l,145,1,0.25,120,20,-20,-2.477410529609116,English,NA,NA,1,NA,NA,0,NA,NA,1,NA,NA,1,NA,NA,1,NA,NA,1,NA,NA
unknown_lab,cxzr,2001,female,United States,United States,TRUE,TRUE,advanced,5,30,FALSE,NA,FALSE,NA,29,8,-15,-1.8240371213405995,n,l,135,1,0.375,140,40,-40,-5.369507723654657,English,NA,NA,1,NA,NA,0,NA,NA,1,NA,NA,1,NA,NA,1,NA,NA,1,NA,NA
unknown_lab,cxzr,2001,female,United States,United States,TRUE,TRUE,advanced,5,30,FALSE,NA,FALSE,NA,29,13,10,1.1173128526977774,p,h,160,1,0.25,100,40,40,4.092443014020803,English,NA,NA,1,NA,NA,0,NA,NA,1,NA,NA,1,NA,NA,1,NA,NA,1,NA,NA
unknown_lab,cxzr,2001,female,United States,United States,TRUE,TRUE,advanced,5,30,FALSE,NA,FALSE,NA,29,10,-5,-0.5869152057713568,p,l,145,0,-0.5,80,10,10,1.1173128526977774,English,NA,NA,1,NA,NA,0,NA,NA,1,NA,NA,1,NA,NA,1,NA,NA,1,NA,NA
unknown_lab,cxzr,2001,female,United States,United States,TRUE,TRUE,advanced,5,30,FALSE,NA,FALSE,NA,29,13,10,1.1173128526977774,p,h,160,1,0.3333333333333333,60,30,30,3.1564128700055254,English,NA,NA,1,NA,NA,0,NA,NA,1,NA,NA,1,NA,NA,1,NA,NA,1,NA,NA
unknown_lab,cxzr,2001,female,United States,United States,TRUE,TRUE,advanced,5,30,FALSE,NA,FALSE,NA,29,12,5,0.5676685773402819,p,h,155,1,0.125,40,40,40,4.092443014020803,English,NA,NA,1,NA,NA,0,NA,NA,1,NA,NA,1,NA,NA,1,NA,NA,1,NA,NA
unknown_lab,cxzr,2001,female,United States,United States,TRUE,TRUE,advanced,5,30,FALSE,NA,FALSE,NA,29,11,0,0,p,m,150,0,0,100,20,20,2.16686694770185,English,NA,NA,1,NA,NA,0,NA,NA,1,NA,NA,1,NA,NA,1,NA,NA,1,NA,NA
unknown_lab,cxzr,2001,female,United States,United States,TRUE,TRUE,advanced,5,30,FALSE,NA,FALSE,NA,29,13,10,1.1173128526977774,p,h,160,1,0.25,120,40,40,4.092443014020803,English,NA,NA,1,NA,NA,0,NA,NA,1,NA,NA,1,NA,NA,1,NA,NA,1,NA,NA
unknown_lab,cxzr,2001,female,United States,United States,TRUE,TRUE,advanced,5,30,FALSE,NA,FALSE,NA,29,12,5,0.5676685773402819,p,h,155,1,0.25,60,20,20,2.16686694770185,English,NA,NA,1,NA,NA,0,NA,NA,1,NA,NA,1,NA,NA,1,NA,NA,1,NA,NA
unknown_lab,cxzr,2001,female,United States,United States,TRUE,TRUE,advanced,5,30,FALSE,NA,FALSE,NA,29,13,10,1.1173128526977774,p,h,160,1,1,120,10,10,1.1173128526977774,English,NA,NA,1,NA,NA,0,NA,NA,1,NA,NA,1,NA,NA,1,NA,NA,1,NA,NA
unknown_lab,cxzr,2001,female,United States,United States,TRUE,TRUE,advanced,5,30,FALSE,NA,FALSE,NA,29,10,-5,-0.5869152057713568,n,l,145,1,0.5,120,10,-10,-1.1944280826109728,English,NA,NA,1,NA,NA,0,NA,NA,1,NA,NA,1,NA,NA,1,NA,NA,1,NA,NA
unknown_lab,cxzr,2001,female,United States,United States,TRUE,TRUE,advanced,5,30,FALSE,NA,FALSE,NA,29,12,5,0.5676685773402819,0,h,155,0,NA,80,0,-0,0,English,NA,NA,1,NA,NA,0,NA,NA,1,NA,NA,1,NA,NA,1,NA,NA,1,NA,NA
unknown_lab,cxzr,2001,female,United States,United States,TRUE,TRUE,advanced,5,30,FALSE,NA,FALSE,NA,29,11,0,0,p,m,150,0,0,60,40,40,4.092443014020803,English,NA,NA,1,NA,NA,0,NA,NA,1,NA,NA,1,NA,NA,1,NA,NA,1,NA,NA
unknown_lab,cxzr,2001,female,United States,United States,TRUE,TRUE,advanced,5,30,FALSE,NA,FALSE,NA,29,12,5,0.5676685773402819,n,h,155,0,-0.5,40,10,-10,-1.1944280826109728,English,NA,NA,1,NA,NA,0,NA,NA,1,NA,NA,1,NA,NA,1,NA,NA,1,NA,NA
unknown_lab,cxzr,2001,female,United States,United States,TRUE,TRUE,advanced,5,30,FALSE,NA,FALSE,NA,29,10,-5,-0.5869152057713568,n,l,145,1,0.25,80,20,-20,-2.477410529609116,English,NA,NA,1,NA,NA,0,NA,NA,1,NA,NA,1,NA,NA,1,NA,NA,1,NA,NA
unknown_lab,cxzr,2001,female,United States,United States,TRUE,TRUE,advanced,5,30,FALSE,NA,FALSE,NA,29,9,-10,-1.1944280826109728,n,l,140,1,0.25,60,40,-40,-5.369507723654657,English,NA,NA,1,NA,NA,0,NA,NA,1,NA,NA,1,NA,NA,1,NA,NA,1,NA,NA
unknown_lab,cxzr,2001,female,United States,United States,TRUE,TRUE,advanced,5,30,FALSE,NA,FALSE,NA,29,12,5,0.5676685773402819,n,h,155,0,-0.25,40,20,-20,-2.477410529609116,English,NA,NA,1,NA,NA,0,NA,NA,1,NA,NA,1,NA,NA,1,NA,NA,1,NA,NA
unknown_lab,cxzr,2001,female,United States,United States,TRUE,TRUE,advanced,5,30,FALSE,NA,FALSE,NA,29,9,-10,-1.1944280826109728,p,l,140,0,-0.5,40,20,20,2.16686694770185,English,NA,NA,1,NA,NA,0,NA,NA,1,NA,NA,1,NA,NA,1,NA,NA,1,NA,NA
unknown_lab,cxzr,2001,female,United States,United States,TRUE,TRUE,advanced,5,30,FALSE,NA,FALSE,NA,29,13,10,1.1173128526977774,n,h,160,0,-0.5,60,20,-20,-2.477410529609116,English,NA,NA,1,NA,NA,0,NA,NA,1,NA,NA,1,NA,NA,1,NA,NA,1,NA,NA
unknown_lab,cxzr,2001,female,United States,United States,TRUE,TRUE,advanced,5,30,FALSE,NA,FALSE,NA,29,14,15,1.6500422849992202,p,h,165,1,0.5,140,30,30,3.1564128700055254,English,NA,NA,1,NA,NA,0,NA,NA,1,NA,NA,1,NA,NA,1,NA,NA,1,NA,NA
unknown_lab,cxzr,2001,female,United States,United States,TRUE,TRUE,advanced,5,30,FALSE,NA,FALSE,NA,29,13,10,1.1173128526977774,p,h,160,1,0.5,80,20,20,2.16686694770185,English,NA,NA,1,NA,NA,0,NA,NA,1,NA,NA,1,NA,NA,1,NA,NA,1,NA,NA
unknown_lab,cxzr,2001,female,United States,United States,TRUE,TRUE,advanced,5,30,FALSE,NA,FALSE,NA,29,12,5,0.5676685773402819,p,h,155,1,0.25,140,20,20,2.16686694770185,English,NA,NA,1,NA,NA,0,NA,NA,1,NA,NA,1,NA,NA,1,NA,NA,1,NA,NA
unknown_lab,cxzr,2001,female,United States,United States,TRUE,TRUE,advanced,5,30,FALSE,NA,FALSE,NA,29,11,0,0,0,m,150,1,NA,140,0,-0,0,English,NA,NA,1,NA,NA,0,NA,NA,1,NA,NA,1,NA,NA,1,NA,NA,1,NA,NA
unknown_lab,cxzr,2001,female,United States,United States,TRUE,TRUE,advanced,5,30,FALSE,NA,FALSE,NA,29,11,0,0,p,m,150,0,0,60,10,10,1.1173128526977774,English,NA,NA,1,NA,NA,0,NA,NA,1,NA,NA,1,NA,NA,1,NA,NA,1,NA,NA
unknown_lab,cxzr,2001,female,United States,United States,TRUE,TRUE,advanced,5,30,FALSE,NA,FALSE,NA,29,13,10,1.1173128526977774,p,h,160,1,0.25,80,40,40,4.092443014020803,English,NA,NA,1,NA,NA,0,NA,NA,1,NA,NA,1,NA,NA,1,NA,NA,1,NA,NA
unknown_lab,cxzr,2001,female,United States,United States,TRUE,TRUE,advanced,5,30,FALSE,NA,FALSE,NA,29,11,0,0,n,m,150,0,-0,60,10,-10,-1.1944280826109728,English,NA,NA,1,NA,NA,0,NA,NA,1,NA,NA,1,NA,NA,1,NA,NA,1,NA,NA
unknown_lab,cxzr,2001,female,United States,United States,TRUE,TRUE,advanced,5,30,FALSE,NA,FALSE,NA,29,8,-15,-1.8240371213405995,n,l,135,1,0.5,80,30,-30,-3.8631371386483475,English,NA,NA,1,NA,NA,0,NA,NA,1,NA,NA,1,NA,NA,1,NA,NA,1,NA,NA
unknown_lab,cxzr,2001,female,United States,United States,TRUE,TRUE,advanced,5,30,FALSE,NA,FALSE,NA,29,10,-5,-0.5869152057713568,n,l,145,1,0.16666666666666666,40,30,-30,-3.8631371386483475,English,NA,NA,1,NA,NA,0,NA,NA,1,NA,NA,1,NA,NA,1,NA,NA,1,NA,NA
unknown_lab,cxzr,2001,female,United States,United States,TRUE,TRUE,advanced,5,30,FALSE,NA,FALSE,NA,29,10,-5,-0.5869152057713568,0,l,145,0,NA,100,0,-0,0,English,NA,NA,1,NA,NA,0,NA,NA,1,NA,NA,1,NA,NA,1,NA,NA,1,NA,NA
unknown_lab,cxzr,2001,female,United States,United States,TRUE,TRUE,advanced,5,30,FALSE,NA,FALSE,NA,29,9,-10,-1.1944280826109728,p,l,140,0,-1,100,10,10,1.1173128526977774,English,NA,NA,1,NA,NA,0,NA,NA,1,NA,NA,1,NA,NA,1,NA,NA,1,NA,NA
unknown_lab,cxzr,2001,female,United States,United States,TRUE,TRUE,advanced,5,30,FALSE,NA,FALSE,NA,29,12,5,0.5676685773402819,p,h,155,1,0.16666666666666666,80,30,30,3.1564128700055254,English,NA,NA,1,NA,NA,0,NA,NA,1,NA,NA,1,NA,NA,1,NA,NA,1,NA,NA
unknown_lab,cxzr,2001,female,United States,United States,TRUE,TRUE,advanced,5,30,FALSE,NA,FALSE,NA,29,12,5,0.5676685773402819,p,h,155,1,0.16666666666666666,120,30,30,3.1564128700055254,English,NA,NA,1,NA,NA,0,NA,NA,1,NA,NA,1,NA,NA,1,NA,NA,1,NA,NA
unknown_lab,cxzr,2001,female,United States,United States,TRUE,TRUE,advanced,5,30,FALSE,NA,FALSE,NA,29,11,0,0,p,m,150,0,0,40,10,10,1.1173128526977774,English,NA,NA,1,NA,NA,0,NA,NA,1,NA,NA,1,NA,NA,1,NA,NA,1,NA,NA
unknown_lab,cxzr,2001,female,United States,United States,TRUE,TRUE,advanced,5,30,FALSE,NA,FALSE,NA,29,11,0,0,p,m,150,0,0,20,20,20,2.16686694770185,English,NA,NA,1,NA,NA,0,NA,NA,1,NA,NA,1,NA,NA,1,NA,NA,1,NA,NA
unknown_lab,cxzr,2001,female,United States,United States,TRUE,TRUE,advanced,5,30,FALSE,NA,FALSE,NA,29,9,-10,-1.1944280826109728,n,l,140,1,0.25,40,40,-40,-5.369507723654657,English,NA,NA,1,NA,NA,0,NA,NA,1,NA,NA,1,NA,NA,1,NA,NA,1,NA,NA
unknown_lab,9vqw,1989,male,United States,United States,TRUE,TRUE,beginner,2,10,FALSE,NA,FALSE,NA,42,13,10,1.1173128526977774,p,h,160,1,0.25,80,40,40,4.092443014020803,English,Spanish,NA,1,4,NA,0,10,NA,1,4,NA,1,4,NA,1,4,NA,1,4,NA
unknown_lab,9vqw,1989,male,United States,United States,TRUE,TRUE,beginner,2,10,FALSE,NA,FALSE,NA,42,12,5,0.5676685773402819,p,h,155,1,0.25,120,20,20,2.16686694770185,English,Spanish,NA,1,4,NA,0,10,NA,1,4,NA,1,4,NA,1,4,NA,1,4,NA
unknown_lab,9vqw,1989,male,United States,United States,TRUE,TRUE,beginner,2,10,FALSE,NA,FALSE,NA,42,11,0,0,n,m,150,0,-0,20,40,-40,-5.369507723654657,English,Spanish,NA,1,4,NA,0,10,NA,1,4,NA,1,4,NA,1,4,NA,1,4,NA
unknown_lab,9vqw,1989,male,United States,United States,TRUE,TRUE,beginner,2,10,FALSE,NA,FALSE,NA,42,11,0,0,p,m,150,0,0,120,10,10,1.1173128526977774,English,Spanish,NA,1,4,NA,0,10,NA,1,4,NA,1,4,NA,1,4,NA,1,4,NA
unknown_lab,9vqw,1989,male,United States,United States,TRUE,TRUE,beginner,2,10,FALSE,NA,FALSE,NA,42,10,-5,-0.5869152057713568,n,l,145,1,0.125,100,40,-40,-5.369507723654657,English,Spanish,NA,1,4,NA,0,10,NA,1,4,NA,1,4,NA,1,4,NA,1,4,NA
unknown_lab,9vqw,1989,male,United States,United States,TRUE,TRUE,beginner,2,10,FALSE,NA,FALSE,NA,42,11,0,0,n,m,150,0,-0,60,20,-20,-2.477410529609116,English,Spanish,NA,1,4,NA,0,10,NA,1,4,NA,1,4,NA,1,4,NA,1,4,NA
unknown_lab,9vqw,1989,male,United States,United States,TRUE,TRUE,beginner,2,10,FALSE,NA,FALSE,NA,42,11,0,0,p,m,150,0,0,40,40,40,4.092443014020803,English,Spanish,NA,1,4,NA,0,10,NA,1,4,NA,1,4,NA,1,4,NA,1,4,NA
unknown_lab,9vqw,1989,male,United States,United States,TRUE,TRUE,beginner,2,10,FALSE,NA,FALSE,NA,42,9,-10,-1.1944280826109728,n,l,140,1,0.25,140,40,-40,-5.369507723654657,English,Spanish,NA,1,4,NA,0,10,NA,1,4,NA,1,4,NA,1,4,NA,1,4,NA
unknown_lab,9vqw,1989,male,United States,United States,TRUE,TRUE,beginner,2,10,FALSE,NA,FALSE,NA,42,11,0,0,p,m,150,0,0,40,30,30,3.1564128700055254,English,Spanish,NA,1,4,NA,0,10,NA,1,4,NA,1,4,NA,1,4,NA,1,4,NA
unknown_lab,9vqw,1989,male,United States,United States,TRUE,TRUE,beginner,2,10,FALSE,NA,FALSE,NA,42,10,-5,-0.5869152057713568,n,l,145,1,0.25,20,20,-20,-2.477410529609116,English,Spanish,NA,1,4,NA,0,10,NA,1,4,NA,1,4,NA,1,4,NA,1,4,NA
unknown_lab,9vqw,1989,male,United States,United States,TRUE,TRUE,beginner,2,10,FALSE,NA,FALSE,NA,42,11,0,0,p,m,150,0,0,80,20,20,2.16686694770185,English,Spanish,NA,1,4,NA,0,10,NA,1,4,NA,1,4,NA,1,4,NA,1,4,NA
unknown_lab,9vqw,1989,male,United States,United States,TRUE,TRUE,beginner,2,10,FALSE,NA,FALSE,NA,42,11,0,0,n,m,150,0,-0,80,20,-20,-2.477410529609116,English,Spanish,NA,1,4,NA,0,10,NA,1,4,NA,1,4,NA,1,4,NA,1,4,NA
unknown_lab,9vqw,1989,male,United States,United States,TRUE,TRUE,beginner,2,10,FALSE,NA,FALSE,NA,42,11,0,0,p,m,150,0,0,140,30,30,3.1564128700055254,English,Spanish,NA,1,4,NA,0,10,NA,1,4,NA,1,4,NA,1,4,NA,1,4,NA
unknown_lab,9vqw,1989,male,United States,United States,TRUE,TRUE,beginner,2,10,FALSE,NA,FALSE,NA,42,11,0,0,p,m,150,0,0,60,20,20,2.16686694770185,English,Spanish,NA,1,4,NA,0,10,NA,1,4,NA,1,4,NA,1,4,NA,1,4,NA
unknown_lab,9vqw,1989,male,United States,United States,TRUE,TRUE,beginner,2,10,FALSE,NA,FALSE,NA,42,12,5,0.5676685773402819,p,h,155,1,0.25,100,20,20,2.16686694770185,English,Spanish,NA,1,4,NA,0,10,NA,1,4,NA,1,4,NA,1,4,NA,1,4,NA
unknown_lab,9vqw,1989,male,United States,United States,TRUE,TRUE,beginner,2,10,FALSE,NA,FALSE,NA,42,11,0,0,p,m,150,0,0,100,10,10,1.1173128526977774,English,Spanish,NA,1,4,NA,0,10,NA,1,4,NA,1,4,NA,1,4,NA,1,4,NA
unknown_lab,9vqw,1989,male,United States,United States,TRUE,TRUE,beginner,2,10,FALSE,NA,FALSE,NA,42,11,0,0,n,m,150,0,-0,40,10,-10,-1.1944280826109728,English,Spanish,NA,1,4,NA,0,10,NA,1,4,NA,1,4,NA,1,4,NA,1,4,NA
unknown_lab,9vqw,1989,male,United States,United States,TRUE,TRUE,beginner,2,10,FALSE,NA,FALSE,NA,42,11,0,0,p,m,150,0,0,60,10,10,1.1173128526977774,English,Spanish,NA,1,4,NA,0,10,NA,1,4,NA,1,4,NA,1,4,NA,1,4,NA
unknown_lab,9vqw,1989,male,United States,United States,TRUE,TRUE,beginner,2,10,FALSE,NA,FALSE,NA,42,11,0,0,0,m,150,1,NA,120,0,-0,0,English,Spanish,NA,1,4,NA,0,10,NA,1,4,NA,1,4,NA,1,4,NA,1,4,NA
unknown_lab,9vqw,1989,male,United States,United States,TRUE,TRUE,beginner,2,10,FALSE,NA,FALSE,NA,42,11,0,0,n,m,150,0,-0,60,40,-40,-5.369507723654657,English,Spanish,NA,1,4,NA,0,10,NA,1,4,NA,1,4,NA,1,4,NA,1,4,NA
unknown_lab,9vqw,1989,male,United States,United States,TRUE,TRUE,beginner,2,10,FALSE,NA,FALSE,NA,42,11,0,0,n,m,150,0,-0,80,40,-40,-5.369507723654657,English,Spanish,NA,1,4,NA,0,10,NA,1,4,NA,1,4,NA,1,4,NA,1,4,NA
unknown_lab,9vqw,1989,male,United States,United States,TRUE,TRUE,beginner,2,10,FALSE,NA,FALSE,NA,42,13,10,1.1173128526977774,p,h,160,1,0.3333333333333333,80,30,30,3.1564128700055254,English,Spanish,NA,1,4,NA,0,10,NA,1,4,NA,1,4,NA,1,4,NA,1,4,NA
unknown_lab,9vqw,1989,male,United States,United States,TRUE,TRUE,beginner,2,10,FALSE,NA,FALSE,NA,42,11,0,0,p,m,150,0,0,80,10,10,1.1173128526977774,English,Spanish,NA,1,4,NA,0,10,NA,1,4,NA,1,4,NA,1,4,NA,1,4,NA
unknown_lab,9vqw,1989,male,United States,United States,TRUE,TRUE,beginner,2,10,FALSE,NA,FALSE,NA,42,11,0,0,p,m,150,0,0,20,20,20,2.16686694770185,English,Spanish,NA,1,4,NA,0,10,NA,1,4,NA,1,4,NA,1,4,NA,1,4,NA
unknown_lab,9vqw,1989,male,United States,United States,TRUE,TRUE,beginner,2,10,FALSE,NA,FALSE,NA,42,11,0,0,n,m,150,0,-0,60,10,-10,-1.1944280826109728,English,Spanish,NA,1,4,NA,0,10,NA,1,4,NA,1,4,NA,1,4,NA,1,4,NA
unknown_lab,9vqw,1989,male,United States,United States,TRUE,TRUE,beginner,2,10,FALSE,NA,FALSE,NA,42,11,0,0,n,m,150,0,-0,20,30,-30,-3.8631371386483475,English,Spanish,NA,1,4,NA,0,10,NA,1,4,NA,1,4,NA,1,4,NA,1,4,NA
unknown_lab,9vqw,1989,male,United States,United States,TRUE,TRUE,beginner,2,10,FALSE,NA,FALSE,NA,42,11,0,0,n,m,150,0,-0,60,30,-30,-3.8631371386483475,English,Spanish,NA,1,4,NA,0,10,NA,1,4,NA,1,4,NA,1,4,NA,1,4,NA
unknown_lab,9vqw,1989,male,United States,United States,TRUE,TRUE,beginner,2,10,FALSE,NA,FALSE,NA,42,12,5,0.5676685773402819,0,h,155,0,NA,120,0,-0,0,English,Spanish,NA,1,4,NA,0,10,NA,1,4,NA,1,4,NA,1,4,NA,1,4,NA
unknown_lab,9vqw,1989,male,United States,United States,TRUE,TRUE,beginner,2,10,FALSE,NA,FALSE,NA,42,12,5,0.5676685773402819,p,h,155,1,0.5,20,10,10,1.1173128526977774,English,Spanish,NA,1,4,NA,0,10,NA,1,4,NA,1,4,NA,1,4,NA,1,4,NA
unknown_lab,9vqw,1989,male,United States,United States,TRUE,TRUE,beginner,2,10,FALSE,NA,FALSE,NA,42,11,0,0,n,m,150,0,-0,120,20,-20,-2.477410529609116,English,Spanish,NA,1,4,NA,0,10,NA,1,4,NA,1,4,NA,1,4,NA,1,4,NA
unknown_lab,9vqw,1989,male,United States,United States,TRUE,TRUE,beginner,2,10,FALSE,NA,FALSE,NA,42,12,5,0.5676685773402819,n,h,155,0,-0.16666666666666666,120,30,-30,-3.8631371386483475,English,Spanish,NA,1,4,NA,0,10,NA,1,4,NA,1,4,NA,1,4,NA,1,4,NA
unknown_lab,9vqw,1989,male,United States,United States,TRUE,TRUE,beginner,2,10,FALSE,NA,FALSE,NA,42,10,-5,-0.5869152057713568,0,l,145,0,NA,20,0,-0,0,English,Spanish,NA,1,4,NA,0,10,NA,1,4,NA,1,4,NA,1,4,NA,1,4,NA
unknown_lab,9vqw,1989,male,United States,United States,TRUE,TRUE,beginner,2,10,FALSE,NA,FALSE,NA,42,11,0,0,0,m,150,1,NA,80,0,-0,0,English,Spanish,NA,1,4,NA,0,10,NA,1,4,NA,1,4,NA,1,4,NA,1,4,NA
unknown_lab,9vqw,1989,male,United States,United States,TRUE,TRUE,beginner,2,10,FALSE,NA,FALSE,NA,42,12,5,0.5676685773402819,n,h,155,0,-0.5,20,10,-10,-1.1944280826109728,English,Spanish,NA,1,4,NA,0,10,NA,1,4,NA,1,4,NA,1,4,NA,1,4,NA
unknown_lab,9vqw,1989,male,United States,United States,TRUE,TRUE,beginner,2,10,FALSE,NA,FALSE,NA,42,12,5,0.5676685773402819,p,h,155,1,0.25,140,20,20,2.16686694770185,English,Spanish,NA,1,4,NA,0,10,NA,1,4,NA,1,4,NA,1,4,NA,1,4,NA
unknown_lab,9vqw,1989,male,United States,United States,TRUE,TRUE,beginner,2,10,FALSE,NA,FALSE,NA,42,11,0,0,p,m,150,0,0,60,30,30,3.1564128700055254,English,Spanish,NA,1,4,NA,0,10,NA,1,4,NA,1,4,NA,1,4,NA,1,4,NA
unknown_lab,9vqw,1989,male,United States,United States,TRUE,TRUE,beginner,2,10,FALSE,NA,FALSE,NA,42,11,0,0,0,m,150,1,NA,140,0,-0,0,English,Spanish,NA,1,4,NA,0,10,NA,1,4,NA,1,4,NA,1,4,NA,1,4,NA
unknown_lab,9vqw,1989,male,United States,United States,TRUE,TRUE,beginner,2,10,FALSE,NA,FALSE,NA,42,12,5,0.5676685773402819,p,h,155,1,0.125,120,40,40,4.092443014020803,English,Spanish,NA,1,4,NA,0,10,NA,1,4,NA,1,4,NA,1,4,NA,1,4,NA
unknown_lab,9vqw,1989,male,United States,United States,TRUE,TRUE,beginner,2,10,FALSE,NA,FALSE,NA,42,11,0,0,p,m,150,0,0,20,40,40,4.092443014020803,English,Spanish,NA,1,4,NA,0,10,NA,1,4,NA,1,4,NA,1,4,NA,1,4,NA
unknown_lab,9vqw,1989,male,United States,United States,TRUE,TRUE,beginner,2,10,FALSE,NA,FALSE,NA,42,11,0,0,n,m,150,0,-0,40,30,-30,-3.8631371386483475,English,Spanish,NA,1,4,NA,0,10,NA,1,4,NA,1,4,NA,1,4,NA,1,4,NA
unknown_lab,9vqw,1989,male,United States,United States,TRUE,TRUE,beginner,2,10,FALSE,NA,FALSE,NA,42,11,0,0,n,m,150,0,-0,140,10,-10,-1.1944280826109728,English,Spanish,NA,1,4,NA,0,10,NA,1,4,NA,1,4,NA,1,4,NA,1,4,NA
unknown_lab,9vqw,1989,male,United States,United States,TRUE,TRUE,beginner,2,10,FALSE,NA,FALSE,NA,42,11,0,0,n,m,150,0,-0,100,30,-30,-3.8631371386483475,English,Spanish,NA,1,4,NA,0,10,NA,1,4,NA,1,4,NA,1,4,NA,1,4,NA
unknown_lab,9vqw,1989,male,United States,United States,TRUE,TRUE,beginner,2,10,FALSE,NA,FALSE,NA,42,12,5,0.5676685773402819,p,h,155,1,0.25,40,20,20,2.16686694770185,English,Spanish,NA,1,4,NA,0,10,NA,1,4,NA,1,4,NA,1,4,NA,1,4,NA
unknown_lab,9vqw,1989,male,United States,United States,TRUE,TRUE,beginner,2,10,FALSE,NA,FALSE,NA,42,11,0,0,0,m,150,1,NA,100,0,-0,0,English,Spanish,NA,1,4,NA,0,10,NA,1,4,NA,1,4,NA,1,4,NA,1,4,NA
unknown_lab,9vqw,1989,male,United States,United States,TRUE,TRUE,beginner,2,10,FALSE,NA,FALSE,NA,42,11,0,0,n,m,150,0,-0,80,30,-30,-3.8631371386483475,English,Spanish,NA,1,4,NA,0,10,NA,1,4,NA,1,4,NA,1,4,NA,1,4,NA
unknown_lab,9vqw,1989,male,United States,United States,TRUE,TRUE,beginner,2,10,FALSE,NA,FALSE,NA,42,11,0,0,n,m,150,0,-0,140,30,-30,-3.8631371386483475,English,Spanish,NA,1,4,NA,0,10,NA,1,4,NA,1,4,NA,1,4,NA,1,4,NA
unknown_lab,9vqw,1989,male,United States,United States,TRUE,TRUE,beginner,2,10,FALSE,NA,FALSE,NA,42,13,10,1.1173128526977774,p,h,160,1,0.3333333333333333,120,30,30,3.1564128700055254,English,Spanish,NA,1,4,NA,0,10,NA,1,4,NA,1,4,NA,1,4,NA,1,4,NA
unknown_lab,9vqw,1989,male,United States,United States,TRUE,TRUE,beginner,2,10,FALSE,NA,FALSE,NA,42,9,-10,-1.1944280826109728,n,l,140,1,1,80,10,-10,-1.1944280826109728,English,Spanish,NA,1,4,NA,0,10,NA,1,4,NA,1,4,NA,1,4,NA,1,4,NA
unknown_lab,9vqw,1989,male,United States,United States,TRUE,TRUE,beginner,2,10,FALSE,NA,FALSE,NA,42,10,-5,-0.5869152057713568,n,l,145,1,0.5,120,10,-10,-1.1944280826109728,English,Spanish,NA,1,4,NA,0,10,NA,1,4,NA,1,4,NA,1,4,NA,1,4,NA
unknown_lab,9vqw,1989,male,United States,United States,TRUE,TRUE,beginner,2,10,FALSE,NA,FALSE,NA,42,12,5,0.5676685773402819,p,h,155,1,0.5,140,10,10,1.1173128526977774,English,Spanish,NA,1,4,NA,0,10,NA,1,4,NA,1,4,NA,1,4,NA,1,4,NA
unknown_lab,9vqw,1989,male,United States,United States,TRUE,TRUE,beginner,2,10,FALSE,NA,FALSE,NA,42,11,0,0,p,m,150,0,0,100,40,40,4.092443014020803,English,Spanish,NA,1,4,NA,0,10,NA,1,4,NA,1,4,NA,1,4,NA,1,4,NA
unknown_lab,9vqw,1989,male,United States,United States,TRUE,TRUE,beginner,2,10,FALSE,NA,FALSE,NA,42,9,-10,-1.1944280826109728,n,l,140,1,0.5,140,20,-20,-2.477410529609116,English,Spanish,NA,1,4,NA,0,10,NA,1,4,NA,1,4,NA,1,4,NA,1,4,NA
unknown_lab,9vqw,1989,male,United States,United States,TRUE,TRUE,beginner,2,10,FALSE,NA,FALSE,NA,42,11,0,0,n,m,150,0,-0,100,20,-20,-2.477410529609116,English,Spanish,NA,1,4,NA,0,10,NA,1,4,NA,1,4,NA,1,4,NA,1,4,NA
unknown_lab,9vqw,1989,male,United States,United States,TRUE,TRUE,beginner,2,10,FALSE,NA,FALSE,NA,42,11,0,0,p,m,150,0,0,20,30,30,3.1564128700055254,English,Spanish,NA,1,4,NA,0,10,NA,1,4,NA,1,4,NA,1,4,NA,1,4,NA
unknown_lab,9vqw,1989,male,United States,United States,TRUE,TRUE,beginner,2,10,FALSE,NA,FALSE,NA,42,11,0,0,n,m,150,0,-0,100,10,-10,-1.1944280826109728,English,Spanish,NA,1,4,NA,0,10,NA,1,4,NA,1,4,NA,1,4,NA,1,4,NA
unknown_lab,9vqw,1989,male,United States,United States,TRUE,TRUE,beginner,2,10,FALSE,NA,FALSE,NA,42,11,0,0,p,m,150,0,0,40,10,10,1.1173128526977774,English,Spanish,NA,1,4,NA,0,10,NA,1,4,NA,1,4,NA,1,4,NA,1,4,NA
unknown_lab,9vqw,1989,male,United States,United States,TRUE,TRUE,beginner,2,10,FALSE,NA,FALSE,NA,42,11,0,0,p,m,150,0,0,20,20,20,2.16686694770185,English,Spanish,NA,1,4,NA,0,10,NA,1,4,NA,1,4,NA,1,4,NA,1,4,NA
unknown_lab,9vqw,1989,male,United States,United States,TRUE,TRUE,beginner,2,10,FALSE,NA,FALSE,NA,42,11,0,0,n,m,150,0,-0,100,30,-30,-3.8631371386483475,English,Spanish,NA,1,4,NA,0,10,NA,1,4,NA,1,4,NA,1,4,NA,1,4,NA
unknown_lab,9vqw,1989,male,United States,United States,TRUE,TRUE,beginner,2,10,FALSE,NA,FALSE,NA,42,11,0,0,p,m,150,0,0,60,20,20,2.16686694770185,English,Spanish,NA,1,4,NA,0,10,NA,1,4,NA,1,4,NA,1,4,NA,1,4,NA
unknown_lab,9vqw,1989,male,United States,United States,TRUE,TRUE,beginner,2,10,FALSE,NA,FALSE,NA,42,12,5,0.5676685773402819,p,h,155,1,0.25,140,20,20,2.16686694770185,English,Spanish,NA,1,4,NA,0,10,NA,1,4,NA,1,4,NA,1,4,NA,1,4,NA
unknown_lab,9vqw,1989,male,United States,United States,TRUE,TRUE,beginner,2,10,FALSE,NA,FALSE,NA,42,11,0,0,p,m,150,0,0,80,20,20,2.16686694770185,English,Spanish,NA,1,4,NA,0,10,NA,1,4,NA,1,4,NA,1,4,NA,1,4,NA
unknown_lab,9vqw,1989,male,United States,United States,TRUE,TRUE,beginner,2,10,FALSE,NA,FALSE,NA,42,11,0,0,p,m,150,0,0,40,30,30,3.1564128700055254,English,Spanish,NA,1,4,NA,0,10,NA,1,4,NA,1,4,NA,1,4,NA,1,4,NA
unknown_lab,9vqw,1989,male,United States,United States,TRUE,TRUE,beginner,2,10,FALSE,NA,FALSE,NA,42,11,0,0,n,m,150,0,-0,80,20,-20,-2.477410529609116,English,Spanish,NA,1,4,NA,0,10,NA,1,4,NA,1,4,NA,1,4,NA,1,4,NA
unknown_lab,9vqw,1989,male,United States,United States,TRUE,TRUE,beginner,2,10,FALSE,NA,FALSE,NA,42,11,0,0,n,m,150,0,-0,100,20,-20,-2.477410529609116,English,Spanish,NA,1,4,NA,0,10,NA,1,4,NA,1,4,NA,1,4,NA,1,4,NA
unknown_lab,9vqw,1989,male,United States,United States,TRUE,TRUE,beginner,2,10,FALSE,NA,FALSE,NA,42,11,0,0,0,m,150,1,NA,80,0,-0,0,English,Spanish,NA,1,4,NA,0,10,NA,1,4,NA,1,4,NA,1,4,NA,1,4,NA
unknown_lab,9vqw,1989,male,United States,United States,TRUE,TRUE,beginner,2,10,FALSE,NA,FALSE,NA,42,11,0,0,n,m,150,0,-0,20,20,-20,-2.477410529609116,English,Spanish,NA,1,4,NA,0,10,NA,1,4,NA,1,4,NA,1,4,NA,1,4,NA
unknown_lab,9vqw,1989,male,United States,United States,TRUE,TRUE,beginner,2,10,FALSE,NA,FALSE,NA,42,11,0,0,n,m,150,0,-0,60,30,-30,-3.8631371386483475,English,Spanish,NA,1,4,NA,0,10,NA,1,4,NA,1,4,NA,1,4,NA,1,4,NA
unknown_lab,9vqw,1989,male,United States,United States,TRUE,TRUE,beginner,2,10,FALSE,NA,FALSE,NA,42,11,0,0,n,m,150,0,-0,20,10,-10,-1.1944280826109728,English,Spanish,NA,1,4,NA,0,10,NA,1,4,NA,1,4,NA,1,4,NA,1,4,NA
unknown_lab,9vqw,1989,male,United States,United States,TRUE,TRUE,beginner,2,10,FALSE,NA,FALSE,NA,42,11,0,0,p,m,150,0,0,60,40,40,4.092443014020803,English,Spanish,NA,1,4,NA,0,10,NA,1,4,NA,1,4,NA,1,4,NA,1,4,NA
unknown_lab,9vqw,1989,male,United States,United States,TRUE,TRUE,beginner,2,10,FALSE,NA,FALSE,NA,42,11,0,0,n,m,150,0,-0,60,20,-20,-2.477410529609116,English,Spanish,NA,1,4,NA,0,10,NA,1,4,NA,1,4,NA,1,4,NA,1,4,NA
unknown_lab,9vqw,1989,male,United States,United States,TRUE,TRUE,beginner,2,10,FALSE,NA,FALSE,NA,42,11,0,0,p,m,150,0,0,140,10,10,1.1173128526977774,English,Spanish,NA,1,4,NA,0,10,NA,1,4,NA,1,4,NA,1,4,NA,1,4,NA
unknown_lab,9vqw,1989,male,United States,United States,TRUE,TRUE,beginner,2,10,FALSE,NA,FALSE,NA,42,11,0,0,p,m,150,0,0,20,30,30,3.1564128700055254,English,Spanish,NA,1,4,NA,0,10,NA,1,4,NA,1,4,NA,1,4,NA,1,4,NA
unknown_lab,9vqw,1989,male,United States,United States,TRUE,TRUE,beginner,2,10,FALSE,NA,FALSE,NA,42,11,0,0,0,m,150,1,NA,40,0,-0,0,English,Spanish,NA,1,4,NA,0,10,NA,1,4,NA,1,4,NA,1,4,NA,1,4,NA
unknown_lab,9vqw,1989,male,United States,United States,TRUE,TRUE,beginner,2,10,FALSE,NA,FALSE,NA,42,12,5,0.5676685773402819,p,h,155,1,0.16666666666666666,120,30,30,3.1564128700055254,English,Spanish,NA,1,4,NA,0,10,NA,1,4,NA,1,4,NA,1,4,NA,1,4,NA
unknown_lab,9vqw,1989,male,United States,United States,TRUE,TRUE,beginner,2,10,FALSE,NA,FALSE,NA,42,11,0,0,p,m,150,0,0,80,30,30,3.1564128700055254,English,Spanish,NA,1,4,NA,0,10,NA,1,4,NA,1,4,NA,1,4,NA,1,4,NA
unknown_lab,9vqw,1989,male,United States,United States,TRUE,TRUE,beginner,2,10,FALSE,NA,FALSE,NA,42,10,-5,-0.5869152057713568,n,l,145,1,0.125,20,40,-40,-5.369507723654657,English,Spanish,NA,1,4,NA,0,10,NA,1,4,NA,1,4,NA,1,4,NA,1,4,NA
unknown_lab,9vqw,1989,male,United States,United States,TRUE,TRUE,beginner,2,10,FALSE,NA,FALSE,NA,42,9,-10,-1.1944280826109728,n,l,140,1,0.25,120,40,-40,-5.369507723654657,English,Spanish,NA,1,4,NA,0,10,NA,1,4,NA,1,4,NA,1,4,NA,1,4,NA
unknown_lab,9vqw,1989,male,United States,United States,TRUE,TRUE,beginner,2,10,FALSE,NA,FALSE,NA,42,12,5,0.5676685773402819,0,h,155,0,NA,60,0,-0,0,English,Spanish,NA,1,4,NA,0,10,NA,1,4,NA,1,4,NA,1,4,NA,1,4,NA
unknown_lab,9vqw,1989,male,United States,United States,TRUE,TRUE,beginner,2,10,FALSE,NA,FALSE,NA,42,10,-5,-0.5869152057713568,n,l,145,1,0.125,40,40,-40,-5.369507723654657,English,Spanish,NA,1,4,NA,0,10,NA,1,4,NA,1,4,NA,1,4,NA,1,4,NA
unknown_lab,9vqw,1989,male,United States,United States,TRUE,TRUE,beginner,2,10,FALSE,NA,FALSE,NA,42,14,15,1.6500422849992202,p,h,165,1,0.375,120,40,40,4.092443014020803,English,Spanish,NA,1,4,NA,0,10,NA,1,4,NA,1,4,NA,1,4,NA,1,4,NA
unknown_lab,9vqw,1989,male,United States,United States,TRUE,TRUE,beginner,2,10,FALSE,NA,FALSE,NA,42,12,5,0.5676685773402819,p,h,155,1,0.5,60,10,10,1.1173128526977774,English,Spanish,NA,1,4,NA,0,10,NA,1,4,NA,1,4,NA,1,4,NA,1,4,NA
unknown_lab,9vqw,1989,male,United States,United States,TRUE,TRUE,beginner,2,10,FALSE,NA,FALSE,NA,42,12,5,0.5676685773402819,n,h,155,0,-0.25,140,20,-20,-2.477410529609116,English,Spanish,NA,1,4,NA,0,10,NA,1,4,NA,1,4,NA,1,4,NA,1,4,NA
unknown_lab,9vqw,1989,male,United States,United States,TRUE,TRUE,beginner,2,10,FALSE,NA,FALSE,NA,42,11,0,0,n,m,150,0,-0,20,30,-30,-3.8631371386483475,English,Spanish,NA,1,4,NA,0,10,NA,1,4,NA,1,4,NA,1,4,NA,1,4,NA
unknown_lab,9vqw,1989,male,United States,United States,TRUE,TRUE,beginner,2,10,FALSE,NA,FALSE,NA,42,11,0,0,n,m,150,0,-0,100,10,-10,-1.1944280826109728,English,Spanish,NA,1,4,NA,0,10,NA,1,4,NA,1,4,NA,1,4,NA,1,4,NA
unknown_lab,9vqw,1989,male,United States,United States,TRUE,TRUE,beginner,2,10,FALSE,NA,FALSE,NA,42,11,0,0,0,m,150,1,NA,40,0,-0,0,English,Spanish,NA,1,4,NA,0,10,NA,1,4,NA,1,4,NA,1,4,NA,1,4,NA
unknown_lab,9vqw,1989,male,United States,United States,TRUE,TRUE,beginner,2,10,FALSE,NA,FALSE,NA,42,11,0,0,p,m,150,0,0,100,20,20,2.16686694770185,English,Spanish,NA,1,4,NA,0,10,NA,1,4,NA,1,4,NA,1,4,NA,1,4,NA
unknown_lab,9vqw,1989,male,United States,United States,TRUE,TRUE,beginner,2,10,FALSE,NA,FALSE,NA,42,9,-10,-1.1944280826109728,n,l,140,1,0.25,80,40,-40,-5.369507723654657,English,Spanish,NA,1,4,NA,0,10,NA,1,4,NA,1,4,NA,1,4,NA,1,4,NA
unknown_lab,9vqw,1989,male,United States,United States,TRUE,TRUE,beginner,2,10,FALSE,NA,FALSE,NA,42,11,0,0,n,m,150,0,-0,60,40,-40,-5.369507723654657,English,Spanish,NA,1,4,NA,0,10,NA,1,4,NA,1,4,NA,1,4,NA,1,4,NA
unknown_lab,9vqw,1989,male,United States,United States,TRUE,TRUE,beginner,2,10,FALSE,NA,FALSE,NA,42,11,0,0,p,m,150,0,0,40,10,10,1.1173128526977774,English,Spanish,NA,1,4,NA,0,10,NA,1,4,NA,1,4,NA,1,4,NA,1,4,NA
unknown_lab,9vqw,1989,male,United States,United States,TRUE,TRUE,beginner,2,10,FALSE,NA,FALSE,NA,42,9,-10,-1.1944280826109728,p,l,140,0,-0.3333333333333333,100,30,30,3.1564128700055254,English,Spanish,NA,1,4,NA,0,10,NA,1,4,NA,1,4,NA,1,4,NA,1,4,NA
unknown_lab,9vqw,1989,male,United States,United States,TRUE,TRUE,beginner,2,10,FALSE,NA,FALSE,NA,42,12,5,0.5676685773402819,n,h,155,0,-0.5,40,10,-10,-1.1944280826109728,English,Spanish,NA,1,4,NA,0,10,NA,1,4,NA,1,4,NA,1,4,NA,1,4,NA
unknown_lab,9vqw,1989,male,United States,United States,TRUE,TRUE,beginner,2,10,FALSE,NA,FALSE,NA,42,11,0,0,n,m,150,0,-0,40,30,-30,-3.8631371386483475,English,Spanish,NA,1,4,NA,0,10,NA,1,4,NA,1,4,NA,1,4,NA,1,4,NA
unknown_lab,9vqw,1989,male,United States,United States,TRUE,TRUE,beginner,2,10,FALSE,NA,FALSE,NA,42,11,0,0,p,m,150,0,0,120,20,20,2.16686694770185,English,Spanish,NA,1,4,NA,0,10,NA,1,4,NA,1,4,NA,1,4,NA,1,4,NA
unknown_lab,9vqw,1989,male,United States,United States,TRUE,TRUE,beginner,2,10,FALSE,NA,FALSE,NA,42,11,0,0,n,m,150,0,-0,120,10,-10,-1.1944280826109728,English,Spanish,NA,1,4,NA,0,10,NA,1,4,NA,1,4,NA,1,4,NA,1,4,NA
unknown_lab,9vqw,1989,male,United States,United States,TRUE,TRUE,beginner,2,10,FALSE,NA,FALSE,NA,42,12,5,0.5676685773402819,n,h,155,0,-0.16666666666666666,120,30,-30,-3.8631371386483475,English,Spanish,NA,1,4,NA,0,10,NA,1,4,NA,1,4,NA,1,4,NA,1,4,NA
unknown_lab,9vqw,1989,male,United States,United States,TRUE,TRUE,beginner,2,10,FALSE,NA,FALSE,NA,42,11,0,0,n,m,150,0,-0,140,10,-10,-1.1944280826109728,English,Spanish,NA,1,4,NA,0,10,NA,1,4,NA,1,4,NA,1,4,NA,1,4,NA
unknown_lab,9vqw,1989,male,United States,United States,TRUE,TRUE,beginner,2,10,FALSE,NA,FALSE,NA,42,11,0,0,n,m,150,0,-0,80,30,-30,-3.8631371386483475,English,Spanish,NA,1,4,NA,0,10,NA,1,4,NA,1,4,NA,1,4,NA,1,4,NA
unknown_lab,9vqw,1989,male,United States,United States,TRUE,TRUE,beginner,2,10,FALSE,NA,FALSE,NA,42,11,0,0,n,m,150,0,-0,140,40,-40,-5.369507723654657,English,Spanish,NA,1,4,NA,0,10,NA,1,4,NA,1,4,NA,1,4,NA,1,4,NA
unknown_lab,9vqw,1989,male,United States,United States,TRUE,TRUE,beginner,2,10,FALSE,NA,FALSE,NA,42,11,0,0,0,m,150,1,NA,140,0,-0,0,English,Spanish,NA,1,4,NA,0,10,NA,1,4,NA,1,4,NA,1,4,NA,1,4,NA
unknown_lab,9vqw,1989,male,United States,United States,TRUE,TRUE,beginner,2,10,FALSE,NA,FALSE,NA,42,11,0,0,p,m,150,0,0,20,10,10,1.1173128526977774,English,Spanish,NA,1,4,NA,0,10,NA,1,4,NA,1,4,NA,1,4,NA,1,4,NA
unknown_lab,9vqw,1989,male,United States,United States,TRUE,TRUE,beginner,2,10,FALSE,NA,FALSE,NA,42,11,0,0,n,m,150,0,-0,80,10,-10,-1.1944280826109728,English,Spanish,NA,1,4,NA,0,10,NA,1,4,NA,1,4,NA,1,4,NA,1,4,NA
unknown_lab,9vqw,1989,male,United States,United States,TRUE,TRUE,beginner,2,10,FALSE,NA,FALSE,NA,42,11,0,0,p,m,150,0,0,80,10,10,1.1173128526977774,English,Spanish,NA,1,4,NA,0,10,NA,1,4,NA,1,4,NA,1,4,NA,1,4,NA
unknown_lab,9vqw,1989,male,United States,United States,TRUE,TRUE,beginner,2,10,FALSE,NA,FALSE,NA,42,11,0,0,p,m,150,0,0,40,40,40,4.092443014020803,English,Spanish,NA,1,4,NA,0,10,NA,1,4,NA,1,4,NA,1,4,NA,1,4,NA
unknown_lab,9vqw,1989,male,United States,United States,TRUE,TRUE,beginner,2,10,FALSE,NA,FALSE,NA,42,11,0,0,p,m,150,0,0,40,20,20,2.16686694770185,English,Spanish,NA,1,4,NA,0,10,NA,1,4,NA,1,4,NA,1,4,NA,1,4,NA
unknown_lab,9vqw,1989,male,United States,United States,TRUE,TRUE,beginner,2,10,FALSE,NA,FALSE,NA,42,11,0,0,p,m,150,0,0,20,40,40,4.092443014020803,English,Spanish,NA,1,4,NA,0,10,NA,1,4,NA,1,4,NA,1,4,NA,1,4,NA
unknown_lab,9vqw,1989,male,United States,United States,TRUE,TRUE,beginner,2,10,FALSE,NA,FALSE,NA,42,11,0,0,p,m,150,0,0,120,10,10,1.1173128526977774,English,Spanish,NA,1,4,NA,0,10,NA,1,4,NA,1,4,NA,1,4,NA,1,4,NA
unknown_lab,9vqw,1989,male,United States,United States,TRUE,TRUE,beginner,2,10,FALSE,NA,FALSE,NA,42,11,0,0,0,m,150,1,NA,60,0,-0,0,English,Spanish,NA,1,4,NA,0,10,NA,1,4,NA,1,4,NA,1,4,NA,1,4,NA
unknown_lab,9vqw,1989,male,United States,United States,TRUE,TRUE,beginner,2,10,FALSE,NA,FALSE,NA,42,13,10,1.1173128526977774,p,h,160,1,0.3333333333333333,140,30,30,3.1564128700055254,English,Spanish,NA,1,4,NA,0,10,NA,1,4,NA,1,4,NA,1,4,NA,1,4,NA
unknown_lab,9vqw,1989,male,United States,United States,TRUE,TRUE,beginner,2,10,FALSE,NA,FALSE,NA,42,11,0,0,0,m,150,1,NA,100,0,-0,0,English,Spanish,NA,1,4,NA,0,10,NA,1,4,NA,1,4,NA,1,4,NA,1,4,NA
unknown_lab,9vqw,1989,male,United States,United States,TRUE,TRUE,beginner,2,10,FALSE,NA,FALSE,NA,42,11,0,0,n,m,150,0,-0,40,20,-20,-2.477410529609116,English,Spanish,NA,1,4,NA,0,10,NA,1,4,NA,1,4,NA,1,4,NA,1,4,NA
unknown_lab,9vqw,1989,male,United States,United States,TRUE,TRUE,beginner,2,10,FALSE,NA,FALSE,NA,42,11,0,0,p,m,150,0,0,60,30,30,3.1564128700055254,English,Spanish,NA,1,4,NA,0,10,NA,1,4,NA,1,4,NA,1,4,NA,1,4,NA
unknown_lab,0dvr,1986,male,United States,UK,TRUE,TRUE,advanced,8,20,FALSE,NA,FALSE,NA,33,10,-5,-0.5869152057713568,n,l,145,1,0.125,80,40,-40,-5.369507723654657,English,Spanish,NA,1,1,NA,1,1,NA,1,1,NA,1,1,NA,1,1,NA,1,1,NA
unknown_lab,0dvr,1986,male,United States,UK,TRUE,TRUE,advanced,8,20,FALSE,NA,FALSE,NA,33,11,0,0,p,m,150,0,0,20,20,20,2.16686694770185,English,Spanish,NA,1,1,NA,1,1,NA,1,1,NA,1,1,NA,1,1,NA,1,1,NA
unknown_lab,0dvr,1986,male,United States,UK,TRUE,TRUE,advanced,8,20,FALSE,NA,FALSE,NA,33,11,0,0,n,m,150,0,-0,40,10,-10,-1.1944280826109728,English,Spanish,NA,1,1,NA,1,1,NA,1,1,NA,1,1,NA,1,1,NA,1,1,NA
unknown_lab,0dvr,1986,male,United States,UK,TRUE,TRUE,advanced,8,20,FALSE,NA,FALSE,NA,33,10,-5,-0.5869152057713568,n,l,145,1,0.16666666666666666,120,30,-30,-3.8631371386483475,English,Spanish,NA,1,1,NA,1,1,NA,1,1,NA,1,1,NA,1,1,NA,1,1,NA
unknown_lab,0dvr,1986,male,United States,UK,TRUE,TRUE,advanced,8,20,FALSE,NA,FALSE,NA,33,12,5,0.5676685773402819,n,h,155,0,-0.25,80,20,-20,-2.477410529609116,English,Spanish,NA,1,1,NA,1,1,NA,1,1,NA,1,1,NA,1,1,NA,1,1,NA
unknown_lab,0dvr,1986,male,United States,UK,TRUE,TRUE,advanced,8,20,FALSE,NA,FALSE,NA,33,10,-5,-0.5869152057713568,n,l,145,1,0.125,120,40,-40,-5.369507723654657,English,Spanish,NA,1,1,NA,1,1,NA,1,1,NA,1,1,NA,1,1,NA,1,1,NA
unknown_lab,0dvr,1986,male,United States,UK,TRUE,TRUE,advanced,8,20,FALSE,NA,FALSE,NA,33,12,5,0.5676685773402819,p,h,155,1,0.25,80,20,20,2.16686694770185,English,Spanish,NA,1,1,NA,1,1,NA,1,1,NA,1,1,NA,1,1,NA,1,1,NA
unknown_lab,0dvr,1986,male,United States,UK,TRUE,TRUE,advanced,8,20,FALSE,NA,FALSE,NA,33,11,0,0,n,m,150,0,-0,40,30,-30,-3.8631371386483475,English,Spanish,NA,1,1,NA,1,1,NA,1,1,NA,1,1,NA,1,1,NA,1,1,NA
unknown_lab,0dvr,1986,male,United States,UK,TRUE,TRUE,advanced,8,20,FALSE,NA,FALSE,NA,33,12,5,0.5676685773402819,p,h,155,1,0.16666666666666666,100,30,30,3.1564128700055254,English,Spanish,NA,1,1,NA,1,1,NA,1,1,NA,1,1,NA,1,1,NA,1,1,NA
unknown_lab,0dvr,1986,male,United States,UK,TRUE,TRUE,advanced,8,20,FALSE,NA,FALSE,NA,33,11,0,0,p,m,150,0,0,40,40,40,4.092443014020803,English,Spanish,NA,1,1,NA,1,1,NA,1,1,NA,1,1,NA,1,1,NA,1,1,NA
unknown_lab,0dvr,1986,male,United States,UK,TRUE,TRUE,advanced,8,20,FALSE,NA,FALSE,NA,33,11,0,0,n,m,150,0,-0,20,40,-40,-5.369507723654657,English,Spanish,NA,1,1,NA,1,1,NA,1,1,NA,1,1,NA,1,1,NA,1,1,NA
unknown_lab,0dvr,1986,male,United States,UK,TRUE,TRUE,advanced,8,20,FALSE,NA,FALSE,NA,33,10,-5,-0.5869152057713568,n,l,145,1,0.125,140,40,-40,-5.369507723654657,English,Spanish,NA,1,1,NA,1,1,NA,1,1,NA,1,1,NA,1,1,NA,1,1,NA
unknown_lab,0dvr,1986,male,United States,UK,TRUE,TRUE,advanced,8,20,FALSE,NA,FALSE,NA,33,12,5,0.5676685773402819,p,h,155,1,0.5,80,10,10,1.1173128526977774,English,Spanish,NA,1,1,NA,1,1,NA,1,1,NA,1,1,NA,1,1,NA,1,1,NA
unknown_lab,0dvr,1986,male,United States,UK,TRUE,TRUE,advanced,8,20,FALSE,NA,FALSE,NA,33,12,5,0.5676685773402819,p,h,155,1,0.5,120,10,10,1.1173128526977774,English,Spanish,NA,1,1,NA,1,1,NA,1,1,NA,1,1,NA,1,1,NA,1,1,NA
unknown_lab,0dvr,1986,male,United States,UK,TRUE,TRUE,advanced,8,20,FALSE,NA,FALSE,NA,33,11,0,0,p,m,150,0,0,40,30,30,3.1564128700055254,English,Spanish,NA,1,1,NA,1,1,NA,1,1,NA,1,1,NA,1,1,NA,1,1,NA
unknown_lab,0dvr,1986,male,United States,UK,TRUE,TRUE,advanced,8,20,FALSE,NA,FALSE,NA,33,11,0,0,n,m,150,0,-0,40,20,-20,-2.477410529609116,English,Spanish,NA,1,1,NA,1,1,NA,1,1,NA,1,1,NA,1,1,NA,1,1,NA
unknown_lab,0dvr,1986,male,United States,UK,TRUE,TRUE,advanced,8,20,FALSE,NA,FALSE,NA,33,12,5,0.5676685773402819,p,h,155,1,0.125,120,40,40,4.092443014020803,English,Spanish,NA,1,1,NA,1,1,NA,1,1,NA,1,1,NA,1,1,NA,1,1,NA
unknown_lab,0dvr,1986,male,United States,UK,TRUE,TRUE,advanced,8,20,FALSE,NA,FALSE,NA,33,10,-5,-0.5869152057713568,n,l,145,1,0.25,140,20,-20,-2.477410529609116,English,Spanish,NA,1,1,NA,1,1,NA,1,1,NA,1,1,NA,1,1,NA,1,1,NA
unknown_lab,0dvr,1986,male,United States,UK,TRUE,TRUE,advanced,8,20,FALSE,NA,FALSE,NA,33,12,5,0.5676685773402819,p,h,155,1,0.5,100,10,10,1.1173128526977774,English,Spanish,NA,1,1,NA,1,1,NA,1,1,NA,1,1,NA,1,1,NA,1,1,NA
unknown_lab,0dvr,1986,male,United States,UK,TRUE,TRUE,advanced,8,20,FALSE,NA,FALSE,NA,33,11,0,0,0,m,150,1,NA,120,0,-0,0,English,Spanish,NA,1,1,NA,1,1,NA,1,1,NA,1,1,NA,1,1,NA,1,1,NA
unknown_lab,0dvr,1986,male,United States,UK,TRUE,TRUE,advanced,8,20,FALSE,NA,FALSE,NA,33,11,0,0,n,m,150,0,-0,20,10,-10,-1.1944280826109728,English,Spanish,NA,1,1,NA,1,1,NA,1,1,NA,1,1,NA,1,1,NA,1,1,NA
unknown_lab,0dvr,1986,male,United States,UK,TRUE,TRUE,advanced,8,20,FALSE,NA,FALSE,NA,33,11,0,0,0,m,150,1,NA,60,0,-0,0,English,Spanish,NA,1,1,NA,1,1,NA,1,1,NA,1,1,NA,1,1,NA,1,1,NA
unknown_lab,0dvr,1986,male,United States,UK,TRUE,TRUE,advanced,8,20,FALSE,NA,FALSE,NA,33,12,5,0.5676685773402819,p,h,155,1,0.16666666666666666,120,30,30,3.1564128700055254,English,Spanish,NA,1,1,NA,1,1,NA,1,1,NA,1,1,NA,1,1,NA,1,1,NA
unknown_lab,0dvr,1986,male,United States,UK,TRUE,TRUE,advanced,8,20,FALSE,NA,FALSE,NA,33,12,5,0.5676685773402819,p,h,155,1,0.125,100,40,40,4.092443014020803,English,Spanish,NA,1,1,NA,1,1,NA,1,1,NA,1,1,NA,1,1,NA,1,1,NA
unknown_lab,0dvr,1986,male,United States,UK,TRUE,TRUE,advanced,8,20,FALSE,NA,FALSE,NA,33,11,0,0,p,m,150,0,0,60,40,40,4.092443014020803,English,Spanish,NA,1,1,NA,1,1,NA,1,1,NA,1,1,NA,1,1,NA,1,1,NA
unknown_lab,0dvr,1986,male,United States,UK,TRUE,TRUE,advanced,8,20,FALSE,NA,FALSE,NA,33,10,-5,-0.5869152057713568,n,l,145,1,0.125,100,40,-40,-5.369507723654657,English,Spanish,NA,1,1,NA,1,1,NA,1,1,NA,1,1,NA,1,1,NA,1,1,NA
unknown_lab,0dvr,1986,male,United States,UK,TRUE,TRUE,advanced,8,20,FALSE,NA,FALSE,NA,33,11,0,0,n,m,150,0,-0,60,40,-40,-5.369507723654657,English,Spanish,NA,1,1,NA,1,1,NA,1,1,NA,1,1,NA,1,1,NA,1,1,NA
unknown_lab,0dvr,1986,male,United States,UK,TRUE,TRUE,advanced,8,20,FALSE,NA,FALSE,NA,33,11,0,0,p,m,150,0,0,40,20,20,2.16686694770185,English,Spanish,NA,1,1,NA,1,1,NA,1,1,NA,1,1,NA,1,1,NA,1,1,NA
unknown_lab,0dvr,1986,male,United States,UK,TRUE,TRUE,advanced,8,20,FALSE,NA,FALSE,NA,33,12,5,0.5676685773402819,n,h,155,0,-0.25,20,20,-20,-2.477410529609116,English,Spanish,NA,1,1,NA,1,1,NA,1,1,NA,1,1,NA,1,1,NA,1,1,NA
unknown_lab,0dvr,1986,male,United States,UK,TRUE,TRUE,advanced,8,20,FALSE,NA,FALSE,NA,33,12,5,0.5676685773402819,n,h,155,0,-0.5,120,10,-10,-1.1944280826109728,English,Spanish,NA,1,1,NA,1,1,NA,1,1,NA,1,1,NA,1,1,NA,1,1,NA
unknown_lab,0dvr,1986,male,United States,UK,TRUE,TRUE,advanced,8,20,FALSE,NA,FALSE,NA,33,12,5,0.5676685773402819,p,h,155,1,0.25,120,20,20,2.16686694770185,English,Spanish,NA,1,1,NA,1,1,NA,1,1,NA,1,1,NA,1,1,NA,1,1,NA
unknown_lab,0dvr,1986,male,United States,UK,TRUE,TRUE,advanced,8,20,FALSE,NA,FALSE,NA,33,11,0,0,p,m,150,0,0,40,10,10,1.1173128526977774,English,Spanish,NA,1,1,NA,1,1,NA,1,1,NA,1,1,NA,1,1,NA,1,1,NA
unknown_lab,0dvr,1986,male,United States,UK,TRUE,TRUE,advanced,8,20,FALSE,NA,FALSE,NA,33,11,0,0,p,m,150,0,0,100,20,20,2.16686694770185,English,Spanish,NA,1,1,NA,1,1,NA,1,1,NA,1,1,NA,1,1,NA,1,1,NA
unknown_lab,0dvr,1986,male,United States,UK,TRUE,TRUE,advanced,8,20,FALSE,NA,FALSE,NA,33,12,5,0.5676685773402819,p,h,155,1,0.5,140,10,10,1.1173128526977774,English,Spanish,NA,1,1,NA,1,1,NA,1,1,NA,1,1,NA,1,1,NA,1,1,NA
unknown_lab,0dvr,1986,male,United States,UK,TRUE,TRUE,advanced,8,20,FALSE,NA,FALSE,NA,33,12,5,0.5676685773402819,p,h,155,1,0.5,60,10,10,1.1173128526977774,English,Spanish,NA,1,1,NA,1,1,NA,1,1,NA,1,1,NA,1,1,NA,1,1,NA
unknown_lab,0dvr,1986,male,United States,UK,TRUE,TRUE,advanced,8,20,FALSE,NA,FALSE,NA,33,11,0,0,p,m,150,0,0,20,40,40,4.092443014020803,English,Spanish,NA,1,1,NA,1,1,NA,1,1,NA,1,1,NA,1,1,NA,1,1,NA
unknown_lab,0dvr,1986,male,United States,UK,TRUE,TRUE,advanced,8,20,FALSE,NA,FALSE,NA,33,10,-5,-0.5869152057713568,n,l,145,1,0.125,40,40,-40,-5.369507723654657,English,Spanish,NA,1,1,NA,1,1,NA,1,1,NA,1,1,NA,1,1,NA,1,1,NA
unknown_lab,0dvr,1986,male,United States,UK,TRUE,TRUE,advanced,8,20,FALSE,NA,FALSE,NA,33,11,0,0,n,m,150,0,-0,80,30,-30,-3.8631371386483475,English,Spanish,NA,1,1,NA,1,1,NA,1,1,NA,1,1,NA,1,1,NA,1,1,NA
unknown_lab,0dvr,1986,male,United States,UK,TRUE,TRUE,advanced,8,20,FALSE,NA,FALSE,NA,33,11,0,0,0,m,150,1,NA,80,0,-0,0,English,Spanish,NA,1,1,NA,1,1,NA,1,1,NA,1,1,NA,1,1,NA,1,1,NA
unknown_lab,0dvr,1986,male,United States,UK,TRUE,TRUE,advanced,8,20,FALSE,NA,FALSE,NA,33,11,0,0,n,m,150,0,-0,140,10,-10,-1.1944280826109728,English,Spanish,NA,1,1,NA,1,1,NA,1,1,NA,1,1,NA,1,1,NA,1,1,NA
unknown_lab,0dvr,1986,male,United States,UK,TRUE,TRUE,advanced,8,20,FALSE,NA,FALSE,NA,33,10,-5,-0.5869152057713568,n,l,145,1,0.16666666666666666,140,30,-30,-3.8631371386483475,English,Spanish,NA,1,1,NA,1,1,NA,1,1,NA,1,1,NA,1,1,NA,1,1,NA
unknown_lab,0dvr,1986,male,United States,UK,TRUE,TRUE,advanced,8,20,FALSE,NA,FALSE,NA,33,12,5,0.5676685773402819,p,h,155,1,0.16666666666666666,80,30,30,3.1564128700055254,English,Spanish,NA,1,1,NA,1,1,NA,1,1,NA,1,1,NA,1,1,NA,1,1,NA
unknown_lab,0dvr,1986,male,United States,UK,TRUE,TRUE,advanced,8,20,FALSE,NA,FALSE,NA,33,12,5,0.5676685773402819,p,h,155,1,0.125,140,40,40,4.092443014020803,English,Spanish,NA,1,1,NA,1,1,NA,1,1,NA,1,1,NA,1,1,NA,1,1,NA
unknown_lab,0dvr,1986,male,United States,UK,TRUE,TRUE,advanced,8,20,FALSE,NA,FALSE,NA,33,10,-5,-0.5869152057713568,n,l,145,1,0.25,60,20,-20,-2.477410529609116,English,Spanish,NA,1,1,NA,1,1,NA,1,1,NA,1,1,NA,1,1,NA,1,1,NA
unknown_lab,0dvr,1986,male,United States,UK,TRUE,TRUE,advanced,8,20,FALSE,NA,FALSE,NA,33,11,0,0,n,m,150,0,-0,100,30,-30,-3.8631371386483475,English,Spanish,NA,1,1,NA,1,1,NA,1,1,NA,1,1,NA,1,1,NA,1,1,NA
unknown_lab,0dvr,1986,male,United States,UK,TRUE,TRUE,advanced,8,20,FALSE,NA,FALSE,NA,33,10,-5,-0.5869152057713568,p,l,145,0,-0.16666666666666666,20,30,30,3.1564128700055254,English,Spanish,NA,1,1,NA,1,1,NA,1,1,NA,1,1,NA,1,1,NA,1,1,NA
unknown_lab,0dvr,1986,male,United States,UK,TRUE,TRUE,advanced,8,20,FALSE,NA,FALSE,NA,33,12,5,0.5676685773402819,n,h,155,0,-0.5,100,10,-10,-1.1944280826109728,English,Spanish,NA,1,1,NA,1,1,NA,1,1,NA,1,1,NA,1,1,NA,1,1,NA
unknown_lab,0dvr,1986,male,United States,UK,TRUE,TRUE,advanced,8,20,FALSE,NA,FALSE,NA,33,12,5,0.5676685773402819,0,h,155,0,NA,60,0,-0,0,English,Spanish,NA,1,1,NA,1,1,NA,1,1,NA,1,1,NA,1,1,NA,1,1,NA
unknown_lab,0dvr,1986,male,United States,UK,TRUE,TRUE,advanced,8,20,FALSE,NA,FALSE,NA,33,12,5,0.5676685773402819,n,h,155,0,-0.16666666666666666,60,30,-30,-3.8631371386483475,English,Spanish,NA,1,1,NA,1,1,NA,1,1,NA,1,1,NA,1,1,NA,1,1,NA
unknown_lab,0dvr,1986,male,United States,UK,TRUE,TRUE,advanced,8,20,FALSE,NA,FALSE,NA,33,12,5,0.5676685773402819,p,h,155,1,0.125,80,40,40,4.092443014020803,English,Spanish,NA,1,1,NA,1,1,NA,1,1,NA,1,1,NA,1,1,NA,1,1,NA
unknown_lab,0dvr,1986,male,United States,UK,TRUE,TRUE,advanced,8,20,FALSE,NA,FALSE,NA,33,11,0,0,p,m,150,0,0,20,10,10,1.1173128526977774,English,Spanish,NA,1,1,NA,1,1,NA,1,1,NA,1,1,NA,1,1,NA,1,1,NA
unknown_lab,0dvr,1986,male,United States,UK,TRUE,TRUE,advanced,8,20,FALSE,NA,FALSE,NA,33,10,-5,-0.5869152057713568,n,l,145,1,0.25,120,20,-20,-2.477410529609116,English,Spanish,NA,1,1,NA,1,1,NA,1,1,NA,1,1,NA,1,1,NA,1,1,NA
unknown_lab,0dvr,1986,male,United States,UK,TRUE,TRUE,advanced,8,20,FALSE,NA,FALSE,NA,33,12,5,0.5676685773402819,p,h,155,1,0.16666666666666666,140,30,30,3.1564128700055254,English,Spanish,NA,1,1,NA,1,1,NA,1,1,NA,1,1,NA,1,1,NA,1,1,NA
unknown_lab,0dvr,1986,male,United States,UK,TRUE,TRUE,advanced,8,20,FALSE,NA,FALSE,NA,33,12,5,0.5676685773402819,p,h,155,1,0.25,60,20,20,2.16686694770185,English,Spanish,NA,1,1,NA,1,1,NA,1,1,NA,1,1,NA,1,1,NA,1,1,NA
unknown_lab,0dvr,1986,male,United States,UK,TRUE,TRUE,advanced,8,20,FALSE,NA,FALSE,NA,33,12,5,0.5676685773402819,n,h,155,0,-0.5,60,10,-10,-1.1944280826109728,English,Spanish,NA,1,1,NA,1,1,NA,1,1,NA,1,1,NA,1,1,NA,1,1,NA
unknown_lab,0dvr,1986,male,United States,UK,TRUE,TRUE,advanced,8,20,FALSE,NA,FALSE,NA,33,12,5,0.5676685773402819,0,h,155,0,NA,80,0,-0,0,English,Spanish,NA,1,1,NA,1,1,NA,1,1,NA,1,1,NA,1,1,NA,1,1,NA
unknown_lab,0dvr,1986,male,United States,UK,TRUE,TRUE,advanced,8,20,FALSE,NA,FALSE,NA,33,11,0,0,0,m,150,1,NA,100,0,-0,0,English,Spanish,NA,1,1,NA,1,1,NA,1,1,NA,1,1,NA,1,1,NA,1,1,NA
unknown_lab,0dvr,1986,male,United States,UK,TRUE,TRUE,advanced,8,20,FALSE,NA,FALSE,NA,33,12,5,0.5676685773402819,0,h,155,0,NA,100,0,-0,0,English,Spanish,NA,1,1,NA,1,1,NA,1,1,NA,1,1,NA,1,1,NA,1,1,NA
unknown_lab,0dvr,1986,male,United States,UK,TRUE,TRUE,advanced,8,20,FALSE,NA,FALSE,NA,33,12,5,0.5676685773402819,n,h,155,0,-0.16666666666666666,20,30,-30,-3.8631371386483475,English,Spanish,NA,1,1,NA,1,1,NA,1,1,NA,1,1,NA,1,1,NA,1,1,NA
unknown_lab,0dvr,1986,male,United States,UK,TRUE,TRUE,advanced,8,20,FALSE,NA,FALSE,NA,33,11,0,0,p,m,150,0,0,60,30,30,3.1564128700055254,English,Spanish,NA,1,1,NA,1,1,NA,1,1,NA,1,1,NA,1,1,NA,1,1,NA
unknown_lab,0dvr,1986,male,United States,UK,TRUE,TRUE,advanced,8,20,FALSE,NA,FALSE,NA,33,11,0,0,n,m,150,0,-0,80,10,-10,-1.1944280826109728,English,Spanish,NA,1,1,NA,1,1,NA,1,1,NA,1,1,NA,1,1,NA,1,1,NA
unknown_lab,0dvr,1986,male,United States,UK,TRUE,TRUE,advanced,8,20,FALSE,NA,FALSE,NA,33,12,5,0.5676685773402819,p,h,155,1,0.25,140,20,20,2.16686694770185,English,Spanish,NA,1,1,NA,1,1,NA,1,1,NA,1,1,NA,1,1,NA,1,1,NA
unknown_lab,0dvr,1986,male,United States,UK,TRUE,TRUE,advanced,8,20,FALSE,NA,FALSE,NA,33,12,5,0.5676685773402819,n,h,155,0,-0.25,100,20,-20,-2.477410529609116,English,Spanish,NA,1,1,NA,1,1,NA,1,1,NA,1,1,NA,1,1,NA,1,1,NA
unknown_lab,0dvr,1986,male,United States,UK,TRUE,TRUE,advanced,8,20,FALSE,NA,FALSE,NA,33,12,5,0.5676685773402819,p,h,155,1,0.125,100,40,40,4.092443014020803,English,Spanish,NA,1,1,NA,1,1,NA,1,1,NA,1,1,NA,1,1,NA,1,1,NA
unknown_lab,0dvr,1986,male,United States,UK,TRUE,TRUE,advanced,8,20,FALSE,NA,FALSE,NA,33,12,5,0.5676685773402819,p,h,155,1,0.16666666666666666,20,30,30,3.1564128700055254,English,Spanish,NA,1,1,NA,1,1,NA,1,1,NA,1,1,NA,1,1,NA,1,1,NA
unknown_lab,0dvr,1986,male,United States,UK,TRUE,TRUE,advanced,8,20,FALSE,NA,FALSE,NA,33,10,-5,-0.5869152057713568,n,l,145,1,0.16666666666666666,100,30,-30,-3.8631371386483475,English,Spanish,NA,1,1,NA,1,1,NA,1,1,NA,1,1,NA,1,1,NA,1,1,NA
unknown_lab,0dvr,1986,male,United States,UK,TRUE,TRUE,advanced,8,20,FALSE,NA,FALSE,NA,33,12,5,0.5676685773402819,p,h,155,1,0.125,120,40,40,4.092443014020803,English,Spanish,NA,1,1,NA,1,1,NA,1,1,NA,1,1,NA,1,1,NA,1,1,NA
unknown_lab,0dvr,1986,male,United States,UK,TRUE,TRUE,advanced,8,20,FALSE,NA,FALSE,NA,33,10,-5,-0.5869152057713568,p,l,145,0,-0.5,140,10,10,1.1173128526977774,English,Spanish,NA,1,1,NA,1,1,NA,1,1,NA,1,1,NA,1,1,NA,1,1,NA
unknown_lab,0dvr,1986,male,United States,UK,TRUE,TRUE,advanced,8,20,FALSE,NA,FALSE,NA,33,11,0,0,n,m,150,0,-0,100,10,-10,-1.1944280826109728,English,Spanish,NA,1,1,NA,1,1,NA,1,1,NA,1,1,NA,1,1,NA,1,1,NA
unknown_lab,0dvr,1986,male,United States,UK,TRUE,TRUE,advanced,8,20,FALSE,NA,FALSE,NA,33,12,5,0.5676685773402819,p,h,155,1,0.25,100,20,20,2.16686694770185,English,Spanish,NA,1,1,NA,1,1,NA,1,1,NA,1,1,NA,1,1,NA,1,1,NA
unknown_lab,0dvr,1986,male,United States,UK,TRUE,TRUE,advanced,8,20,FALSE,NA,FALSE,NA,33,10,-5,-0.5869152057713568,n,l,145,1,0.16666666666666666,60,30,-30,-3.8631371386483475,English,Spanish,NA,1,1,NA,1,1,NA,1,1,NA,1,1,NA,1,1,NA,1,1,NA
unknown_lab,0dvr,1986,male,United States,UK,TRUE,TRUE,advanced,8,20,FALSE,NA,FALSE,NA,33,12,5,0.5676685773402819,0,h,155,0,NA,20,0,-0,0,English,Spanish,NA,1,1,NA,1,1,NA,1,1,NA,1,1,NA,1,1,NA,1,1,NA
unknown_lab,0dvr,1986,male,United States,UK,TRUE,TRUE,advanced,8,20,FALSE,NA,FALSE,NA,33,11,0,0,p,m,150,0,0,140,30,30,3.1564128700055254,English,Spanish,NA,1,1,NA,1,1,NA,1,1,NA,1,1,NA,1,1,NA,1,1,NA
unknown_lab,0dvr,1986,male,United States,UK,TRUE,TRUE,advanced,8,20,FALSE,NA,FALSE,NA,33,12,5,0.5676685773402819,0,h,155,0,NA,140,0,-0,0,English,Spanish,NA,1,1,NA,1,1,NA,1,1,NA,1,1,NA,1,1,NA,1,1,NA
unknown_lab,0dvr,1986,male,United States,UK,TRUE,TRUE,advanced,8,20,FALSE,NA,FALSE,NA,33,11,0,0,p,m,150,0,0,80,10,10,1.1173128526977774,English,Spanish,NA,1,1,NA,1,1,NA,1,1,NA,1,1,NA,1,1,NA,1,1,NA
unknown_lab,0dvr,1986,male,United States,UK,TRUE,TRUE,advanced,8,20,FALSE,NA,FALSE,NA,33,10,-5,-0.5869152057713568,p,l,145,0,-0.5,60,10,10,1.1173128526977774,English,Spanish,NA,1,1,NA,1,1,NA,1,1,NA,1,1,NA,1,1,NA,1,1,NA
unknown_lab,0dvr,1986,male,United States,UK,TRUE,TRUE,advanced,8,20,FALSE,NA,FALSE,NA,33,9,-10,-1.1944280826109728,n,l,140,1,0.3333333333333333,140,30,-30,-3.8631371386483475,English,Spanish,NA,1,1,NA,1,1,NA,1,1,NA,1,1,NA,1,1,NA,1,1,NA
unknown_lab,0dvr,1986,male,United States,UK,TRUE,TRUE,advanced,8,20,FALSE,NA,FALSE,NA,33,12,5,0.5676685773402819,p,h,155,1,0.125,40,40,40,4.092443014020803,English,Spanish,NA,1,1,NA,1,1,NA,1,1,NA,1,1,NA,1,1,NA,1,1,NA
unknown_lab,0dvr,1986,male,United States,UK,TRUE,TRUE,advanced,8,20,FALSE,NA,FALSE,NA,33,12,5,0.5676685773402819,n,h,155,0,-0.5,40,10,-10,-1.1944280826109728,English,Spanish,NA,1,1,NA,1,1,NA,1,1,NA,1,1,NA,1,1,NA,1,1,NA
unknown_lab,0dvr,1986,male,United States,UK,TRUE,TRUE,advanced,8,20,FALSE,NA,FALSE,NA,33,12,5,0.5676685773402819,p,h,155,1,0.16666666666666666,60,30,30,3.1564128700055254,English,Spanish,NA,1,1,NA,1,1,NA,1,1,NA,1,1,NA,1,1,NA,1,1,NA
unknown_lab,0dvr,1986,male,United States,UK,TRUE,TRUE,advanced,8,20,FALSE,NA,FALSE,NA,33,11,0,0,0,m,150,1,NA,120,0,-0,0,English,Spanish,NA,1,1,NA,1,1,NA,1,1,NA,1,1,NA,1,1,NA,1,1,NA
unknown_lab,0dvr,1986,male,United States,UK,TRUE,TRUE,advanced,8,20,FALSE,NA,FALSE,NA,33,12,5,0.5676685773402819,p,h,155,1,0.125,140,40,40,4.092443014020803,English,Spanish,NA,1,1,NA,1,1,NA,1,1,NA,1,1,NA,1,1,NA,1,1,NA
unknown_lab,0dvr,1986,male,United States,UK,TRUE,TRUE,advanced,8,20,FALSE,NA,FALSE,NA,33,10,-5,-0.5869152057713568,n,l,145,1,0.25,100,20,-20,-2.477410529609116,English,Spanish,NA,1,1,NA,1,1,NA,1,1,NA,1,1,NA,1,1,NA,1,1,NA
unknown_lab,0dvr,1986,male,United States,UK,TRUE,TRUE,advanced,8,20,FALSE,NA,FALSE,NA,33,12,5,0.5676685773402819,n,h,155,0,-0.25,40,20,-20,-2.477410529609116,English,Spanish,NA,1,1,NA,1,1,NA,1,1,NA,1,1,NA,1,1,NA,1,1,NA
unknown_lab,0dvr,1986,male,United States,UK,TRUE,TRUE,advanced,8,20,FALSE,NA,FALSE,NA,33,12,5,0.5676685773402819,p,h,155,1,0.25,140,20,20,2.16686694770185,English,Spanish,NA,1,1,NA,1,1,NA,1,1,NA,1,1,NA,1,1,NA,1,1,NA
unknown_lab,0dvr,1986,male,United States,UK,TRUE,TRUE,advanced,8,20,FALSE,NA,FALSE,NA,33,10,-5,-0.5869152057713568,p,l,145,0,-0.5,20,10,10,1.1173128526977774,English,Spanish,NA,1,1,NA,1,1,NA,1,1,NA,1,1,NA,1,1,NA,1,1,NA
unknown_lab,0dvr,1986,male,United States,UK,TRUE,TRUE,advanced,8,20,FALSE,NA,FALSE,NA,33,10,-5,-0.5869152057713568,p,l,145,0,-0.16666666666666666,40,30,30,3.1564128700055254,English,Spanish,NA,1,1,NA,1,1,NA,1,1,NA,1,1,NA,1,1,NA,1,1,NA
unknown_lab,0dvr,1986,male,United States,UK,TRUE,TRUE,advanced,8,20,FALSE,NA,FALSE,NA,33,10,-5,-0.5869152057713568,n,l,145,1,0.125,100,40,-40,-5.369507723654657,English,Spanish,NA,1,1,NA,1,1,NA,1,1,NA,1,1,NA,1,1,NA,1,1,NA
unknown_lab,0dvr,1986,male,United States,UK,TRUE,TRUE,advanced,8,20,FALSE,NA,FALSE,NA,33,11,0,0,p,m,150,0,0,20,40,40,4.092443014020803,English,Spanish,NA,1,1,NA,1,1,NA,1,1,NA,1,1,NA,1,1,NA,1,1,NA
unknown_lab,0dvr,1986,male,United States,UK,TRUE,TRUE,advanced,8,20,FALSE,NA,FALSE,NA,33,12,5,0.5676685773402819,n,h,155,0,-0.125,40,40,-40,-5.369507723654657,English,Spanish,NA,1,1,NA,1,1,NA,1,1,NA,1,1,NA,1,1,NA,1,1,NA
unknown_lab,0dvr,1986,male,United States,UK,TRUE,TRUE,advanced,8,20,FALSE,NA,FALSE,NA,33,12,5,0.5676685773402819,p,h,155,1,0.25,80,20,20,2.16686694770185,English,Spanish,NA,1,1,NA,1,1,NA,1,1,NA,1,1,NA,1,1,NA,1,1,NA
unknown_lab,0dvr,1986,male,United States,UK,TRUE,TRUE,advanced,8,20,FALSE,NA,FALSE,NA,33,11,0,0,n,m,150,0,-0,120,20,-20,-2.477410529609116,English,Spanish,NA,1,1,NA,1,1,NA,1,1,NA,1,1,NA,1,1,NA,1,1,NA
unknown_lab,0dvr,1986,male,United States,UK,TRUE,TRUE,advanced,8,20,FALSE,NA,FALSE,NA,33,12,5,0.5676685773402819,n,h,155,0,-0.16666666666666666,20,30,-30,-3.8631371386483475,English,Spanish,NA,1,1,NA,1,1,NA,1,1,NA,1,1,NA,1,1,NA,1,1,NA
unknown_lab,0dvr,1986,male,United States,UK,TRUE,TRUE,advanced,8,20,FALSE,NA,FALSE,NA,33,12,5,0.5676685773402819,0,h,155,0,NA,20,0,-0,0,English,Spanish,NA,1,1,NA,1,1,NA,1,1,NA,1,1,NA,1,1,NA,1,1,NA
unknown_lab,0dvr,1986,male,United States,UK,TRUE,TRUE,advanced,8,20,FALSE,NA,FALSE,NA,33,12,5,0.5676685773402819,n,h,155,0,-0.5,120,10,-10,-1.1944280826109728,English,Spanish,NA,1,1,NA,1,1,NA,1,1,NA,1,1,NA,1,1,NA,1,1,NA
unknown_lab,0dvr,1986,male,United States,UK,TRUE,TRUE,advanced,8,20,FALSE,NA,FALSE,NA,33,12,5,0.5676685773402819,0,h,155,0,NA,140,0,-0,0,English,Spanish,NA,1,1,NA,1,1,NA,1,1,NA,1,1,NA,1,1,NA,1,1,NA
unknown_lab,0dvr,1986,male,United States,UK,TRUE,TRUE,advanced,8,20,FALSE,NA,FALSE,NA,33,11,0,0,n,m,150,0,-0,60,20,-20,-2.477410529609116,English,Spanish,NA,1,1,NA,1,1,NA,1,1,NA,1,1,NA,1,1,NA,1,1,NA
unknown_lab,0dvr,1986,male,United States,UK,TRUE,TRUE,advanced,8,20,FALSE,NA,FALSE,NA,33,12,5,0.5676685773402819,p,h,155,1,0.25,120,20,20,2.16686694770185,English,Spanish,NA,1,1,NA,1,1,NA,1,1,NA,1,1,NA,1,1,NA,1,1,NA
unknown_lab,0dvr,1986,male,United States,UK,TRUE,TRUE,advanced,8,20,FALSE,NA,FALSE,NA,33,12,5,0.5676685773402819,0,h,155,0,NA,40,0,-0,0,English,Spanish,NA,1,1,NA,1,1,NA,1,1,NA,1,1,NA,1,1,NA,1,1,NA
unknown_lab,0dvr,1986,male,United States,UK,TRUE,TRUE,advanced,8,20,FALSE,NA,FALSE,NA,33,11,0,0,n,m,150,0,-0,140,10,-10,-1.1944280826109728,English,Spanish,NA,1,1,NA,1,1,NA,1,1,NA,1,1,NA,1,1,NA,1,1,NA
unknown_lab,0dvr,1986,male,United States,UK,TRUE,TRUE,advanced,8,20,FALSE,NA,FALSE,NA,33,11,0,0,n,m,150,0,-0,20,20,-20,-2.477410529609116,English,Spanish,NA,1,1,NA,1,1,NA,1,1,NA,1,1,NA,1,1,NA,1,1,NA
unknown_lab,0dvr,1986,male,United States,UK,TRUE,TRUE,advanced,8,20,FALSE,NA,FALSE,NA,33,12,5,0.5676685773402819,p,h,155,1,0.16666666666666666,100,30,30,3.1564128700055254,English,Spanish,NA,1,1,NA,1,1,NA,1,1,NA,1,1,NA,1,1,NA,1,1,NA
unknown_lab,0dvr,1986,male,United States,UK,TRUE,TRUE,advanced,8,20,FALSE,NA,FALSE,NA,33,12,5,0.5676685773402819,p,h,155,1,0.16666666666666666,120,30,30,3.1564128700055254,English,Spanish,NA,1,1,NA,1,1,NA,1,1,NA,1,1,NA,1,1,NA,1,1,NA
unknown_lab,0dvr,1986,male,United States,UK,TRUE,TRUE,advanced,8,20,FALSE,NA,FALSE,NA,33,10,-5,-0.5869152057713568,n,l,145,1,0.25,80,20,-20,-2.477410529609116,English,Spanish,NA,1,1,NA,1,1,NA,1,1,NA,1,1,NA,1,1,NA,1,1,NA
unknown_lab,0dvr,1986,male,United States,UK,TRUE,TRUE,advanced,8,20,FALSE,NA,FALSE,NA,33,12,5,0.5676685773402819,n,h,155,0,-0.125,140,40,-40,-5.369507723654657,English,Spanish,NA,1,1,NA,1,1,NA,1,1,NA,1,1,NA,1,1,NA,1,1,NA
unknown_lab,0dvr,1986,male,United States,UK,TRUE,TRUE,advanced,8,20,FALSE,NA,FALSE,NA,33,11,0,0,p,m,150,0,0,80,40,40,4.092443014020803,English,Spanish,NA,1,1,NA,1,1,NA,1,1,NA,1,1,NA,1,1,NA,1,1,NA
unknown_lab,0dvr,1986,male,United States,UK,TRUE,TRUE,advanced,8,20,FALSE,NA,FALSE,NA,33,12,5,0.5676685773402819,p,h,155,1,0.5,40,10,10,1.1173128526977774,English,Spanish,NA,1,1,NA,1,1,NA,1,1,NA,1,1,NA,1,1,NA,1,1,NA
unknown_lab,0dvr,1986,male,United States,UK,TRUE,TRUE,advanced,8,20,FALSE,NA,FALSE,NA,33,10,-5,-0.5869152057713568,n,l,145,1,0.25,140,20,-20,-2.477410529609116,English,Spanish,NA,1,1,NA,1,1,NA,1,1,NA,1,1,NA,1,1,NA,1,1,NA
unknown_lab,0dvr,1986,male,United States,UK,TRUE,TRUE,advanced,8,20,FALSE,NA,FALSE,NA,33,10,-5,-0.5869152057713568,p,l,145,0,-0.5,100,10,10,1.1173128526977774,English,Spanish,NA,1,1,NA,1,1,NA,1,1,NA,1,1,NA,1,1,NA,1,1,NA
unknown_lab,0dvr,1986,male,United States,UK,TRUE,TRUE,advanced,8,20,FALSE,NA,FALSE,NA,33,10,-5,-0.5869152057713568,n,l,145,1,0.16666666666666666,80,30,-30,-3.8631371386483475,English,Spanish,NA,1,1,NA,1,1,NA,1,1,NA,1,1,NA,1,1,NA,1,1,NA
unknown_lab,0dvr,1986,male,United States,UK,TRUE,TRUE,advanced,8,20,FALSE,NA,FALSE,NA,33,10,-5,-0.5869152057713568,n,l,145,1,0.125,120,40,-40,-5.369507723654657,English,Spanish,NA,1,1,NA,1,1,NA,1,1,NA,1,1,NA,1,1,NA,1,1,NA
unknown_lab,0dvr,1986,male,United States,UK,TRUE,TRUE,advanced,8,20,FALSE,NA,FALSE,NA,33,12,5,0.5676685773402819,p,h,155,1,0.25,40,20,20,2.16686694770185,English,Spanish,NA,1,1,NA,1,1,NA,1,1,NA,1,1,NA,1,1,NA,1,1,NA
unknown_lab,0dvr,1986,male,United States,UK,TRUE,TRUE,advanced,8,20,FALSE,NA,FALSE,NA,33,11,0,0,p,m,150,0,0,20,20,20,2.16686694770185,English,Spanish,NA,1,1,NA,1,1,NA,1,1,NA,1,1,NA,1,1,NA,1,1,NA
unknown_lab,0dvr,1986,male,United States,UK,TRUE,TRUE,advanced,8,20,FALSE,NA,FALSE,NA,33,12,5,0.5676685773402819,p,h,155,1,0.5,120,10,10,1.1173128526977774,English,Spanish,NA,1,1,NA,1,1,NA,1,1,NA,1,1,NA,1,1,NA,1,1,NA
unknown_lab,0dvr,1986,male,United States,UK,TRUE,TRUE,advanced,8,20,FALSE,NA,FALSE,NA,33,10,-5,-0.5869152057713568,n,l,145,1,0.125,60,40,-40,-5.369507723654657,English,Spanish,NA,1,1,NA,1,1,NA,1,1,NA,1,1,NA,1,1,NA,1,1,NA
unknown_lab,0dvr,1986,male,United States,UK,TRUE,TRUE,advanced,8,20,FALSE,NA,FALSE,NA,33,10,-5,-0.5869152057713568,n,l,145,1,0.5,80,10,-10,-1.1944280826109728,English,Spanish,NA,1,1,NA,1,1,NA,1,1,NA,1,1,NA,1,1,NA,1,1,NA
unknown_lab,0dvr,1986,male,United States,UK,TRUE,TRUE,advanced,8,20,FALSE,NA,FALSE,NA,33,12,5,0.5676685773402819,n,h,155,0,-0.5,60,10,-10,-1.1944280826109728,English,Spanish,NA,1,1,NA,1,1,NA,1,1,NA,1,1,NA,1,1,NA,1,1,NA
unknown_lab,0dvr,1986,male,United States,UK,TRUE,TRUE,advanced,8,20,FALSE,NA,FALSE,NA,33,12,5,0.5676685773402819,n,h,155,0,-0.16666666666666666,40,30,-30,-3.8631371386483475,English,Spanish,NA,1,1,NA,1,1,NA,1,1,NA,1,1,NA,1,1,NA,1,1,NA
unknown_lab,0dvr,1986,male,United States,UK,TRUE,TRUE,advanced,8,20,FALSE,NA,FALSE,NA,33,10,-5,-0.5869152057713568,p,l,145,0,-0.25,60,20,20,2.16686694770185,English,Spanish,NA,1,1,NA,1,1,NA,1,1,NA,1,1,NA,1,1,NA,1,1,NA
unknown_lab,0dvr,1986,male,United States,UK,TRUE,TRUE,advanced,8,20,FALSE,NA,FALSE,NA,33,12,5,0.5676685773402819,p,h,155,1,0.16666666666666666,80,30,30,3.1564128700055254,English,Spanish,NA,1,1,NA,1,1,NA,1,1,NA,1,1,NA,1,1,NA,1,1,NA
unknown_lab,0dvr,1986,male,United States,UK,TRUE,TRUE,advanced,8,20,FALSE,NA,FALSE,NA,33,10,-5,-0.5869152057713568,n,l,145,1,0.125,80,40,-40,-5.369507723654657,English,Spanish,NA,1,1,NA,1,1,NA,1,1,NA,1,1,NA,1,1,NA,1,1,NA
unknown_lab,0dvr,1986,male,United States,UK,TRUE,TRUE,advanced,8,20,FALSE,NA,FALSE,NA,33,12,5,0.5676685773402819,p,h,155,1,0.125,60,40,40,4.092443014020803,English,Spanish,NA,1,1,NA,1,1,NA,1,1,NA,1,1,NA,1,1,NA,1,1,NA
unknown_lab,0dvr,1986,male,United States,UK,TRUE,TRUE,advanced,8,20,FALSE,NA,FALSE,NA,33,9,-10,-1.1944280826109728,n,l,140,1,0.3333333333333333,120,30,-30,-3.8631371386483475,English,Spanish,NA,1,1,NA,1,1,NA,1,1,NA,1,1,NA,1,1,NA,1,1,NA
unknown_lab,0dvr,1986,male,United States,UK,TRUE,TRUE,advanced,8,20,FALSE,NA,FALSE,NA,33,12,5,0.5676685773402819,n,h,155,0,-0.125,20,40,-40,-5.369507723654657,English,Spanish,NA,1,1,NA,1,1,NA,1,1,NA,1,1,NA,1,1,NA,1,1,NA
unknown_lab,0dvr,1986,male,United States,UK,TRUE,TRUE,advanced,8,20,FALSE,NA,FALSE,NA,33,11,0,0,n,m,150,0,-0,20,10,-10,-1.1944280826109728,English,Spanish,NA,1,1,NA,1,1,NA,1,1,NA,1,1,NA,1,1,NA,1,1,NA
unknown_lab,vtxy,1994,male,USA,UK,TRUE,TRUE,beginner,2,1,FALSE,NA,FALSE,NA,30,10,-5,-0.5869152057713568,p,l,145,0,-0.125,20,40,40,4.092443014020803,English ,NA,NA,1,NA,NA,0,NA,NA,1,NA,NA,1,NA,NA,1,NA,NA,1,NA,NA
unknown_lab,vtxy,1994,male,USA,UK,TRUE,TRUE,beginner,2,1,FALSE,NA,FALSE,NA,30,11,0,0,p,m,150,0,0,60,10,10,1.1173128526977774,English ,NA,NA,1,NA,NA,0,NA,NA,1,NA,NA,1,NA,NA,1,NA,NA,1,NA,NA
unknown_lab,vtxy,1994,male,USA,UK,TRUE,TRUE,beginner,2,1,FALSE,NA,FALSE,NA,30,11,0,0,p,m,150,0,0,80,40,40,4.092443014020803,English ,NA,NA,1,NA,NA,0,NA,NA,1,NA,NA,1,NA,NA,1,NA,NA,1,NA,NA
unknown_lab,vtxy,1994,male,USA,UK,TRUE,TRUE,beginner,2,1,FALSE,NA,FALSE,NA,30,11,0,0,n,m,150,0,-0,20,30,-30,-3.8631371386483475,English ,NA,NA,1,NA,NA,0,NA,NA,1,NA,NA,1,NA,NA,1,NA,NA,1,NA,NA
unknown_lab,vtxy,1994,male,USA,UK,TRUE,TRUE,beginner,2,1,FALSE,NA,FALSE,NA,30,10,-5,-0.5869152057713568,p,l,145,0,-0.5,40,10,10,1.1173128526977774,English ,NA,NA,1,NA,NA,0,NA,NA,1,NA,NA,1,NA,NA,1,NA,NA,1,NA,NA
unknown_lab,vtxy,1994,male,USA,UK,TRUE,TRUE,beginner,2,1,FALSE,NA,FALSE,NA,30,9,-10,-1.1944280826109728,n,l,140,1,0.25,80,40,-40,-5.369507723654657,English ,NA,NA,1,NA,NA,0,NA,NA,1,NA,NA,1,NA,NA,1,NA,NA,1,NA,NA
unknown_lab,vtxy,1994,male,USA,UK,TRUE,TRUE,beginner,2,1,FALSE,NA,FALSE,NA,30,11,0,0,n,m,150,0,-0,20,20,-20,-2.477410529609116,English ,NA,NA,1,NA,NA,0,NA,NA,1,NA,NA,1,NA,NA,1,NA,NA,1,NA,NA
unknown_lab,vtxy,1994,male,USA,UK,TRUE,TRUE,beginner,2,1,FALSE,NA,FALSE,NA,30,11,0,0,0,m,150,1,NA,20,0,-0,0,English ,NA,NA,1,NA,NA,0,NA,NA,1,NA,NA,1,NA,NA,1,NA,NA,1,NA,NA
unknown_lab,vtxy,1994,male,USA,UK,TRUE,TRUE,beginner,2,1,FALSE,NA,FALSE,NA,30,10,-5,-0.5869152057713568,p,l,145,0,-0.16666666666666666,100,30,30,3.1564128700055254,English ,NA,NA,1,NA,NA,0,NA,NA,1,NA,NA,1,NA,NA,1,NA,NA,1,NA,NA
unknown_lab,vtxy,1994,male,USA,UK,TRUE,TRUE,beginner,2,1,FALSE,NA,FALSE,NA,30,11,0,0,p,m,150,0,0,120,20,20,2.16686694770185,English ,NA,NA,1,NA,NA,0,NA,NA,1,NA,NA,1,NA,NA,1,NA,NA,1,NA,NA
unknown_lab,vtxy,1994,male,USA,UK,TRUE,TRUE,beginner,2,1,FALSE,NA,FALSE,NA,30,11,0,0,0,m,150,1,NA,60,0,-0,0,English ,NA,NA,1,NA,NA,0,NA,NA,1,NA,NA,1,NA,NA,1,NA,NA,1,NA,NA
unknown_lab,vtxy,1994,male,USA,UK,TRUE,TRUE,beginner,2,1,FALSE,NA,FALSE,NA,30,11,0,0,n,m,150,0,-0,80,10,-10,-1.1944280826109728,English ,NA,NA,1,NA,NA,0,NA,NA,1,NA,NA,1,NA,NA,1,NA,NA,1,NA,NA
unknown_lab,vtxy,1994,male,USA,UK,TRUE,TRUE,beginner,2,1,FALSE,NA,FALSE,NA,30,10,-5,-0.5869152057713568,p,l,145,0,-0.16666666666666666,20,30,30,3.1564128700055254,English ,NA,NA,1,NA,NA,0,NA,NA,1,NA,NA,1,NA,NA,1,NA,NA,1,NA,NA
unknown_lab,vtxy,1994,male,USA,UK,TRUE,TRUE,beginner,2,1,FALSE,NA,FALSE,NA,30,10,-5,-0.5869152057713568,n,l,145,1,0.25,100,20,-20,-2.477410529609116,English ,NA,NA,1,NA,NA,0,NA,NA,1,NA,NA,1,NA,NA,1,NA,NA,1,NA,NA
unknown_lab,vtxy,1994,male,USA,UK,TRUE,TRUE,beginner,2,1,FALSE,NA,FALSE,NA,30,11,0,0,n,m,150,0,-0,60,10,-10,-1.1944280826109728,English ,NA,NA,1,NA,NA,0,NA,NA,1,NA,NA,1,NA,NA,1,NA,NA,1,NA,NA
unknown_lab,vtxy,1994,male,USA,UK,TRUE,TRUE,beginner,2,1,FALSE,NA,FALSE,NA,30,10,-5,-0.5869152057713568,p,l,145,0,-0.125,40,40,40,4.092443014020803,English ,NA,NA,1,NA,NA,0,NA,NA,1,NA,NA,1,NA,NA,1,NA,NA,1,NA,NA
unknown_lab,vtxy,1994,male,USA,UK,TRUE,TRUE,beginner,2,1,FALSE,NA,FALSE,NA,30,11,0,0,p,m,150,0,0,120,10,10,1.1173128526977774,English ,NA,NA,1,NA,NA,0,NA,NA,1,NA,NA,1,NA,NA,1,NA,NA,1,NA,NA
unknown_lab,vtxy,1994,male,USA,UK,TRUE,TRUE,beginner,2,1,FALSE,NA,FALSE,NA,30,10,-5,-0.5869152057713568,n,l,145,1,0.125,20,40,-40,-5.369507723654657,English ,NA,NA,1,NA,NA,0,NA,NA,1,NA,NA,1,NA,NA,1,NA,NA,1,NA,NA
unknown_lab,vtxy,1994,male,USA,UK,TRUE,TRUE,beginner,2,1,FALSE,NA,FALSE,NA,30,11,0,0,p,m,150,0,0,100,20,20,2.16686694770185,English ,NA,NA,1,NA,NA,0,NA,NA,1,NA,NA,1,NA,NA,1,NA,NA,1,NA,NA
unknown_lab,vtxy,1994,male,USA,UK,TRUE,TRUE,beginner,2,1,FALSE,NA,FALSE,NA,30,11,0,0,n,m,150,0,-0,20,10,-10,-1.1944280826109728,English ,NA,NA,1,NA,NA,0,NA,NA,1,NA,NA,1,NA,NA,1,NA,NA,1,NA,NA
unknown_lab,vtxy,1994,male,USA,UK,TRUE,TRUE,beginner,2,1,FALSE,NA,FALSE,NA,30,10,-5,-0.5869152057713568,n,l,145,1,0.125,100,40,-40,-5.369507723654657,English ,NA,NA,1,NA,NA,0,NA,NA,1,NA,NA,1,NA,NA,1,NA,NA,1,NA,NA
unknown_lab,vtxy,1994,male,USA,UK,TRUE,TRUE,beginner,2,1,FALSE,NA,FALSE,NA,30,11,0,0,n,m,150,0,-0,120,10,-10,-1.1944280826109728,English ,NA,NA,1,NA,NA,0,NA,NA,1,NA,NA,1,NA,NA,1,NA,NA,1,NA,NA
unknown_lab,vtxy,1994,male,USA,UK,TRUE,TRUE,beginner,2,1,FALSE,NA,FALSE,NA,30,10,-5,-0.5869152057713568,n,l,145,1,0.5,40,10,-10,-1.1944280826109728,English ,NA,NA,1,NA,NA,0,NA,NA,1,NA,NA,1,NA,NA,1,NA,NA,1,NA,NA
unknown_lab,vtxy,1994,male,USA,UK,TRUE,TRUE,beginner,2,1,FALSE,NA,FALSE,NA,30,11,0,0,p,m,150,0,0,80,30,30,3.1564128700055254,English ,NA,NA,1,NA,NA,0,NA,NA,1,NA,NA,1,NA,NA,1,NA,NA,1,NA,NA
unknown_lab,vtxy,1994,male,USA,UK,TRUE,TRUE,beginner,2,1,FALSE,NA,FALSE,NA,30,10,-5,-0.5869152057713568,p,l,145,0,-0.5,140,10,10,1.1173128526977774,English ,NA,NA,1,NA,NA,0,NA,NA,1,NA,NA,1,NA,NA,1,NA,NA,1,NA,NA
unknown_lab,vtxy,1994,male,USA,UK,TRUE,TRUE,beginner,2,1,FALSE,NA,FALSE,NA,30,10,-5,-0.5869152057713568,p,l,145,0,-0.25,20,20,20,2.16686694770185,English ,NA,NA,1,NA,NA,0,NA,NA,1,NA,NA,1,NA,NA,1,NA,NA,1,NA,NA
unknown_lab,vtxy,1994,male,USA,UK,TRUE,TRUE,beginner,2,1,FALSE,NA,FALSE,NA,30,10,-5,-0.5869152057713568,n,l,145,1,0.125,120,40,-40,-5.369507723654657,English ,NA,NA,1,NA,NA,0,NA,NA,1,NA,NA,1,NA,NA,1,NA,NA,1,NA,NA
unknown_lab,vtxy,1994,male,USA,UK,TRUE,TRUE,beginner,2,1,FALSE,NA,FALSE,NA,30,11,0,0,n,m,150,0,-0,100,30,-30,-3.8631371386483475,English ,NA,NA,1,NA,NA,0,NA,NA,1,NA,NA,1,NA,NA,1,NA,NA,1,NA,NA
unknown_lab,vtxy,1994,male,USA,UK,TRUE,TRUE,beginner,2,1,FALSE,NA,FALSE,NA,30,10,-5,-0.5869152057713568,n,l,145,1,0.5,140,10,-10,-1.1944280826109728,English ,NA,NA,1,NA,NA,0,NA,NA,1,NA,NA,1,NA,NA,1,NA,NA,1,NA,NA
unknown_lab,vtxy,1994,male,USA,UK,TRUE,TRUE,beginner,2,1,FALSE,NA,FALSE,NA,30,11,0,0,n,m,150,0,-0,80,20,-20,-2.477410529609116,English ,NA,NA,1,NA,NA,0,NA,NA,1,NA,NA,1,NA,NA,1,NA,NA,1,NA,NA
unknown_lab,vtxy,1994,male,USA,UK,TRUE,TRUE,beginner,2,1,FALSE,NA,FALSE,NA,30,10,-5,-0.5869152057713568,n,l,145,1,0.125,140,40,-40,-5.369507723654657,English ,NA,NA,1,NA,NA,0,NA,NA,1,NA,NA,1,NA,NA,1,NA,NA,1,NA,NA
unknown_lab,vtxy,1994,male,USA,UK,TRUE,TRUE,beginner,2,1,FALSE,NA,FALSE,NA,30,11,0,0,p,m,150,0,0,140,20,20,2.16686694770185,English ,NA,NA,1,NA,NA,0,NA,NA,1,NA,NA,1,NA,NA,1,NA,NA,1,NA,NA
unknown_lab,vtxy,1994,male,USA,UK,TRUE,TRUE,beginner,2,1,FALSE,NA,FALSE,NA,30,11,0,0,p,m,150,0,0,140,30,30,3.1564128700055254,English ,NA,NA,1,NA,NA,0,NA,NA,1,NA,NA,1,NA,NA,1,NA,NA,1,NA,NA
unknown_lab,vtxy,1994,male,USA,UK,TRUE,TRUE,beginner,2,1,FALSE,NA,FALSE,NA,30,11,0,0,n,m,150,0,-0,140,20,-20,-2.477410529609116,English ,NA,NA,1,NA,NA,0,NA,NA,1,NA,NA,1,NA,NA,1,NA,NA,1,NA,NA
unknown_lab,vtxy,1994,male,USA,UK,TRUE,TRUE,beginner,2,1,FALSE,NA,FALSE,NA,30,11,0,0,n,m,150,0,-0,120,20,-20,-2.477410529609116,English ,NA,NA,1,NA,NA,0,NA,NA,1,NA,NA,1,NA,NA,1,NA,NA,1,NA,NA
unknown_lab,vtxy,1994,male,USA,UK,TRUE,TRUE,beginner,2,1,FALSE,NA,FALSE,NA,30,11,0,0,n,m,150,0,-0,140,30,-30,-3.8631371386483475,English ,NA,NA,1,NA,NA,0,NA,NA,1,NA,NA,1,NA,NA,1,NA,NA,1,NA,NA
unknown_lab,vtxy,1994,male,USA,UK,TRUE,TRUE,beginner,2,1,FALSE,NA,FALSE,NA,30,11,0,0,n,m,150,0,-0,60,20,-20,-2.477410529609116,English ,NA,NA,1,NA,NA,0,NA,NA,1,NA,NA,1,NA,NA,1,NA,NA,1,NA,NA
unknown_lab,vtxy,1994,male,USA,UK,TRUE,TRUE,beginner,2,1,FALSE,NA,FALSE,NA,30,11,0,0,p,m,150,0,0,100,10,10,1.1173128526977774,English ,NA,NA,1,NA,NA,0,NA,NA,1,NA,NA,1,NA,NA,1,NA,NA,1,NA,NA
unknown_lab,vtxy,1994,male,USA,UK,TRUE,TRUE,beginner,2,1,FALSE,NA,FALSE,NA,30,11,0,0,p,m,150,0,0,60,30,30,3.1564128700055254,English ,NA,NA,1,NA,NA,0,NA,NA,1,NA,NA,1,NA,NA,1,NA,NA,1,NA,NA
unknown_lab,vtxy,1994,male,USA,UK,TRUE,TRUE,beginner,2,1,FALSE,NA,FALSE,NA,30,11,0,0,p,m,150,0,0,100,40,40,4.092443014020803,English ,NA,NA,1,NA,NA,0,NA,NA,1,NA,NA,1,NA,NA,1,NA,NA,1,NA,NA
unknown_lab,vtxy,1994,male,USA,UK,TRUE,TRUE,beginner,2,1,FALSE,NA,FALSE,NA,30,11,0,0,n,m,150,0,-0,40,30,-30,-3.8631371386483475,English ,NA,NA,1,NA,NA,0,NA,NA,1,NA,NA,1,NA,NA,1,NA,NA,1,NA,NA
unknown_lab,vtxy,1994,male,USA,UK,TRUE,TRUE,beginner,2,1,FALSE,NA,FALSE,NA,30,11,0,0,0,m,150,1,NA,140,0,-0,0,English ,NA,NA,1,NA,NA,0,NA,NA,1,NA,NA,1,NA,NA,1,NA,NA,1,NA,NA
unknown_lab,vtxy,1994,male,USA,UK,TRUE,TRUE,beginner,2,1,FALSE,NA,FALSE,NA,30,11,0,0,n,m,150,0,-0,80,30,-30,-3.8631371386483475,English ,NA,NA,1,NA,NA,0,NA,NA,1,NA,NA,1,NA,NA,1,NA,NA,1,NA,NA
unknown_lab,vtxy,1994,male,USA,UK,TRUE,TRUE,beginner,2,1,FALSE,NA,FALSE,NA,30,11,0,0,p,m,150,0,0,40,20,20,2.16686694770185,English ,NA,NA,1,NA,NA,0,NA,NA,1,NA,NA,1,NA,NA,1,NA,NA,1,NA,NA
unknown_lab,vtxy,1994,male,USA,UK,TRUE,TRUE,beginner,2,1,FALSE,NA,FALSE,NA,30,11,0,0,0,m,150,1,NA,100,0,-0,0,English ,NA,NA,1,NA,NA,0,NA,NA,1,NA,NA,1,NA,NA,1,NA,NA,1,NA,NA
unknown_lab,vtxy,1994,male,USA,UK,TRUE,TRUE,beginner,2,1,FALSE,NA,FALSE,NA,30,11,0,0,p,m,150,0,0,20,10,10,1.1173128526977774,English ,NA,NA,1,NA,NA,0,NA,NA,1,NA,NA,1,NA,NA,1,NA,NA,1,NA,NA
unknown_lab,vtxy,1994,male,USA,UK,TRUE,TRUE,beginner,2,1,FALSE,NA,FALSE,NA,30,9,-10,-1.1944280826109728,n,l,140,1,0.3333333333333333,120,30,-30,-3.8631371386483475,English ,NA,NA,1,NA,NA,0,NA,NA,1,NA,NA,1,NA,NA,1,NA,NA,1,NA,NA
unknown_lab,vtxy,1994,male,USA,UK,TRUE,TRUE,beginner,2,1,FALSE,NA,FALSE,NA,30,11,0,0,p,m,150,0,0,140,40,40,4.092443014020803,English ,NA,NA,1,NA,NA,0,NA,NA,1,NA,NA,1,NA,NA,1,NA,NA,1,NA,NA
unknown_lab,vtxy,1994,male,USA,UK,TRUE,TRUE,beginner,2,1,FALSE,NA,FALSE,NA,30,11,0,0,n,m,150,0,-0,40,20,-20,-2.477410529609116,English ,NA,NA,1,NA,NA,0,NA,NA,1,NA,NA,1,NA,NA,1,NA,NA,1,NA,NA
unknown_lab,vtxy,1994,male,USA,UK,TRUE,TRUE,beginner,2,1,FALSE,NA,FALSE,NA,30,11,0,0,n,m,150,0,-0,60,30,-30,-3.8631371386483475,English ,NA,NA,1,NA,NA,0,NA,NA,1,NA,NA,1,NA,NA,1,NA,NA,1,NA,NA
unknown_lab,vtxy,1994,male,USA,UK,TRUE,TRUE,beginner,2,1,FALSE,NA,FALSE,NA,30,11,0,0,0,m,150,1,NA,100,0,-0,0,English ,NA,NA,1,NA,NA,0,NA,NA,1,NA,NA,1,NA,NA,1,NA,NA,1,NA,NA
unknown_lab,vtxy,1994,male,USA,UK,TRUE,TRUE,beginner,2,1,FALSE,NA,FALSE,NA,30,10,-5,-0.5869152057713568,p,l,145,0,-0.125,60,40,40,4.092443014020803,English ,NA,NA,1,NA,NA,0,NA,NA,1,NA,NA,1,NA,NA,1,NA,NA,1,NA,NA
unknown_lab,vtxy,1994,male,USA,UK,TRUE,TRUE,beginner,2,1,FALSE,NA,FALSE,NA,30,11,0,0,0,m,150,1,NA,40,0,-0,0,English ,NA,NA,1,NA,NA,0,NA,NA,1,NA,NA,1,NA,NA,1,NA,NA,1,NA,NA
unknown_lab,vtxy,1994,male,USA,UK,TRUE,TRUE,beginner,2,1,FALSE,NA,FALSE,NA,30,12,5,0.5676685773402819,p,h,155,1,0.125,120,40,40,4.092443014020803,English ,NA,NA,1,NA,NA,0,NA,NA,1,NA,NA,1,NA,NA,1,NA,NA,1,NA,NA
unknown_lab,vtxy,1994,male,USA,UK,TRUE,TRUE,beginner,2,1,FALSE,NA,FALSE,NA,30,11,0,0,p,m,150,0,0,80,20,20,2.16686694770185,English ,NA,NA,1,NA,NA,0,NA,NA,1,NA,NA,1,NA,NA,1,NA,NA,1,NA,NA
unknown_lab,vtxy,1994,male,USA,UK,TRUE,TRUE,beginner,2,1,FALSE,NA,FALSE,NA,30,11,0,0,p,m,150,0,0,40,30,30,3.1564128700055254,English ,NA,NA,1,NA,NA,0,NA,NA,1,NA,NA,1,NA,NA,1,NA,NA,1,NA,NA
unknown_lab,vtxy,1994,male,USA,UK,TRUE,TRUE,beginner,2,1,FALSE,NA,FALSE,NA,30,11,0,0,n,m,150,0,-0,40,40,-40,-5.369507723654657,English ,NA,NA,1,NA,NA,0,NA,NA,1,NA,NA,1,NA,NA,1,NA,NA,1,NA,NA
unknown_lab,vtxy,1994,male,USA,UK,TRUE,TRUE,beginner,2,1,FALSE,NA,FALSE,NA,30,11,0,0,n,m,150,0,-0,60,40,-40,-5.369507723654657,English ,NA,NA,1,NA,NA,0,NA,NA,1,NA,NA,1,NA,NA,1,NA,NA,1,NA,NA
unknown_lab,vtxy,1994,male,USA,UK,TRUE,TRUE,beginner,2,1,FALSE,NA,FALSE,NA,30,11,0,0,p,m,150,0,0,120,30,30,3.1564128700055254,English ,NA,NA,1,NA,NA,0,NA,NA,1,NA,NA,1,NA,NA,1,NA,NA,1,NA,NA
unknown_lab,vtxy,1994,male,USA,UK,TRUE,TRUE,beginner,2,1,FALSE,NA,FALSE,NA,30,11,0,0,p,m,150,0,0,60,20,20,2.16686694770185,English ,NA,NA,1,NA,NA,0,NA,NA,1,NA,NA,1,NA,NA,1,NA,NA,1,NA,NA
unknown_lab,vtxy,1994,male,USA,UK,TRUE,TRUE,beginner,2,1,FALSE,NA,FALSE,NA,30,11,0,0,p,m,150,0,0,80,10,10,1.1173128526977774,English ,NA,NA,1,NA,NA,0,NA,NA,1,NA,NA,1,NA,NA,1,NA,NA,1,NA,NA
unknown_lab,vtxy,1994,male,USA,UK,TRUE,TRUE,beginner,2,1,FALSE,NA,FALSE,NA,30,10,-5,-0.5869152057713568,0,l,145,0,NA,20,0,-0,0,English ,NA,NA,1,NA,NA,0,NA,NA,1,NA,NA,1,NA,NA,1,NA,NA,1,NA,NA
unknown_lab,vtxy,1994,male,USA,UK,TRUE,TRUE,beginner,2,1,FALSE,NA,FALSE,NA,30,10,-5,-0.5869152057713568,n,l,145,1,0.25,80,20,-20,-2.477410529609116,English ,NA,NA,1,NA,NA,0,NA,NA,1,NA,NA,1,NA,NA,1,NA,NA,1,NA,NA
unknown_lab,vtxy,1994,male,USA,UK,TRUE,TRUE,beginner,2,1,FALSE,NA,FALSE,NA,30,11,0,0,n,m,150,0,-0,140,10,-10,-1.1944280826109728,English ,NA,NA,1,NA,NA,0,NA,NA,1,NA,NA,1,NA,NA,1,NA,NA,1,NA,NA
unknown_lab,vtxy,1994,male,USA,UK,TRUE,TRUE,beginner,2,1,FALSE,NA,FALSE,NA,30,11,0,0,p,m,150,0,0,20,20,20,2.16686694770185,English ,NA,NA,1,NA,NA,0,NA,NA,1,NA,NA,1,NA,NA,1,NA,NA,1,NA,NA
unknown_lab,vtxy,1994,male,USA,UK,TRUE,TRUE,beginner,2,1,FALSE,NA,FALSE,NA,30,11,0,0,0,m,150,1,NA,120,0,-0,0,English ,NA,NA,1,NA,NA,0,NA,NA,1,NA,NA,1,NA,NA,1,NA,NA,1,NA,NA
unknown_lab,vtxy,1994,male,USA,UK,TRUE,TRUE,beginner,2,1,FALSE,NA,FALSE,NA,30,11,0,0,p,m,150,0,0,40,10,10,1.1173128526977774,English ,NA,NA,1,NA,NA,0,NA,NA,1,NA,NA,1,NA,NA,1,NA,NA,1,NA,NA
unknown_lab,vtxy,1994,male,USA,UK,TRUE,TRUE,beginner,2,1,FALSE,NA,FALSE,NA,30,11,0,0,p,m,150,0,0,40,30,30,3.1564128700055254,English ,NA,NA,1,NA,NA,0,NA,NA,1,NA,NA,1,NA,NA,1,NA,NA,1,NA,NA
unknown_lab,vtxy,1994,male,USA,UK,TRUE,TRUE,beginner,2,1,FALSE,NA,FALSE,NA,30,11,0,0,0,m,150,1,NA,120,0,-0,0,English ,NA,NA,1,NA,NA,0,NA,NA,1,NA,NA,1,NA,NA,1,NA,NA,1,NA,NA
unknown_lab,vtxy,1994,male,USA,UK,TRUE,TRUE,beginner,2,1,FALSE,NA,FALSE,NA,30,11,0,0,p,m,150,0,0,100,10,10,1.1173128526977774,English ,NA,NA,1,NA,NA,0,NA,NA,1,NA,NA,1,NA,NA,1,NA,NA,1,NA,NA
unknown_lab,vtxy,1994,male,USA,UK,TRUE,TRUE,beginner,2,1,FALSE,NA,FALSE,NA,30,10,-5,-0.5869152057713568,n,l,145,1,0.16666666666666666,60,30,-30,-3.8631371386483475,English ,NA,NA,1,NA,NA,0,NA,NA,1,NA,NA,1,NA,NA,1,NA,NA,1,NA,NA
unknown_lab,vtxy,1994,male,USA,UK,TRUE,TRUE,beginner,2,1,FALSE,NA,FALSE,NA,30,11,0,0,p,m,150,0,0,40,40,40,4.092443014020803,English ,NA,NA,1,NA,NA,0,NA,NA,1,NA,NA,1,NA,NA,1,NA,NA,1,NA,NA
unknown_lab,vtxy,1994,male,USA,UK,TRUE,TRUE,beginner,2,1,FALSE,NA,FALSE,NA,30,11,0,0,0,m,150,1,NA,60,0,-0,0,English ,NA,NA,1,NA,NA,0,NA,NA,1,NA,NA,1,NA,NA,1,NA,NA,1,NA,NA
unknown_lab,vtxy,1994,male,USA,UK,TRUE,TRUE,beginner,2,1,FALSE,NA,FALSE,NA,30,11,0,0,n,m,150,0,-0,100,20,-20,-2.477410529609116,English ,NA,NA,1,NA,NA,0,NA,NA,1,NA,NA,1,NA,NA,1,NA,NA,1,NA,NA
unknown_lab,vtxy,1994,male,USA,UK,TRUE,TRUE,beginner,2,1,FALSE,NA,FALSE,NA,30,11,0,0,n,m,150,0,-0,80,30,-30,-3.8631371386483475,English ,NA,NA,1,NA,NA,0,NA,NA,1,NA,NA,1,NA,NA,1,NA,NA,1,NA,NA
unknown_lab,vtxy,1994,male,USA,UK,TRUE,TRUE,beginner,2,1,FALSE,NA,FALSE,NA,30,10,-5,-0.5869152057713568,n,l,145,1,0.125,100,40,-40,-5.369507723654657,English ,NA,NA,1,NA,NA,0,NA,NA,1,NA,NA,1,NA,NA,1,NA,NA,1,NA,NA
unknown_lab,vtxy,1994,male,USA,UK,TRUE,TRUE,beginner,2,1,FALSE,NA,FALSE,NA,30,11,0,0,p,m,150,0,0,20,30,30,3.1564128700055254,English ,NA,NA,1,NA,NA,0,NA,NA,1,NA,NA,1,NA,NA,1,NA,NA,1,NA,NA
unknown_lab,vtxy,1994,male,USA,UK,TRUE,TRUE,beginner,2,1,FALSE,NA,FALSE,NA,30,11,0,0,n,m,150,0,-0,60,40,-40,-5.369507723654657,English ,NA,NA,1,NA,NA,0,NA,NA,1,NA,NA,1,NA,NA,1,NA,NA,1,NA,NA
unknown_lab,vtxy,1994,male,USA,UK,TRUE,TRUE,beginner,2,1,FALSE,NA,FALSE,NA,30,11,0,0,n,m,150,0,-0,60,20,-20,-2.477410529609116,English ,NA,NA,1,NA,NA,0,NA,NA,1,NA,NA,1,NA,NA,1,NA,NA,1,NA,NA
unknown_lab,vtxy,1994,male,USA,UK,TRUE,TRUE,beginner,2,1,FALSE,NA,FALSE,NA,30,11,0,0,p,m,150,0,0,120,40,40,4.092443014020803,English ,NA,NA,1,NA,NA,0,NA,NA,1,NA,NA,1,NA,NA,1,NA,NA,1,NA,NA
unknown_lab,vtxy,1994,male,USA,UK,TRUE,TRUE,beginner,2,1,FALSE,NA,FALSE,NA,30,11,0,0,n,m,150,0,-0,20,40,-40,-5.369507723654657,English ,NA,NA,1,NA,NA,0,NA,NA,1,NA,NA,1,NA,NA,1,NA,NA,1,NA,NA
unknown_lab,vtxy,1994,male,USA,UK,TRUE,TRUE,beginner,2,1,FALSE,NA,FALSE,NA,30,11,0,0,0,m,150,1,NA,140,0,-0,0,English ,NA,NA,1,NA,NA,0,NA,NA,1,NA,NA,1,NA,NA,1,NA,NA,1,NA,NA
unknown_lab,vtxy,1994,male,USA,UK,TRUE,TRUE,beginner,2,1,FALSE,NA,FALSE,NA,30,11,0,0,p,m,150,0,0,60,20,20,2.16686694770185,English ,NA,NA,1,NA,NA,0,NA,NA,1,NA,NA,1,NA,NA,1,NA,NA,1,NA,NA
unknown_lab,vtxy,1994,male,USA,UK,TRUE,TRUE,beginner,2,1,FALSE,NA,FALSE,NA,30,11,0,0,p,m,150,0,0,100,40,40,4.092443014020803,English ,NA,NA,1,NA,NA,0,NA,NA,1,NA,NA,1,NA,NA,1,NA,NA,1,NA,NA
unknown_lab,vtxy,1994,male,USA,UK,TRUE,TRUE,beginner,2,1,FALSE,NA,FALSE,NA,30,11,0,0,n,m,150,0,-0,80,10,-10,-1.1944280826109728,English ,NA,NA,1,NA,NA,0,NA,NA,1,NA,NA,1,NA,NA,1,NA,NA,1,NA,NA
unknown_lab,vtxy,1994,male,USA,UK,TRUE,TRUE,beginner,2,1,FALSE,NA,FALSE,NA,30,11,0,0,p,m,150,0,0,80,30,30,3.1564128700055254,English ,NA,NA,1,NA,NA,0,NA,NA,1,NA,NA,1,NA,NA,1,NA,NA,1,NA,NA
unknown_lab,vtxy,1994,male,USA,UK,TRUE,TRUE,beginner,2,1,FALSE,NA,FALSE,NA,30,11,0,0,p,m,150,0,0,140,40,40,4.092443014020803,English ,NA,NA,1,NA,NA,0,NA,NA,1,NA,NA,1,NA,NA,1,NA,NA,1,NA,NA
unknown_lab,vtxy,1994,male,USA,UK,TRUE,TRUE,beginner,2,1,FALSE,NA,FALSE,NA,30,11,0,0,n,m,150,0,-0,120,30,-30,-3.8631371386483475,English ,NA,NA,1,NA,NA,0,NA,NA,1,NA,NA,1,NA,NA,1,NA,NA,1,NA,NA
unknown_lab,vtxy,1994,male,USA,UK,TRUE,TRUE,beginner,2,1,FALSE,NA,FALSE,NA,30,11,0,0,n,m,150,0,-0,100,10,-10,-1.1944280826109728,English ,NA,NA,1,NA,NA,0,NA,NA,1,NA,NA,1,NA,NA,1,NA,NA,1,NA,NA
unknown_lab,vtxy,1994,male,USA,UK,TRUE,TRUE,beginner,2,1,FALSE,NA,FALSE,NA,30,11,0,0,p,m,150,0,0,20,10,10,1.1173128526977774,English ,NA,NA,1,NA,NA,0,NA,NA,1,NA,NA,1,NA,NA,1,NA,NA,1,NA,NA
unknown_lab,vtxy,1994,male,USA,UK,TRUE,TRUE,beginner,2,1,FALSE,NA,FALSE,NA,30,11,0,0,p,m,150,0,0,120,10,10,1.1173128526977774,English ,NA,NA,1,NA,NA,0,NA,NA,1,NA,NA,1,NA,NA,1,NA,NA,1,NA,NA
unknown_lab,vtxy,1994,male,USA,UK,TRUE,TRUE,beginner,2,1,FALSE,NA,FALSE,NA,30,11,0,0,0,m,150,1,NA,80,0,-0,0,English ,NA,NA,1,NA,NA,0,NA,NA,1,NA,NA,1,NA,NA,1,NA,NA,1,NA,NA
unknown_lab,vtxy,1994,male,USA,UK,TRUE,TRUE,beginner,2,1,FALSE,NA,FALSE,NA,30,11,0,0,n,m,150,0,-0,20,20,-20,-2.477410529609116,English ,NA,NA,1,NA,NA,0,NA,NA,1,NA,NA,1,NA,NA,1,NA,NA,1,NA,NA
unknown_lab,vtxy,1994,male,USA,UK,TRUE,TRUE,beginner,2,1,FALSE,NA,FALSE,NA,30,11,0,0,p,m,150,0,0,140,10,10,1.1173128526977774,English ,NA,NA,1,NA,NA,0,NA,NA,1,NA,NA,1,NA,NA,1,NA,NA,1,NA,NA
unknown_lab,vtxy,1994,male,USA,UK,TRUE,TRUE,beginner,2,1,FALSE,NA,FALSE,NA,30,10,-5,-0.5869152057713568,n,l,145,1,0.25,140,20,-20,-2.477410529609116,English ,NA,NA,1,NA,NA,0,NA,NA,1,NA,NA,1,NA,NA,1,NA,NA,1,NA,NA
unknown_lab,vtxy,1994,male,USA,UK,TRUE,TRUE,beginner,2,1,FALSE,NA,FALSE,NA,30,11,0,0,p,m,150,0,0,140,30,30,3.1564128700055254,English ,NA,NA,1,NA,NA,0,NA,NA,1,NA,NA,1,NA,NA,1,NA,NA,1,NA,NA
unknown_lab,vtxy,1994,male,USA,UK,TRUE,TRUE,beginner,2,1,FALSE,NA,FALSE,NA,30,11,0,0,n,m,150,0,-0,20,30,-30,-3.8631371386483475,English ,NA,NA,1,NA,NA,0,NA,NA,1,NA,NA,1,NA,NA,1,NA,NA,1,NA,NA
unknown_lab,vtxy,1994,male,USA,UK,TRUE,TRUE,beginner,2,1,FALSE,NA,FALSE,NA,30,10,-5,-0.5869152057713568,n,l,145,1,0.125,140,40,-40,-5.369507723654657,English ,NA,NA,1,NA,NA,0,NA,NA,1,NA,NA,1,NA,NA,1,NA,NA,1,NA,NA
unknown_lab,vtxy,1994,male,USA,UK,TRUE,TRUE,beginner,2,1,FALSE,NA,FALSE,NA,30,11,0,0,n,m,150,0,-0,40,10,-10,-1.1944280826109728,English ,NA,NA,1,NA,NA,0,NA,NA,1,NA,NA,1,NA,NA,1,NA,NA,1,NA,NA
unknown_lab,vtxy,1994,male,USA,UK,TRUE,TRUE,beginner,2,1,FALSE,NA,FALSE,NA,30,11,0,0,p,m,150,0,0,80,40,40,4.092443014020803,English ,NA,NA,1,NA,NA,0,NA,NA,1,NA,NA,1,NA,NA,1,NA,NA,1,NA,NA
unknown_lab,vtxy,1994,male,USA,UK,TRUE,TRUE,beginner,2,1,FALSE,NA,FALSE,NA,30,11,0,0,p,m,150,0,0,60,30,30,3.1564128700055254,English ,NA,NA,1,NA,NA,0,NA,NA,1,NA,NA,1,NA,NA,1,NA,NA,1,NA,NA
unknown_lab,vtxy,1994,male,USA,UK,TRUE,TRUE,beginner,2,1,FALSE,NA,FALSE,NA,30,11,0,0,n,m,150,0,-0,20,10,-10,-1.1944280826109728,English ,NA,NA,1,NA,NA,0,NA,NA,1,NA,NA,1,NA,NA,1,NA,NA,1,NA,NA
unknown_lab,vtxy,1994,male,USA,UK,TRUE,TRUE,beginner,2,1,FALSE,NA,FALSE,NA,30,11,0,0,p,m,150,0,0,60,40,40,4.092443014020803,English ,NA,NA,1,NA,NA,0,NA,NA,1,NA,NA,1,NA,NA,1,NA,NA,1,NA,NA
unknown_lab,vtxy,1994,male,USA,UK,TRUE,TRUE,beginner,2,1,FALSE,NA,FALSE,NA,30,11,0,0,p,m,150,0,0,80,10,10,1.1173128526977774,English ,NA,NA,1,NA,NA,0,NA,NA,1,NA,NA,1,NA,NA,1,NA,NA,1,NA,NA
unknown_lab,vtxy,1994,male,USA,UK,TRUE,TRUE,beginner,2,1,FALSE,NA,FALSE,NA,30,11,0,0,p,m,150,0,0,20,40,40,4.092443014020803,English ,NA,NA,1,NA,NA,0,NA,NA,1,NA,NA,1,NA,NA,1,NA,NA,1,NA,NA
unknown_lab,vtxy,1994,male,USA,UK,TRUE,TRUE,beginner,2,1,FALSE,NA,FALSE,NA,30,11,0,0,n,m,150,0,-0,40,20,-20,-2.477410529609116,English ,NA,NA,1,NA,NA,0,NA,NA,1,NA,NA,1,NA,NA,1,NA,NA,1,NA,NA
unknown_lab,vtxy,1994,male,USA,UK,TRUE,TRUE,beginner,2,1,FALSE,NA,FALSE,NA,30,11,0,0,p,m,150,0,0,80,20,20,2.16686694770185,English ,NA,NA,1,NA,NA,0,NA,NA,1,NA,NA,1,NA,NA,1,NA,NA,1,NA,NA
unknown_lab,vtxy,1994,male,USA,UK,TRUE,TRUE,beginner,2,1,FALSE,NA,FALSE,NA,30,11,0,0,0,m,150,1,NA,40,0,-0,0,English ,NA,NA,1,NA,NA,0,NA,NA,1,NA,NA,1,NA,NA,1,NA,NA,1,NA,NA
unknown_lab,vtxy,1994,male,USA,UK,TRUE,TRUE,beginner,2,1,FALSE,NA,FALSE,NA,30,11,0,0,p,m,150,0,0,40,20,20,2.16686694770185,English ,NA,NA,1,NA,NA,0,NA,NA,1,NA,NA,1,NA,NA,1,NA,NA,1,NA,NA
unknown_lab,vtxy,1994,male,USA,UK,TRUE,TRUE,beginner,2,1,FALSE,NA,FALSE,NA,30,11,0,0,p,m,150,0,0,100,20,20,2.16686694770185,English ,NA,NA,1,NA,NA,0,NA,NA,1,NA,NA,1,NA,NA,1,NA,NA,1,NA,NA
unknown_lab,vtxy,1994,male,USA,UK,TRUE,TRUE,beginner,2,1,FALSE,NA,FALSE,NA,30,11,0,0,p,m,150,0,0,100,30,30,3.1564128700055254,English ,NA,NA,1,NA,NA,0,NA,NA,1,NA,NA,1,NA,NA,1,NA,NA,1,NA,NA
unknown_lab,vtxy,1994,male,USA,UK,TRUE,TRUE,beginner,2,1,FALSE,NA,FALSE,NA,30,11,0,0,p,m,150,0,0,60,10,10,1.1173128526977774,English ,NA,NA,1,NA,NA,0,NA,NA,1,NA,NA,1,NA,NA,1,NA,NA,1,NA,NA
unknown_lab,vtxy,1994,male,USA,UK,TRUE,TRUE,beginner,2,1,FALSE,NA,FALSE,NA,30,11,0,0,p,m,150,0,0,120,30,30,3.1564128700055254,English ,NA,NA,1,NA,NA,0,NA,NA,1,NA,NA,1,NA,NA,1,NA,NA,1,NA,NA
unknown_lab,vtxy,1994,male,USA,UK,TRUE,TRUE,beginner,2,1,FALSE,NA,FALSE,NA,30,10,-5,-0.5869152057713568,n,l,145,1,0.125,120,40,-40,-5.369507723654657,English ,NA,NA,1,NA,NA,0,NA,NA,1,NA,NA,1,NA,NA,1,NA,NA,1,NA,NA
unknown_lab,nxnr,1996,male,UK,UK,FALSE,NA,,NA,10,FALSE,NA,FALSE,NA,27,6,-25,-3.1564128700055254,p,l,125,0,-1.25,20,20,20,2.16686694770185,english,NA,NA,1,NA,NA,0,NA,NA,1,NA,NA,1,NA,NA,1,NA,NA,1,NA,NA
unknown_lab,nxnr,1996,male,UK,UK,FALSE,NA,,NA,10,FALSE,NA,FALSE,NA,27,12,5,0.5676685773402819,p,h,155,1,0.25,140,20,20,2.16686694770185,english,NA,NA,1,NA,NA,0,NA,NA,1,NA,NA,1,NA,NA,1,NA,NA,1,NA,NA
unknown_lab,nxnr,1996,male,UK,UK,FALSE,NA,,NA,10,FALSE,NA,FALSE,NA,27,11,0,0,p,m,150,0,0,80,20,20,2.16686694770185,english,NA,NA,1,NA,NA,0,NA,NA,1,NA,NA,1,NA,NA,1,NA,NA,1,NA,NA
unknown_lab,nxnr,1996,male,UK,UK,FALSE,NA,,NA,10,FALSE,NA,FALSE,NA,27,10,-5,-0.5869152057713568,p,l,145,0,-0.125,60,40,40,4.092443014020803,english,NA,NA,1,NA,NA,0,NA,NA,1,NA,NA,1,NA,NA,1,NA,NA,1,NA,NA
unknown_lab,nxnr,1996,male,UK,UK,FALSE,NA,,NA,10,FALSE,NA,FALSE,NA,27,12,5,0.5676685773402819,n,h,155,0,-0.16666666666666666,20,30,-30,-3.8631371386483475,english,NA,NA,1,NA,NA,0,NA,NA,1,NA,NA,1,NA,NA,1,NA,NA,1,NA,NA
unknown_lab,nxnr,1996,male,UK,UK,FALSE,NA,,NA,10,FALSE,NA,FALSE,NA,27,14,15,1.6500422849992202,p,h,165,1,1.5,60,10,10,1.1173128526977774,english,NA,NA,1,NA,NA,0,NA,NA,1,NA,NA,1,NA,NA,1,NA,NA,1,NA,NA
unknown_lab,nxnr,1996,male,UK,UK,FALSE,NA,,NA,10,FALSE,NA,FALSE,NA,27,11,0,0,n,m,150,0,-0,80,40,-40,-5.369507723654657,english,NA,NA,1,NA,NA,0,NA,NA,1,NA,NA,1,NA,NA,1,NA,NA,1,NA,NA
unknown_lab,nxnr,1996,male,UK,UK,FALSE,NA,,NA,10,FALSE,NA,FALSE,NA,27,11,0,0,n,m,150,0,-0,100,30,-30,-3.8631371386483475,english,NA,NA,1,NA,NA,0,NA,NA,1,NA,NA,1,NA,NA,1,NA,NA,1,NA,NA
unknown_lab,nxnr,1996,male,UK,UK,FALSE,NA,,NA,10,FALSE,NA,FALSE,NA,27,10,-5,-0.5869152057713568,p,l,145,0,-0.16666666666666666,80,30,30,3.1564128700055254,english,NA,NA,1,NA,NA,0,NA,NA,1,NA,NA,1,NA,NA,1,NA,NA,1,NA,NA
unknown_lab,nxnr,1996,male,UK,UK,FALSE,NA,,NA,10,FALSE,NA,FALSE,NA,27,13,10,1.1173128526977774,0,h,160,0,NA,120,0,-0,0,english,NA,NA,1,NA,NA,0,NA,NA,1,NA,NA,1,NA,NA,1,NA,NA,1,NA,NA
unknown_lab,nxnr,1996,male,UK,UK,FALSE,NA,,NA,10,FALSE,NA,FALSE,NA,27,9,-10,-1.1944280826109728,n,l,140,1,0.25,100,40,-40,-5.369507723654657,english,NA,NA,1,NA,NA,0,NA,NA,1,NA,NA,1,NA,NA,1,NA,NA,1,NA,NA
unknown_lab,nxnr,1996,male,UK,UK,FALSE,NA,,NA,10,FALSE,NA,FALSE,NA,27,13,10,1.1173128526977774,n,h,160,0,-1,40,10,-10,-1.1944280826109728,english,NA,NA,1,NA,NA,0,NA,NA,1,NA,NA,1,NA,NA,1,NA,NA,1,NA,NA
unknown_lab,nxnr,1996,male,UK,UK,FALSE,NA,,NA,10,FALSE,NA,FALSE,NA,27,8,-15,-1.8240371213405995,n,l,135,1,0.375,40,40,-40,-5.369507723654657,english,NA,NA,1,NA,NA,0,NA,NA,1,NA,NA,1,NA,NA,1,NA,NA,1,NA,NA
unknown_lab,nxnr,1996,male,UK,UK,FALSE,NA,,NA,10,FALSE,NA,FALSE,NA,27,13,10,1.1173128526977774,p,h,160,1,0.3333333333333333,100,30,30,3.1564128700055254,english,NA,NA,1,NA,NA,0,NA,NA,1,NA,NA,1,NA,NA,1,NA,NA,1,NA,NA
unknown_lab,nxnr,1996,male,UK,UK,FALSE,NA,,NA,10,FALSE,NA,FALSE,NA,27,8,-15,-1.8240371213405995,n,l,135,1,1.5,80,10,-10,-1.1944280826109728,english,NA,NA,1,NA,NA,0,NA,NA,1,NA,NA,1,NA,NA,1,NA,NA,1,NA,NA
unknown_lab,nxnr,1996,male,UK,UK,FALSE,NA,,NA,10,FALSE,NA,FALSE,NA,27,8,-15,-1.8240371213405995,n,l,135,1,0.75,40,20,-20,-2.477410529609116,english,NA,NA,1,NA,NA,0,NA,NA,1,NA,NA,1,NA,NA,1,NA,NA,1,NA,NA
unknown_lab,nxnr,1996,male,UK,UK,FALSE,NA,,NA,10,FALSE,NA,FALSE,NA,27,12,5,0.5676685773402819,p,h,155,1,0.25,60,20,20,2.16686694770185,english,NA,NA,1,NA,NA,0,NA,NA,1,NA,NA,1,NA,NA,1,NA,NA,1,NA,NA
unknown_lab,nxnr,1996,male,UK,UK,FALSE,NA,,NA,10,FALSE,NA,FALSE,NA,27,11,0,0,0,m,150,1,NA,140,0,-0,0,english,NA,NA,1,NA,NA,0,NA,NA,1,NA,NA,1,NA,NA,1,NA,NA,1,NA,NA
unknown_lab,nxnr,1996,male,UK,UK,FALSE,NA,,NA,10,FALSE,NA,FALSE,NA,27,15,20,2.16686694770185,p,h,170,1,0.6666666666666666,120,30,30,3.1564128700055254,english,NA,NA,1,NA,NA,0,NA,NA,1,NA,NA,1,NA,NA,1,NA,NA,1,NA,NA
unknown_lab,nxnr,1996,male,UK,UK,FALSE,NA,,NA,10,FALSE,NA,FALSE,NA,27,9,-10,-1.1944280826109728,n,l,140,1,0.25,120,40,-40,-5.369507723654657,english,NA,NA,1,NA,NA,0,NA,NA,1,NA,NA,1,NA,NA,1,NA,NA,1,NA,NA
unknown_lab,nxnr,1996,male,UK,UK,FALSE,NA,,NA,10,FALSE,NA,FALSE,NA,27,14,15,1.6500422849992202,n,h,165,0,-0.375,140,40,-40,-5.369507723654657,english,NA,NA,1,NA,NA,0,NA,NA,1,NA,NA,1,NA,NA,1,NA,NA,1,NA,NA
unknown_lab,nxnr,1996,male,UK,UK,FALSE,NA,,NA,10,FALSE,NA,FALSE,NA,27,11,0,0,n,m,150,0,-0,20,10,-10,-1.1944280826109728,english,NA,NA,1,NA,NA,0,NA,NA,1,NA,NA,1,NA,NA,1,NA,NA,1,NA,NA
unknown_lab,nxnr,1996,male,UK,UK,FALSE,NA,,NA,10,FALSE,NA,FALSE,NA,27,6,-25,-3.1564128700055254,p,l,125,0,-1.25,100,20,20,2.16686694770185,english,NA,NA,1,NA,NA,0,NA,NA,1,NA,NA,1,NA,NA,1,NA,NA,1,NA,NA
unknown_lab,nxnr,1996,male,UK,UK,FALSE,NA,,NA,10,FALSE,NA,FALSE,NA,27,14,15,1.6500422849992202,p,h,165,1,1.5,140,10,10,1.1173128526977774,english,NA,NA,1,NA,NA,0,NA,NA,1,NA,NA,1,NA,NA,1,NA,NA,1,NA,NA
unknown_lab,nxnr,1996,male,UK,UK,FALSE,NA,,NA,10,FALSE,NA,FALSE,NA,27,11,0,0,n,m,150,0,-0,120,10,-10,-1.1944280826109728,english,NA,NA,1,NA,NA,0,NA,NA,1,NA,NA,1,NA,NA,1,NA,NA,1,NA,NA
unknown_lab,nxnr,1996,male,UK,UK,FALSE,NA,,NA,10,FALSE,NA,FALSE,NA,27,9,-10,-1.1944280826109728,n,l,140,1,0.3333333333333333,140,30,-30,-3.8631371386483475,english,NA,NA,1,NA,NA,0,NA,NA,1,NA,NA,1,NA,NA,1,NA,NA,1,NA,NA
unknown_lab,nxnr,1996,male,UK,UK,FALSE,NA,,NA,10,FALSE,NA,FALSE,NA,27,11,0,0,0,m,150,1,NA,20,0,-0,0,english,NA,NA,1,NA,NA,0,NA,NA,1,NA,NA,1,NA,NA,1,NA,NA,1,NA,NA
unknown_lab,nxnr,1996,male,UK,UK,FALSE,NA,,NA,10,FALSE,NA,FALSE,NA,27,11,0,0,0,m,150,1,NA,60,0,-0,0,english,NA,NA,1,NA,NA,0,NA,NA,1,NA,NA,1,NA,NA,1,NA,NA,1,NA,NA
unknown_lab,nxnr,1996,male,UK,UK,FALSE,NA,,NA,10,FALSE,NA,FALSE,NA,27,8,-15,-1.8240371213405995,p,l,135,0,-1.5,20,10,10,1.1173128526977774,english,NA,NA,1,NA,NA,0,NA,NA,1,NA,NA,1,NA,NA,1,NA,NA,1,NA,NA
unknown_lab,nxnr,1996,male,UK,UK,FALSE,NA,,NA,10,FALSE,NA,FALSE,NA,27,11,0,0,p,m,150,0,0,20,30,30,3.1564128700055254,english,NA,NA,1,NA,NA,0,NA,NA,1,NA,NA,1,NA,NA,1,NA,NA,1,NA,NA
unknown_lab,nxnr,1996,male,UK,UK,FALSE,NA,,NA,10,FALSE,NA,FALSE,NA,27,11,0,0,n,m,150,0,-0,100,10,-10,-1.1944280826109728,english,NA,NA,1,NA,NA,0,NA,NA,1,NA,NA,1,NA,NA,1,NA,NA,1,NA,NA
unknown_lab,nxnr,1996,male,UK,UK,FALSE,NA,,NA,10,FALSE,NA,FALSE,NA,27,11,0,0,p,m,150,0,0,40,10,10,1.1173128526977774,english,NA,NA,1,NA,NA,0,NA,NA,1,NA,NA,1,NA,NA,1,NA,NA,1,NA,NA
unknown_lab,nxnr,1996,male,UK,UK,FALSE,NA,,NA,10,FALSE,NA,FALSE,NA,27,11,0,0,p,m,150,0,0,120,40,40,4.092443014020803,english,NA,NA,1,NA,NA,0,NA,NA,1,NA,NA,1,NA,NA,1,NA,NA,1,NA,NA
unknown_lab,nxnr,1996,male,UK,UK,FALSE,NA,,NA,10,FALSE,NA,FALSE,NA,27,9,-10,-1.1944280826109728,n,l,140,1,0.25,60,40,-40,-5.369507723654657,english,NA,NA,1,NA,NA,0,NA,NA,1,NA,NA,1,NA,NA,1,NA,NA,1,NA,NA
unknown_lab,nxnr,1996,male,UK,UK,FALSE,NA,,NA,10,FALSE,NA,FALSE,NA,27,12,5,0.5676685773402819,p,h,155,1,0.16666666666666666,40,30,30,3.1564128700055254,english,NA,NA,1,NA,NA,0,NA,NA,1,NA,NA,1,NA,NA,1,NA,NA,1,NA,NA
unknown_lab,nxnr,1996,male,UK,UK,FALSE,NA,,NA,10,FALSE,NA,FALSE,NA,27,11,0,0,p,m,150,0,0,20,40,40,4.092443014020803,english,NA,NA,1,NA,NA,0,NA,NA,1,NA,NA,1,NA,NA,1,NA,NA,1,NA,NA
unknown_lab,nxnr,1996,male,UK,UK,FALSE,NA,,NA,10,FALSE,NA,FALSE,NA,27,11,0,0,0,m,150,1,NA,20,0,-0,0,english,NA,NA,1,NA,NA,0,NA,NA,1,NA,NA,1,NA,NA,1,NA,NA,1,NA,NA
unknown_lab,nxnr,1996,male,UK,UK,FALSE,NA,,NA,10,FALSE,NA,FALSE,NA,27,10,-5,-0.5869152057713568,p,l,145,0,-0.125,40,40,40,4.092443014020803,english,NA,NA,1,NA,NA,0,NA,NA,1,NA,NA,1,NA,NA,1,NA,NA,1,NA,NA
unknown_lab,nxnr,1996,male,UK,UK,FALSE,NA,,NA,10,FALSE,NA,FALSE,NA,27,13,10,1.1173128526977774,p,h,160,1,0.5,120,20,20,2.16686694770185,english,NA,NA,1,NA,NA,0,NA,NA,1,NA,NA,1,NA,NA,1,NA,NA,1,NA,NA
unknown_lab,nxnr,1996,male,UK,UK,FALSE,NA,,NA,10,FALSE,NA,FALSE,NA,27,12,5,0.5676685773402819,p,h,155,1,0.5,120,10,10,1.1173128526977774,english,NA,NA,1,NA,NA,0,NA,NA,1,NA,NA,1,NA,NA,1,NA,NA,1,NA,NA
unknown_lab,nxnr,1996,male,UK,UK,FALSE,NA,,NA,10,FALSE,NA,FALSE,NA,27,13,10,1.1173128526977774,n,h,160,0,-0.5,100,20,-20,-2.477410529609116,english,NA,NA,1,NA,NA,0,NA,NA,1,NA,NA,1,NA,NA,1,NA,NA,1,NA,NA
unknown_lab,nxnr,1996,male,UK,UK,FALSE,NA,,NA,10,FALSE,NA,FALSE,NA,27,11,0,0,p,m,150,0,0,80,10,10,1.1173128526977774,english,NA,NA,1,NA,NA,0,NA,NA,1,NA,NA,1,NA,NA,1,NA,NA,1,NA,NA
unknown_lab,nxnr,1996,male,UK,UK,FALSE,NA,,NA,10,FALSE,NA,FALSE,NA,27,12,5,0.5676685773402819,n,h,155,0,-0.16666666666666666,60,30,-30,-3.8631371386483475,english,NA,NA,1,NA,NA,0,NA,NA,1,NA,NA,1,NA,NA,1,NA,NA,1,NA,NA
unknown_lab,nxnr,1996,male,UK,UK,FALSE,NA,,NA,10,FALSE,NA,FALSE,NA,27,12,5,0.5676685773402819,n,h,155,0,-0.25,80,20,-20,-2.477410529609116,english,NA,NA,1,NA,NA,0,NA,NA,1,NA,NA,1,NA,NA,1,NA,NA,1,NA,NA
unknown_lab,nxnr,1996,male,UK,UK,FALSE,NA,,NA,10,FALSE,NA,FALSE,NA,27,13,10,1.1173128526977774,p,h,160,1,0.3333333333333333,140,30,30,3.1564128700055254,english,NA,NA,1,NA,NA,0,NA,NA,1,NA,NA,1,NA,NA,1,NA,NA,1,NA,NA
unknown_lab,nxnr,1996,male,UK,UK,FALSE,NA,,NA,10,FALSE,NA,FALSE,NA,27,14,15,1.6500422849992202,n,h,165,0,-1.5,60,10,-10,-1.1944280826109728,english,NA,NA,1,NA,NA,0,NA,NA,1,NA,NA,1,NA,NA,1,NA,NA,1,NA,NA
unknown_lab,nxnr,1996,male,UK,UK,FALSE,NA,,NA,10,FALSE,NA,FALSE,NA,27,11,0,0,n,m,150,0,-0,20,20,-20,-2.477410529609116,english,NA,NA,1,NA,NA,0,NA,NA,1,NA,NA,1,NA,NA,1,NA,NA,1,NA,NA
unknown_lab,nxnr,1996,male,UK,UK,FALSE,NA,,NA,10,FALSE,NA,FALSE,NA,27,11,0,0,0,m,150,1,NA,80,0,-0,0,english,NA,NA,1,NA,NA,0,NA,NA,1,NA,NA,1,NA,NA,1,NA,NA,1,NA,NA
unknown_lab,nxnr,1996,male,UK,UK,FALSE,NA,,NA,10,FALSE,NA,FALSE,NA,27,11,0,0,p,m,150,0,0,40,20,20,2.16686694770185,english,NA,NA,1,NA,NA,0,NA,NA,1,NA,NA,1,NA,NA,1,NA,NA,1,NA,NA
unknown_lab,nxnr,1996,male,UK,UK,FALSE,NA,,NA,10,FALSE,NA,FALSE,NA,27,12,5,0.5676685773402819,n,h,155,0,-0.16666666666666666,120,30,-30,-3.8631371386483475,english,NA,NA,1,NA,NA,0,NA,NA,1,NA,NA,1,NA,NA,1,NA,NA,1,NA,NA
unknown_lab,nxnr,1996,male,UK,UK,FALSE,NA,,NA,10,FALSE,NA,FALSE,NA,27,12,5,0.5676685773402819,p,h,155,1,0.125,100,40,40,4.092443014020803,english,NA,NA,1,NA,NA,0,NA,NA,1,NA,NA,1,NA,NA,1,NA,NA,1,NA,NA
unknown_lab,nxnr,1996,male,UK,UK,FALSE,NA,,NA,10,FALSE,NA,FALSE,NA,27,13,10,1.1173128526977774,p,h,160,1,0.25,140,40,40,4.092443014020803,english,NA,NA,1,NA,NA,0,NA,NA,1,NA,NA,1,NA,NA,1,NA,NA,1,NA,NA
unknown_lab,nxnr,1996,male,UK,UK,FALSE,NA,,NA,10,FALSE,NA,FALSE,NA,27,13,10,1.1173128526977774,n,h,160,0,-0.3333333333333333,40,30,-30,-3.8631371386483475,english,NA,NA,1,NA,NA,0,NA,NA,1,NA,NA,1,NA,NA,1,NA,NA,1,NA,NA
unknown_lab,nxnr,1996,male,UK,UK,FALSE,NA,,NA,10,FALSE,NA,FALSE,NA,27,12,5,0.5676685773402819,p,h,155,1,0.125,80,40,40,4.092443014020803,english,NA,NA,1,NA,NA,0,NA,NA,1,NA,NA,1,NA,NA,1,NA,NA,1,NA,NA
unknown_lab,nxnr,1996,male,UK,UK,FALSE,NA,,NA,10,FALSE,NA,FALSE,NA,27,12,5,0.5676685773402819,p,h,155,1,0.16666666666666666,60,30,30,3.1564128700055254,english,NA,NA,1,NA,NA,0,NA,NA,1,NA,NA,1,NA,NA,1,NA,NA,1,NA,NA
unknown_lab,nxnr,1996,male,UK,UK,FALSE,NA,,NA,10,FALSE,NA,FALSE,NA,27,10,-5,-0.5869152057713568,n,l,145,1,0.25,120,20,-20,-2.477410529609116,english,NA,NA,1,NA,NA,0,NA,NA,1,NA,NA,1,NA,NA,1,NA,NA,1,NA,NA
unknown_lab,nxnr,1996,male,UK,UK,FALSE,NA,,NA,10,FALSE,NA,FALSE,NA,27,14,15,1.6500422849992202,0,h,165,0,NA,120,0,-0,0,english,NA,NA,1,NA,NA,0,NA,NA,1,NA,NA,1,NA,NA,1,NA,NA,1,NA,NA
unknown_lab,nxnr,1996,male,UK,UK,FALSE,NA,,NA,10,FALSE,NA,FALSE,NA,27,11,0,0,n,m,150,0,-0,80,30,-30,-3.8631371386483475,english,NA,NA,1,NA,NA,0,NA,NA,1,NA,NA,1,NA,NA,1,NA,NA,1,NA,NA
unknown_lab,nxnr,1996,male,UK,UK,FALSE,NA,,NA,10,FALSE,NA,FALSE,NA,27,13,10,1.1173128526977774,p,h,160,1,1,100,10,10,1.1173128526977774,english,NA,NA,1,NA,NA,0,NA,NA,1,NA,NA,1,NA,NA,1,NA,NA,1,NA,NA
unknown_lab,nxnr,1996,male,UK,UK,FALSE,NA,,NA,10,FALSE,NA,FALSE,NA,27,10,-5,-0.5869152057713568,p,l,145,0,-0.5,140,10,10,1.1173128526977774,english,NA,NA,1,NA,NA,0,NA,NA,1,NA,NA,1,NA,NA,1,NA,NA,1,NA,NA
unknown_lab,nxnr,1996,male,UK,UK,FALSE,NA,,NA,10,FALSE,NA,FALSE,NA,27,14,15,1.6500422849992202,p,h,165,1,0.375,140,40,40,4.092443014020803,english,NA,NA,1,NA,NA,0,NA,NA,1,NA,NA,1,NA,NA,1,NA,NA,1,NA,NA
unknown_lab,nxnr,1996,male,UK,UK,FALSE,NA,,NA,10,FALSE,NA,FALSE,NA,27,6,-25,-3.1564128700055254,n,l,125,1,0.625,140,40,-40,-5.369507723654657,english,NA,NA,1,NA,NA,0,NA,NA,1,NA,NA,1,NA,NA,1,NA,NA,1,NA,NA
unknown_lab,nxnr,1996,male,UK,UK,FALSE,NA,,NA,10,FALSE,NA,FALSE,NA,27,11,0,0,p,m,150,0,0,120,10,10,1.1173128526977774,english,NA,NA,1,NA,NA,0,NA,NA,1,NA,NA,1,NA,NA,1,NA,NA,1,NA,NA
unknown_lab,nxnr,1996,male,UK,UK,FALSE,NA,,NA,10,FALSE,NA,FALSE,NA,27,12,5,0.5676685773402819,n,h,155,0,-0.16666666666666666,140,30,-30,-3.8631371386483475,english,NA,NA,1,NA,NA,0,NA,NA,1,NA,NA,1,NA,NA,1,NA,NA,1,NA,NA
unknown_lab,nxnr,1996,male,UK,UK,FALSE,NA,,NA,10,FALSE,NA,FALSE,NA,27,13,10,1.1173128526977774,0,h,160,0,NA,60,0,-0,0,english,NA,NA,1,NA,NA,0,NA,NA,1,NA,NA,1,NA,NA,1,NA,NA,1,NA,NA
unknown_lab,nxnr,1996,male,UK,UK,FALSE,NA,,NA,10,FALSE,NA,FALSE,NA,27,11,0,0,n,m,150,0,-0,20,10,-10,-1.1944280826109728,english,NA,NA,1,NA,NA,0,NA,NA,1,NA,NA,1,NA,NA,1,NA,NA,1,NA,NA
unknown_lab,nxnr,1996,male,UK,UK,FALSE,NA,,NA,10,FALSE,NA,FALSE,NA,27,11,0,0,p,m,150,0,0,40,30,30,3.1564128700055254,english,NA,NA,1,NA,NA,0,NA,NA,1,NA,NA,1,NA,NA,1,NA,NA,1,NA,NA
unknown_lab,nxnr,1996,male,UK,UK,FALSE,NA,,NA,10,FALSE,NA,FALSE,NA,27,11,0,0,n,m,150,0,-0,60,20,-20,-2.477410529609116,english,NA,NA,1,NA,NA,0,NA,NA,1,NA,NA,1,NA,NA,1,NA,NA,1,NA,NA
unknown_lab,nxnr,1996,male,UK,UK,FALSE,NA,,NA,10,FALSE,NA,FALSE,NA,27,11,0,0,p,m,150,0,0,60,20,20,2.16686694770185,english,NA,NA,1,NA,NA,0,NA,NA,1,NA,NA,1,NA,NA,1,NA,NA,1,NA,NA
unknown_lab,nxnr,1996,male,UK,UK,FALSE,NA,,NA,10,FALSE,NA,FALSE,NA,27,11,0,0,n,m,150,0,-0,120,10,-10,-1.1944280826109728,english,NA,NA,1,NA,NA,0,NA,NA,1,NA,NA,1,NA,NA,1,NA,NA,1,NA,NA
unknown_lab,nxnr,1996,male,UK,UK,FALSE,NA,,NA,10,FALSE,NA,FALSE,NA,27,13,10,1.1173128526977774,p,h,160,1,0.3333333333333333,60,30,30,3.1564128700055254,english,NA,NA,1,NA,NA,0,NA,NA,1,NA,NA,1,NA,NA,1,NA,NA,1,NA,NA
unknown_lab,nxnr,1996,male,UK,UK,FALSE,NA,,NA,10,FALSE,NA,FALSE,NA,27,11,0,0,n,m,150,0,-0,80,40,-40,-5.369507723654657,english,NA,NA,1,NA,NA,0,NA,NA,1,NA,NA,1,NA,NA,1,NA,NA,1,NA,NA
unknown_lab,nxnr,1996,male,UK,UK,FALSE,NA,,NA,10,FALSE,NA,FALSE,NA,27,11,0,0,p,m,150,0,0,60,40,40,4.092443014020803,english,NA,NA,1,NA,NA,0,NA,NA,1,NA,NA,1,NA,NA,1,NA,NA,1,NA,NA
unknown_lab,nxnr,1996,male,UK,UK,FALSE,NA,,NA,10,FALSE,NA,FALSE,NA,27,10,-5,-0.5869152057713568,n,l,145,1,0.125,60,40,-40,-5.369507723654657,english,NA,NA,1,NA,NA,0,NA,NA,1,NA,NA,1,NA,NA,1,NA,NA,1,NA,NA
unknown_lab,nxnr,1996,male,UK,UK,FALSE,NA,,NA,10,FALSE,NA,FALSE,NA,27,11,0,0,n,m,150,0,-0,40,30,-30,-3.8631371386483475,english,NA,NA,1,NA,NA,0,NA,NA,1,NA,NA,1,NA,NA,1,NA,NA,1,NA,NA
unknown_lab,nxnr,1996,male,UK,UK,FALSE,NA,,NA,10,FALSE,NA,FALSE,NA,27,11,0,0,n,m,150,0,-0,140,20,-20,-2.477410529609116,english,NA,NA,1,NA,NA,0,NA,NA,1,NA,NA,1,NA,NA,1,NA,NA,1,NA,NA
unknown_lab,nxnr,1996,male,UK,UK,FALSE,NA,,NA,10,FALSE,NA,FALSE,NA,27,11,0,0,p,m,150,0,0,140,30,30,3.1564128700055254,english,NA,NA,1,NA,NA,0,NA,NA,1,NA,NA,1,NA,NA,1,NA,NA,1,NA,NA
unknown_lab,nxnr,1996,male,UK,UK,FALSE,NA,,NA,10,FALSE,NA,FALSE,NA,27,11,0,0,n,m,150,0,-0,60,10,-10,-1.1944280826109728,english,NA,NA,1,NA,NA,0,NA,NA,1,NA,NA,1,NA,NA,1,NA,NA,1,NA,NA
unknown_lab,nxnr,1996,male,UK,UK,FALSE,NA,,NA,10,FALSE,NA,FALSE,NA,27,12,5,0.5676685773402819,p,h,155,1,0.5,100,10,10,1.1173128526977774,english,NA,NA,1,NA,NA,0,NA,NA,1,NA,NA,1,NA,NA,1,NA,NA,1,NA,NA
unknown_lab,nxnr,1996,male,UK,UK,FALSE,NA,,NA,10,FALSE,NA,FALSE,NA,27,11,0,0,n,m,150,0,-0,100,20,-20,-2.477410529609116,english,NA,NA,1,NA,NA,0,NA,NA,1,NA,NA,1,NA,NA,1,NA,NA,1,NA,NA
unknown_lab,nxnr,1996,male,UK,UK,FALSE,NA,,NA,10,FALSE,NA,FALSE,NA,27,11,0,0,n,m,150,0,-0,100,40,-40,-5.369507723654657,english,NA,NA,1,NA,NA,0,NA,NA,1,NA,NA,1,NA,NA,1,NA,NA,1,NA,NA
unknown_lab,nxnr,1996,male,UK,UK,FALSE,NA,,NA,10,FALSE,NA,FALSE,NA,27,11,0,0,n,m,150,0,-0,40,10,-10,-1.1944280826109728,english,NA,NA,1,NA,NA,0,NA,NA,1,NA,NA,1,NA,NA,1,NA,NA,1,NA,NA
unknown_lab,nxnr,1996,male,UK,UK,FALSE,NA,,NA,10,FALSE,NA,FALSE,NA,27,10,-5,-0.5869152057713568,n,l,145,1,0.125,40,40,-40,-5.369507723654657,english,NA,NA,1,NA,NA,0,NA,NA,1,NA,NA,1,NA,NA,1,NA,NA,1,NA,NA
unknown_lab,nxnr,1996,male,UK,UK,FALSE,NA,,NA,10,FALSE,NA,FALSE,NA,27,11,0,0,p,m,150,0,0,120,40,40,4.092443014020803,english,NA,NA,1,NA,NA,0,NA,NA,1,NA,NA,1,NA,NA,1,NA,NA,1,NA,NA
unknown_lab,nxnr,1996,male,UK,UK,FALSE,NA,,NA,10,FALSE,NA,FALSE,NA,27,11,0,0,n,m,150,0,-0,140,10,-10,-1.1944280826109728,english,NA,NA,1,NA,NA,0,NA,NA,1,NA,NA,1,NA,NA,1,NA,NA,1,NA,NA
unknown_lab,nxnr,1996,male,UK,UK,FALSE,NA,,NA,10,FALSE,NA,FALSE,NA,27,11,0,0,n,m,150,0,-0,120,30,-30,-3.8631371386483475,english,NA,NA,1,NA,NA,0,NA,NA,1,NA,NA,1,NA,NA,1,NA,NA,1,NA,NA
unknown_lab,nxnr,1996,male,UK,UK,FALSE,NA,,NA,10,FALSE,NA,FALSE,NA,27,11,0,0,n,m,150,0,-0,100,30,-30,-3.8631371386483475,english,NA,NA,1,NA,NA,0,NA,NA,1,NA,NA,1,NA,NA,1,NA,NA,1,NA,NA
unknown_lab,nxnr,1996,male,UK,UK,FALSE,NA,,NA,10,FALSE,NA,FALSE,NA,27,12,5,0.5676685773402819,p,h,155,1,0.25,100,20,20,2.16686694770185,english,NA,NA,1,NA,NA,0,NA,NA,1,NA,NA,1,NA,NA,1,NA,NA,1,NA,NA
unknown_lab,nxnr,1996,male,UK,UK,FALSE,NA,,NA,10,FALSE,NA,FALSE,NA,27,11,0,0,0,m,150,1,NA,140,0,-0,0,english,NA,NA,1,NA,NA,0,NA,NA,1,NA,NA,1,NA,NA,1,NA,NA,1,NA,NA
unknown_lab,nxnr,1996,male,UK,UK,FALSE,NA,,NA,10,FALSE,NA,FALSE,NA,27,11,0,0,n,m,150,0,-0,80,20,-20,-2.477410529609116,english,NA,NA,1,NA,NA,0,NA,NA,1,NA,NA,1,NA,NA,1,NA,NA,1,NA,NA
unknown_lab,nxnr,1996,male,UK,UK,FALSE,NA,,NA,10,FALSE,NA,FALSE,NA,27,11,0,0,0,m,150,1,NA,100,0,-0,0,english,NA,NA,1,NA,NA,0,NA,NA,1,NA,NA,1,NA,NA,1,NA,NA,1,NA,NA
unknown_lab,nxnr,1996,male,UK,UK,FALSE,NA,,NA,10,FALSE,NA,FALSE,NA,27,10,-5,-0.5869152057713568,p,l,145,0,-0.5,20,10,10,1.1173128526977774,english,NA,NA,1,NA,NA,0,NA,NA,1,NA,NA,1,NA,NA,1,NA,NA,1,NA,NA
unknown_lab,nxnr,1996,male,UK,UK,FALSE,NA,,NA,10,FALSE,NA,FALSE,NA,27,11,0,0,n,m,150,0,-0,40,20,-20,-2.477410529609116,english,NA,NA,1,NA,NA,0,NA,NA,1,NA,NA,1,NA,NA,1,NA,NA,1,NA,NA
unknown_lab,nxnr,1996,male,UK,UK,FALSE,NA,,NA,10,FALSE,NA,FALSE,NA,27,7,-20,-2.477410529609116,0,l,130,0,NA,40,0,-0,0,english,NA,NA,1,NA,NA,0,NA,NA,1,NA,NA,1,NA,NA,1,NA,NA,1,NA,NA
unknown_lab,nxnr,1996,male,UK,UK,FALSE,NA,,NA,10,FALSE,NA,FALSE,NA,27,9,-10,-1.1944280826109728,p,l,140,0,-0.5,20,20,20,2.16686694770185,english,NA,NA,1,NA,NA,0,NA,NA,1,NA,NA,1,NA,NA,1,NA,NA,1,NA,NA
unknown_lab,nxnr,1996,male,UK,UK,FALSE,NA,,NA,10,FALSE,NA,FALSE,NA,27,11,0,0,p,m,150,0,0,40,40,40,4.092443014020803,english,NA,NA,1,NA,NA,0,NA,NA,1,NA,NA,1,NA,NA,1,NA,NA,1,NA,NA
unknown_lab,nxnr,1996,male,UK,UK,FALSE,NA,,NA,10,FALSE,NA,FALSE,NA,27,4,-35,-4.599943674618066,n,l,115,1,1.75,20,20,-20,-2.477410529609116,english,NA,NA,1,NA,NA,0,NA,NA,1,NA,NA,1,NA,NA,1,NA,NA,1,NA,NA
unknown_lab,nxnr,1996,male,UK,UK,FALSE,NA,,NA,10,FALSE,NA,FALSE,NA,27,7,-20,-2.477410529609116,n,l,130,1,0.6666666666666666,80,30,-30,-3.8631371386483475,english,NA,NA,1,NA,NA,0,NA,NA,1,NA,NA,1,NA,NA,1,NA,NA,1,NA,NA
unknown_lab,nxnr,1996,male,UK,UK,FALSE,NA,,NA,10,FALSE,NA,FALSE,NA,27,11,0,0,p,m,150,0,0,100,30,30,3.1564128700055254,english,NA,NA,1,NA,NA,0,NA,NA,1,NA,NA,1,NA,NA,1,NA,NA,1,NA,NA
unknown_lab,nxnr,1996,male,UK,UK,FALSE,NA,,NA,10,FALSE,NA,FALSE,NA,27,6,-25,-3.1564128700055254,n,l,125,1,1.25,120,20,-20,-2.477410529609116,english,NA,NA,1,NA,NA,0,NA,NA,1,NA,NA,1,NA,NA,1,NA,NA,1,NA,NA
unknown_lab,nxnr,1996,male,UK,UK,FALSE,NA,,NA,10,FALSE,NA,FALSE,NA,27,12,5,0.5676685773402819,n,h,155,0,-0.5,100,10,-10,-1.1944280826109728,english,NA,NA,1,NA,NA,0,NA,NA,1,NA,NA,1,NA,NA,1,NA,NA,1,NA,NA
unknown_lab,nxnr,1996,male,UK,UK,FALSE,NA,,NA,10,FALSE,NA,FALSE,NA,27,9,-10,-1.1944280826109728,p,l,140,0,-0.25,20,40,40,4.092443014020803,english,NA,NA,1,NA,NA,0,NA,NA,1,NA,NA,1,NA,NA,1,NA,NA,1,NA,NA
unknown_lab,nxnr,1996,male,UK,UK,FALSE,NA,,NA,10,FALSE,NA,FALSE,NA,27,11,0,0,n,m,150,0,-0,20,30,-30,-3.8631371386483475,english,NA,NA,1,NA,NA,0,NA,NA,1,NA,NA,1,NA,NA,1,NA,NA,1,NA,NA
unknown_lab,nxnr,1996,male,UK,UK,FALSE,NA,,NA,10,FALSE,NA,FALSE,NA,27,12,5,0.5676685773402819,n,h,155,0,-0.125,20,40,-40,-5.369507723654657,english,NA,NA,1,NA,NA,0,NA,NA,1,NA,NA,1,NA,NA,1,NA,NA,1,NA,NA
unknown_lab,nxnr,1996,male,UK,UK,FALSE,NA,,NA,10,FALSE,NA,FALSE,NA,27,10,-5,-0.5869152057713568,0,l,145,0,NA,80,0,-0,0,english,NA,NA,1,NA,NA,0,NA,NA,1,NA,NA,1,NA,NA,1,NA,NA,1,NA,NA
unknown_lab,nxnr,1996,male,UK,UK,FALSE,NA,,NA,10,FALSE,NA,FALSE,NA,27,14,15,1.6500422849992202,p,h,165,1,0.75,120,20,20,2.16686694770185,english,NA,NA,1,NA,NA,0,NA,NA,1,NA,NA,1,NA,NA,1,NA,NA,1,NA,NA
unknown_lab,nxnr,1996,male,UK,UK,FALSE,NA,,NA,10,FALSE,NA,FALSE,NA,27,10,-5,-0.5869152057713568,p,l,145,0,-0.16666666666666666,120,30,30,3.1564128700055254,english,NA,NA,1,NA,NA,0,NA,NA,1,NA,NA,1,NA,NA,1,NA,NA,1,NA,NA
unknown_lab,nxnr,1996,male,UK,UK,FALSE,NA,,NA,10,FALSE,NA,FALSE,NA,27,14,15,1.6500422849992202,n,h,165,0,-1.5,80,10,-10,-1.1944280826109728,english,NA,NA,1,NA,NA,0,NA,NA,1,NA,NA,1,NA,NA,1,NA,NA,1,NA,NA
unknown_lab,nxnr,1996,male,UK,UK,FALSE,NA,,NA,10,FALSE,NA,FALSE,NA,27,11,0,0,0,m,150,1,NA,100,0,-0,0,english,NA,NA,1,NA,NA,0,NA,NA,1,NA,NA,1,NA,NA,1,NA,NA,1,NA,NA
unknown_lab,nxnr,1996,male,UK,UK,FALSE,NA,,NA,10,FALSE,NA,FALSE,NA,27,14,15,1.6500422849992202,p,h,165,1,0.5,20,30,30,3.1564128700055254,english,NA,NA,1,NA,NA,0,NA,NA,1,NA,NA,1,NA,NA,1,NA,NA,1,NA,NA
unknown_lab,nxnr,1996,male,UK,UK,FALSE,NA,,NA,10,FALSE,NA,FALSE,NA,27,14,15,1.6500422849992202,p,h,165,1,1.5,40,10,10,1.1173128526977774,english,NA,NA,1,NA,NA,0,NA,NA,1,NA,NA,1,NA,NA,1,NA,NA,1,NA,NA
unknown_lab,nxnr,1996,male,UK,UK,FALSE,NA,,NA,10,FALSE,NA,FALSE,NA,27,10,-5,-0.5869152057713568,n,l,145,1,0.16666666666666666,60,30,-30,-3.8631371386483475,english,NA,NA,1,NA,NA,0,NA,NA,1,NA,NA,1,NA,NA,1,NA,NA,1,NA,NA
unknown_lab,nxnr,1996,male,UK,UK,FALSE,NA,,NA,10,FALSE,NA,FALSE,NA,27,11,0,0,0,m,150,1,NA,40,0,-0,0,english,NA,NA,1,NA,NA,0,NA,NA,1,NA,NA,1,NA,NA,1,NA,NA,1,NA,NA
unknown_lab,nxnr,1996,male,UK,UK,FALSE,NA,,NA,10,FALSE,NA,FALSE,NA,27,11,0,0,p,m,150,0,0,40,20,20,2.16686694770185,english,NA,NA,1,NA,NA,0,NA,NA,1,NA,NA,1,NA,NA,1,NA,NA,1,NA,NA
unknown_lab,nxnr,1996,male,UK,UK,FALSE,NA,,NA,10,FALSE,NA,FALSE,NA,27,13,10,1.1173128526977774,p,h,160,1,0.5,140,20,20,2.16686694770185,english,NA,NA,1,NA,NA,0,NA,NA,1,NA,NA,1,NA,NA,1,NA,NA,1,NA,NA
unknown_lab,nxnr,1996,male,UK,UK,FALSE,NA,,NA,10,FALSE,NA,FALSE,NA,27,11,0,0,p,m,150,0,0,80,10,10,1.1173128526977774,english,NA,NA,1,NA,NA,0,NA,NA,1,NA,NA,1,NA,NA,1,NA,NA,1,NA,NA
unknown_lab,nxnr,1996,male,UK,UK,FALSE,NA,,NA,10,FALSE,NA,FALSE,NA,27,9,-10,-1.1944280826109728,p,l,140,0,-0.5,80,20,20,2.16686694770185,english,NA,NA,1,NA,NA,0,NA,NA,1,NA,NA,1,NA,NA,1,NA,NA,1,NA,NA
unknown_lab,htlp,1999,male,United Kingdom,United Kingdom,FALSE,NA,,NA,10,TRUE,1,FALSE,NA,32,11,0,0,n,m,150,0,-0,80,10,-10,-1.1944280826109728,English,NA,NA,1,NA,NA,0,NA,NA,1,NA,NA,1,NA,NA,1,NA,NA,1,NA,NA
unknown_lab,htlp,1999,male,United Kingdom,United Kingdom,FALSE,NA,,NA,10,TRUE,1,FALSE,NA,32,10,-5,-0.5869152057713568,p,l,145,0,-0.25,140,20,20,2.16686694770185,English,NA,NA,1,NA,NA,0,NA,NA,1,NA,NA,1,NA,NA,1,NA,NA,1,NA,NA
unknown_lab,htlp,1999,male,United Kingdom,United Kingdom,FALSE,NA,,NA,10,TRUE,1,FALSE,NA,32,12,5,0.5676685773402819,n,h,155,0,-0.125,80,40,-40,-5.369507723654657,English,NA,NA,1,NA,NA,0,NA,NA,1,NA,NA,1,NA,NA,1,NA,NA,1,NA,NA
unknown_lab,htlp,1999,male,United Kingdom,United Kingdom,FALSE,NA,,NA,10,TRUE,1,FALSE,NA,32,12,5,0.5676685773402819,n,h,155,0,-0.16666666666666666,20,30,-30,-3.8631371386483475,English,NA,NA,1,NA,NA,0,NA,NA,1,NA,NA,1,NA,NA,1,NA,NA,1,NA,NA
unknown_lab,htlp,1999,male,United Kingdom,United Kingdom,FALSE,NA,,NA,10,TRUE,1,FALSE,NA,32,11,0,0,0,m,150,1,NA,140,0,-0,0,English,NA,NA,1,NA,NA,0,NA,NA,1,NA,NA,1,NA,NA,1,NA,NA,1,NA,NA
unknown_lab,htlp,1999,male,United Kingdom,United Kingdom,FALSE,NA,,NA,10,TRUE,1,FALSE,NA,32,12,5,0.5676685773402819,p,h,155,1,0.25,60,20,20,2.16686694770185,English,NA,NA,1,NA,NA,0,NA,NA,1,NA,NA,1,NA,NA,1,NA,NA,1,NA,NA
unknown_lab,htlp,1999,male,United Kingdom,United Kingdom,FALSE,NA,,NA,10,TRUE,1,FALSE,NA,32,11,0,0,n,m,150,0,-0,140,30,-30,-3.8631371386483475,English,NA,NA,1,NA,NA,0,NA,NA,1,NA,NA,1,NA,NA,1,NA,NA,1,NA,NA
unknown_lab,htlp,1999,male,United Kingdom,United Kingdom,FALSE,NA,,NA,10,TRUE,1,FALSE,NA,32,11,0,0,n,m,150,0,-0,100,10,-10,-1.1944280826109728,English,NA,NA,1,NA,NA,0,NA,NA,1,NA,NA,1,NA,NA,1,NA,NA,1,NA,NA
unknown_lab,htlp,1999,male,United Kingdom,United Kingdom,FALSE,NA,,NA,10,TRUE,1,FALSE,NA,32,10,-5,-0.5869152057713568,n,l,145,1,0.125,140,40,-40,-5.369507723654657,English,NA,NA,1,NA,NA,0,NA,NA,1,NA,NA,1,NA,NA,1,NA,NA,1,NA,NA
unknown_lab,htlp,1999,male,United Kingdom,United Kingdom,FALSE,NA,,NA,10,TRUE,1,FALSE,NA,32,11,0,0,p,m,150,0,0,80,20,20,2.16686694770185,English,NA,NA,1,NA,NA,0,NA,NA,1,NA,NA,1,NA,NA,1,NA,NA,1,NA,NA
unknown_lab,htlp,1999,male,United Kingdom,United Kingdom,FALSE,NA,,NA,10,TRUE,1,FALSE,NA,32,11,0,0,n,m,150,0,-0,40,20,-20,-2.477410529609116,English,NA,NA,1,NA,NA,0,NA,NA,1,NA,NA,1,NA,NA,1,NA,NA,1,NA,NA
unknown_lab,htlp,1999,male,United Kingdom,United Kingdom,FALSE,NA,,NA,10,TRUE,1,FALSE,NA,32,11,0,0,p,m,150,0,0,20,20,20,2.16686694770185,English,NA,NA,1,NA,NA,0,NA,NA,1,NA,NA,1,NA,NA,1,NA,NA,1,NA,NA
unknown_lab,htlp,1999,male,United Kingdom,United Kingdom,FALSE,NA,,NA,10,TRUE,1,FALSE,NA,32,10,-5,-0.5869152057713568,p,l,145,0,-0.16666666666666666,40,30,30,3.1564128700055254,English,NA,NA,1,NA,NA,0,NA,NA,1,NA,NA,1,NA,NA,1,NA,NA,1,NA,NA
unknown_lab,htlp,1999,male,United Kingdom,United Kingdom,FALSE,NA,,NA,10,TRUE,1,FALSE,NA,32,11,0,0,0,m,150,1,NA,120,0,-0,0,English,NA,NA,1,NA,NA,0,NA,NA,1,NA,NA,1,NA,NA,1,NA,NA,1,NA,NA
unknown_lab,htlp,1999,male,United Kingdom,United Kingdom,FALSE,NA,,NA,10,TRUE,1,FALSE,NA,32,11,0,0,p,m,150,0,0,40,40,40,4.092443014020803,English,NA,NA,1,NA,NA,0,NA,NA,1,NA,NA,1,NA,NA,1,NA,NA,1,NA,NA
unknown_lab,htlp,1999,male,United Kingdom,United Kingdom,FALSE,NA,,NA,10,TRUE,1,FALSE,NA,32,12,5,0.5676685773402819,n,h,155,0,-0.5,140,10,-10,-1.1944280826109728,English,NA,NA,1,NA,NA,0,NA,NA,1,NA,NA,1,NA,NA,1,NA,NA,1,NA,NA
unknown_lab,htlp,1999,male,United Kingdom,United Kingdom,FALSE,NA,,NA,10,TRUE,1,FALSE,NA,32,12,5,0.5676685773402819,0,h,155,0,NA,100,0,-0,0,English,NA,NA,1,NA,NA,0,NA,NA,1,NA,NA,1,NA,NA,1,NA,NA,1,NA,NA
unknown_lab,htlp,1999,male,United Kingdom,United Kingdom,FALSE,NA,,NA,10,TRUE,1,FALSE,NA,32,10,-5,-0.5869152057713568,n,l,145,1,0.25,100,20,-20,-2.477410529609116,English,NA,NA,1,NA,NA,0,NA,NA,1,NA,NA,1,NA,NA,1,NA,NA,1,NA,NA
unknown_lab,htlp,1999,male,United Kingdom,United Kingdom,FALSE,NA,,NA,10,TRUE,1,FALSE,NA,32,10,-5,-0.5869152057713568,n,l,145,1,0.125,20,40,-40,-5.369507723654657,English,NA,NA,1,NA,NA,0,NA,NA,1,NA,NA,1,NA,NA,1,NA,NA,1,NA,NA
unknown_lab,htlp,1999,male,United Kingdom,United Kingdom,FALSE,NA,,NA,10,TRUE,1,FALSE,NA,32,10,-5,-0.5869152057713568,n,l,145,1,0.16666666666666666,40,30,-30,-3.8631371386483475,English,NA,NA,1,NA,NA,0,NA,NA,1,NA,NA,1,NA,NA,1,NA,NA,1,NA,NA
unknown_lab,htlp,1999,male,United Kingdom,United Kingdom,FALSE,NA,,NA,10,TRUE,1,FALSE,NA,32,10,-5,-0.5869152057713568,n,l,145,1,0.16666666666666666,60,30,-30,-3.8631371386483475,English,NA,NA,1,NA,NA,0,NA,NA,1,NA,NA,1,NA,NA,1,NA,NA,1,NA,NA
unknown_lab,htlp,1999,male,United Kingdom,United Kingdom,FALSE,NA,,NA,10,TRUE,1,FALSE,NA,32,13,10,1.1173128526977774,p,h,160,1,0.5,100,20,20,2.16686694770185,English,NA,NA,1,NA,NA,0,NA,NA,1,NA,NA,1,NA,NA,1,NA,NA,1,NA,NA
unknown_lab,htlp,1999,male,United Kingdom,United Kingdom,FALSE,NA,,NA,10,TRUE,1,FALSE,NA,32,12,5,0.5676685773402819,n,h,155,0,-0.5,120,10,-10,-1.1944280826109728,English,NA,NA,1,NA,NA,0,NA,NA,1,NA,NA,1,NA,NA,1,NA,NA,1,NA,NA
unknown_lab,htlp,1999,male,United Kingdom,United Kingdom,FALSE,NA,,NA,10,TRUE,1,FALSE,NA,32,12,5,0.5676685773402819,p,h,155,1,0.5,100,10,10,1.1173128526977774,English,NA,NA,1,NA,NA,0,NA,NA,1,NA,NA,1,NA,NA,1,NA,NA,1,NA,NA
unknown_lab,htlp,1999,male,United Kingdom,United Kingdom,FALSE,NA,,NA,10,TRUE,1,FALSE,NA,32,12,5,0.5676685773402819,p,h,155,1,0.5,20,10,10,1.1173128526977774,English,NA,NA,1,NA,NA,0,NA,NA,1,NA,NA,1,NA,NA,1,NA,NA,1,NA,NA
unknown_lab,htlp,1999,male,United Kingdom,United Kingdom,FALSE,NA,,NA,10,TRUE,1,FALSE,NA,32,10,-5,-0.5869152057713568,p,l,145,0,-0.125,60,40,40,4.092443014020803,English,NA,NA,1,NA,NA,0,NA,NA,1,NA,NA,1,NA,NA,1,NA,NA,1,NA,NA
unknown_lab,htlp,1999,male,United Kingdom,United Kingdom,FALSE,NA,,NA,10,TRUE,1,FALSE,NA,32,11,0,0,n,m,150,0,-0,40,40,-40,-5.369507723654657,English,NA,NA,1,NA,NA,0,NA,NA,1,NA,NA,1,NA,NA,1,NA,NA,1,NA,NA
unknown_lab,htlp,1999,male,United Kingdom,United Kingdom,FALSE,NA,,NA,10,TRUE,1,FALSE,NA,32,11,0,0,p,m,150,0,0,140,30,30,3.1564128700055254,English,NA,NA,1,NA,NA,0,NA,NA,1,NA,NA,1,NA,NA,1,NA,NA,1,NA,NA
unknown_lab,htlp,1999,male,United Kingdom,United Kingdom,FALSE,NA,,NA,10,TRUE,1,FALSE,NA,32,11,0,0,p,m,150,0,0,80,40,40,4.092443014020803,English,NA,NA,1,NA,NA,0,NA,NA,1,NA,NA,1,NA,NA,1,NA,NA,1,NA,NA
unknown_lab,htlp,1999,male,United Kingdom,United Kingdom,FALSE,NA,,NA,10,TRUE,1,FALSE,NA,32,11,0,0,p,m,150,0,0,140,40,40,4.092443014020803,English,NA,NA,1,NA,NA,0,NA,NA,1,NA,NA,1,NA,NA,1,NA,NA,1,NA,NA
unknown_lab,htlp,1999,male,United Kingdom,United Kingdom,FALSE,NA,,NA,10,TRUE,1,FALSE,NA,32,12,5,0.5676685773402819,p,h,155,1,0.5,60,10,10,1.1173128526977774,English,NA,NA,1,NA,NA,0,NA,NA,1,NA,NA,1,NA,NA,1,NA,NA,1,NA,NA
unknown_lab,htlp,1999,male,United Kingdom,United Kingdom,FALSE,NA,,NA,10,TRUE,1,FALSE,NA,32,10,-5,-0.5869152057713568,n,l,145,1,0.5,60,10,-10,-1.1944280826109728,English,NA,NA,1,NA,NA,0,NA,NA,1,NA,NA,1,NA,NA,1,NA,NA,1,NA,NA
unknown_lab,htlp,1999,male,United Kingdom,United Kingdom,FALSE,NA,,NA,10,TRUE,1,FALSE,NA,32,10,-5,-0.5869152057713568,0,l,145,0,NA,20,0,-0,0,English,NA,NA,1,NA,NA,0,NA,NA,1,NA,NA,1,NA,NA,1,NA,NA,1,NA,NA
unknown_lab,htlp,1999,male,United Kingdom,United Kingdom,FALSE,NA,,NA,10,TRUE,1,FALSE,NA,32,11,0,0,p,m,150,0,0,40,10,10,1.1173128526977774,English,NA,NA,1,NA,NA,0,NA,NA,1,NA,NA,1,NA,NA,1,NA,NA,1,NA,NA
unknown_lab,htlp,1999,male,United Kingdom,United Kingdom,FALSE,NA,,NA,10,TRUE,1,FALSE,NA,32,11,0,0,p,m,150,0,0,40,20,20,2.16686694770185,English,NA,NA,1,NA,NA,0,NA,NA,1,NA,NA,1,NA,NA,1,NA,NA,1,NA,NA
unknown_lab,htlp,1999,male,United Kingdom,United Kingdom,FALSE,NA,,NA,10,TRUE,1,FALSE,NA,32,11,0,0,p,m,150,0,0,20,30,30,3.1564128700055254,English,NA,NA,1,NA,NA,0,NA,NA,1,NA,NA,1,NA,NA,1,NA,NA,1,NA,NA
unknown_lab,htlp,1999,male,United Kingdom,United Kingdom,FALSE,NA,,NA,10,TRUE,1,FALSE,NA,32,11,0,0,n,m,150,0,-0,100,40,-40,-5.369507723654657,English,NA,NA,1,NA,NA,0,NA,NA,1,NA,NA,1,NA,NA,1,NA,NA,1,NA,NA
unknown_lab,htlp,1999,male,United Kingdom,United Kingdom,FALSE,NA,,NA,10,TRUE,1,FALSE,NA,32,11,0,0,n,m,150,0,-0,60,40,-40,-5.369507723654657,English,NA,NA,1,NA,NA,0,NA,NA,1,NA,NA,1,NA,NA,1,NA,NA,1,NA,NA
unknown_lab,htlp,1999,male,United Kingdom,United Kingdom,FALSE,NA,,NA,10,TRUE,1,FALSE,NA,32,11,0,0,p,m,150,0,0,80,30,30,3.1564128700055254,English,NA,NA,1,NA,NA,0,NA,NA,1,NA,NA,1,NA,NA,1,NA,NA,1,NA,NA
unknown_lab,htlp,1999,male,United Kingdom,United Kingdom,FALSE,NA,,NA,10,TRUE,1,FALSE,NA,32,11,0,0,p,m,150,0,0,20,40,40,4.092443014020803,English,NA,NA,1,NA,NA,0,NA,NA,1,NA,NA,1,NA,NA,1,NA,NA,1,NA,NA
unknown_lab,htlp,1999,male,United Kingdom,United Kingdom,FALSE,NA,,NA,10,TRUE,1,FALSE,NA,32,10,-5,-0.5869152057713568,n,l,145,1,0.125,120,40,-40,-5.369507723654657,English,NA,NA,1,NA,NA,0,NA,NA,1,NA,NA,1,NA,NA,1,NA,NA,1,NA,NA
unknown_lab,htlp,1999,male,United Kingdom,United Kingdom,FALSE,NA,,NA,10,TRUE,1,FALSE,NA,32,11,0,0,n,m,150,0,-0,120,20,-20,-2.477410529609116,English,NA,NA,1,NA,NA,0,NA,NA,1,NA,NA,1,NA,NA,1,NA,NA,1,NA,NA
unknown_lab,htlp,1999,male,United Kingdom,United Kingdom,FALSE,NA,,NA,10,TRUE,1,FALSE,NA,32,11,0,0,p,m,150,0,0,120,20,20,2.16686694770185,English,NA,NA,1,NA,NA,0,NA,NA,1,NA,NA,1,NA,NA,1,NA,NA,1,NA,NA
unknown_lab,htlp,1999,male,United Kingdom,United Kingdom,FALSE,NA,,NA,10,TRUE,1,FALSE,NA,32,11,0,0,p,m,150,0,0,120,40,40,4.092443014020803,English,NA,NA,1,NA,NA,0,NA,NA,1,NA,NA,1,NA,NA,1,NA,NA,1,NA,NA
unknown_lab,htlp,1999,male,United Kingdom,United Kingdom,FALSE,NA,,NA,10,TRUE,1,FALSE,NA,32,11,0,0,p,m,150,0,0,120,30,30,3.1564128700055254,English,NA,NA,1,NA,NA,0,NA,NA,1,NA,NA,1,NA,NA,1,NA,NA,1,NA,NA
unknown_lab,htlp,1999,male,United Kingdom,United Kingdom,FALSE,NA,,NA,10,TRUE,1,FALSE,NA,32,13,10,1.1173128526977774,n,h,160,0,-0.3333333333333333,80,30,-30,-3.8631371386483475,English,NA,NA,1,NA,NA,0,NA,NA,1,NA,NA,1,NA,NA,1,NA,NA,1,NA,NA
unknown_lab,htlp,1999,male,United Kingdom,United Kingdom,FALSE,NA,,NA,10,TRUE,1,FALSE,NA,32,9,-10,-1.1944280826109728,p,l,140,0,-1,80,10,10,1.1173128526977774,English,NA,NA,1,NA,NA,0,NA,NA,1,NA,NA,1,NA,NA,1,NA,NA,1,NA,NA
unknown_lab,htlp,1999,male,United Kingdom,United Kingdom,FALSE,NA,,NA,10,TRUE,1,FALSE,NA,32,12,5,0.5676685773402819,n,h,155,0,-0.16666666666666666,120,30,-30,-3.8631371386483475,English,NA,NA,1,NA,NA,0,NA,NA,1,NA,NA,1,NA,NA,1,NA,NA,1,NA,NA
unknown_lab,htlp,1999,male,United Kingdom,United Kingdom,FALSE,NA,,NA,10,TRUE,1,FALSE,NA,32,12,5,0.5676685773402819,p,h,155,1,0.5,120,10,10,1.1173128526977774,English,NA,NA,1,NA,NA,0,NA,NA,1,NA,NA,1,NA,NA,1,NA,NA,1,NA,NA
unknown_lab,htlp,1999,male,United Kingdom,United Kingdom,FALSE,NA,,NA,10,TRUE,1,FALSE,NA,32,12,5,0.5676685773402819,n,h,155,0,-0.25,80,20,-20,-2.477410529609116,English,NA,NA,1,NA,NA,0,NA,NA,1,NA,NA,1,NA,NA,1,NA,NA,1,NA,NA
unknown_lab,htlp,1999,male,United Kingdom,United Kingdom,FALSE,NA,,NA,10,TRUE,1,FALSE,NA,32,10,-5,-0.5869152057713568,n,l,145,1,0.16666666666666666,100,30,-30,-3.8631371386483475,English,NA,NA,1,NA,NA,0,NA,NA,1,NA,NA,1,NA,NA,1,NA,NA,1,NA,NA
unknown_lab,htlp,1999,male,United Kingdom,United Kingdom,FALSE,NA,,NA,10,TRUE,1,FALSE,NA,32,10,-5,-0.5869152057713568,0,l,145,0,NA,60,0,-0,0,English,NA,NA,1,NA,NA,0,NA,NA,1,NA,NA,1,NA,NA,1,NA,NA,1,NA,NA
unknown_lab,htlp,1999,male,United Kingdom,United Kingdom,FALSE,NA,,NA,10,TRUE,1,FALSE,NA,32,12,5,0.5676685773402819,0,h,155,0,NA,40,0,-0,0,English,NA,NA,1,NA,NA,0,NA,NA,1,NA,NA,1,NA,NA,1,NA,NA,1,NA,NA
unknown_lab,htlp,1999,male,United Kingdom,United Kingdom,FALSE,NA,,NA,10,TRUE,1,FALSE,NA,32,11,0,0,n,m,150,0,-0,20,10,-10,-1.1944280826109728,English,NA,NA,1,NA,NA,0,NA,NA,1,NA,NA,1,NA,NA,1,NA,NA,1,NA,NA
unknown_lab,htlp,1999,male,United Kingdom,United Kingdom,FALSE,NA,,NA,10,TRUE,1,FALSE,NA,32,11,0,0,p,m,150,0,0,60,30,30,3.1564128700055254,English,NA,NA,1,NA,NA,0,NA,NA,1,NA,NA,1,NA,NA,1,NA,NA,1,NA,NA
unknown_lab,htlp,1999,male,United Kingdom,United Kingdom,FALSE,NA,,NA,10,TRUE,1,FALSE,NA,32,10,-5,-0.5869152057713568,p,l,145,0,-0.5,140,10,10,1.1173128526977774,English,NA,NA,1,NA,NA,0,NA,NA,1,NA,NA,1,NA,NA,1,NA,NA,1,NA,NA
unknown_lab,htlp,1999,male,United Kingdom,United Kingdom,FALSE,NA,,NA,10,TRUE,1,FALSE,NA,32,10,-5,-0.5869152057713568,0,l,145,0,NA,60,0,-0,0,English,NA,NA,1,NA,NA,0,NA,NA,1,NA,NA,1,NA,NA,1,NA,NA,1,NA,NA
unknown_lab,htlp,1999,male,United Kingdom,United Kingdom,FALSE,NA,,NA,10,TRUE,1,FALSE,NA,32,11,0,0,p,m,150,0,0,20,10,10,1.1173128526977774,English,NA,NA,1,NA,NA,0,NA,NA,1,NA,NA,1,NA,NA,1,NA,NA,1,NA,NA
unknown_lab,htlp,1999,male,United Kingdom,United Kingdom,FALSE,NA,,NA,10,TRUE,1,FALSE,NA,32,11,0,0,n,m,150,0,-0,40,20,-20,-2.477410529609116,English,NA,NA,1,NA,NA,0,NA,NA,1,NA,NA,1,NA,NA,1,NA,NA,1,NA,NA
unknown_lab,htlp,1999,male,United Kingdom,United Kingdom,FALSE,NA,,NA,10,TRUE,1,FALSE,NA,32,11,0,0,p,m,150,0,0,100,10,10,1.1173128526977774,English,NA,NA,1,NA,NA,0,NA,NA,1,NA,NA,1,NA,NA,1,NA,NA,1,NA,NA
unknown_lab,htlp,1999,male,United Kingdom,United Kingdom,FALSE,NA,,NA,10,TRUE,1,FALSE,NA,32,11,0,0,n,m,150,0,-0,20,40,-40,-5.369507723654657,English,NA,NA,1,NA,NA,0,NA,NA,1,NA,NA,1,NA,NA,1,NA,NA,1,NA,NA
unknown_lab,htlp,1999,male,United Kingdom,United Kingdom,FALSE,NA,,NA,10,TRUE,1,FALSE,NA,32,11,0,0,0,m,150,1,NA,20,0,-0,0,English,NA,NA,1,NA,NA,0,NA,NA,1,NA,NA,1,NA,NA,1,NA,NA,1,NA,NA
unknown_lab,htlp,1999,male,United Kingdom,United Kingdom,FALSE,NA,,NA,10,TRUE,1,FALSE,NA,32,12,5,0.5676685773402819,p,h,155,1,0.16666666666666666,120,30,30,3.1564128700055254,English,NA,NA,1,NA,NA,0,NA,NA,1,NA,NA,1,NA,NA,1,NA,NA,1,NA,NA
unknown_lab,htlp,1999,male,United Kingdom,United Kingdom,FALSE,NA,,NA,10,TRUE,1,FALSE,NA,32,10,-5,-0.5869152057713568,p,l,145,0,-0.25,60,20,20,2.16686694770185,English,NA,NA,1,NA,NA,0,NA,NA,1,NA,NA,1,NA,NA,1,NA,NA,1,NA,NA
unknown_lab,htlp,1999,male,United Kingdom,United Kingdom,FALSE,NA,,NA,10,TRUE,1,FALSE,NA,32,11,0,0,n,m,150,0,-0,80,20,-20,-2.477410529609116,English,NA,NA,1,NA,NA,0,NA,NA,1,NA,NA,1,NA,NA,1,NA,NA,1,NA,NA
unknown_lab,htlp,1999,male,United Kingdom,United Kingdom,FALSE,NA,,NA,10,TRUE,1,FALSE,NA,32,11,0,0,p,m,150,0,0,140,20,20,2.16686694770185,English,NA,NA,1,NA,NA,0,NA,NA,1,NA,NA,1,NA,NA,1,NA,NA,1,NA,NA
unknown_lab,htlp,1999,male,United Kingdom,United Kingdom,FALSE,NA,,NA,10,TRUE,1,FALSE,NA,32,11,0,0,p,m,150,0,0,40,10,10,1.1173128526977774,English,NA,NA,1,NA,NA,0,NA,NA,1,NA,NA,1,NA,NA,1,NA,NA,1,NA,NA
unknown_lab,htlp,1999,male,United Kingdom,United Kingdom,FALSE,NA,,NA,10,TRUE,1,FALSE,NA,32,11,0,0,n,m,150,0,-0,100,40,-40,-5.369507723654657,English,NA,NA,1,NA,NA,0,NA,NA,1,NA,NA,1,NA,NA,1,NA,NA,1,NA,NA
unknown_lab,htlp,1999,male,United Kingdom,United Kingdom,FALSE,NA,,NA,10,TRUE,1,FALSE,NA,32,11,0,0,p,m,150,0,0,120,40,40,4.092443014020803,English,NA,NA,1,NA,NA,0,NA,NA,1,NA,NA,1,NA,NA,1,NA,NA,1,NA,NA
unknown_lab,htlp,1999,male,United Kingdom,United Kingdom,FALSE,NA,,NA,10,TRUE,1,FALSE,NA,32,11,0,0,n,m,150,0,-0,140,20,-20,-2.477410529609116,English,NA,NA,1,NA,NA,0,NA,NA,1,NA,NA,1,NA,NA,1,NA,NA,1,NA,NA
unknown_lab,htlp,1999,male,United Kingdom,United Kingdom,FALSE,NA,,NA,10,TRUE,1,FALSE,NA,32,11,0,0,n,m,150,0,-0,100,10,-10,-1.1944280826109728,English,NA,NA,1,NA,NA,0,NA,NA,1,NA,NA,1,NA,NA,1,NA,NA,1,NA,NA
unknown_lab,htlp,1999,male,United Kingdom,United Kingdom,FALSE,NA,,NA,10,TRUE,1,FALSE,NA,32,11,0,0,n,m,150,0,-0,120,20,-20,-2.477410529609116,English,NA,NA,1,NA,NA,0,NA,NA,1,NA,NA,1,NA,NA,1,NA,NA,1,NA,NA
unknown_lab,htlp,1999,male,United Kingdom,United Kingdom,FALSE,NA,,NA,10,TRUE,1,FALSE,NA,32,11,0,0,p,m,150,0,0,120,20,20,2.16686694770185,English,NA,NA,1,NA,NA,0,NA,NA,1,NA,NA,1,NA,NA,1,NA,NA,1,NA,NA
unknown_lab,htlp,1999,male,United Kingdom,United Kingdom,FALSE,NA,,NA,10,TRUE,1,FALSE,NA,32,12,5,0.5676685773402819,p,h,155,1,0.125,40,40,40,4.092443014020803,English,NA,NA,1,NA,NA,0,NA,NA,1,NA,NA,1,NA,NA,1,NA,NA,1,NA,NA
unknown_lab,htlp,1999,male,United Kingdom,United Kingdom,FALSE,NA,,NA,10,TRUE,1,FALSE,NA,32,11,0,0,p,m,150,0,0,60,10,10,1.1173128526977774,English,NA,NA,1,NA,NA,0,NA,NA,1,NA,NA,1,NA,NA,1,NA,NA,1,NA,NA
unknown_lab,htlp,1999,male,United Kingdom,United Kingdom,FALSE,NA,,NA,10,TRUE,1,FALSE,NA,32,10,-5,-0.5869152057713568,0,l,145,0,NA,140,0,-0,0,English,NA,NA,1,NA,NA,0,NA,NA,1,NA,NA,1,NA,NA,1,NA,NA,1,NA,NA
unknown_lab,htlp,1999,male,United Kingdom,United Kingdom,FALSE,NA,,NA,10,TRUE,1,FALSE,NA,32,11,0,0,p,m,150,0,0,80,40,40,4.092443014020803,English,NA,NA,1,NA,NA,0,NA,NA,1,NA,NA,1,NA,NA,1,NA,NA,1,NA,NA
unknown_lab,htlp,1999,male,United Kingdom,United Kingdom,FALSE,NA,,NA,10,TRUE,1,FALSE,NA,32,11,0,0,p,m,150,0,0,80,20,20,2.16686694770185,English,NA,NA,1,NA,NA,0,NA,NA,1,NA,NA,1,NA,NA,1,NA,NA,1,NA,NA
unknown_lab,htlp,1999,male,United Kingdom,United Kingdom,FALSE,NA,,NA,10,TRUE,1,FALSE,NA,32,12,5,0.5676685773402819,p,h,155,1,0.25,40,20,20,2.16686694770185,English,NA,NA,1,NA,NA,0,NA,NA,1,NA,NA,1,NA,NA,1,NA,NA,1,NA,NA
unknown_lab,htlp,1999,male,United Kingdom,United Kingdom,FALSE,NA,,NA,10,TRUE,1,FALSE,NA,32,12,5,0.5676685773402819,0,h,155,0,NA,100,0,-0,0,English,NA,NA,1,NA,NA,0,NA,NA,1,NA,NA,1,NA,NA,1,NA,NA,1,NA,NA
unknown_lab,htlp,1999,male,United Kingdom,United Kingdom,FALSE,NA,,NA,10,TRUE,1,FALSE,NA,32,12,5,0.5676685773402819,n,h,155,0,-0.16666666666666666,40,30,-30,-3.8631371386483475,English,NA,NA,1,NA,NA,0,NA,NA,1,NA,NA,1,NA,NA,1,NA,NA,1,NA,NA
unknown_lab,htlp,1999,male,United Kingdom,United Kingdom,FALSE,NA,,NA,10,TRUE,1,FALSE,NA,32,12,5,0.5676685773402819,n,h,155,0,-0.5,80,10,-10,-1.1944280826109728,English,NA,NA,1,NA,NA,0,NA,NA,1,NA,NA,1,NA,NA,1,NA,NA,1,NA,NA
unknown_lab,htlp,1999,male,United Kingdom,United Kingdom,FALSE,NA,,NA,10,TRUE,1,FALSE,NA,32,12,5,0.5676685773402819,n,h,155,0,-0.16666666666666666,120,30,-30,-3.8631371386483475,English,NA,NA,1,NA,NA,0,NA,NA,1,NA,NA,1,NA,NA,1,NA,NA,1,NA,NA
unknown_lab,htlp,1999,male,United Kingdom,United Kingdom,FALSE,NA,,NA,10,TRUE,1,FALSE,NA,32,12,5,0.5676685773402819,n,h,155,0,-0.25,20,20,-20,-2.477410529609116,English,NA,NA,1,NA,NA,0,NA,NA,1,NA,NA,1,NA,NA,1,NA,NA,1,NA,NA
unknown_lab,htlp,1999,male,United Kingdom,United Kingdom,FALSE,NA,,NA,10,TRUE,1,FALSE,NA,32,14,15,1.6500422849992202,p,h,165,1,0.5,80,30,30,3.1564128700055254,English,NA,NA,1,NA,NA,0,NA,NA,1,NA,NA,1,NA,NA,1,NA,NA,1,NA,NA
unknown_lab,htlp,1999,male,United Kingdom,United Kingdom,FALSE,NA,,NA,10,TRUE,1,FALSE,NA,32,12,5,0.5676685773402819,p,h,155,1,0.16666666666666666,20,30,30,3.1564128700055254,English,NA,NA,1,NA,NA,0,NA,NA,1,NA,NA,1,NA,NA,1,NA,NA,1,NA,NA
unknown_lab,htlp,1999,male,United Kingdom,United Kingdom,FALSE,NA,,NA,10,TRUE,1,FALSE,NA,32,12,5,0.5676685773402819,p,h,155,1,0.125,100,40,40,4.092443014020803,English,NA,NA,1,NA,NA,0,NA,NA,1,NA,NA,1,NA,NA,1,NA,NA,1,NA,NA
unknown_lab,htlp,1999,male,United Kingdom,United Kingdom,FALSE,NA,,NA,10,TRUE,1,FALSE,NA,32,13,10,1.1173128526977774,p,h,160,1,0.3333333333333333,60,30,30,3.1564128700055254,English,NA,NA,1,NA,NA,0,NA,NA,1,NA,NA,1,NA,NA,1,NA,NA,1,NA,NA
unknown_lab,htlp,1999,male,United Kingdom,United Kingdom,FALSE,NA,,NA,10,TRUE,1,FALSE,NA,32,13,10,1.1173128526977774,n,h,160,0,-0.3333333333333333,140,30,-30,-3.8631371386483475,English,NA,NA,1,NA,NA,0,NA,NA,1,NA,NA,1,NA,NA,1,NA,NA,1,NA,NA
unknown_lab,htlp,1999,male,United Kingdom,United Kingdom,FALSE,NA,,NA,10,TRUE,1,FALSE,NA,32,12,5,0.5676685773402819,n,h,155,0,-0.25,60,20,-20,-2.477410529609116,English,NA,NA,1,NA,NA,0,NA,NA,1,NA,NA,1,NA,NA,1,NA,NA,1,NA,NA
unknown_lab,htlp,1999,male,United Kingdom,United Kingdom,FALSE,NA,,NA,10,TRUE,1,FALSE,NA,32,12,5,0.5676685773402819,n,h,155,0,-0.16666666666666666,100,30,-30,-3.8631371386483475,English,NA,NA,1,NA,NA,0,NA,NA,1,NA,NA,1,NA,NA,1,NA,NA,1,NA,NA
unknown_lab,htlp,1999,male,United Kingdom,United Kingdom,FALSE,NA,,NA,10,TRUE,1,FALSE,NA,32,12,5,0.5676685773402819,p,h,155,1,0.5,80,10,10,1.1173128526977774,English,NA,NA,1,NA,NA,0,NA,NA,1,NA,NA,1,NA,NA,1,NA,NA,1,NA,NA
unknown_lab,htlp,1999,male,United Kingdom,United Kingdom,FALSE,NA,,NA,10,TRUE,1,FALSE,NA,32,12,5,0.5676685773402819,p,h,155,1,0.5,140,10,10,1.1173128526977774,English,NA,NA,1,NA,NA,0,NA,NA,1,NA,NA,1,NA,NA,1,NA,NA,1,NA,NA
unknown_lab,htlp,1999,male,United Kingdom,United Kingdom,FALSE,NA,,NA,10,TRUE,1,FALSE,NA,32,12,5,0.5676685773402819,p,h,155,1,0.16666666666666666,100,30,30,3.1564128700055254,English,NA,NA,1,NA,NA,0,NA,NA,1,NA,NA,1,NA,NA,1,NA,NA,1,NA,NA
unknown_lab,htlp,1999,male,United Kingdom,United Kingdom,FALSE,NA,,NA,10,TRUE,1,FALSE,NA,32,11,0,0,n,m,150,0,-0,60,10,-10,-1.1944280826109728,English,NA,NA,1,NA,NA,0,NA,NA,1,NA,NA,1,NA,NA,1,NA,NA,1,NA,NA
unknown_lab,htlp,1999,male,United Kingdom,United Kingdom,FALSE,NA,,NA,10,TRUE,1,FALSE,NA,32,11,0,0,0,m,150,1,NA,40,0,-0,0,English,NA,NA,1,NA,NA,0,NA,NA,1,NA,NA,1,NA,NA,1,NA,NA,1,NA,NA
unknown_lab,htlp,1999,male,United Kingdom,United Kingdom,FALSE,NA,,NA,10,TRUE,1,FALSE,NA,32,11,0,0,n,m,150,0,-0,60,30,-30,-3.8631371386483475,English,NA,NA,1,NA,NA,0,NA,NA,1,NA,NA,1,NA,NA,1,NA,NA,1,NA,NA
unknown_lab,htlp,1999,male,United Kingdom,United Kingdom,FALSE,NA,,NA,10,TRUE,1,FALSE,NA,32,11,0,0,n,m,150,0,-0,20,30,-30,-3.8631371386483475,English,NA,NA,1,NA,NA,0,NA,NA,1,NA,NA,1,NA,NA,1,NA,NA,1,NA,NA
unknown_lab,htlp,1999,male,United Kingdom,United Kingdom,FALSE,NA,,NA,10,TRUE,1,FALSE,NA,32,11,0,0,p,m,150,0,0,60,40,40,4.092443014020803,English,NA,NA,1,NA,NA,0,NA,NA,1,NA,NA,1,NA,NA,1,NA,NA,1,NA,NA
unknown_lab,htlp,1999,male,United Kingdom,United Kingdom,FALSE,NA,,NA,10,TRUE,1,FALSE,NA,32,11,0,0,n,m,150,0,-0,20,10,-10,-1.1944280826109728,English,NA,NA,1,NA,NA,0,NA,NA,1,NA,NA,1,NA,NA,1,NA,NA,1,NA,NA
unknown_lab,htlp,1999,male,United Kingdom,United Kingdom,FALSE,NA,,NA,10,TRUE,1,FALSE,NA,32,10,-5,-0.5869152057713568,n,l,145,1,0.5,140,10,-10,-1.1944280826109728,English,NA,NA,1,NA,NA,0,NA,NA,1,NA,NA,1,NA,NA,1,NA,NA,1,NA,NA
unknown_lab,htlp,1999,male,United Kingdom,United Kingdom,FALSE,NA,,NA,10,TRUE,1,FALSE,NA,32,10,-5,-0.5869152057713568,p,l,145,0,-0.16666666666666666,40,30,30,3.1564128700055254,English,NA,NA,1,NA,NA,0,NA,NA,1,NA,NA,1,NA,NA,1,NA,NA,1,NA,NA
unknown_lab,htlp,1999,male,United Kingdom,United Kingdom,FALSE,NA,,NA,10,TRUE,1,FALSE,NA,32,12,5,0.5676685773402819,n,h,155,0,-0.125,80,40,-40,-5.369507723654657,English,NA,NA,1,NA,NA,0,NA,NA,1,NA,NA,1,NA,NA,1,NA,NA,1,NA,NA
unknown_lab,htlp,1999,male,United Kingdom,United Kingdom,FALSE,NA,,NA,10,TRUE,1,FALSE,NA,32,10,-5,-0.5869152057713568,0,l,145,0,NA,80,0,-0,0,English,NA,NA,1,NA,NA,0,NA,NA,1,NA,NA,1,NA,NA,1,NA,NA,1,NA,NA
unknown_lab,htlp,1999,male,United Kingdom,United Kingdom,FALSE,NA,,NA,10,TRUE,1,FALSE,NA,32,11,0,0,p,m,150,0,0,20,40,40,4.092443014020803,English,NA,NA,1,NA,NA,0,NA,NA,1,NA,NA,1,NA,NA,1,NA,NA,1,NA,NA
unknown_lab,htlp,1999,male,United Kingdom,United Kingdom,FALSE,NA,,NA,10,TRUE,1,FALSE,NA,32,11,0,0,p,m,150,0,0,100,20,20,2.16686694770185,English,NA,NA,1,NA,NA,0,NA,NA,1,NA,NA,1,NA,NA,1,NA,NA,1,NA,NA
unknown_lab,htlp,1999,male,United Kingdom,United Kingdom,FALSE,NA,,NA,10,TRUE,1,FALSE,NA,32,11,0,0,0,m,150,1,NA,80,0,-0,0,English,NA,NA,1,NA,NA,0,NA,NA,1,NA,NA,1,NA,NA,1,NA,NA,1,NA,NA
unknown_lab,htlp,1999,male,United Kingdom,United Kingdom,FALSE,NA,,NA,10,TRUE,1,FALSE,NA,32,12,5,0.5676685773402819,p,h,155,1,0.125,140,40,40,4.092443014020803,English,NA,NA,1,NA,NA,0,NA,NA,1,NA,NA,1,NA,NA,1,NA,NA,1,NA,NA
unknown_lab,htlp,1999,male,United Kingdom,United Kingdom,FALSE,NA,,NA,10,TRUE,1,FALSE,NA,32,12,5,0.5676685773402819,0,h,155,0,NA,120,0,-0,0,English,NA,NA,1,NA,NA,0,NA,NA,1,NA,NA,1,NA,NA,1,NA,NA,1,NA,NA
unknown_lab,htlp,1999,male,United Kingdom,United Kingdom,FALSE,NA,,NA,10,TRUE,1,FALSE,NA,32,12,5,0.5676685773402819,n,h,155,0,-0.125,120,40,-40,-5.369507723654657,English,NA,NA,1,NA,NA,0,NA,NA,1,NA,NA,1,NA,NA,1,NA,NA,1,NA,NA
unknown_lab,htlp,1999,male,United Kingdom,United Kingdom,FALSE,NA,,NA,10,TRUE,1,FALSE,NA,32,10,-5,-0.5869152057713568,n,l,145,1,0.5,40,10,-10,-1.1944280826109728,English,NA,NA,1,NA,NA,0,NA,NA,1,NA,NA,1,NA,NA,1,NA,NA,1,NA,NA
unknown_lab,htlp,1999,male,United Kingdom,United Kingdom,FALSE,NA,,NA,10,TRUE,1,FALSE,NA,32,11,0,0,n,m,150,0,-0,100,20,-20,-2.477410529609116,English,NA,NA,1,NA,NA,0,NA,NA,1,NA,NA,1,NA,NA,1,NA,NA,1,NA,NA
unknown_lab,htlp,1999,male,United Kingdom,United Kingdom,FALSE,NA,,NA,10,TRUE,1,FALSE,NA,32,12,5,0.5676685773402819,p,h,155,1,0.25,20,20,20,2.16686694770185,English,NA,NA,1,NA,NA,0,NA,NA,1,NA,NA,1,NA,NA,1,NA,NA,1,NA,NA
unknown_lab,htlp,1999,male,United Kingdom,United Kingdom,FALSE,NA,,NA,10,TRUE,1,FALSE,NA,32,12,5,0.5676685773402819,n,h,155,0,-0.125,40,40,-40,-5.369507723654657,English,NA,NA,1,NA,NA,0,NA,NA,1,NA,NA,1,NA,NA,1,NA,NA,1,NA,NA
unknown_lab,jut7,1992,male,United Kingdom,USA,FALSE,NA,,NA,0,FALSE,NA,FALSE,NA,37,13,10,1.1173128526977774,p,h,160,1,0.25,120,40,40,4.092443014020803,English,NA,NA,1,NA,NA,0,NA,NA,1,NA,NA,1,NA,NA,1,NA,NA,1,NA,NA
unknown_lab,jut7,1992,male,United Kingdom,USA,FALSE,NA,,NA,0,FALSE,NA,FALSE,NA,37,11,0,0,p,m,150,0,0,80,30,30,3.1564128700055254,English,NA,NA,1,NA,NA,0,NA,NA,1,NA,NA,1,NA,NA,1,NA,NA,1,NA,NA
unknown_lab,jut7,1992,male,United Kingdom,USA,FALSE,NA,,NA,0,FALSE,NA,FALSE,NA,37,10,-5,-0.5869152057713568,n,l,145,1,0.25,80,20,-20,-2.477410529609116,English,NA,NA,1,NA,NA,0,NA,NA,1,NA,NA,1,NA,NA,1,NA,NA,1,NA,NA
unknown_lab,jut7,1992,male,United Kingdom,USA,FALSE,NA,,NA,0,FALSE,NA,FALSE,NA,37,12,5,0.5676685773402819,p,h,155,1,0.125,40,40,40,4.092443014020803,English,NA,NA,1,NA,NA,0,NA,NA,1,NA,NA,1,NA,NA,1,NA,NA,1,NA,NA
unknown_lab,jut7,1992,male,United Kingdom,USA,FALSE,NA,,NA,0,FALSE,NA,FALSE,NA,37,11,0,0,n,m,150,0,-0,80,10,-10,-1.1944280826109728,English,NA,NA,1,NA,NA,0,NA,NA,1,NA,NA,1,NA,NA,1,NA,NA,1,NA,NA
unknown_lab,jut7,1992,male,United Kingdom,USA,FALSE,NA,,NA,0,FALSE,NA,FALSE,NA,37,10,-5,-0.5869152057713568,n,l,145,1,0.125,100,40,-40,-5.369507723654657,English,NA,NA,1,NA,NA,0,NA,NA,1,NA,NA,1,NA,NA,1,NA,NA,1,NA,NA
unknown_lab,jut7,1992,male,United Kingdom,USA,FALSE,NA,,NA,0,FALSE,NA,FALSE,NA,37,12,5,0.5676685773402819,n,h,155,0,-0.16666666666666666,140,30,-30,-3.8631371386483475,English,NA,NA,1,NA,NA,0,NA,NA,1,NA,NA,1,NA,NA,1,NA,NA,1,NA,NA
unknown_lab,jut7,1992,male,United Kingdom,USA,FALSE,NA,,NA,0,FALSE,NA,FALSE,NA,37,12,5,0.5676685773402819,p,h,155,1,0.5,80,10,10,1.1173128526977774,English,NA,NA,1,NA,NA,0,NA,NA,1,NA,NA,1,NA,NA,1,NA,NA,1,NA,NA
unknown_lab,jut7,1992,male,United Kingdom,USA,FALSE,NA,,NA,0,FALSE,NA,FALSE,NA,37,12,5,0.5676685773402819,p,h,155,1,0.25,60,20,20,2.16686694770185,English,NA,NA,1,NA,NA,0,NA,NA,1,NA,NA,1,NA,NA,1,NA,NA,1,NA,NA
unknown_lab,jut7,1992,male,United Kingdom,USA,FALSE,NA,,NA,0,FALSE,NA,FALSE,NA,37,12,5,0.5676685773402819,n,h,155,0,-0.5,40,10,-10,-1.1944280826109728,English,NA,NA,1,NA,NA,0,NA,NA,1,NA,NA,1,NA,NA,1,NA,NA,1,NA,NA
unknown_lab,jut7,1992,male,United Kingdom,USA,FALSE,NA,,NA,0,FALSE,NA,FALSE,NA,37,10,-5,-0.5869152057713568,n,l,145,1,0.125,60,40,-40,-5.369507723654657,English,NA,NA,1,NA,NA,0,NA,NA,1,NA,NA,1,NA,NA,1,NA,NA,1,NA,NA
unknown_lab,jut7,1992,male,United Kingdom,USA,FALSE,NA,,NA,0,FALSE,NA,FALSE,NA,37,9,-10,-1.1944280826109728,n,l,140,1,0.25,40,40,-40,-5.369507723654657,English,NA,NA,1,NA,NA,0,NA,NA,1,NA,NA,1,NA,NA,1,NA,NA,1,NA,NA
unknown_lab,jut7,1992,male,United Kingdom,USA,FALSE,NA,,NA,0,FALSE,NA,FALSE,NA,37,11,0,0,p,m,150,0,0,100,10,10,1.1173128526977774,English,NA,NA,1,NA,NA,0,NA,NA,1,NA,NA,1,NA,NA,1,NA,NA,1,NA,NA
unknown_lab,jut7,1992,male,United Kingdom,USA,FALSE,NA,,NA,0,FALSE,NA,FALSE,NA,37,12,5,0.5676685773402819,n,h,155,0,-0.125,20,40,-40,-5.369507723654657,English,NA,NA,1,NA,NA,0,NA,NA,1,NA,NA,1,NA,NA,1,NA,NA,1,NA,NA
unknown_lab,jut7,1992,male,United Kingdom,USA,FALSE,NA,,NA,0,FALSE,NA,FALSE,NA,37,11,0,0,p,m,150,0,0,20,40,40,4.092443014020803,English,NA,NA,1,NA,NA,0,NA,NA,1,NA,NA,1,NA,NA,1,NA,NA,1,NA,NA
unknown_lab,jut7,1992,male,United Kingdom,USA,FALSE,NA,,NA,0,FALSE,NA,FALSE,NA,37,11,0,0,0,m,150,1,NA,80,0,-0,0,English,NA,NA,1,NA,NA,0,NA,NA,1,NA,NA,1,NA,NA,1,NA,NA,1,NA,NA
unknown_lab,jut7,1992,male,United Kingdom,USA,FALSE,NA,,NA,0,FALSE,NA,FALSE,NA,37,12,5,0.5676685773402819,n,h,155,0,-0.16666666666666666,100,30,-30,-3.8631371386483475,English,NA,NA,1,NA,NA,0,NA,NA,1,NA,NA,1,NA,NA,1,NA,NA,1,NA,NA
unknown_lab,jut7,1992,male,United Kingdom,USA,FALSE,NA,,NA,0,FALSE,NA,FALSE,NA,37,11,0,0,0,m,150,1,NA,20,0,-0,0,English,NA,NA,1,NA,NA,0,NA,NA,1,NA,NA,1,NA,NA,1,NA,NA,1,NA,NA
unknown_lab,jut7,1992,male,United Kingdom,USA,FALSE,NA,,NA,0,FALSE,NA,FALSE,NA,37,11,0,0,0,m,150,1,NA,40,0,-0,0,English,NA,NA,1,NA,NA,0,NA,NA,1,NA,NA,1,NA,NA,1,NA,NA,1,NA,NA
unknown_lab,jut7,1992,male,United Kingdom,USA,FALSE,NA,,NA,0,FALSE,NA,FALSE,NA,37,12,5,0.5676685773402819,p,h,155,1,0.25,140,20,20,2.16686694770185,English,NA,NA,1,NA,NA,0,NA,NA,1,NA,NA,1,NA,NA,1,NA,NA,1,NA,NA
unknown_lab,jut7,1992,male,United Kingdom,USA,FALSE,NA,,NA,0,FALSE,NA,FALSE,NA,37,12,5,0.5676685773402819,p,h,155,1,0.16666666666666666,40,30,30,3.1564128700055254,English,NA,NA,1,NA,NA,0,NA,NA,1,NA,NA,1,NA,NA,1,NA,NA,1,NA,NA
unknown_lab,jut7,1992,male,United Kingdom,USA,FALSE,NA,,NA,0,FALSE,NA,FALSE,NA,37,12,5,0.5676685773402819,p,h,155,1,0.25,40,20,20,2.16686694770185,English,NA,NA,1,NA,NA,0,NA,NA,1,NA,NA,1,NA,NA,1,NA,NA,1,NA,NA
unknown_lab,jut7,1992,male,United Kingdom,USA,FALSE,NA,,NA,0,FALSE,NA,FALSE,NA,37,11,0,0,0,m,150,1,NA,40,0,-0,0,English,NA,NA,1,NA,NA,0,NA,NA,1,NA,NA,1,NA,NA,1,NA,NA,1,NA,NA
unknown_lab,jut7,1992,male,United Kingdom,USA,FALSE,NA,,NA,0,FALSE,NA,FALSE,NA,37,11,0,0,0,m,150,1,NA,100,0,-0,0,English,NA,NA,1,NA,NA,0,NA,NA,1,NA,NA,1,NA,NA,1,NA,NA,1,NA,NA
unknown_lab,jut7,1992,male,United Kingdom,USA,FALSE,NA,,NA,0,FALSE,NA,FALSE,NA,37,13,10,1.1173128526977774,p,h,160,1,0.25,60,40,40,4.092443014020803,English,NA,NA,1,NA,NA,0,NA,NA,1,NA,NA,1,NA,NA,1,NA,NA,1,NA,NA
unknown_lab,jut7,1992,male,United Kingdom,USA,FALSE,NA,,NA,0,FALSE,NA,FALSE,NA,37,11,0,0,0,m,150,1,NA,120,0,-0,0,English,NA,NA,1,NA,NA,0,NA,NA,1,NA,NA,1,NA,NA,1,NA,NA,1,NA,NA
unknown_lab,jut7,1992,male,United Kingdom,USA,FALSE,NA,,NA,0,FALSE,NA,FALSE,NA,37,11,0,0,p,m,150,0,0,20,10,10,1.1173128526977774,English,NA,NA,1,NA,NA,0,NA,NA,1,NA,NA,1,NA,NA,1,NA,NA,1,NA,NA
unknown_lab,jut7,1992,male,United Kingdom,USA,FALSE,NA,,NA,0,FALSE,NA,FALSE,NA,37,12,5,0.5676685773402819,p,h,155,1,0.25,20,20,20,2.16686694770185,English,NA,NA,1,NA,NA,0,NA,NA,1,NA,NA,1,NA,NA,1,NA,NA,1,NA,NA
unknown_lab,jut7,1992,male,United Kingdom,USA,FALSE,NA,,NA,0,FALSE,NA,FALSE,NA,37,12,5,0.5676685773402819,p,h,155,1,0.5,40,10,10,1.1173128526977774,English,NA,NA,1,NA,NA,0,NA,NA,1,NA,NA,1,NA,NA,1,NA,NA,1,NA,NA
unknown_lab,jut7,1992,male,United Kingdom,USA,FALSE,NA,,NA,0,FALSE,NA,FALSE,NA,37,11,0,0,p,m,150,0,0,140,10,10,1.1173128526977774,English,NA,NA,1,NA,NA,0,NA,NA,1,NA,NA,1,NA,NA,1,NA,NA,1,NA,NA
unknown_lab,jut7,1992,male,United Kingdom,USA,FALSE,NA,,NA,0,FALSE,NA,FALSE,NA,37,11,0,0,n,m,150,0,-0,20,30,-30,-3.8631371386483475,English,NA,NA,1,NA,NA,0,NA,NA,1,NA,NA,1,NA,NA,1,NA,NA,1,NA,NA
unknown_lab,jut7,1992,male,United Kingdom,USA,FALSE,NA,,NA,0,FALSE,NA,FALSE,NA,37,13,10,1.1173128526977774,p,h,160,1,0.3333333333333333,60,30,30,3.1564128700055254,English,NA,NA,1,NA,NA,0,NA,NA,1,NA,NA,1,NA,NA,1,NA,NA,1,NA,NA
unknown_lab,jut7,1992,male,United Kingdom,USA,FALSE,NA,,NA,0,FALSE,NA,FALSE,NA,37,11,0,0,n,m,150,0,-0,40,30,-30,-3.8631371386483475,English,NA,NA,1,NA,NA,0,NA,NA,1,NA,NA,1,NA,NA,1,NA,NA,1,NA,NA
unknown_lab,jut7,1992,male,United Kingdom,USA,FALSE,NA,,NA,0,FALSE,NA,FALSE,NA,37,12,5,0.5676685773402819,p,h,155,1,0.25,80,20,20,2.16686694770185,English,NA,NA,1,NA,NA,0,NA,NA,1,NA,NA,1,NA,NA,1,NA,NA,1,NA,NA
unknown_lab,jut7,1992,male,United Kingdom,USA,FALSE,NA,,NA,0,FALSE,NA,FALSE,NA,37,11,0,0,n,m,150,0,-0,40,20,-20,-2.477410529609116,English,NA,NA,1,NA,NA,0,NA,NA,1,NA,NA,1,NA,NA,1,NA,NA,1,NA,NA
unknown_lab,jut7,1992,male,United Kingdom,USA,FALSE,NA,,NA,0,FALSE,NA,FALSE,NA,37,11,0,0,n,m,150,0,-0,20,20,-20,-2.477410529609116,English,NA,NA,1,NA,NA,0,NA,NA,1,NA,NA,1,NA,NA,1,NA,NA,1,NA,NA
unknown_lab,jut7,1992,male,United Kingdom,USA,FALSE,NA,,NA,0,FALSE,NA,FALSE,NA,37,12,5,0.5676685773402819,p,h,155,1,0.25,100,20,20,2.16686694770185,English,NA,NA,1,NA,NA,0,NA,NA,1,NA,NA,1,NA,NA,1,NA,NA,1,NA,NA
unknown_lab,jut7,1992,male,United Kingdom,USA,FALSE,NA,,NA,0,FALSE,NA,FALSE,NA,37,9,-10,-1.1944280826109728,n,l,140,1,0.5,100,20,-20,-2.477410529609116,English,NA,NA,1,NA,NA,0,NA,NA,1,NA,NA,1,NA,NA,1,NA,NA,1,NA,NA
unknown_lab,jut7,1992,male,United Kingdom,USA,FALSE,NA,,NA,0,FALSE,NA,FALSE,NA,37,12,5,0.5676685773402819,p,h,155,1,0.5,120,10,10,1.1173128526977774,English,NA,NA,1,NA,NA,0,NA,NA,1,NA,NA,1,NA,NA,1,NA,NA,1,NA,NA
unknown_lab,jut7,1992,male,United Kingdom,USA,FALSE,NA,,NA,0,FALSE,NA,FALSE,NA,37,10,-5,-0.5869152057713568,n,l,145,1,0.5,140,10,-10,-1.1944280826109728,English,NA,NA,1,NA,NA,0,NA,NA,1,NA,NA,1,NA,NA,1,NA,NA,1,NA,NA
unknown_lab,jut7,1992,male,United Kingdom,USA,FALSE,NA,,NA,0,FALSE,NA,FALSE,NA,37,10,-5,-0.5869152057713568,n,l,145,1,0.16666666666666666,120,30,-30,-3.8631371386483475,English,NA,NA,1,NA,NA,0,NA,NA,1,NA,NA,1,NA,NA,1,NA,NA,1,NA,NA
unknown_lab,jut7,1992,male,United Kingdom,USA,FALSE,NA,,NA,0,FALSE,NA,FALSE,NA,37,12,5,0.5676685773402819,p,h,155,1,0.25,120,20,20,2.16686694770185,English,NA,NA,1,NA,NA,0,NA,NA,1,NA,NA,1,NA,NA,1,NA,NA,1,NA,NA
unknown_lab,jut7,1992,male,United Kingdom,USA,FALSE,NA,,NA,0,FALSE,NA,FALSE,NA,37,11,0,0,p,m,150,0,0,20,30,30,3.1564128700055254,English,NA,NA,1,NA,NA,0,NA,NA,1,NA,NA,1,NA,NA,1,NA,NA,1,NA,NA
unknown_lab,jut7,1992,male,United Kingdom,USA,FALSE,NA,,NA,0,FALSE,NA,FALSE,NA,37,12,5,0.5676685773402819,n,h,155,0,-0.16666666666666666,80,30,-30,-3.8631371386483475,English,NA,NA,1,NA,NA,0,NA,NA,1,NA,NA,1,NA,NA,1,NA,NA,1,NA,NA
unknown_lab,jut7,1992,male,United Kingdom,USA,FALSE,NA,,NA,0,FALSE,NA,FALSE,NA,37,11,0,0,n,m,150,0,-0,120,10,-10,-1.1944280826109728,English,NA,NA,1,NA,NA,0,NA,NA,1,NA,NA,1,NA,NA,1,NA,NA,1,NA,NA
unknown_lab,jut7,1992,male,United Kingdom,USA,FALSE,NA,,NA,0,FALSE,NA,FALSE,NA,37,13,10,1.1173128526977774,n,h,160,0,-0.25,140,40,-40,-5.369507723654657,English,NA,NA,1,NA,NA,0,NA,NA,1,NA,NA,1,NA,NA,1,NA,NA,1,NA,NA
unknown_lab,jut7,1992,male,United Kingdom,USA,FALSE,NA,,NA,0,FALSE,NA,FALSE,NA,37,12,5,0.5676685773402819,n,h,155,0,-0.25,140,20,-20,-2.477410529609116,English,NA,NA,1,NA,NA,0,NA,NA,1,NA,NA,1,NA,NA,1,NA,NA,1,NA,NA
unknown_lab,jut7,1992,male,United Kingdom,USA,FALSE,NA,,NA,0,FALSE,NA,FALSE,NA,37,11,0,0,n,m,150,0,-0,100,10,-10,-1.1944280826109728,English,NA,NA,1,NA,NA,0,NA,NA,1,NA,NA,1,NA,NA,1,NA,NA,1,NA,NA
unknown_lab,jut7,1992,male,United Kingdom,USA,FALSE,NA,,NA,0,FALSE,NA,FALSE,NA,37,14,15,1.6500422849992202,p,h,165,1,0.375,100,40,40,4.092443014020803,English,NA,NA,1,NA,NA,0,NA,NA,1,NA,NA,1,NA,NA,1,NA,NA,1,NA,NA
unknown_lab,jut7,1992,male,United Kingdom,USA,FALSE,NA,,NA,0,FALSE,NA,FALSE,NA,37,12,5,0.5676685773402819,p,h,155,1,0.125,140,40,40,4.092443014020803,English,NA,NA,1,NA,NA,0,NA,NA,1,NA,NA,1,NA,NA,1,NA,NA,1,NA,NA
unknown_lab,jut7,1992,male,United Kingdom,USA,FALSE,NA,,NA,0,FALSE,NA,FALSE,NA,37,12,5,0.5676685773402819,n,h,155,0,-0.125,80,40,-40,-5.369507723654657,English,NA,NA,1,NA,NA,0,NA,NA,1,NA,NA,1,NA,NA,1,NA,NA,1,NA,NA
unknown_lab,jut7,1992,male,United Kingdom,USA,FALSE,NA,,NA,0,FALSE,NA,FALSE,NA,37,11,0,0,n,m,150,0,-0,60,10,-10,-1.1944280826109728,English,NA,NA,1,NA,NA,0,NA,NA,1,NA,NA,1,NA,NA,1,NA,NA,1,NA,NA
unknown_lab,jut7,1992,male,United Kingdom,USA,FALSE,NA,,NA,0,FALSE,NA,FALSE,NA,37,10,-5,-0.5869152057713568,n,l,145,1,0.125,120,40,-40,-5.369507723654657,English,NA,NA,1,NA,NA,0,NA,NA,1,NA,NA,1,NA,NA,1,NA,NA,1,NA,NA
unknown_lab,jut7,1992,male,United Kingdom,USA,FALSE,NA,,NA,0,FALSE,NA,FALSE,NA,37,11,0,0,n,m,150,0,-0,20,10,-10,-1.1944280826109728,English,NA,NA,1,NA,NA,0,NA,NA,1,NA,NA,1,NA,NA,1,NA,NA,1,NA,NA
unknown_lab,jut7,1992,male,United Kingdom,USA,FALSE,NA,,NA,0,FALSE,NA,FALSE,NA,37,12,5,0.5676685773402819,p,h,155,1,0.125,80,40,40,4.092443014020803,English,NA,NA,1,NA,NA,0,NA,NA,1,NA,NA,1,NA,NA,1,NA,NA,1,NA,NA
unknown_lab,jut7,1992,male,United Kingdom,USA,FALSE,NA,,NA,0,FALSE,NA,FALSE,NA,37,10,-5,-0.5869152057713568,n,l,145,1,0.125,80,40,-40,-5.369507723654657,English,NA,NA,1,NA,NA,0,NA,NA,1,NA,NA,1,NA,NA,1,NA,NA,1,NA,NA
unknown_lab,jut7,1992,male,United Kingdom,USA,FALSE,NA,,NA,0,FALSE,NA,FALSE,NA,37,11,0,0,0,m,150,1,NA,120,0,-0,0,English,NA,NA,1,NA,NA,0,NA,NA,1,NA,NA,1,NA,NA,1,NA,NA,1,NA,NA
unknown_lab,jut7,1992,male,United Kingdom,USA,FALSE,NA,,NA,0,FALSE,NA,FALSE,NA,37,11,0,0,n,m,150,0,-0,140,20,-20,-2.477410529609116,English,NA,NA,1,NA,NA,0,NA,NA,1,NA,NA,1,NA,NA,1,NA,NA,1,NA,NA
unknown_lab,jut7,1992,male,United Kingdom,USA,FALSE,NA,,NA,0,FALSE,NA,FALSE,NA,37,11,0,0,p,m,150,0,0,60,10,10,1.1173128526977774,English,NA,NA,1,NA,NA,0,NA,NA,1,NA,NA,1,NA,NA,1,NA,NA,1,NA,NA
unknown_lab,jut7,1992,male,United Kingdom,USA,FALSE,NA,,NA,0,FALSE,NA,FALSE,NA,37,12,5,0.5676685773402819,p,h,155,1,0.25,140,20,20,2.16686694770185,English,NA,NA,1,NA,NA,0,NA,NA,1,NA,NA,1,NA,NA,1,NA,NA,1,NA,NA
unknown_lab,jut7,1992,male,United Kingdom,USA,FALSE,NA,,NA,0,FALSE,NA,FALSE,NA,37,10,-5,-0.5869152057713568,n,l,145,1,0.16666666666666666,100,30,-30,-3.8631371386483475,English,NA,NA,1,NA,NA,0,NA,NA,1,NA,NA,1,NA,NA,1,NA,NA,1,NA,NA
unknown_lab,jut7,1992,male,United Kingdom,USA,FALSE,NA,,NA,0,FALSE,NA,FALSE,NA,37,11,0,0,p,m,150,0,0,100,10,10,1.1173128526977774,English,NA,NA,1,NA,NA,0,NA,NA,1,NA,NA,1,NA,NA,1,NA,NA,1,NA,NA
unknown_lab,jut7,1992,male,United Kingdom,USA,FALSE,NA,,NA,0,FALSE,NA,FALSE,NA,37,10,-5,-0.5869152057713568,n,l,145,1,0.16666666666666666,40,30,-30,-3.8631371386483475,English,NA,NA,1,NA,NA,0,NA,NA,1,NA,NA,1,NA,NA,1,NA,NA,1,NA,NA
unknown_lab,jut7,1992,male,United Kingdom,USA,FALSE,NA,,NA,0,FALSE,NA,FALSE,NA,37,12,5,0.5676685773402819,p,h,155,1,0.25,120,20,20,2.16686694770185,English,NA,NA,1,NA,NA,0,NA,NA,1,NA,NA,1,NA,NA,1,NA,NA,1,NA,NA
unknown_lab,jut7,1992,male,United Kingdom,USA,FALSE,NA,,NA,0,FALSE,NA,FALSE,NA,37,11,0,0,0,m,150,1,NA,140,0,-0,0,English,NA,NA,1,NA,NA,0,NA,NA,1,NA,NA,1,NA,NA,1,NA,NA,1,NA,NA
unknown_lab,jut7,1992,male,United Kingdom,USA,FALSE,NA,,NA,0,FALSE,NA,FALSE,NA,37,11,0,0,p,m,150,0,0,140,40,40,4.092443014020803,English,NA,NA,1,NA,NA,0,NA,NA,1,NA,NA,1,NA,NA,1,NA,NA,1,NA,NA
unknown_lab,jut7,1992,male,United Kingdom,USA,FALSE,NA,,NA,0,FALSE,NA,FALSE,NA,37,10,-5,-0.5869152057713568,n,l,145,1,0.25,100,20,-20,-2.477410529609116,English,NA,NA,1,NA,NA,0,NA,NA,1,NA,NA,1,NA,NA,1,NA,NA,1,NA,NA
unknown_lab,jut7,1992,male,United Kingdom,USA,FALSE,NA,,NA,0,FALSE,NA,FALSE,NA,37,11,0,0,n,m,150,0,-0,80,10,-10,-1.1944280826109728,English,NA,NA,1,NA,NA,0,NA,NA,1,NA,NA,1,NA,NA,1,NA,NA,1,NA,NA
unknown_lab,jut7,1992,male,United Kingdom,USA,FALSE,NA,,NA,0,FALSE,NA,FALSE,NA,37,11,0,0,p,m,150,0,0,40,40,40,4.092443014020803,English,NA,NA,1,NA,NA,0,NA,NA,1,NA,NA,1,NA,NA,1,NA,NA,1,NA,NA
unknown_lab,jut7,1992,male,United Kingdom,USA,FALSE,NA,,NA,0,FALSE,NA,FALSE,NA,37,11,0,0,n,m,150,0,-0,20,20,-20,-2.477410529609116,English,NA,NA,1,NA,NA,0,NA,NA,1,NA,NA,1,NA,NA,1,NA,NA,1,NA,NA
unknown_lab,jut7,1992,male,United Kingdom,USA,FALSE,NA,,NA,0,FALSE,NA,FALSE,NA,37,11,0,0,p,m,150,0,0,40,10,10,1.1173128526977774,English,NA,NA,1,NA,NA,0,NA,NA,1,NA,NA,1,NA,NA,1,NA,NA,1,NA,NA
unknown_lab,jut7,1992,male,United Kingdom,USA,FALSE,NA,,NA,0,FALSE,NA,FALSE,NA,37,11,0,0,p,m,150,0,0,140,10,10,1.1173128526977774,English,NA,NA,1,NA,NA,0,NA,NA,1,NA,NA,1,NA,NA,1,NA,NA,1,NA,NA
unknown_lab,jut7,1992,male,United Kingdom,USA,FALSE,NA,,NA,0,FALSE,NA,FALSE,NA,37,13,10,1.1173128526977774,p,h,160,1,0.25,80,40,40,4.092443014020803,English,NA,NA,1,NA,NA,0,NA,NA,1,NA,NA,1,NA,NA,1,NA,NA,1,NA,NA
unknown_lab,jut7,1992,male,United Kingdom,USA,FALSE,NA,,NA,0,FALSE,NA,FALSE,NA,37,11,0,0,p,m,150,0,0,80,10,10,1.1173128526977774,English,NA,NA,1,NA,NA,0,NA,NA,1,NA,NA,1,NA,NA,1,NA,NA,1,NA,NA
unknown_lab,jut7,1992,male,United Kingdom,USA,FALSE,NA,,NA,0,FALSE,NA,FALSE,NA,37,11,0,0,p,m,150,0,0,100,30,30,3.1564128700055254,English,NA,NA,1,NA,NA,0,NA,NA,1,NA,NA,1,NA,NA,1,NA,NA,1,NA,NA
unknown_lab,jut7,1992,male,United Kingdom,USA,FALSE,NA,,NA,0,FALSE,NA,FALSE,NA,37,11,0,0,n,m,150,0,-0,40,10,-10,-1.1944280826109728,English,NA,NA,1,NA,NA,0,NA,NA,1,NA,NA,1,NA,NA,1,NA,NA,1,NA,NA
unknown_lab,jut7,1992,male,United Kingdom,USA,FALSE,NA,,NA,0,FALSE,NA,FALSE,NA,37,11,0,0,n,m,150,0,-0,140,10,-10,-1.1944280826109728,English,NA,NA,1,NA,NA,0,NA,NA,1,NA,NA,1,NA,NA,1,NA,NA,1,NA,NA
unknown_lab,jut7,1992,male,United Kingdom,USA,FALSE,NA,,NA,0,FALSE,NA,FALSE,NA,37,11,0,0,p,m,150,0,0,20,30,30,3.1564128700055254,English,NA,NA,1,NA,NA,0,NA,NA,1,NA,NA,1,NA,NA,1,NA,NA,1,NA,NA
unknown_lab,jut7,1992,male,United Kingdom,USA,FALSE,NA,,NA,0,FALSE,NA,FALSE,NA,37,11,0,0,p,m,150,0,0,20,40,40,4.092443014020803,English,NA,NA,1,NA,NA,0,NA,NA,1,NA,NA,1,NA,NA,1,NA,NA,1,NA,NA
unknown_lab,jut7,1992,male,United Kingdom,USA,FALSE,NA,,NA,0,FALSE,NA,FALSE,NA,37,12,5,0.5676685773402819,n,h,155,0,-0.25,120,20,-20,-2.477410529609116,English,NA,NA,1,NA,NA,0,NA,NA,1,NA,NA,1,NA,NA,1,NA,NA,1,NA,NA
unknown_lab,jut7,1992,male,United Kingdom,USA,FALSE,NA,,NA,0,FALSE,NA,FALSE,NA,37,10,-5,-0.5869152057713568,n,l,145,1,0.25,40,20,-20,-2.477410529609116,English,NA,NA,1,NA,NA,0,NA,NA,1,NA,NA,1,NA,NA,1,NA,NA,1,NA,NA
unknown_lab,jut7,1992,male,United Kingdom,USA,FALSE,NA,,NA,0,FALSE,NA,FALSE,NA,37,13,10,1.1173128526977774,n,h,160,0,-1,100,10,-10,-1.1944280826109728,English,NA,NA,1,NA,NA,0,NA,NA,1,NA,NA,1,NA,NA,1,NA,NA,1,NA,NA
unknown_lab,jut7,1992,male,United Kingdom,USA,FALSE,NA,,NA,0,FALSE,NA,FALSE,NA,37,11,0,0,p,m,150,0,0,120,30,30,3.1564128700055254,English,NA,NA,1,NA,NA,0,NA,NA,1,NA,NA,1,NA,NA,1,NA,NA,1,NA,NA
unknown_lab,jut7,1992,male,United Kingdom,USA,FALSE,NA,,NA,0,FALSE,NA,FALSE,NA,37,11,0,0,p,m,150,0,0,100,20,20,2.16686694770185,English,NA,NA,1,NA,NA,0,NA,NA,1,NA,NA,1,NA,NA,1,NA,NA,1,NA,NA
unknown_lab,jut7,1992,male,United Kingdom,USA,FALSE,NA,,NA,0,FALSE,NA,FALSE,NA,37,11,0,0,p,m,150,0,0,60,40,40,4.092443014020803,English,NA,NA,1,NA,NA,0,NA,NA,1,NA,NA,1,NA,NA,1,NA,NA,1,NA,NA
unknown_lab,jut7,1992,male,United Kingdom,USA,FALSE,NA,,NA,0,FALSE,NA,FALSE,NA,37,11,0,0,0,m,150,1,NA,20,0,-0,0,English,NA,NA,1,NA,NA,0,NA,NA,1,NA,NA,1,NA,NA,1,NA,NA,1,NA,NA
unknown_lab,jut7,1992,male,United Kingdom,USA,FALSE,NA,,NA,0,FALSE,NA,FALSE,NA,37,12,5,0.5676685773402819,n,h,155,0,-0.25,60,20,-20,-2.477410529609116,English,NA,NA,1,NA,NA,0,NA,NA,1,NA,NA,1,NA,NA,1,NA,NA,1,NA,NA
unknown_lab,jut7,1992,male,United Kingdom,USA,FALSE,NA,,NA,0,FALSE,NA,FALSE,NA,37,11,0,0,p,m,150,0,0,40,20,20,2.16686694770185,English,NA,NA,1,NA,NA,0,NA,NA,1,NA,NA,1,NA,NA,1,NA,NA,1,NA,NA
unknown_lab,jut7,1992,male,United Kingdom,USA,FALSE,NA,,NA,0,FALSE,NA,FALSE,NA,37,12,5,0.5676685773402819,n,h,155,0,-0.16666666666666666,60,30,-30,-3.8631371386483475,English,NA,NA,1,NA,NA,0,NA,NA,1,NA,NA,1,NA,NA,1,NA,NA,1,NA,NA
unknown_lab,jut7,1992,male,United Kingdom,USA,FALSE,NA,,NA,0,FALSE,NA,FALSE,NA,37,10,-5,-0.5869152057713568,n,l,145,1,0.16666666666666666,140,30,-30,-3.8631371386483475,English,NA,NA,1,NA,NA,0,NA,NA,1,NA,NA,1,NA,NA,1,NA,NA,1,NA,NA
unknown_lab,jut7,1992,male,United Kingdom,USA,FALSE,NA,,NA,0,FALSE,NA,FALSE,NA,37,13,10,1.1173128526977774,p,h,160,1,0.3333333333333333,140,30,30,3.1564128700055254,English,NA,NA,1,NA,NA,0,NA,NA,1,NA,NA,1,NA,NA,1,NA,NA,1,NA,NA
unknown_lab,jut7,1992,male,United Kingdom,USA,FALSE,NA,,NA,0,FALSE,NA,FALSE,NA,37,12,5,0.5676685773402819,p,h,155,1,0.25,20,20,20,2.16686694770185,English,NA,NA,1,NA,NA,0,NA,NA,1,NA,NA,1,NA,NA,1,NA,NA,1,NA,NA
unknown_lab,jut7,1992,male,United Kingdom,USA,FALSE,NA,,NA,0,FALSE,NA,FALSE,NA,37,11,0,0,n,m,150,0,-0,20,40,-40,-5.369507723654657,English,NA,NA,1,NA,NA,0,NA,NA,1,NA,NA,1,NA,NA,1,NA,NA,1,NA,NA
unknown_lab,jut7,1992,male,United Kingdom,USA,FALSE,NA,,NA,0,FALSE,NA,FALSE,NA,37,13,10,1.1173128526977774,n,h,160,0,-0.25,100,40,-40,-5.369507723654657,English,NA,NA,1,NA,NA,0,NA,NA,1,NA,NA,1,NA,NA,1,NA,NA,1,NA,NA
unknown_lab,jut7,1992,male,United Kingdom,USA,FALSE,NA,,NA,0,FALSE,NA,FALSE,NA,37,11,0,0,n,m,150,0,-0,20,30,-30,-3.8631371386483475,English,NA,NA,1,NA,NA,0,NA,NA,1,NA,NA,1,NA,NA,1,NA,NA,1,NA,NA
unknown_lab,jut7,1992,male,United Kingdom,USA,FALSE,NA,,NA,0,FALSE,NA,FALSE,NA,37,10,-5,-0.5869152057713568,p,l,145,0,-0.125,120,40,40,4.092443014020803,English,NA,NA,1,NA,NA,0,NA,NA,1,NA,NA,1,NA,NA,1,NA,NA,1,NA,NA
unknown_lab,jut7,1992,male,United Kingdom,USA,FALSE,NA,,NA,0,FALSE,NA,FALSE,NA,37,11,0,0,0,m,150,1,NA,100,0,-0,0,English,NA,NA,1,NA,NA,0,NA,NA,1,NA,NA,1,NA,NA,1,NA,NA,1,NA,NA
unknown_lab,jut7,1992,male,United Kingdom,USA,FALSE,NA,,NA,0,FALSE,NA,FALSE,NA,37,11,0,0,n,m,150,0,-0,120,10,-10,-1.1944280826109728,English,NA,NA,1,NA,NA,0,NA,NA,1,NA,NA,1,NA,NA,1,NA,NA,1,NA,NA
unknown_lab,jut7,1992,male,United Kingdom,USA,FALSE,NA,,NA,0,FALSE,NA,FALSE,NA,37,11,0,0,0,m,150,1,NA,140,0,-0,0,English,NA,NA,1,NA,NA,0,NA,NA,1,NA,NA,1,NA,NA,1,NA,NA,1,NA,NA
unknown_lab,jut7,1992,male,United Kingdom,USA,FALSE,NA,,NA,0,FALSE,NA,FALSE,NA,37,12,5,0.5676685773402819,p,h,155,1,0.16666666666666666,80,30,30,3.1564128700055254,English,NA,NA,1,NA,NA,0,NA,NA,1,NA,NA,1,NA,NA,1,NA,NA,1,NA,NA
unknown_lab,jut7,1992,male,United Kingdom,USA,FALSE,NA,,NA,0,FALSE,NA,FALSE,NA,37,12,5,0.5676685773402819,n,h,155,0,-0.5,60,10,-10,-1.1944280826109728,English,NA,NA,1,NA,NA,0,NA,NA,1,NA,NA,1,NA,NA,1,NA,NA,1,NA,NA
unknown_lab,jut7,1992,male,United Kingdom,USA,FALSE,NA,,NA,0,FALSE,NA,FALSE,NA,37,11,0,0,p,m,150,0,0,120,10,10,1.1173128526977774,English,NA,NA,1,NA,NA,0,NA,NA,1,NA,NA,1,NA,NA,1,NA,NA,1,NA,NA
unknown_lab,jut7,1992,male,United Kingdom,USA,FALSE,NA,,NA,0,FALSE,NA,FALSE,NA,37,12,5,0.5676685773402819,n,h,155,0,-0.5,20,10,-10,-1.1944280826109728,English,NA,NA,1,NA,NA,0,NA,NA,1,NA,NA,1,NA,NA,1,NA,NA,1,NA,NA
unknown_lab,jut7,1992,male,United Kingdom,USA,FALSE,NA,,NA,0,FALSE,NA,FALSE,NA,37,11,0,0,n,m,150,0,-0,80,20,-20,-2.477410529609116,English,NA,NA,1,NA,NA,0,NA,NA,1,NA,NA,1,NA,NA,1,NA,NA,1,NA,NA
unknown_lab,jut7,1992,male,United Kingdom,USA,FALSE,NA,,NA,0,FALSE,NA,FALSE,NA,37,11,0,0,0,m,150,1,NA,80,0,-0,0,English,NA,NA,1,NA,NA,0,NA,NA,1,NA,NA,1,NA,NA,1,NA,NA,1,NA,NA
unknown_lab,jut7,1992,male,United Kingdom,USA,FALSE,NA,,NA,0,FALSE,NA,FALSE,NA,37,9,-10,-1.1944280826109728,n,l,140,1,0.25,120,40,-40,-5.369507723654657,English,NA,NA,1,NA,NA,0,NA,NA,1,NA,NA,1,NA,NA,1,NA,NA,1,NA,NA
unknown_lab,jut7,1992,male,United Kingdom,USA,FALSE,NA,,NA,0,FALSE,NA,FALSE,NA,37,8,-15,-1.8240371213405995,n,l,135,1,0.5,80,30,-30,-3.8631371386483475,English,NA,NA,1,NA,NA,0,NA,NA,1,NA,NA,1,NA,NA,1,NA,NA,1,NA,NA
unknown_lab,jut7,1992,male,United Kingdom,USA,FALSE,NA,,NA,0,FALSE,NA,FALSE,NA,37,11,0,0,p,m,150,0,0,60,20,20,2.16686694770185,English,NA,NA,1,NA,NA,0,NA,NA,1,NA,NA,1,NA,NA,1,NA,NA,1,NA,NA
unknown_lab,jut7,1992,male,United Kingdom,USA,FALSE,NA,,NA,0,FALSE,NA,FALSE,NA,37,11,0,0,n,m,150,0,-0,40,40,-40,-5.369507723654657,English,NA,NA,1,NA,NA,0,NA,NA,1,NA,NA,1,NA,NA,1,NA,NA,1,NA,NA
unknown_lab,jut7,1992,male,United Kingdom,USA,FALSE,NA,,NA,0,FALSE,NA,FALSE,NA,37,11,0,0,0,m,150,1,NA,60,0,-0,0,English,NA,NA,1,NA,NA,0,NA,NA,1,NA,NA,1,NA,NA,1,NA,NA,1,NA,NA
unknown_lab,jut7,1992,male,United Kingdom,USA,FALSE,NA,,NA,0,FALSE,NA,FALSE,NA,37,10,-5,-0.5869152057713568,n,l,145,1,0.125,140,40,-40,-5.369507723654657,English,NA,NA,1,NA,NA,0,NA,NA,1,NA,NA,1,NA,NA,1,NA,NA,1,NA,NA
unknown_lab,jut7,1992,male,United Kingdom,USA,FALSE,NA,,NA,0,FALSE,NA,FALSE,NA,37,10,-5,-0.5869152057713568,p,l,145,0,-0.16666666666666666,40,30,30,3.1564128700055254,English,NA,NA,1,NA,NA,0,NA,NA,1,NA,NA,1,NA,NA,1,NA,NA,1,NA,NA
unknown_lab,jut7,1992,male,United Kingdom,USA,FALSE,NA,,NA,0,FALSE,NA,FALSE,NA,37,12,5,0.5676685773402819,n,h,155,0,-0.16666666666666666,120,30,-30,-3.8631371386483475,English,NA,NA,1,NA,NA,0,NA,NA,1,NA,NA,1,NA,NA,1,NA,NA,1,NA,NA
unknown_lab,jut7,1992,male,United Kingdom,USA,FALSE,NA,,NA,0,FALSE,NA,FALSE,NA,37,13,10,1.1173128526977774,p,h,160,1,0.3333333333333333,60,30,30,3.1564128700055254,English,NA,NA,1,NA,NA,0,NA,NA,1,NA,NA,1,NA,NA,1,NA,NA,1,NA,NA
unknown_lab,3rw5,1992,male,United Kingdom,United Kingdom,TRUE,FALSE,beginner,NA,10,FALSE,NA,FALSE,NA,35,11,0,0,0,m,150,1,NA,140,0,-0,0,English,NA,NA,1,NA,NA,0,NA,NA,1,NA,NA,1,NA,NA,1,NA,NA,1,NA,NA
unknown_lab,3rw5,1992,male,United Kingdom,United Kingdom,TRUE,FALSE,beginner,NA,10,FALSE,NA,FALSE,NA,35,11,0,0,n,m,150,0,-0,100,40,-40,-5.369507723654657,English,NA,NA,1,NA,NA,0,NA,NA,1,NA,NA,1,NA,NA,1,NA,NA,1,NA,NA
unknown_lab,3rw5,1992,male,United Kingdom,United Kingdom,TRUE,FALSE,beginner,NA,10,FALSE,NA,FALSE,NA,35,11,0,0,n,m,150,0,-0,60,30,-30,-3.8631371386483475,English,NA,NA,1,NA,NA,0,NA,NA,1,NA,NA,1,NA,NA,1,NA,NA,1,NA,NA
unknown_lab,3rw5,1992,male,United Kingdom,United Kingdom,TRUE,FALSE,beginner,NA,10,FALSE,NA,FALSE,NA,35,12,5,0.5676685773402819,p,h,155,1,0.5,80,10,10,1.1173128526977774,English,NA,NA,1,NA,NA,0,NA,NA,1,NA,NA,1,NA,NA,1,NA,NA,1,NA,NA
unknown_lab,3rw5,1992,male,United Kingdom,United Kingdom,TRUE,FALSE,beginner,NA,10,FALSE,NA,FALSE,NA,35,11,0,0,p,m,150,0,0,20,10,10,1.1173128526977774,English,NA,NA,1,NA,NA,0,NA,NA,1,NA,NA,1,NA,NA,1,NA,NA,1,NA,NA
unknown_lab,3rw5,1992,male,United Kingdom,United Kingdom,TRUE,FALSE,beginner,NA,10,FALSE,NA,FALSE,NA,35,12,5,0.5676685773402819,0,h,155,0,NA,60,0,-0,0,English,NA,NA,1,NA,NA,0,NA,NA,1,NA,NA,1,NA,NA,1,NA,NA,1,NA,NA
unknown_lab,3rw5,1992,male,United Kingdom,United Kingdom,TRUE,FALSE,beginner,NA,10,FALSE,NA,FALSE,NA,35,11,0,0,0,m,150,1,NA,60,0,-0,0,English,NA,NA,1,NA,NA,0,NA,NA,1,NA,NA,1,NA,NA,1,NA,NA,1,NA,NA
unknown_lab,3rw5,1992,male,United Kingdom,United Kingdom,TRUE,FALSE,beginner,NA,10,FALSE,NA,FALSE,NA,35,8,-15,-1.8240371213405995,n,l,135,1,0.5,100,30,-30,-3.8631371386483475,English,NA,NA,1,NA,NA,0,NA,NA,1,NA,NA,1,NA,NA,1,NA,NA,1,NA,NA
unknown_lab,3rw5,1992,male,United Kingdom,United Kingdom,TRUE,FALSE,beginner,NA,10,FALSE,NA,FALSE,NA,35,10,-5,-0.5869152057713568,n,l,145,1,0.25,20,20,-20,-2.477410529609116,English,NA,NA,1,NA,NA,0,NA,NA,1,NA,NA,1,NA,NA,1,NA,NA,1,NA,NA
unknown_lab,3rw5,1992,male,United Kingdom,United Kingdom,TRUE,FALSE,beginner,NA,10,FALSE,NA,FALSE,NA,35,13,10,1.1173128526977774,p,h,160,1,1,140,10,10,1.1173128526977774,English,NA,NA,1,NA,NA,0,NA,NA,1,NA,NA,1,NA,NA,1,NA,NA,1,NA,NA
unknown_lab,3rw5,1992,male,United Kingdom,United Kingdom,TRUE,FALSE,beginner,NA,10,FALSE,NA,FALSE,NA,35,11,0,0,n,m,150,0,-0,20,30,-30,-3.8631371386483475,English,NA,NA,1,NA,NA,0,NA,NA,1,NA,NA,1,NA,NA,1,NA,NA,1,NA,NA
unknown_lab,3rw5,1992,male,United Kingdom,United Kingdom,TRUE,FALSE,beginner,NA,10,FALSE,NA,FALSE,NA,35,10,-5,-0.5869152057713568,n,l,145,1,0.5,120,10,-10,-1.1944280826109728,English,NA,NA,1,NA,NA,0,NA,NA,1,NA,NA,1,NA,NA,1,NA,NA,1,NA,NA
unknown_lab,3rw5,1992,male,United Kingdom,United Kingdom,TRUE,FALSE,beginner,NA,10,FALSE,NA,FALSE,NA,35,9,-10,-1.1944280826109728,p,l,140,0,-0.3333333333333333,60,30,30,3.1564128700055254,English,NA,NA,1,NA,NA,0,NA,NA,1,NA,NA,1,NA,NA,1,NA,NA,1,NA,NA
unknown_lab,3rw5,1992,male,United Kingdom,United Kingdom,TRUE,FALSE,beginner,NA,10,FALSE,NA,FALSE,NA,35,9,-10,-1.1944280826109728,n,l,140,1,0.25,140,40,-40,-5.369507723654657,English,NA,NA,1,NA,NA,0,NA,NA,1,NA,NA,1,NA,NA,1,NA,NA,1,NA,NA
unknown_lab,3rw5,1992,male,United Kingdom,United Kingdom,TRUE,FALSE,beginner,NA,10,FALSE,NA,FALSE,NA,35,12,5,0.5676685773402819,p,h,155,1,0.16666666666666666,100,30,30,3.1564128700055254,English,NA,NA,1,NA,NA,0,NA,NA,1,NA,NA,1,NA,NA,1,NA,NA,1,NA,NA
unknown_lab,3rw5,1992,male,United Kingdom,United Kingdom,TRUE,FALSE,beginner,NA,10,FALSE,NA,FALSE,NA,35,11,0,0,0,m,150,1,NA,40,0,-0,0,English,NA,NA,1,NA,NA,0,NA,NA,1,NA,NA,1,NA,NA,1,NA,NA,1,NA,NA
unknown_lab,3rw5,1992,male,United Kingdom,United Kingdom,TRUE,FALSE,beginner,NA,10,FALSE,NA,FALSE,NA,35,11,0,0,p,m,150,0,0,40,10,10,1.1173128526977774,English,NA,NA,1,NA,NA,0,NA,NA,1,NA,NA,1,NA,NA,1,NA,NA,1,NA,NA
unknown_lab,3rw5,1992,male,United Kingdom,United Kingdom,TRUE,FALSE,beginner,NA,10,FALSE,NA,FALSE,NA,35,12,5,0.5676685773402819,p,h,155,1,0.125,140,40,40,4.092443014020803,English,NA,NA,1,NA,NA,0,NA,NA,1,NA,NA,1,NA,NA,1,NA,NA,1,NA,NA
unknown_lab,3rw5,1992,male,United Kingdom,United Kingdom,TRUE,FALSE,beginner,NA,10,FALSE,NA,FALSE,NA,35,11,0,0,p,m,150,0,0,140,30,30,3.1564128700055254,English,NA,NA,1,NA,NA,0,NA,NA,1,NA,NA,1,NA,NA,1,NA,NA,1,NA,NA
unknown_lab,3rw5,1992,male,United Kingdom,United Kingdom,TRUE,FALSE,beginner,NA,10,FALSE,NA,FALSE,NA,35,10,-5,-0.5869152057713568,p,l,145,0,-0.125,80,40,40,4.092443014020803,English,NA,NA,1,NA,NA,0,NA,NA,1,NA,NA,1,NA,NA,1,NA,NA,1,NA,NA
unknown_lab,3rw5,1992,male,United Kingdom,United Kingdom,TRUE,FALSE,beginner,NA,10,FALSE,NA,FALSE,NA,35,11,0,0,p,m,150,0,0,40,20,20,2.16686694770185,English,NA,NA,1,NA,NA,0,NA,NA,1,NA,NA,1,NA,NA,1,NA,NA,1,NA,NA
unknown_lab,3rw5,1992,male,United Kingdom,United Kingdom,TRUE,FALSE,beginner,NA,10,FALSE,NA,FALSE,NA,35,9,-10,-1.1944280826109728,n,l,140,1,0.5,80,20,-20,-2.477410529609116,English,NA,NA,1,NA,NA,0,NA,NA,1,NA,NA,1,NA,NA,1,NA,NA,1,NA,NA
unknown_lab,3rw5,1992,male,United Kingdom,United Kingdom,TRUE,FALSE,beginner,NA,10,FALSE,NA,FALSE,NA,35,8,-15,-1.8240371213405995,n,l,135,1,0.5,80,30,-30,-3.8631371386483475,English,NA,NA,1,NA,NA,0,NA,NA,1,NA,NA,1,NA,NA,1,NA,NA,1,NA,NA
unknown_lab,3rw5,1992,male,United Kingdom,United Kingdom,TRUE,FALSE,beginner,NA,10,FALSE,NA,FALSE,NA,35,12,5,0.5676685773402819,p,h,155,1,0.16666666666666666,120,30,30,3.1564128700055254,English,NA,NA,1,NA,NA,0,NA,NA,1,NA,NA,1,NA,NA,1,NA,NA,1,NA,NA
unknown_lab,3rw5,1992,male,United Kingdom,United Kingdom,TRUE,FALSE,beginner,NA,10,FALSE,NA,FALSE,NA,35,11,0,0,n,m,150,0,-0,20,10,-10,-1.1944280826109728,English,NA,NA,1,NA,NA,0,NA,NA,1,NA,NA,1,NA,NA,1,NA,NA,1,NA,NA
unknown_lab,3rw5,1992,male,United Kingdom,United Kingdom,TRUE,FALSE,beginner,NA,10,FALSE,NA,FALSE,NA,35,9,-10,-1.1944280826109728,n,l,140,1,0.3333333333333333,140,30,-30,-3.8631371386483475,English,NA,NA,1,NA,NA,0,NA,NA,1,NA,NA,1,NA,NA,1,NA,NA,1,NA,NA
unknown_lab,3rw5,1992,male,United Kingdom,United Kingdom,TRUE,FALSE,beginner,NA,10,FALSE,NA,FALSE,NA,35,12,5,0.5676685773402819,n,h,155,0,-0.25,100,20,-20,-2.477410529609116,English,NA,NA,1,NA,NA,0,NA,NA,1,NA,NA,1,NA,NA,1,NA,NA,1,NA,NA
unknown_lab,3rw5,1992,male,United Kingdom,United Kingdom,TRUE,FALSE,beginner,NA,10,FALSE,NA,FALSE,NA,35,11,0,0,p,m,150,0,0,20,20,20,2.16686694770185,English,NA,NA,1,NA,NA,0,NA,NA,1,NA,NA,1,NA,NA,1,NA,NA,1,NA,NA
unknown_lab,3rw5,1992,male,United Kingdom,United Kingdom,TRUE,FALSE,beginner,NA,10,FALSE,NA,FALSE,NA,35,11,0,0,n,m,150,0,-0,60,20,-20,-2.477410529609116,English,NA,NA,1,NA,NA,0,NA,NA,1,NA,NA,1,NA,NA,1,NA,NA,1,NA,NA
unknown_lab,3rw5,1992,male,United Kingdom,United Kingdom,TRUE,FALSE,beginner,NA,10,FALSE,NA,FALSE,NA,35,11,0,0,n,m,150,0,-0,20,40,-40,-5.369507723654657,English,NA,NA,1,NA,NA,0,NA,NA,1,NA,NA,1,NA,NA,1,NA,NA,1,NA,NA
unknown_lab,3rw5,1992,male,United Kingdom,United Kingdom,TRUE,FALSE,beginner,NA,10,FALSE,NA,FALSE,NA,35,11,0,0,n,m,150,0,-0,40,30,-30,-3.8631371386483475,English,NA,NA,1,NA,NA,0,NA,NA,1,NA,NA,1,NA,NA,1,NA,NA,1,NA,NA
unknown_lab,3rw5,1992,male,United Kingdom,United Kingdom,TRUE,FALSE,beginner,NA,10,FALSE,NA,FALSE,NA,35,11,0,0,n,m,150,0,-0,40,10,-10,-1.1944280826109728,English,NA,NA,1,NA,NA,0,NA,NA,1,NA,NA,1,NA,NA,1,NA,NA,1,NA,NA
unknown_lab,3rw5,1992,male,United Kingdom,United Kingdom,TRUE,FALSE,beginner,NA,10,FALSE,NA,FALSE,NA,35,9,-10,-1.1944280826109728,n,l,140,1,0.25,120,40,-40,-5.369507723654657,English,NA,NA,1,NA,NA,0,NA,NA,1,NA,NA,1,NA,NA,1,NA,NA,1,NA,NA
unknown_lab,3rw5,1992,male,United Kingdom,United Kingdom,TRUE,FALSE,beginner,NA,10,FALSE,NA,FALSE,NA,35,12,5,0.5676685773402819,p,h,155,1,0.125,120,40,40,4.092443014020803,English,NA,NA,1,NA,NA,0,NA,NA,1,NA,NA,1,NA,NA,1,NA,NA,1,NA,NA
unknown_lab,3rw5,1992,male,United Kingdom,United Kingdom,TRUE,FALSE,beginner,NA,10,FALSE,NA,FALSE,NA,35,11,0,0,p,m,150,0,0,40,40,40,4.092443014020803,English,NA,NA,1,NA,NA,0,NA,NA,1,NA,NA,1,NA,NA,1,NA,NA,1,NA,NA
unknown_lab,3rw5,1992,male,United Kingdom,United Kingdom,TRUE,FALSE,beginner,NA,10,FALSE,NA,FALSE,NA,35,10,-5,-0.5869152057713568,n,l,145,1,0.25,140,20,-20,-2.477410529609116,English,NA,NA,1,NA,NA,0,NA,NA,1,NA,NA,1,NA,NA,1,NA,NA,1,NA,NA
unknown_lab,3rw5,1992,male,United Kingdom,United Kingdom,TRUE,FALSE,beginner,NA,10,FALSE,NA,FALSE,NA,35,11,0,0,n,m,150,0,-0,60,40,-40,-5.369507723654657,English,NA,NA,1,NA,NA,0,NA,NA,1,NA,NA,1,NA,NA,1,NA,NA,1,NA,NA
unknown_lab,3rw5,1992,male,United Kingdom,United Kingdom,TRUE,FALSE,beginner,NA,10,FALSE,NA,FALSE,NA,35,11,0,0,p,m,150,0,0,80,20,20,2.16686694770185,English,NA,NA,1,NA,NA,0,NA,NA,1,NA,NA,1,NA,NA,1,NA,NA,1,NA,NA
unknown_lab,3rw5,1992,male,United Kingdom,United Kingdom,TRUE,FALSE,beginner,NA,10,FALSE,NA,FALSE,NA,35,11,0,0,p,m,150,0,0,120,10,10,1.1173128526977774,English,NA,NA,1,NA,NA,0,NA,NA,1,NA,NA,1,NA,NA,1,NA,NA,1,NA,NA
unknown_lab,3rw5,1992,male,United Kingdom,United Kingdom,TRUE,FALSE,beginner,NA,10,FALSE,NA,FALSE,NA,35,11,0,0,p,m,150,0,0,100,20,20,2.16686694770185,English,NA,NA,1,NA,NA,0,NA,NA,1,NA,NA,1,NA,NA,1,NA,NA,1,NA,NA
unknown_lab,3rw5,1992,male,United Kingdom,United Kingdom,TRUE,FALSE,beginner,NA,10,FALSE,NA,FALSE,NA,35,11,0,0,p,m,150,0,0,60,20,20,2.16686694770185,English,NA,NA,1,NA,NA,0,NA,NA,1,NA,NA,1,NA,NA,1,NA,NA,1,NA,NA
unknown_lab,3rw5,1992,male,United Kingdom,United Kingdom,TRUE,FALSE,beginner,NA,10,FALSE,NA,FALSE,NA,35,12,5,0.5676685773402819,p,h,155,1,0.25,140,20,20,2.16686694770185,English,NA,NA,1,NA,NA,0,NA,NA,1,NA,NA,1,NA,NA,1,NA,NA,1,NA,NA
unknown_lab,3rw5,1992,male,United Kingdom,United Kingdom,TRUE,FALSE,beginner,NA,10,FALSE,NA,FALSE,NA,35,11,0,0,0,m,150,1,NA,120,0,-0,0,English,NA,NA,1,NA,NA,0,NA,NA,1,NA,NA,1,NA,NA,1,NA,NA,1,NA,NA
unknown_lab,3rw5,1992,male,United Kingdom,United Kingdom,TRUE,FALSE,beginner,NA,10,FALSE,NA,FALSE,NA,35,11,0,0,0,m,150,1,NA,20,0,-0,0,English,NA,NA,1,NA,NA,0,NA,NA,1,NA,NA,1,NA,NA,1,NA,NA,1,NA,NA
unknown_lab,3rw5,1992,male,United Kingdom,United Kingdom,TRUE,FALSE,beginner,NA,10,FALSE,NA,FALSE,NA,35,11,0,0,n,m,150,0,-0,100,10,-10,-1.1944280826109728,English,NA,NA,1,NA,NA,0,NA,NA,1,NA,NA,1,NA,NA,1,NA,NA,1,NA,NA
unknown_lab,3rw5,1992,male,United Kingdom,United Kingdom,TRUE,FALSE,beginner,NA,10,FALSE,NA,FALSE,NA,35,10,-5,-0.5869152057713568,n,l,145,1,0.25,120,20,-20,-2.477410529609116,English,NA,NA,1,NA,NA,0,NA,NA,1,NA,NA,1,NA,NA,1,NA,NA,1,NA,NA
unknown_lab,3rw5,1992,male,United Kingdom,United Kingdom,TRUE,FALSE,beginner,NA,10,FALSE,NA,FALSE,NA,35,11,0,0,p,m,150,0,0,20,30,30,3.1564128700055254,English,NA,NA,1,NA,NA,0,NA,NA,1,NA,NA,1,NA,NA,1,NA,NA,1,NA,NA
unknown_lab,3rw5,1992,male,United Kingdom,United Kingdom,TRUE,FALSE,beginner,NA,10,FALSE,NA,FALSE,NA,35,11,0,0,p,m,150,0,0,60,40,40,4.092443014020803,English,NA,NA,1,NA,NA,0,NA,NA,1,NA,NA,1,NA,NA,1,NA,NA,1,NA,NA
unknown_lab,3rw5,1992,male,United Kingdom,United Kingdom,TRUE,FALSE,beginner,NA,10,FALSE,NA,FALSE,NA,35,11,0,0,n,m,150,0,-0,80,10,-10,-1.1944280826109728,English,NA,NA,1,NA,NA,0,NA,NA,1,NA,NA,1,NA,NA,1,NA,NA,1,NA,NA
unknown_lab,3rw5,1992,male,United Kingdom,United Kingdom,TRUE,FALSE,beginner,NA,10,FALSE,NA,FALSE,NA,35,10,-5,-0.5869152057713568,0,l,145,0,NA,40,0,-0,0,English,NA,NA,1,NA,NA,0,NA,NA,1,NA,NA,1,NA,NA,1,NA,NA,1,NA,NA
unknown_lab,3rw5,1992,male,United Kingdom,United Kingdom,TRUE,FALSE,beginner,NA,10,FALSE,NA,FALSE,NA,35,11,0,0,n,m,150,0,-0,80,40,-40,-5.369507723654657,English,NA,NA,1,NA,NA,0,NA,NA,1,NA,NA,1,NA,NA,1,NA,NA,1,NA,NA
unknown_lab,3rw5,1992,male,United Kingdom,United Kingdom,TRUE,FALSE,beginner,NA,10,FALSE,NA,FALSE,NA,35,11,0,0,p,m,150,0,0,100,10,10,1.1173128526977774,English,NA,NA,1,NA,NA,0,NA,NA,1,NA,NA,1,NA,NA,1,NA,NA,1,NA,NA
unknown_lab,3rw5,1992,male,United Kingdom,United Kingdom,TRUE,FALSE,beginner,NA,10,FALSE,NA,FALSE,NA,35,11,0,0,p,m,150,0,0,40,30,30,3.1564128700055254,English,NA,NA,1,NA,NA,0,NA,NA,1,NA,NA,1,NA,NA,1,NA,NA,1,NA,NA
unknown_lab,3rw5,1992,male,United Kingdom,United Kingdom,TRUE,FALSE,beginner,NA,10,FALSE,NA,FALSE,NA,35,11,0,0,p,m,150,0,0,80,30,30,3.1564128700055254,English,NA,NA,1,NA,NA,0,NA,NA,1,NA,NA,1,NA,NA,1,NA,NA,1,NA,NA
unknown_lab,3rw5,1992,male,United Kingdom,United Kingdom,TRUE,FALSE,beginner,NA,10,FALSE,NA,FALSE,NA,35,11,0,0,n,m,150,0,-0,40,20,-20,-2.477410529609116,English,NA,NA,1,NA,NA,0,NA,NA,1,NA,NA,1,NA,NA,1,NA,NA,1,NA,NA
unknown_lab,3rw5,1992,male,United Kingdom,United Kingdom,TRUE,FALSE,beginner,NA,10,FALSE,NA,FALSE,NA,35,11,0,0,p,m,150,0,0,60,10,10,1.1173128526977774,English,NA,NA,1,NA,NA,0,NA,NA,1,NA,NA,1,NA,NA,1,NA,NA,1,NA,NA
unknown_lab,3rw5,1992,male,United Kingdom,United Kingdom,TRUE,FALSE,beginner,NA,10,FALSE,NA,FALSE,NA,35,11,0,0,n,m,150,0,-0,140,10,-10,-1.1944280826109728,English,NA,NA,1,NA,NA,0,NA,NA,1,NA,NA,1,NA,NA,1,NA,NA,1,NA,NA
unknown_lab,3rw5,1992,male,United Kingdom,United Kingdom,TRUE,FALSE,beginner,NA,10,FALSE,NA,FALSE,NA,35,10,-5,-0.5869152057713568,n,l,145,1,0.5,60,10,-10,-1.1944280826109728,English,NA,NA,1,NA,NA,0,NA,NA,1,NA,NA,1,NA,NA,1,NA,NA,1,NA,NA
unknown_lab,3rw5,1992,male,United Kingdom,United Kingdom,TRUE,FALSE,beginner,NA,10,FALSE,NA,FALSE,NA,35,12,5,0.5676685773402819,n,h,155,0,-0.125,40,40,-40,-5.369507723654657,English,NA,NA,1,NA,NA,0,NA,NA,1,NA,NA,1,NA,NA,1,NA,NA,1,NA,NA
unknown_lab,3rw5,1992,male,United Kingdom,United Kingdom,TRUE,FALSE,beginner,NA,10,FALSE,NA,FALSE,NA,35,11,0,0,p,m,150,0,0,20,40,40,4.092443014020803,English,NA,NA,1,NA,NA,0,NA,NA,1,NA,NA,1,NA,NA,1,NA,NA,1,NA,NA
unknown_lab,3rw5,1992,male,United Kingdom,United Kingdom,TRUE,FALSE,beginner,NA,10,FALSE,NA,FALSE,NA,35,10,-5,-0.5869152057713568,p,l,145,0,-0.125,100,40,40,4.092443014020803,English,NA,NA,1,NA,NA,0,NA,NA,1,NA,NA,1,NA,NA,1,NA,NA,1,NA,NA
unknown_lab,3rw5,1992,male,United Kingdom,United Kingdom,TRUE,FALSE,beginner,NA,10,FALSE,NA,FALSE,NA,35,8,-15,-1.8240371213405995,n,l,135,1,0.375,80,40,-40,-5.369507723654657,English,NA,NA,1,NA,NA,0,NA,NA,1,NA,NA,1,NA,NA,1,NA,NA,1,NA,NA
unknown_lab,3rw5,1992,male,United Kingdom,United Kingdom,TRUE,FALSE,beginner,NA,10,FALSE,NA,FALSE,NA,35,10,-5,-0.5869152057713568,p,l,145,0,-0.25,80,20,20,2.16686694770185,English,NA,NA,1,NA,NA,0,NA,NA,1,NA,NA,1,NA,NA,1,NA,NA,1,NA,NA
unknown_lab,3rw5,1992,male,United Kingdom,United Kingdom,TRUE,FALSE,beginner,NA,10,FALSE,NA,FALSE,NA,35,11,0,0,n,m,150,0,-0,140,30,-30,-3.8631371386483475,English,NA,NA,1,NA,NA,0,NA,NA,1,NA,NA,1,NA,NA,1,NA,NA,1,NA,NA
unknown_lab,3rw5,1992,male,United Kingdom,United Kingdom,TRUE,FALSE,beginner,NA,10,FALSE,NA,FALSE,NA,35,10,-5,-0.5869152057713568,n,l,145,1,0.16666666666666666,120,30,-30,-3.8631371386483475,English,NA,NA,1,NA,NA,0,NA,NA,1,NA,NA,1,NA,NA,1,NA,NA,1,NA,NA
unknown_lab,3rw5,1992,male,United Kingdom,United Kingdom,TRUE,FALSE,beginner,NA,10,FALSE,NA,FALSE,NA,35,11,0,0,n,m,150,0,-0,20,40,-40,-5.369507723654657,English,NA,NA,1,NA,NA,0,NA,NA,1,NA,NA,1,NA,NA,1,NA,NA,1,NA,NA
unknown_lab,3rw5,1992,male,United Kingdom,United Kingdom,TRUE,FALSE,beginner,NA,10,FALSE,NA,FALSE,NA,35,11,0,0,p,m,150,0,0,80,40,40,4.092443014020803,English,NA,NA,1,NA,NA,0,NA,NA,1,NA,NA,1,NA,NA,1,NA,NA,1,NA,NA
unknown_lab,3rw5,1992,male,United Kingdom,United Kingdom,TRUE,FALSE,beginner,NA,10,FALSE,NA,FALSE,NA,35,11,0,0,n,m,150,0,-0,60,40,-40,-5.369507723654657,English,NA,NA,1,NA,NA,0,NA,NA,1,NA,NA,1,NA,NA,1,NA,NA,1,NA,NA
unknown_lab,3rw5,1992,male,United Kingdom,United Kingdom,TRUE,FALSE,beginner,NA,10,FALSE,NA,FALSE,NA,35,10,-5,-0.5869152057713568,p,l,145,0,-0.16666666666666666,80,30,30,3.1564128700055254,English,NA,NA,1,NA,NA,0,NA,NA,1,NA,NA,1,NA,NA,1,NA,NA,1,NA,NA
unknown_lab,3rw5,1992,male,United Kingdom,United Kingdom,TRUE,FALSE,beginner,NA,10,FALSE,NA,FALSE,NA,35,12,5,0.5676685773402819,n,h,155,0,-0.25,60,20,-20,-2.477410529609116,English,NA,NA,1,NA,NA,0,NA,NA,1,NA,NA,1,NA,NA,1,NA,NA,1,NA,NA
unknown_lab,3rw5,1992,male,United Kingdom,United Kingdom,TRUE,FALSE,beginner,NA,10,FALSE,NA,FALSE,NA,35,11,0,0,p,m,150,0,0,20,10,10,1.1173128526977774,English,NA,NA,1,NA,NA,0,NA,NA,1,NA,NA,1,NA,NA,1,NA,NA,1,NA,NA
unknown_lab,3rw5,1992,male,United Kingdom,United Kingdom,TRUE,FALSE,beginner,NA,10,FALSE,NA,FALSE,NA,35,11,0,0,p,m,150,0,0,40,20,20,2.16686694770185,English,NA,NA,1,NA,NA,0,NA,NA,1,NA,NA,1,NA,NA,1,NA,NA,1,NA,NA
unknown_lab,3rw5,1992,male,United Kingdom,United Kingdom,TRUE,FALSE,beginner,NA,10,FALSE,NA,FALSE,NA,35,11,0,0,p,m,150,0,0,20,20,20,2.16686694770185,English,NA,NA,1,NA,NA,0,NA,NA,1,NA,NA,1,NA,NA,1,NA,NA,1,NA,NA
unknown_lab,3rw5,1992,male,United Kingdom,United Kingdom,TRUE,FALSE,beginner,NA,10,FALSE,NA,FALSE,NA,35,9,-10,-1.1944280826109728,n,l,140,1,0.5,140,20,-20,-2.477410529609116,English,NA,NA,1,NA,NA,0,NA,NA,1,NA,NA,1,NA,NA,1,NA,NA,1,NA,NA
unknown_lab,3rw5,1992,male,United Kingdom,United Kingdom,TRUE,FALSE,beginner,NA,10,FALSE,NA,FALSE,NA,35,9,-10,-1.1944280826109728,n,l,140,1,0.25,100,40,-40,-5.369507723654657,English,NA,NA,1,NA,NA,0,NA,NA,1,NA,NA,1,NA,NA,1,NA,NA,1,NA,NA
unknown_lab,3rw5,1992,male,United Kingdom,United Kingdom,TRUE,FALSE,beginner,NA,10,FALSE,NA,FALSE,NA,35,11,0,0,n,m,150,0,-0,20,30,-30,-3.8631371386483475,English,NA,NA,1,NA,NA,0,NA,NA,1,NA,NA,1,NA,NA,1,NA,NA,1,NA,NA
unknown_lab,3rw5,1992,male,United Kingdom,United Kingdom,TRUE,FALSE,beginner,NA,10,FALSE,NA,FALSE,NA,35,11,0,0,n,m,150,0,-0,20,20,-20,-2.477410529609116,English,NA,NA,1,NA,NA,0,NA,NA,1,NA,NA,1,NA,NA,1,NA,NA,1,NA,NA
unknown_lab,3rw5,1992,male,United Kingdom,United Kingdom,TRUE,FALSE,beginner,NA,10,FALSE,NA,FALSE,NA,35,11,0,0,n,m,150,0,-0,100,20,-20,-2.477410529609116,English,NA,NA,1,NA,NA,0,NA,NA,1,NA,NA,1,NA,NA,1,NA,NA,1,NA,NA
unknown_lab,3rw5,1992,male,United Kingdom,United Kingdom,TRUE,FALSE,beginner,NA,10,FALSE,NA,FALSE,NA,35,11,0,0,0,m,150,1,NA,100,0,-0,0,English,NA,NA,1,NA,NA,0,NA,NA,1,NA,NA,1,NA,NA,1,NA,NA,1,NA,NA
unknown_lab,3rw5,1992,male,United Kingdom,United Kingdom,TRUE,FALSE,beginner,NA,10,FALSE,NA,FALSE,NA,35,11,0,0,n,m,150,0,-0,60,10,-10,-1.1944280826109728,English,NA,NA,1,NA,NA,0,NA,NA,1,NA,NA,1,NA,NA,1,NA,NA,1,NA,NA
unknown_lab,3rw5,1992,male,United Kingdom,United Kingdom,TRUE,FALSE,beginner,NA,10,FALSE,NA,FALSE,NA,35,11,0,0,n,m,150,0,-0,120,10,-10,-1.1944280826109728,English,NA,NA,1,NA,NA,0,NA,NA,1,NA,NA,1,NA,NA,1,NA,NA,1,NA,NA
unknown_lab,3rw5,1992,male,United Kingdom,United Kingdom,TRUE,FALSE,beginner,NA,10,FALSE,NA,FALSE,NA,35,11,0,0,0,m,150,1,NA,80,0,-0,0,English,NA,NA,1,NA,NA,0,NA,NA,1,NA,NA,1,NA,NA,1,NA,NA,1,NA,NA
unknown_lab,3rw5,1992,male,United Kingdom,United Kingdom,TRUE,FALSE,beginner,NA,10,FALSE,NA,FALSE,NA,35,9,-10,-1.1944280826109728,p,l,140,0,-0.25,60,40,40,4.092443014020803,English,NA,NA,1,NA,NA,0,NA,NA,1,NA,NA,1,NA,NA,1,NA,NA,1,NA,NA
unknown_lab,3rw5,1992,male,United Kingdom,United Kingdom,TRUE,FALSE,beginner,NA,10,FALSE,NA,FALSE,NA,35,11,0,0,p,m,150,0,0,20,30,30,3.1564128700055254,English,NA,NA,1,NA,NA,0,NA,NA,1,NA,NA,1,NA,NA,1,NA,NA,1,NA,NA
unknown_lab,3rw5,1992,male,United Kingdom,United Kingdom,TRUE,FALSE,beginner,NA,10,FALSE,NA,FALSE,NA,35,11,0,0,0,m,150,1,NA,140,0,-0,0,English,NA,NA,1,NA,NA,0,NA,NA,1,NA,NA,1,NA,NA,1,NA,NA,1,NA,NA
unknown_lab,3rw5,1992,male,United Kingdom,United Kingdom,TRUE,FALSE,beginner,NA,10,FALSE,NA,FALSE,NA,35,11,0,0,p,m,150,0,0,40,10,10,1.1173128526977774,English,NA,NA,1,NA,NA,0,NA,NA,1,NA,NA,1,NA,NA,1,NA,NA,1,NA,NA
unknown_lab,3rw5,1992,male,United Kingdom,United Kingdom,TRUE,FALSE,beginner,NA,10,FALSE,NA,FALSE,NA,35,10,-5,-0.5869152057713568,n,l,145,1,0.125,120,40,-40,-5.369507723654657,English,NA,NA,1,NA,NA,0,NA,NA,1,NA,NA,1,NA,NA,1,NA,NA,1,NA,NA
unknown_lab,3rw5,1992,male,United Kingdom,United Kingdom,TRUE,FALSE,beginner,NA,10,FALSE,NA,FALSE,NA,35,10,-5,-0.5869152057713568,n,l,145,1,0.5,100,10,-10,-1.1944280826109728,English,NA,NA,1,NA,NA,0,NA,NA,1,NA,NA,1,NA,NA,1,NA,NA,1,NA,NA
unknown_lab,3rw5,1992,male,United Kingdom,United Kingdom,TRUE,FALSE,beginner,NA,10,FALSE,NA,FALSE,NA,35,12,5,0.5676685773402819,0,h,155,0,NA,20,0,-0,0,English,NA,NA,1,NA,NA,0,NA,NA,1,NA,NA,1,NA,NA,1,NA,NA,1,NA,NA
unknown_lab,3rw5,1992,male,United Kingdom,United Kingdom,TRUE,FALSE,beginner,NA,10,FALSE,NA,FALSE,NA,35,10,-5,-0.5869152057713568,p,l,145,0,-0.16666666666666666,60,30,30,3.1564128700055254,English,NA,NA,1,NA,NA,0,NA,NA,1,NA,NA,1,NA,NA,1,NA,NA,1,NA,NA
unknown_lab,3rw5,1992,male,United Kingdom,United Kingdom,TRUE,FALSE,beginner,NA,10,FALSE,NA,FALSE,NA,35,11,0,0,n,m,150,0,-0,40,40,-40,-5.369507723654657,English,NA,NA,1,NA,NA,0,NA,NA,1,NA,NA,1,NA,NA,1,NA,NA,1,NA,NA
unknown_lab,3rw5,1992,male,United Kingdom,United Kingdom,TRUE,FALSE,beginner,NA,10,FALSE,NA,FALSE,NA,35,11,0,0,n,m,150,0,-0,40,30,-30,-3.8631371386483475,English,NA,NA,1,NA,NA,0,NA,NA,1,NA,NA,1,NA,NA,1,NA,NA,1,NA,NA
unknown_lab,3rw5,1992,male,United Kingdom,United Kingdom,TRUE,FALSE,beginner,NA,10,FALSE,NA,FALSE,NA,35,11,0,0,p,m,150,0,0,40,30,30,3.1564128700055254,English,NA,NA,1,NA,NA,0,NA,NA,1,NA,NA,1,NA,NA,1,NA,NA,1,NA,NA
unknown_lab,3rw5,1992,male,United Kingdom,United Kingdom,TRUE,FALSE,beginner,NA,10,FALSE,NA,FALSE,NA,35,9,-10,-1.1944280826109728,n,l,140,1,0.25,140,40,-40,-5.369507723654657,English,NA,NA,1,NA,NA,0,NA,NA,1,NA,NA,1,NA,NA,1,NA,NA,1,NA,NA
unknown_lab,3rw5,1992,male,United Kingdom,United Kingdom,TRUE,FALSE,beginner,NA,10,FALSE,NA,FALSE,NA,35,14,15,1.6500422849992202,p,h,165,1,0.375,140,40,40,4.092443014020803,English,NA,NA,1,NA,NA,0,NA,NA,1,NA,NA,1,NA,NA,1,NA,NA,1,NA,NA
unknown_lab,3rw5,1992,male,United Kingdom,United Kingdom,TRUE,FALSE,beginner,NA,10,FALSE,NA,FALSE,NA,35,11,0,0,n,m,150,0,-0,40,20,-20,-2.477410529609116,English,NA,NA,1,NA,NA,0,NA,NA,1,NA,NA,1,NA,NA,1,NA,NA,1,NA,NA
unknown_lab,3rw5,1992,male,United Kingdom,United Kingdom,TRUE,FALSE,beginner,NA,10,FALSE,NA,FALSE,NA,35,11,0,0,0,m,150,1,NA,120,0,-0,0,English,NA,NA,1,NA,NA,0,NA,NA,1,NA,NA,1,NA,NA,1,NA,NA,1,NA,NA
unknown_lab,3rw5,1992,male,United Kingdom,United Kingdom,TRUE,FALSE,beginner,NA,10,FALSE,NA,FALSE,NA,35,11,0,0,n,m,150,0,-0,80,30,-30,-3.8631371386483475,English,NA,NA,1,NA,NA,0,NA,NA,1,NA,NA,1,NA,NA,1,NA,NA,1,NA,NA
unknown_lab,3rw5,1992,male,United Kingdom,United Kingdom,TRUE,FALSE,beginner,NA,10,FALSE,NA,FALSE,NA,35,11,0,0,p,m,150,0,0,100,10,10,1.1173128526977774,English,NA,NA,1,NA,NA,0,NA,NA,1,NA,NA,1,NA,NA,1,NA,NA,1,NA,NA
unknown_lab,3rw5,1992,male,United Kingdom,United Kingdom,TRUE,FALSE,beginner,NA,10,FALSE,NA,FALSE,NA,35,11,0,0,p,m,150,0,0,120,10,10,1.1173128526977774,English,NA,NA,1,NA,NA,0,NA,NA,1,NA,NA,1,NA,NA,1,NA,NA,1,NA,NA
unknown_lab,3rw5,1992,male,United Kingdom,United Kingdom,TRUE,FALSE,beginner,NA,10,FALSE,NA,FALSE,NA,35,11,0,0,p,m,150,0,0,100,30,30,3.1564128700055254,English,NA,NA,1,NA,NA,0,NA,NA,1,NA,NA,1,NA,NA,1,NA,NA,1,NA,NA
unknown_lab,3rw5,1992,male,United Kingdom,United Kingdom,TRUE,FALSE,beginner,NA,10,FALSE,NA,FALSE,NA,35,11,0,0,p,m,150,0,0,100,40,40,4.092443014020803,English,NA,NA,1,NA,NA,0,NA,NA,1,NA,NA,1,NA,NA,1,NA,NA,1,NA,NA
unknown_lab,3rw5,1992,male,United Kingdom,United Kingdom,TRUE,FALSE,beginner,NA,10,FALSE,NA,FALSE,NA,35,11,0,0,p,m,150,0,0,100,20,20,2.16686694770185,English,NA,NA,1,NA,NA,0,NA,NA,1,NA,NA,1,NA,NA,1,NA,NA,1,NA,NA
unknown_lab,3rw5,1992,male,United Kingdom,United Kingdom,TRUE,FALSE,beginner,NA,10,FALSE,NA,FALSE,NA,35,11,0,0,n,m,150,0,-0,20,10,-10,-1.1944280826109728,English,NA,NA,1,NA,NA,0,NA,NA,1,NA,NA,1,NA,NA,1,NA,NA,1,NA,NA
unknown_lab,3rw5,1992,male,United Kingdom,United Kingdom,TRUE,FALSE,beginner,NA,10,FALSE,NA,FALSE,NA,35,11,0,0,p,m,150,0,0,60,20,20,2.16686694770185,English,NA,NA,1,NA,NA,0,NA,NA,1,NA,NA,1,NA,NA,1,NA,NA,1,NA,NA
unknown_lab,3rw5,1992,male,United Kingdom,United Kingdom,TRUE,FALSE,beginner,NA,10,FALSE,NA,FALSE,NA,35,11,0,0,p,m,150,0,0,120,20,20,2.16686694770185,English,NA,NA,1,NA,NA,0,NA,NA,1,NA,NA,1,NA,NA,1,NA,NA,1,NA,NA
unknown_lab,3rw5,1992,male,United Kingdom,United Kingdom,TRUE,FALSE,beginner,NA,10,FALSE,NA,FALSE,NA,35,10,-5,-0.5869152057713568,n,l,145,1,0.25,80,20,-20,-2.477410529609116,English,NA,NA,1,NA,NA,0,NA,NA,1,NA,NA,1,NA,NA,1,NA,NA,1,NA,NA
unknown_lab,3rw5,1992,male,United Kingdom,United Kingdom,TRUE,FALSE,beginner,NA,10,FALSE,NA,FALSE,NA,35,10,-5,-0.5869152057713568,n,l,145,1,0.16666666666666666,100,30,-30,-3.8631371386483475,English,NA,NA,1,NA,NA,0,NA,NA,1,NA,NA,1,NA,NA,1,NA,NA,1,NA,NA
unknown_lab,3rw5,1992,male,United Kingdom,United Kingdom,TRUE,FALSE,beginner,NA,10,FALSE,NA,FALSE,NA,35,11,0,0,p,m,150,0,0,20,40,40,4.092443014020803,English,NA,NA,1,NA,NA,0,NA,NA,1,NA,NA,1,NA,NA,1,NA,NA,1,NA,NA
unknown_lab,3rw5,1992,male,United Kingdom,United Kingdom,TRUE,FALSE,beginner,NA,10,FALSE,NA,FALSE,NA,35,10,-5,-0.5869152057713568,n,l,145,1,0.5,140,10,-10,-1.1944280826109728,English,NA,NA,1,NA,NA,0,NA,NA,1,NA,NA,1,NA,NA,1,NA,NA,1,NA,NA
unknown_lab,3rw5,1992,male,United Kingdom,United Kingdom,TRUE,FALSE,beginner,NA,10,FALSE,NA,FALSE,NA,35,11,0,0,0,m,150,1,NA,100,0,-0,0,English,NA,NA,1,NA,NA,0,NA,NA,1,NA,NA,1,NA,NA,1,NA,NA,1,NA,NA
unknown_lab,3rw5,1992,male,United Kingdom,United Kingdom,TRUE,FALSE,beginner,NA,10,FALSE,NA,FALSE,NA,35,11,0,0,p,m,150,0,0,80,10,10,1.1173128526977774,English,NA,NA,1,NA,NA,0,NA,NA,1,NA,NA,1,NA,NA,1,NA,NA,1,NA,NA
unknown_lab,3rw5,1992,male,United Kingdom,United Kingdom,TRUE,FALSE,beginner,NA,10,FALSE,NA,FALSE,NA,35,11,0,0,p,m,150,0,0,40,40,40,4.092443014020803,English,NA,NA,1,NA,NA,0,NA,NA,1,NA,NA,1,NA,NA,1,NA,NA,1,NA,NA
unknown_lab,3rw5,1992,male,United Kingdom,United Kingdom,TRUE,FALSE,beginner,NA,10,FALSE,NA,FALSE,NA,35,11,0,0,0,m,150,1,NA,80,0,-0,0,English,NA,NA,1,NA,NA,0,NA,NA,1,NA,NA,1,NA,NA,1,NA,NA,1,NA,NA
unknown_lab,3rw5,1992,male,United Kingdom,United Kingdom,TRUE,FALSE,beginner,NA,10,FALSE,NA,FALSE,NA,35,13,10,1.1173128526977774,p,h,160,1,0.3333333333333333,120,30,30,3.1564128700055254,English,NA,NA,1,NA,NA,0,NA,NA,1,NA,NA,1,NA,NA,1,NA,NA,1,NA,NA
unknown_lab,3rw5,1992,male,United Kingdom,United Kingdom,TRUE,FALSE,beginner,NA,10,FALSE,NA,FALSE,NA,35,11,0,0,p,m,150,0,0,60,10,10,1.1173128526977774,English,NA,NA,1,NA,NA,0,NA,NA,1,NA,NA,1,NA,NA,1,NA,NA,1,NA,NA
unknown_lab,3rw5,1992,male,United Kingdom,United Kingdom,TRUE,FALSE,beginner,NA,10,FALSE,NA,FALSE,NA,35,11,0,0,n,m,150,0,-0,40,10,-10,-1.1944280826109728,English,NA,NA,1,NA,NA,0,NA,NA,1,NA,NA,1,NA,NA,1,NA,NA,1,NA,NA
unknown_lab,3rw5,1992,male,United Kingdom,United Kingdom,TRUE,FALSE,beginner,NA,10,FALSE,NA,FALSE,NA,35,11,0,0,n,m,150,0,-0,60,30,-30,-3.8631371386483475,English,NA,NA,1,NA,NA,0,NA,NA,1,NA,NA,1,NA,NA,1,NA,NA,1,NA,NA
unknown_lab,3rw5,1992,male,United Kingdom,United Kingdom,TRUE,FALSE,beginner,NA,10,FALSE,NA,FALSE,NA,35,11,0,0,p,m,150,0,0,140,20,20,2.16686694770185,English,NA,NA,1,NA,NA,0,NA,NA,1,NA,NA,1,NA,NA,1,NA,NA,1,NA,NA
unknown_lab,3rw5,1992,male,United Kingdom,United Kingdom,TRUE,FALSE,beginner,NA,10,FALSE,NA,FALSE,NA,35,11,0,0,p,m,150,0,0,120,40,40,4.092443014020803,English,NA,NA,1,NA,NA,0,NA,NA,1,NA,NA,1,NA,NA,1,NA,NA,1,NA,NA
unknown_lab,3rw5,1992,male,United Kingdom,United Kingdom,TRUE,FALSE,beginner,NA,10,FALSE,NA,FALSE,NA,35,11,0,0,n,m,150,0,-0,80,10,-10,-1.1944280826109728,English,NA,NA,1,NA,NA,0,NA,NA,1,NA,NA,1,NA,NA,1,NA,NA,1,NA,NA
unknown_lab,3rw5,1992,male,United Kingdom,United Kingdom,TRUE,FALSE,beginner,NA,10,FALSE,NA,FALSE,NA,35,9,-10,-1.1944280826109728,p,l,140,0,-0.3333333333333333,140,30,30,3.1564128700055254,English,NA,NA,1,NA,NA,0,NA,NA,1,NA,NA,1,NA,NA,1,NA,NA,1,NA,NA
unknown_lab,jd8r,1987,male,uk,uk,TRUE,TRUE,beginner,0,8,TRUE,2,FALSE,NA,20,11,0,0,p,m,150,0,0,80,10,10,1.1173128526977774,english,NA,NA,1,NA,NA,0,NA,NA,1,NA,NA,1,NA,NA,1,NA,NA,1,NA,NA
unknown_lab,jd8r,1987,male,uk,uk,TRUE,TRUE,beginner,0,8,TRUE,2,FALSE,NA,20,11,0,0,p,m,150,0,0,140,30,30,3.1564128700055254,english,NA,NA,1,NA,NA,0,NA,NA,1,NA,NA,1,NA,NA,1,NA,NA,1,NA,NA
unknown_lab,jd8r,1987,male,uk,uk,TRUE,TRUE,beginner,0,8,TRUE,2,FALSE,NA,20,11,0,0,p,m,150,0,0,60,10,10,1.1173128526977774,english,NA,NA,1,NA,NA,0,NA,NA,1,NA,NA,1,NA,NA,1,NA,NA,1,NA,NA
unknown_lab,jd8r,1987,male,uk,uk,TRUE,TRUE,beginner,0,8,TRUE,2,FALSE,NA,20,11,0,0,p,m,150,0,0,20,30,30,3.1564128700055254,english,NA,NA,1,NA,NA,0,NA,NA,1,NA,NA,1,NA,NA,1,NA,NA,1,NA,NA
unknown_lab,jd8r,1987,male,uk,uk,TRUE,TRUE,beginner,0,8,TRUE,2,FALSE,NA,20,12,5,0.5676685773402819,p,h,155,1,0.25,40,20,20,2.16686694770185,english,NA,NA,1,NA,NA,0,NA,NA,1,NA,NA,1,NA,NA,1,NA,NA,1,NA,NA
unknown_lab,jd8r,1987,male,uk,uk,TRUE,TRUE,beginner,0,8,TRUE,2,FALSE,NA,20,11,0,0,n,m,150,0,-0,20,40,-40,-5.369507723654657,english,NA,NA,1,NA,NA,0,NA,NA,1,NA,NA,1,NA,NA,1,NA,NA,1,NA,NA
unknown_lab,jd8r,1987,male,uk,uk,TRUE,TRUE,beginner,0,8,TRUE,2,FALSE,NA,20,11,0,0,n,m,150,0,-0,40,30,-30,-3.8631371386483475,english,NA,NA,1,NA,NA,0,NA,NA,1,NA,NA,1,NA,NA,1,NA,NA,1,NA,NA
unknown_lab,jd8r,1987,male,uk,uk,TRUE,TRUE,beginner,0,8,TRUE,2,FALSE,NA,20,10,-5,-0.5869152057713568,0,l,145,0,NA,120,0,-0,0,english,NA,NA,1,NA,NA,0,NA,NA,1,NA,NA,1,NA,NA,1,NA,NA,1,NA,NA
unknown_lab,jd8r,1987,male,uk,uk,TRUE,TRUE,beginner,0,8,TRUE,2,FALSE,NA,20,12,5,0.5676685773402819,p,h,155,1,0.125,100,40,40,4.092443014020803,english,NA,NA,1,NA,NA,0,NA,NA,1,NA,NA,1,NA,NA,1,NA,NA,1,NA,NA
unknown_lab,jd8r,1987,male,uk,uk,TRUE,TRUE,beginner,0,8,TRUE,2,FALSE,NA,20,10,-5,-0.5869152057713568,n,l,145,1,0.16666666666666666,120,30,-30,-3.8631371386483475,english,NA,NA,1,NA,NA,0,NA,NA,1,NA,NA,1,NA,NA,1,NA,NA,1,NA,NA
unknown_lab,jd8r,1987,male,uk,uk,TRUE,TRUE,beginner,0,8,TRUE,2,FALSE,NA,20,12,5,0.5676685773402819,p,h,155,1,0.5,100,10,10,1.1173128526977774,english,NA,NA,1,NA,NA,0,NA,NA,1,NA,NA,1,NA,NA,1,NA,NA,1,NA,NA
unknown_lab,jd8r,1987,male,uk,uk,TRUE,TRUE,beginner,0,8,TRUE,2,FALSE,NA,20,10,-5,-0.5869152057713568,n,l,145,1,0.125,80,40,-40,-5.369507723654657,english,NA,NA,1,NA,NA,0,NA,NA,1,NA,NA,1,NA,NA,1,NA,NA,1,NA,NA
unknown_lab,jd8r,1987,male,uk,uk,TRUE,TRUE,beginner,0,8,TRUE,2,FALSE,NA,20,12,5,0.5676685773402819,n,h,155,0,-0.5,80,10,-10,-1.1944280826109728,english,NA,NA,1,NA,NA,0,NA,NA,1,NA,NA,1,NA,NA,1,NA,NA,1,NA,NA
unknown_lab,jd8r,1987,male,uk,uk,TRUE,TRUE,beginner,0,8,TRUE,2,FALSE,NA,20,9,-10,-1.1944280826109728,n,l,140,1,0.3333333333333333,80,30,-30,-3.8631371386483475,english,NA,NA,1,NA,NA,0,NA,NA,1,NA,NA,1,NA,NA,1,NA,NA,1,NA,NA
unknown_lab,jd8r,1987,male,uk,uk,TRUE,TRUE,beginner,0,8,TRUE,2,FALSE,NA,20,12,5,0.5676685773402819,n,h,155,0,-0.25,120,20,-20,-2.477410529609116,english,NA,NA,1,NA,NA,0,NA,NA,1,NA,NA,1,NA,NA,1,NA,NA,1,NA,NA
unknown_lab,jd8r,1987,male,uk,uk,TRUE,TRUE,beginner,0,8,TRUE,2,FALSE,NA,20,12,5,0.5676685773402819,p,h,155,1,0.25,60,20,20,2.16686694770185,english,NA,NA,1,NA,NA,0,NA,NA,1,NA,NA,1,NA,NA,1,NA,NA,1,NA,NA
unknown_lab,jd8r,1987,male,uk,uk,TRUE,TRUE,beginner,0,8,TRUE,2,FALSE,NA,20,10,-5,-0.5869152057713568,n,l,145,1,0.25,80,20,-20,-2.477410529609116,english,NA,NA,1,NA,NA,0,NA,NA,1,NA,NA,1,NA,NA,1,NA,NA,1,NA,NA
unknown_lab,jd8r,1987,male,uk,uk,TRUE,TRUE,beginner,0,8,TRUE,2,FALSE,NA,20,10,-5,-0.5869152057713568,0,l,145,0,NA,60,0,-0,0,english,NA,NA,1,NA,NA,0,NA,NA,1,NA,NA,1,NA,NA,1,NA,NA,1,NA,NA
unknown_lab,jd8r,1987,male,uk,uk,TRUE,TRUE,beginner,0,8,TRUE,2,FALSE,NA,20,10,-5,-0.5869152057713568,p,l,145,0,-0.25,20,20,20,2.16686694770185,english,NA,NA,1,NA,NA,0,NA,NA,1,NA,NA,1,NA,NA,1,NA,NA,1,NA,NA
unknown_lab,jd8r,1987,male,uk,uk,TRUE,TRUE,beginner,0,8,TRUE,2,FALSE,NA,20,12,5,0.5676685773402819,n,h,155,0,-0.5,140,10,-10,-1.1944280826109728,english,NA,NA,1,NA,NA,0,NA,NA,1,NA,NA,1,NA,NA,1,NA,NA,1,NA,NA
unknown_lab,jd8r,1987,male,uk,uk,TRUE,TRUE,beginner,0,8,TRUE,2,FALSE,NA,20,13,10,1.1173128526977774,p,h,160,1,0.3333333333333333,120,30,30,3.1564128700055254,english,NA,NA,1,NA,NA,0,NA,NA,1,NA,NA,1,NA,NA,1,NA,NA,1,NA,NA
unknown_lab,jd8r,1987,male,uk,uk,TRUE,TRUE,beginner,0,8,TRUE,2,FALSE,NA,20,9,-10,-1.1944280826109728,n,l,140,1,0.25,40,40,-40,-5.369507723654657,english,NA,NA,1,NA,NA,0,NA,NA,1,NA,NA,1,NA,NA,1,NA,NA,1,NA,NA
unknown_lab,jd8r,1987,male,uk,uk,TRUE,TRUE,beginner,0,8,TRUE,2,FALSE,NA,20,10,-5,-0.5869152057713568,p,l,145,0,-0.125,40,40,40,4.092443014020803,english,NA,NA,1,NA,NA,0,NA,NA,1,NA,NA,1,NA,NA,1,NA,NA,1,NA,NA
unknown_lab,jd8r,1987,male,uk,uk,TRUE,TRUE,beginner,0,8,TRUE,2,FALSE,NA,20,12,5,0.5676685773402819,p,h,155,1,0.16666666666666666,100,30,30,3.1564128700055254,english,NA,NA,1,NA,NA,0,NA,NA,1,NA,NA,1,NA,NA,1,NA,NA,1,NA,NA
unknown_lab,jd8r,1987,male,uk,uk,TRUE,TRUE,beginner,0,8,TRUE,2,FALSE,NA,20,10,-5,-0.5869152057713568,n,l,145,1,0.125,140,40,-40,-5.369507723654657,english,NA,NA,1,NA,NA,0,NA,NA,1,NA,NA,1,NA,NA,1,NA,NA,1,NA,NA
unknown_lab,jd8r,1987,male,uk,uk,TRUE,TRUE,beginner,0,8,TRUE,2,FALSE,NA,20,12,5,0.5676685773402819,n,h,155,0,-0.25,100,20,-20,-2.477410529609116,english,NA,NA,1,NA,NA,0,NA,NA,1,NA,NA,1,NA,NA,1,NA,NA,1,NA,NA
unknown_lab,jd8r,1987,male,uk,uk,TRUE,TRUE,beginner,0,8,TRUE,2,FALSE,NA,20,12,5,0.5676685773402819,p,h,155,1,0.125,80,40,40,4.092443014020803,english,NA,NA,1,NA,NA,0,NA,NA,1,NA,NA,1,NA,NA,1,NA,NA,1,NA,NA
unknown_lab,jd8r,1987,male,uk,uk,TRUE,TRUE,beginner,0,8,TRUE,2,FALSE,NA,20,12,5,0.5676685773402819,p,h,155,1,0.5,140,10,10,1.1173128526977774,english,NA,NA,1,NA,NA,0,NA,NA,1,NA,NA,1,NA,NA,1,NA,NA,1,NA,NA
unknown_lab,jd8r,1987,male,uk,uk,TRUE,TRUE,beginner,0,8,TRUE,2,FALSE,NA,20,10,-5,-0.5869152057713568,p,l,145,0,-0.125,120,40,40,4.092443014020803,english,NA,NA,1,NA,NA,0,NA,NA,1,NA,NA,1,NA,NA,1,NA,NA,1,NA,NA
unknown_lab,jd8r,1987,male,uk,uk,TRUE,TRUE,beginner,0,8,TRUE,2,FALSE,NA,20,12,5,0.5676685773402819,n,h,155,0,-0.5,120,10,-10,-1.1944280826109728,english,NA,NA,1,NA,NA,0,NA,NA,1,NA,NA,1,NA,NA,1,NA,NA,1,NA,NA
unknown_lab,jd8r,1987,male,uk,uk,TRUE,TRUE,beginner,0,8,TRUE,2,FALSE,NA,20,12,5,0.5676685773402819,0,h,155,0,NA,60,0,-0,0,english,NA,NA,1,NA,NA,0,NA,NA,1,NA,NA,1,NA,NA,1,NA,NA,1,NA,NA
unknown_lab,jd8r,1987,male,uk,uk,TRUE,TRUE,beginner,0,8,TRUE,2,FALSE,NA,20,10,-5,-0.5869152057713568,n,l,145,1,0.125,60,40,-40,-5.369507723654657,english,NA,NA,1,NA,NA,0,NA,NA,1,NA,NA,1,NA,NA,1,NA,NA,1,NA,NA
unknown_lab,jd8r,1987,male,uk,uk,TRUE,TRUE,beginner,0,8,TRUE,2,FALSE,NA,20,10,-5,-0.5869152057713568,n,l,145,1,0.16666666666666666,20,30,-30,-3.8631371386483475,english,NA,NA,1,NA,NA,0,NA,NA,1,NA,NA,1,NA,NA,1,NA,NA,1,NA,NA
unknown_lab,jd8r,1987,male,uk,uk,TRUE,TRUE,beginner,0,8,TRUE,2,FALSE,NA,20,12,5,0.5676685773402819,p,h,155,1,0.25,120,20,20,2.16686694770185,english,NA,NA,1,NA,NA,0,NA,NA,1,NA,NA,1,NA,NA,1,NA,NA,1,NA,NA
unknown_lab,jd8r,1987,male,uk,uk,TRUE,TRUE,beginner,0,8,TRUE,2,FALSE,NA,20,12,5,0.5676685773402819,n,h,155,0,-0.16666666666666666,60,30,-30,-3.8631371386483475,english,NA,NA,1,NA,NA,0,NA,NA,1,NA,NA,1,NA,NA,1,NA,NA,1,NA,NA
unknown_lab,jd8r,1987,male,uk,uk,TRUE,TRUE,beginner,0,8,TRUE,2,FALSE,NA,20,12,5,0.5676685773402819,p,h,155,1,0.125,60,40,40,4.092443014020803,english,NA,NA,1,NA,NA,0,NA,NA,1,NA,NA,1,NA,NA,1,NA,NA,1,NA,NA
unknown_lab,jd8r,1987,male,uk,uk,TRUE,TRUE,beginner,0,8,TRUE,2,FALSE,NA,20,10,-5,-0.5869152057713568,n,l,145,1,0.25,140,20,-20,-2.477410529609116,english,NA,NA,1,NA,NA,0,NA,NA,1,NA,NA,1,NA,NA,1,NA,NA,1,NA,NA
unknown_lab,jd8r,1987,male,uk,uk,TRUE,TRUE,beginner,0,8,TRUE,2,FALSE,NA,20,11,0,0,p,m,150,0,0,80,20,20,2.16686694770185,english,NA,NA,1,NA,NA,0,NA,NA,1,NA,NA,1,NA,NA,1,NA,NA,1,NA,NA
unknown_lab,jd8r,1987,male,uk,uk,TRUE,TRUE,beginner,0,8,TRUE,2,FALSE,NA,20,10,-5,-0.5869152057713568,n,l,145,1,0.25,20,20,-20,-2.477410529609116,english,NA,NA,1,NA,NA,0,NA,NA,1,NA,NA,1,NA,NA,1,NA,NA,1,NA,NA
unknown_lab,jd8r,1987,male,uk,uk,TRUE,TRUE,beginner,0,8,TRUE,2,FALSE,NA,20,12,5,0.5676685773402819,n,h,155,0,-0.5,20,10,-10,-1.1944280826109728,english,NA,NA,1,NA,NA,0,NA,NA,1,NA,NA,1,NA,NA,1,NA,NA,1,NA,NA
unknown_lab,jd8r,1987,male,uk,uk,TRUE,TRUE,beginner,0,8,TRUE,2,FALSE,NA,20,12,5,0.5676685773402819,p,h,155,1,0.25,100,20,20,2.16686694770185,english,NA,NA,1,NA,NA,0,NA,NA,1,NA,NA,1,NA,NA,1,NA,NA,1,NA,NA
unknown_lab,jd8r,1987,male,uk,uk,TRUE,TRUE,beginner,0,8,TRUE,2,FALSE,NA,20,12,5,0.5676685773402819,p,h,155,1,0.16666666666666666,60,30,30,3.1564128700055254,english,NA,NA,1,NA,NA,0,NA,NA,1,NA,NA,1,NA,NA,1,NA,NA,1,NA,NA
unknown_lab,jd8r,1987,male,uk,uk,TRUE,TRUE,beginner,0,8,TRUE,2,FALSE,NA,20,12,5,0.5676685773402819,p,h,155,1,0.125,20,40,40,4.092443014020803,english,NA,NA,1,NA,NA,0,NA,NA,1,NA,NA,1,NA,NA,1,NA,NA,1,NA,NA
unknown_lab,jd8r,1987,male,uk,uk,TRUE,TRUE,beginner,0,8,TRUE,2,FALSE,NA,20,9,-10,-1.1944280826109728,n,l,140,1,0.3333333333333333,140,30,-30,-3.8631371386483475,english,NA,NA,1,NA,NA,0,NA,NA,1,NA,NA,1,NA,NA,1,NA,NA,1,NA,NA
unknown_lab,jd8r,1987,male,uk,uk,TRUE,TRUE,beginner,0,8,TRUE,2,FALSE,NA,20,10,-5,-0.5869152057713568,n,l,145,1,0.25,40,20,-20,-2.477410529609116,english,NA,NA,1,NA,NA,0,NA,NA,1,NA,NA,1,NA,NA,1,NA,NA,1,NA,NA
unknown_lab,jd8r,1987,male,uk,uk,TRUE,TRUE,beginner,0,8,TRUE,2,FALSE,NA,20,13,10,1.1173128526977774,0,h,160,0,NA,40,0,-0,0,english,NA,NA,1,NA,NA,0,NA,NA,1,NA,NA,1,NA,NA,1,NA,NA,1,NA,NA
unknown_lab,jd8r,1987,male,uk,uk,TRUE,TRUE,beginner,0,8,TRUE,2,FALSE,NA,20,10,-5,-0.5869152057713568,n,l,145,1,0.125,120,40,-40,-5.369507723654657,english,NA,NA,1,NA,NA,0,NA,NA,1,NA,NA,1,NA,NA,1,NA,NA,1,NA,NA
unknown_lab,jd8r,1987,male,uk,uk,TRUE,TRUE,beginner,0,8,TRUE,2,FALSE,NA,20,12,5,0.5676685773402819,n,h,155,0,-0.5,60,10,-10,-1.1944280826109728,english,NA,NA,1,NA,NA,0,NA,NA,1,NA,NA,1,NA,NA,1,NA,NA,1,NA,NA
unknown_lab,jd8r,1987,male,uk,uk,TRUE,TRUE,beginner,0,8,TRUE,2,FALSE,NA,20,12,5,0.5676685773402819,n,h,155,0,-0.5,40,10,-10,-1.1944280826109728,english,NA,NA,1,NA,NA,0,NA,NA,1,NA,NA,1,NA,NA,1,NA,NA,1,NA,NA
unknown_lab,jd8r,1987,male,uk,uk,TRUE,TRUE,beginner,0,8,TRUE,2,FALSE,NA,20,11,0,0,p,m,150,0,0,20,10,10,1.1173128526977774,english,NA,NA,1,NA,NA,0,NA,NA,1,NA,NA,1,NA,NA,1,NA,NA,1,NA,NA
unknown_lab,jd8r,1987,male,uk,uk,TRUE,TRUE,beginner,0,8,TRUE,2,FALSE,NA,20,12,5,0.5676685773402819,0,h,155,0,NA,20,0,-0,0,english,NA,NA,1,NA,NA,0,NA,NA,1,NA,NA,1,NA,NA,1,NA,NA,1,NA,NA
unknown_lab,jd8r,1987,male,uk,uk,TRUE,TRUE,beginner,0,8,TRUE,2,FALSE,NA,20,12,5,0.5676685773402819,p,h,155,1,0.25,140,20,20,2.16686694770185,english,NA,NA,1,NA,NA,0,NA,NA,1,NA,NA,1,NA,NA,1,NA,NA,1,NA,NA
unknown_lab,jd8r,1987,male,uk,uk,TRUE,TRUE,beginner,0,8,TRUE,2,FALSE,NA,20,10,-5,-0.5869152057713568,p,l,145,0,-0.125,140,40,40,4.092443014020803,english,NA,NA,1,NA,NA,0,NA,NA,1,NA,NA,1,NA,NA,1,NA,NA,1,NA,NA
unknown_lab,jd8r,1987,male,uk,uk,TRUE,TRUE,beginner,0,8,TRUE,2,FALSE,NA,20,11,0,0,p,m,150,0,0,120,10,10,1.1173128526977774,english,NA,NA,1,NA,NA,0,NA,NA,1,NA,NA,1,NA,NA,1,NA,NA,1,NA,NA
unknown_lab,jd8r,1987,male,uk,uk,TRUE,TRUE,beginner,0,8,TRUE,2,FALSE,NA,20,10,-5,-0.5869152057713568,n,l,145,1,0.5,100,10,-10,-1.1944280826109728,english,NA,NA,1,NA,NA,0,NA,NA,1,NA,NA,1,NA,NA,1,NA,NA,1,NA,NA
unknown_lab,jd8r,1987,male,uk,uk,TRUE,TRUE,beginner,0,8,TRUE,2,FALSE,NA,20,10,-5,-0.5869152057713568,p,l,145,0,-0.16666666666666666,40,30,30,3.1564128700055254,english,NA,NA,1,NA,NA,0,NA,NA,1,NA,NA,1,NA,NA,1,NA,NA,1,NA,NA
unknown_lab,jd8r,1987,male,uk,uk,TRUE,TRUE,beginner,0,8,TRUE,2,FALSE,NA,20,10,-5,-0.5869152057713568,n,l,145,1,0.125,100,40,-40,-5.369507723654657,english,NA,NA,1,NA,NA,0,NA,NA,1,NA,NA,1,NA,NA,1,NA,NA,1,NA,NA
unknown_lab,jd8r,1987,male,uk,uk,TRUE,TRUE,beginner,0,8,TRUE,2,FALSE,NA,20,10,-5,-0.5869152057713568,n,l,145,1,0.16666666666666666,100,30,-30,-3.8631371386483475,english,NA,NA,1,NA,NA,0,NA,NA,1,NA,NA,1,NA,NA,1,NA,NA,1,NA,NA
unknown_lab,jd8r,1987,male,uk,uk,TRUE,TRUE,beginner,0,8,TRUE,2,FALSE,NA,20,10,-5,-0.5869152057713568,p,l,145,0,-0.5,40,10,10,1.1173128526977774,english,NA,NA,1,NA,NA,0,NA,NA,1,NA,NA,1,NA,NA,1,NA,NA,1,NA,NA
unknown_lab,jd8r,1987,male,uk,uk,TRUE,TRUE,beginner,0,8,TRUE,2,FALSE,NA,20,10,-5,-0.5869152057713568,0,l,145,0,NA,100,0,-0,0,english,NA,NA,1,NA,NA,0,NA,NA,1,NA,NA,1,NA,NA,1,NA,NA,1,NA,NA
unknown_lab,jd8r,1987,male,uk,uk,TRUE,TRUE,beginner,0,8,TRUE,2,FALSE,NA,20,12,5,0.5676685773402819,0,h,155,0,NA,40,0,-0,0,english,NA,NA,1,NA,NA,0,NA,NA,1,NA,NA,1,NA,NA,1,NA,NA,1,NA,NA
unknown_lab,jd8r,1987,male,uk,uk,TRUE,TRUE,beginner,0,8,TRUE,2,FALSE,NA,20,12,5,0.5676685773402819,n,h,155,0,-0.25,60,20,-20,-2.477410529609116,english,NA,NA,1,NA,NA,0,NA,NA,1,NA,NA,1,NA,NA,1,NA,NA,1,NA,NA
unknown_lab,jd8r,1987,male,uk,uk,TRUE,TRUE,beginner,0,8,TRUE,2,FALSE,NA,20,10,-5,-0.5869152057713568,n,l,145,1,0.16666666666666666,120,30,-30,-3.8631371386483475,english,NA,NA,1,NA,NA,0,NA,NA,1,NA,NA,1,NA,NA,1,NA,NA,1,NA,NA
unknown_lab,jd8r,1987,male,uk,uk,TRUE,TRUE,beginner,0,8,TRUE,2,FALSE,NA,20,12,5,0.5676685773402819,n,h,155,0,-0.5,80,10,-10,-1.1944280826109728,english,NA,NA,1,NA,NA,0,NA,NA,1,NA,NA,1,NA,NA,1,NA,NA,1,NA,NA
unknown_lab,jd8r,1987,male,uk,uk,TRUE,TRUE,beginner,0,8,TRUE,2,FALSE,NA,20,12,5,0.5676685773402819,0,h,155,0,NA,140,0,-0,0,english,NA,NA,1,NA,NA,0,NA,NA,1,NA,NA,1,NA,NA,1,NA,NA,1,NA,NA
unknown_lab,jd8r,1987,male,uk,uk,TRUE,TRUE,beginner,0,8,TRUE,2,FALSE,NA,20,10,-5,-0.5869152057713568,p,l,145,0,-0.25,40,20,20,2.16686694770185,english,NA,NA,1,NA,NA,0,NA,NA,1,NA,NA,1,NA,NA,1,NA,NA,1,NA,NA
unknown_lab,jd8r,1987,male,uk,uk,TRUE,TRUE,beginner,0,8,TRUE,2,FALSE,NA,20,12,5,0.5676685773402819,p,h,155,1,0.25,100,20,20,2.16686694770185,english,NA,NA,1,NA,NA,0,NA,NA,1,NA,NA,1,NA,NA,1,NA,NA,1,NA,NA
unknown_lab,jd8r,1987,male,uk,uk,TRUE,TRUE,beginner,0,8,TRUE,2,FALSE,NA,20,12,5,0.5676685773402819,p,h,155,1,0.5,100,10,10,1.1173128526977774,english,NA,NA,1,NA,NA,0,NA,NA,1,NA,NA,1,NA,NA,1,NA,NA,1,NA,NA
unknown_lab,jd8r,1987,male,uk,uk,TRUE,TRUE,beginner,0,8,TRUE,2,FALSE,NA,20,10,-5,-0.5869152057713568,p,l,145,0,-0.5,80,10,10,1.1173128526977774,english,NA,NA,1,NA,NA,0,NA,NA,1,NA,NA,1,NA,NA,1,NA,NA,1,NA,NA
unknown_lab,jd8r,1987,male,uk,uk,TRUE,TRUE,beginner,0,8,TRUE,2,FALSE,NA,20,12,5,0.5676685773402819,p,h,155,1,0.16666666666666666,80,30,30,3.1564128700055254,english,NA,NA,1,NA,NA,0,NA,NA,1,NA,NA,1,NA,NA,1,NA,NA,1,NA,NA
unknown_lab,jd8r,1987,male,uk,uk,TRUE,TRUE,beginner,0,8,TRUE,2,FALSE,NA,20,12,5,0.5676685773402819,n,h,155,0,-0.25,80,20,-20,-2.477410529609116,english,NA,NA,1,NA,NA,0,NA,NA,1,NA,NA,1,NA,NA,1,NA,NA,1,NA,NA
unknown_lab,jd8r,1987,male,uk,uk,TRUE,TRUE,beginner,0,8,TRUE,2,FALSE,NA,20,12,5,0.5676685773402819,n,h,155,0,-0.25,100,20,-20,-2.477410529609116,english,NA,NA,1,NA,NA,0,NA,NA,1,NA,NA,1,NA,NA,1,NA,NA,1,NA,NA
unknown_lab,jd8r,1987,male,uk,uk,TRUE,TRUE,beginner,0,8,TRUE,2,FALSE,NA,20,11,0,0,p,m,150,0,0,120,40,40,4.092443014020803,english,NA,NA,1,NA,NA,0,NA,NA,1,NA,NA,1,NA,NA,1,NA,NA,1,NA,NA
unknown_lab,jd8r,1987,male,uk,uk,TRUE,TRUE,beginner,0,8,TRUE,2,FALSE,NA,20,12,5,0.5676685773402819,n,h,155,0,-0.125,40,40,-40,-5.369507723654657,english,NA,NA,1,NA,NA,0,NA,NA,1,NA,NA,1,NA,NA,1,NA,NA,1,NA,NA
unknown_lab,jd8r,1987,male,uk,uk,TRUE,TRUE,beginner,0,8,TRUE,2,FALSE,NA,20,12,5,0.5676685773402819,p,h,155,1,0.125,60,40,40,4.092443014020803,english,NA,NA,1,NA,NA,0,NA,NA,1,NA,NA,1,NA,NA,1,NA,NA,1,NA,NA
unknown_lab,jd8r,1987,male,uk,uk,TRUE,TRUE,beginner,0,8,TRUE,2,FALSE,NA,20,12,5,0.5676685773402819,n,h,155,0,-0.25,40,20,-20,-2.477410529609116,english,NA,NA,1,NA,NA,0,NA,NA,1,NA,NA,1,NA,NA,1,NA,NA,1,NA,NA
unknown_lab,jd8r,1987,male,uk,uk,TRUE,TRUE,beginner,0,8,TRUE,2,FALSE,NA,20,10,-5,-0.5869152057713568,0,l,145,0,NA,120,0,-0,0,english,NA,NA,1,NA,NA,0,NA,NA,1,NA,NA,1,NA,NA,1,NA,NA,1,NA,NA
unknown_lab,jd8r,1987,male,uk,uk,TRUE,TRUE,beginner,0,8,TRUE,2,FALSE,NA,20,12,5,0.5676685773402819,n,h,155,0,-0.5,140,10,-10,-1.1944280826109728,english,NA,NA,1,NA,NA,0,NA,NA,1,NA,NA,1,NA,NA,1,NA,NA,1,NA,NA
unknown_lab,jd8r,1987,male,uk,uk,TRUE,TRUE,beginner,0,8,TRUE,2,FALSE,NA,20,12,5,0.5676685773402819,p,h,155,1,0.125,100,40,40,4.092443014020803,english,NA,NA,1,NA,NA,0,NA,NA,1,NA,NA,1,NA,NA,1,NA,NA,1,NA,NA
unknown_lab,jd8r,1987,male,uk,uk,TRUE,TRUE,beginner,0,8,TRUE,2,FALSE,NA,20,12,5,0.5676685773402819,p,h,155,1,0.16666666666666666,60,30,30,3.1564128700055254,english,NA,NA,1,NA,NA,0,NA,NA,1,NA,NA,1,NA,NA,1,NA,NA,1,NA,NA
unknown_lab,jd8r,1987,male,uk,uk,TRUE,TRUE,beginner,0,8,TRUE,2,FALSE,NA,20,11,0,0,p,m,150,0,0,140,20,20,2.16686694770185,english,NA,NA,1,NA,NA,0,NA,NA,1,NA,NA,1,NA,NA,1,NA,NA,1,NA,NA
unknown_lab,jd8r,1987,male,uk,uk,TRUE,TRUE,beginner,0,8,TRUE,2,FALSE,NA,20,12,5,0.5676685773402819,p,h,155,1,0.5,20,10,10,1.1173128526977774,english,NA,NA,1,NA,NA,0,NA,NA,1,NA,NA,1,NA,NA,1,NA,NA,1,NA,NA
unknown_lab,jd8r,1987,male,uk,uk,TRUE,TRUE,beginner,0,8,TRUE,2,FALSE,NA,20,12,5,0.5676685773402819,n,h,155,0,-0.125,60,40,-40,-5.369507723654657,english,NA,NA,1,NA,NA,0,NA,NA,1,NA,NA,1,NA,NA,1,NA,NA,1,NA,NA
unknown_lab,jd8r,1987,male,uk,uk,TRUE,TRUE,beginner,0,8,TRUE,2,FALSE,NA,20,10,-5,-0.5869152057713568,n,l,145,1,0.16666666666666666,40,30,-30,-3.8631371386483475,english,NA,NA,1,NA,NA,0,NA,NA,1,NA,NA,1,NA,NA,1,NA,NA,1,NA,NA
unknown_lab,jd8r,1987,male,uk,uk,TRUE,TRUE,beginner,0,8,TRUE,2,FALSE,NA,20,12,5,0.5676685773402819,n,h,155,0,-0.16666666666666666,80,30,-30,-3.8631371386483475,english,NA,NA,1,NA,NA,0,NA,NA,1,NA,NA,1,NA,NA,1,NA,NA,1,NA,NA
unknown_lab,jd8r,1987,male,uk,uk,TRUE,TRUE,beginner,0,8,TRUE,2,FALSE,NA,20,12,5,0.5676685773402819,p,h,155,1,0.16666666666666666,140,30,30,3.1564128700055254,english,NA,NA,1,NA,NA,0,NA,NA,1,NA,NA,1,NA,NA,1,NA,NA,1,NA,NA
unknown_lab,jd8r,1987,male,uk,uk,TRUE,TRUE,beginner,0,8,TRUE,2,FALSE,NA,20,12,5,0.5676685773402819,p,h,155,1,0.5,40,10,10,1.1173128526977774,english,NA,NA,1,NA,NA,0,NA,NA,1,NA,NA,1,NA,NA,1,NA,NA,1,NA,NA
unknown_lab,jd8r,1987,male,uk,uk,TRUE,TRUE,beginner,0,8,TRUE,2,FALSE,NA,20,12,5,0.5676685773402819,n,h,155,0,-0.5,120,10,-10,-1.1944280826109728,english,NA,NA,1,NA,NA,0,NA,NA,1,NA,NA,1,NA,NA,1,NA,NA,1,NA,NA
unknown_lab,jd8r,1987,male,uk,uk,TRUE,TRUE,beginner,0,8,TRUE,2,FALSE,NA,20,10,-5,-0.5869152057713568,p,l,145,0,-0.16666666666666666,100,30,30,3.1564128700055254,english,NA,NA,1,NA,NA,0,NA,NA,1,NA,NA,1,NA,NA,1,NA,NA,1,NA,NA
unknown_lab,jd8r,1987,male,uk,uk,TRUE,TRUE,beginner,0,8,TRUE,2,FALSE,NA,20,12,5,0.5676685773402819,n,h,155,0,-0.125,80,40,-40,-5.369507723654657,english,NA,NA,1,NA,NA,0,NA,NA,1,NA,NA,1,NA,NA,1,NA,NA,1,NA,NA
unknown_lab,jd8r,1987,male,uk,uk,TRUE,TRUE,beginner,0,8,TRUE,2,FALSE,NA,20,10,-5,-0.5869152057713568,p,l,145,0,-0.5,60,10,10,1.1173128526977774,english,NA,NA,1,NA,NA,0,NA,NA,1,NA,NA,1,NA,NA,1,NA,NA,1,NA,NA
unknown_lab,jd8r,1987,male,uk,uk,TRUE,TRUE,beginner,0,8,TRUE,2,FALSE,NA,20,12,5,0.5676685773402819,n,h,155,0,-0.5,60,10,-10,-1.1944280826109728,english,NA,NA,1,NA,NA,0,NA,NA,1,NA,NA,1,NA,NA,1,NA,NA,1,NA,NA
unknown_lab,jd8r,1987,male,uk,uk,TRUE,TRUE,beginner,0,8,TRUE,2,FALSE,NA,20,10,-5,-0.5869152057713568,n,l,145,1,0.16666666666666666,60,30,-30,-3.8631371386483475,english,NA,NA,1,NA,NA,0,NA,NA,1,NA,NA,1,NA,NA,1,NA,NA,1,NA,NA
unknown_lab,jd8r,1987,male,uk,uk,TRUE,TRUE,beginner,0,8,TRUE,2,FALSE,NA,20,12,5,0.5676685773402819,n,h,155,0,-0.16666666666666666,100,30,-30,-3.8631371386483475,english,NA,NA,1,NA,NA,0,NA,NA,1,NA,NA,1,NA,NA,1,NA,NA,1,NA,NA
unknown_lab,jd8r,1987,male,uk,uk,TRUE,TRUE,beginner,0,8,TRUE,2,FALSE,NA,20,12,5,0.5676685773402819,n,h,155,0,-0.25,120,20,-20,-2.477410529609116,english,NA,NA,1,NA,NA,0,NA,NA,1,NA,NA,1,NA,NA,1,NA,NA,1,NA,NA
unknown_lab,jd8r,1987,male,uk,uk,TRUE,TRUE,beginner,0,8,TRUE,2,FALSE,NA,20,10,-5,-0.5869152057713568,n,l,145,1,0.25,20,20,-20,-2.477410529609116,english,NA,NA,1,NA,NA,0,NA,NA,1,NA,NA,1,NA,NA,1,NA,NA,1,NA,NA
unknown_lab,jd8r,1987,male,uk,uk,TRUE,TRUE,beginner,0,8,TRUE,2,FALSE,NA,20,12,5,0.5676685773402819,p,h,155,1,0.5,120,10,10,1.1173128526977774,english,NA,NA,1,NA,NA,0,NA,NA,1,NA,NA,1,NA,NA,1,NA,NA,1,NA,NA
unknown_lab,jd8r,1987,male,uk,uk,TRUE,TRUE,beginner,0,8,TRUE,2,FALSE,NA,20,12,5,0.5676685773402819,n,h,155,0,-0.5,100,10,-10,-1.1944280826109728,english,NA,NA,1,NA,NA,0,NA,NA,1,NA,NA,1,NA,NA,1,NA,NA,1,NA,NA
unknown_lab,jd8r,1987,male,uk,uk,TRUE,TRUE,beginner,0,8,TRUE,2,FALSE,NA,20,12,5,0.5676685773402819,p,h,155,1,0.25,120,20,20,2.16686694770185,english,NA,NA,1,NA,NA,0,NA,NA,1,NA,NA,1,NA,NA,1,NA,NA,1,NA,NA
unknown_lab,jd8r,1987,male,uk,uk,TRUE,TRUE,beginner,0,8,TRUE,2,FALSE,NA,20,12,5,0.5676685773402819,n,h,155,0,-0.125,140,40,-40,-5.369507723654657,english,NA,NA,1,NA,NA,0,NA,NA,1,NA,NA,1,NA,NA,1,NA,NA,1,NA,NA
unknown_lab,jd8r,1987,male,uk,uk,TRUE,TRUE,beginner,0,8,TRUE,2,FALSE,NA,20,12,5,0.5676685773402819,p,h,155,1,0.125,140,40,40,4.092443014020803,english,NA,NA,1,NA,NA,0,NA,NA,1,NA,NA,1,NA,NA,1,NA,NA,1,NA,NA
unknown_lab,jd8r,1987,male,uk,uk,TRUE,TRUE,beginner,0,8,TRUE,2,FALSE,NA,20,12,5,0.5676685773402819,p,h,155,1,0.25,80,20,20,2.16686694770185,english,NA,NA,1,NA,NA,0,NA,NA,1,NA,NA,1,NA,NA,1,NA,NA,1,NA,NA
unknown_lab,jd8r,1987,male,uk,uk,TRUE,TRUE,beginner,0,8,TRUE,2,FALSE,NA,20,12,5,0.5676685773402819,p,h,155,1,0.25,60,20,20,2.16686694770185,english,NA,NA,1,NA,NA,0,NA,NA,1,NA,NA,1,NA,NA,1,NA,NA,1,NA,NA
unknown_lab,jd8r,1987,male,uk,uk,TRUE,TRUE,beginner,0,8,TRUE,2,FALSE,NA,20,11,0,0,p,m,150,0,0,140,10,10,1.1173128526977774,english,NA,NA,1,NA,NA,0,NA,NA,1,NA,NA,1,NA,NA,1,NA,NA,1,NA,NA
unknown_lab,jd8r,1987,male,uk,uk,TRUE,TRUE,beginner,0,8,TRUE,2,FALSE,NA,20,12,5,0.5676685773402819,p,h,155,1,0.125,20,40,40,4.092443014020803,english,NA,NA,1,NA,NA,0,NA,NA,1,NA,NA,1,NA,NA,1,NA,NA,1,NA,NA
unknown_lab,jd8r,1987,male,uk,uk,TRUE,TRUE,beginner,0,8,TRUE,2,FALSE,NA,20,10,-5,-0.5869152057713568,n,l,145,1,0.25,140,20,-20,-2.477410529609116,english,NA,NA,1,NA,NA,0,NA,NA,1,NA,NA,1,NA,NA,1,NA,NA,1,NA,NA
unknown_lab,jd8r,1987,male,uk,uk,TRUE,TRUE,beginner,0,8,TRUE,2,FALSE,NA,20,12,5,0.5676685773402819,n,h,155,0,-0.16666666666666666,140,30,-30,-3.8631371386483475,english,NA,NA,1,NA,NA,0,NA,NA,1,NA,NA,1,NA,NA,1,NA,NA,1,NA,NA
unknown_lab,jd8r,1987,male,uk,uk,TRUE,TRUE,beginner,0,8,TRUE,2,FALSE,NA,20,12,5,0.5676685773402819,0,h,155,0,NA,100,0,-0,0,english,NA,NA,1,NA,NA,0,NA,NA,1,NA,NA,1,NA,NA,1,NA,NA,1,NA,NA
unknown_lab,jd8r,1987,male,uk,uk,TRUE,TRUE,beginner,0,8,TRUE,2,FALSE,NA,20,12,5,0.5676685773402819,0,h,155,0,NA,20,0,-0,0,english,NA,NA,1,NA,NA,0,NA,NA,1,NA,NA,1,NA,NA,1,NA,NA,1,NA,NA
unknown_lab,jd8r,1987,male,uk,uk,TRUE,TRUE,beginner,0,8,TRUE,2,FALSE,NA,20,12,5,0.5676685773402819,0,h,155,0,NA,80,0,-0,0,english,NA,NA,1,NA,NA,0,NA,NA,1,NA,NA,1,NA,NA,1,NA,NA,1,NA,NA
unknown_lab,jd8r,1987,male,uk,uk,TRUE,TRUE,beginner,0,8,TRUE,2,FALSE,NA,20,12,5,0.5676685773402819,n,h,155,0,-0.16666666666666666,20,30,-30,-3.8631371386483475,english,NA,NA,1,NA,NA,0,NA,NA,1,NA,NA,1,NA,NA,1,NA,NA,1,NA,NA
unknown_lab,jd8r,1987,male,uk,uk,TRUE,TRUE,beginner,0,8,TRUE,2,FALSE,NA,20,12,5,0.5676685773402819,p,h,155,1,0.16666666666666666,40,30,30,3.1564128700055254,english,NA,NA,1,NA,NA,0,NA,NA,1,NA,NA,1,NA,NA,1,NA,NA,1,NA,NA
unknown_lab,jd8r,1987,male,uk,uk,TRUE,TRUE,beginner,0,8,TRUE,2,FALSE,NA,20,10,-5,-0.5869152057713568,p,l,145,0,-0.16666666666666666,120,30,30,3.1564128700055254,english,NA,NA,1,NA,NA,0,NA,NA,1,NA,NA,1,NA,NA,1,NA,NA,1,NA,NA
unknown_lab,jd8r,1987,male,uk,uk,TRUE,TRUE,beginner,0,8,TRUE,2,FALSE,NA,20,12,5,0.5676685773402819,n,h,155,0,-0.125,100,40,-40,-5.369507723654657,english,NA,NA,1,NA,NA,0,NA,NA,1,NA,NA,1,NA,NA,1,NA,NA,1,NA,NA
unknown_lab,jd8r,1987,male,uk,uk,TRUE,TRUE,beginner,0,8,TRUE,2,FALSE,NA,20,11,0,0,n,m,150,0,-0,120,40,-40,-5.369507723654657,english,NA,NA,1,NA,NA,0,NA,NA,1,NA,NA,1,NA,NA,1,NA,NA,1,NA,NA
unknown_lab,jd8r,1987,male,uk,uk,TRUE,TRUE,beginner,0,8,TRUE,2,FALSE,NA,20,12,5,0.5676685773402819,0,h,155,0,NA,80,0,-0,0,english,NA,NA,1,NA,NA,0,NA,NA,1,NA,NA,1,NA,NA,1,NA,NA,1,NA,NA
unknown_lab,jd8r,1987,male,uk,uk,TRUE,TRUE,beginner,0,8,TRUE,2,FALSE,NA,20,10,-5,-0.5869152057713568,p,l,145,0,-0.25,20,20,20,2.16686694770185,english,NA,NA,1,NA,NA,0,NA,NA,1,NA,NA,1,NA,NA,1,NA,NA,1,NA,NA
unknown_lab,jd8r,1987,male,uk,uk,TRUE,TRUE,beginner,0,8,TRUE,2,FALSE,NA,20,12,5,0.5676685773402819,0,h,155,0,NA,140,0,-0,0,english,NA,NA,1,NA,NA,0,NA,NA,1,NA,NA,1,NA,NA,1,NA,NA,1,NA,NA
unknown_lab,jd8r,1987,male,uk,uk,TRUE,TRUE,beginner,0,8,TRUE,2,FALSE,NA,20,12,5,0.5676685773402819,p,h,155,1,0.125,40,40,40,4.092443014020803,english,NA,NA,1,NA,NA,0,NA,NA,1,NA,NA,1,NA,NA,1,NA,NA,1,NA,NA
unknown_lab,jd8r,1987,male,uk,uk,TRUE,TRUE,beginner,0,8,TRUE,2,FALSE,NA,20,12,5,0.5676685773402819,n,h,155,0,-0.25,60,20,-20,-2.477410529609116,english,NA,NA,1,NA,NA,0,NA,NA,1,NA,NA,1,NA,NA,1,NA,NA,1,NA,NA
unknown_lab,jd8r,1987,male,uk,uk,TRUE,TRUE,beginner,0,8,TRUE,2,FALSE,NA,20,12,5,0.5676685773402819,n,h,155,0,-0.5,20,10,-10,-1.1944280826109728,english,NA,NA,1,NA,NA,0,NA,NA,1,NA,NA,1,NA,NA,1,NA,NA,1,NA,NA
unknown_lab,a8hi,1990,female,Scotland,Scotland,TRUE,TRUE,intermediate,2,7,FALSE,NA,FALSE,NA,37,11,0,0,p,m,150,0,0,80,40,40,4.092443014020803,English,NA,NA,1,NA,NA,1,NA,NA,1,NA,NA,1,NA,NA,1,NA,NA,1,NA,NA
unknown_lab,a8hi,1990,female,Scotland,Scotland,TRUE,TRUE,intermediate,2,7,FALSE,NA,FALSE,NA,37,11,0,0,n,m,150,0,-0,60,40,-40,-5.369507723654657,English,NA,NA,1,NA,NA,1,NA,NA,1,NA,NA,1,NA,NA,1,NA,NA,1,NA,NA
unknown_lab,a8hi,1990,female,Scotland,Scotland,TRUE,TRUE,intermediate,2,7,FALSE,NA,FALSE,NA,37,11,0,0,n,m,150,0,-0,40,20,-20,-2.477410529609116,English,NA,NA,1,NA,NA,1,NA,NA,1,NA,NA,1,NA,NA,1,NA,NA,1,NA,NA
unknown_lab,a8hi,1990,female,Scotland,Scotland,TRUE,TRUE,intermediate,2,7,FALSE,NA,FALSE,NA,37,11,0,0,n,m,150,0,-0,140,20,-20,-2.477410529609116,English,NA,NA,1,NA,NA,1,NA,NA,1,NA,NA,1,NA,NA,1,NA,NA,1,NA,NA
unknown_lab,a8hi,1990,female,Scotland,Scotland,TRUE,TRUE,intermediate,2,7,FALSE,NA,FALSE,NA,37,12,5,0.5676685773402819,p,h,155,1,0.125,120,40,40,4.092443014020803,English,NA,NA,1,NA,NA,1,NA,NA,1,NA,NA,1,NA,NA,1,NA,NA,1,NA,NA
unknown_lab,a8hi,1990,female,Scotland,Scotland,TRUE,TRUE,intermediate,2,7,FALSE,NA,FALSE,NA,37,11,0,0,p,m,150,0,0,80,10,10,1.1173128526977774,English,NA,NA,1,NA,NA,1,NA,NA,1,NA,NA,1,NA,NA,1,NA,NA,1,NA,NA
unknown_lab,a8hi,1990,female,Scotland,Scotland,TRUE,TRUE,intermediate,2,7,FALSE,NA,FALSE,NA,37,11,0,0,n,m,150,0,-0,60,10,-10,-1.1944280826109728,English,NA,NA,1,NA,NA,1,NA,NA,1,NA,NA,1,NA,NA,1,NA,NA,1,NA,NA
unknown_lab,a8hi,1990,female,Scotland,Scotland,TRUE,TRUE,intermediate,2,7,FALSE,NA,FALSE,NA,37,10,-5,-0.5869152057713568,n,l,145,1,0.16666666666666666,100,30,-30,-3.8631371386483475,English,NA,NA,1,NA,NA,1,NA,NA,1,NA,NA,1,NA,NA,1,NA,NA,1,NA,NA
unknown_lab,a8hi,1990,female,Scotland,Scotland,TRUE,TRUE,intermediate,2,7,FALSE,NA,FALSE,NA,37,11,0,0,p,m,150,0,0,80,30,30,3.1564128700055254,English,NA,NA,1,NA,NA,1,NA,NA,1,NA,NA,1,NA,NA,1,NA,NA,1,NA,NA
unknown_lab,a8hi,1990,female,Scotland,Scotland,TRUE,TRUE,intermediate,2,7,FALSE,NA,FALSE,NA,37,11,0,0,0,m,150,1,NA,40,0,-0,0,English,NA,NA,1,NA,NA,1,NA,NA,1,NA,NA,1,NA,NA,1,NA,NA,1,NA,NA
unknown_lab,a8hi,1990,female,Scotland,Scotland,TRUE,TRUE,intermediate,2,7,FALSE,NA,FALSE,NA,37,10,-5,-0.5869152057713568,n,l,145,1,0.25,80,20,-20,-2.477410529609116,English,NA,NA,1,NA,NA,1,NA,NA,1,NA,NA,1,NA,NA,1,NA,NA,1,NA,NA
unknown_lab,a8hi,1990,female,Scotland,Scotland,TRUE,TRUE,intermediate,2,7,FALSE,NA,FALSE,NA,37,11,0,0,0,m,150,1,NA,100,0,-0,0,English,NA,NA,1,NA,NA,1,NA,NA,1,NA,NA,1,NA,NA,1,NA,NA,1,NA,NA
unknown_lab,a8hi,1990,female,Scotland,Scotland,TRUE,TRUE,intermediate,2,7,FALSE,NA,FALSE,NA,37,11,0,0,n,m,150,0,-0,100,10,-10,-1.1944280826109728,English,NA,NA,1,NA,NA,1,NA,NA,1,NA,NA,1,NA,NA,1,NA,NA,1,NA,NA
unknown_lab,a8hi,1990,female,Scotland,Scotland,TRUE,TRUE,intermediate,2,7,FALSE,NA,FALSE,NA,37,12,5,0.5676685773402819,p,h,155,1,0.125,140,40,40,4.092443014020803,English,NA,NA,1,NA,NA,1,NA,NA,1,NA,NA,1,NA,NA,1,NA,NA,1,NA,NA
unknown_lab,a8hi,1990,female,Scotland,Scotland,TRUE,TRUE,intermediate,2,7,FALSE,NA,FALSE,NA,37,11,0,0,n,m,150,0,-0,40,40,-40,-5.369507723654657,English,NA,NA,1,NA,NA,1,NA,NA,1,NA,NA,1,NA,NA,1,NA,NA,1,NA,NA
unknown_lab,a8hi,1990,female,Scotland,Scotland,TRUE,TRUE,intermediate,2,7,FALSE,NA,FALSE,NA,37,11,0,0,0,m,150,1,NA,20,0,-0,0,English,NA,NA,1,NA,NA,1,NA,NA,1,NA,NA,1,NA,NA,1,NA,NA,1,NA,NA
unknown_lab,a8hi,1990,female,Scotland,Scotland,TRUE,TRUE,intermediate,2,7,FALSE,NA,FALSE,NA,37,12,5,0.5676685773402819,p,h,155,1,0.5,60,10,10,1.1173128526977774,English,NA,NA,1,NA,NA,1,NA,NA,1,NA,NA,1,NA,NA,1,NA,NA,1,NA,NA
unknown_lab,a8hi,1990,female,Scotland,Scotland,TRUE,TRUE,intermediate,2,7,FALSE,NA,FALSE,NA,37,11,0,0,p,m,150,0,0,20,30,30,3.1564128700055254,English,NA,NA,1,NA,NA,1,NA,NA,1,NA,NA,1,NA,NA,1,NA,NA,1,NA,NA
unknown_lab,a8hi,1990,female,Scotland,Scotland,TRUE,TRUE,intermediate,2,7,FALSE,NA,FALSE,NA,37,11,0,0,p,m,150,0,0,140,10,10,1.1173128526977774,English,NA,NA,1,NA,NA,1,NA,NA,1,NA,NA,1,NA,NA,1,NA,NA,1,NA,NA
unknown_lab,a8hi,1990,female,Scotland,Scotland,TRUE,TRUE,intermediate,2,7,FALSE,NA,FALSE,NA,37,10,-5,-0.5869152057713568,n,l,145,1,0.125,80,40,-40,-5.369507723654657,English,NA,NA,1,NA,NA,1,NA,NA,1,NA,NA,1,NA,NA,1,NA,NA,1,NA,NA
unknown_lab,a8hi,1990,female,Scotland,Scotland,TRUE,TRUE,intermediate,2,7,FALSE,NA,FALSE,NA,37,8,-15,-1.8240371213405995,n,l,135,1,0.5,140,30,-30,-3.8631371386483475,English,NA,NA,1,NA,NA,1,NA,NA,1,NA,NA,1,NA,NA,1,NA,NA,1,NA,NA
unknown_lab,a8hi,1990,female,Scotland,Scotland,TRUE,TRUE,intermediate,2,7,FALSE,NA,FALSE,NA,37,11,0,0,0,m,150,1,NA,140,0,-0,0,English,NA,NA,1,NA,NA,1,NA,NA,1,NA,NA,1,NA,NA,1,NA,NA,1,NA,NA
unknown_lab,a8hi,1990,female,Scotland,Scotland,TRUE,TRUE,intermediate,2,7,FALSE,NA,FALSE,NA,37,10,-5,-0.5869152057713568,p,l,145,0,-0.25,40,20,20,2.16686694770185,English,NA,NA,1,NA,NA,1,NA,NA,1,NA,NA,1,NA,NA,1,NA,NA,1,NA,NA
unknown_lab,a8hi,1990,female,Scotland,Scotland,TRUE,TRUE,intermediate,2,7,FALSE,NA,FALSE,NA,37,10,-5,-0.5869152057713568,n,l,145,1,0.16666666666666666,60,30,-30,-3.8631371386483475,English,NA,NA,1,NA,NA,1,NA,NA,1,NA,NA,1,NA,NA,1,NA,NA,1,NA,NA
unknown_lab,a8hi,1990,female,Scotland,Scotland,TRUE,TRUE,intermediate,2,7,FALSE,NA,FALSE,NA,37,10,-5,-0.5869152057713568,n,l,145,1,0.5,120,10,-10,-1.1944280826109728,English,NA,NA,1,NA,NA,1,NA,NA,1,NA,NA,1,NA,NA,1,NA,NA,1,NA,NA
unknown_lab,a8hi,1990,female,Scotland,Scotland,TRUE,TRUE,intermediate,2,7,FALSE,NA,FALSE,NA,37,10,-5,-0.5869152057713568,n,l,145,1,0.5,140,10,-10,-1.1944280826109728,English,NA,NA,1,NA,NA,1,NA,NA,1,NA,NA,1,NA,NA,1,NA,NA,1,NA,NA
unknown_lab,a8hi,1990,female,Scotland,Scotland,TRUE,TRUE,intermediate,2,7,FALSE,NA,FALSE,NA,37,13,10,1.1173128526977774,p,h,160,1,0.3333333333333333,60,30,30,3.1564128700055254,English,NA,NA,1,NA,NA,1,NA,NA,1,NA,NA,1,NA,NA,1,NA,NA,1,NA,NA
unknown_lab,a8hi,1990,female,Scotland,Scotland,TRUE,TRUE,intermediate,2,7,FALSE,NA,FALSE,NA,37,11,0,0,n,m,150,0,-0,100,40,-40,-5.369507723654657,English,NA,NA,1,NA,NA,1,NA,NA,1,NA,NA,1,NA,NA,1,NA,NA,1,NA,NA
unknown_lab,a8hi,1990,female,Scotland,Scotland,TRUE,TRUE,intermediate,2,7,FALSE,NA,FALSE,NA,37,11,0,0,p,m,150,0,0,100,10,10,1.1173128526977774,English,NA,NA,1,NA,NA,1,NA,NA,1,NA,NA,1,NA,NA,1,NA,NA,1,NA,NA
unknown_lab,a8hi,1990,female,Scotland,Scotland,TRUE,TRUE,intermediate,2,7,FALSE,NA,FALSE,NA,37,12,5,0.5676685773402819,p,h,155,1,0.5,120,10,10,1.1173128526977774,English,NA,NA,1,NA,NA,1,NA,NA,1,NA,NA,1,NA,NA,1,NA,NA,1,NA,NA
unknown_lab,a8hi,1990,female,Scotland,Scotland,TRUE,TRUE,intermediate,2,7,FALSE,NA,FALSE,NA,37,13,10,1.1173128526977774,p,h,160,1,0.3333333333333333,140,30,30,3.1564128700055254,English,NA,NA,1,NA,NA,1,NA,NA,1,NA,NA,1,NA,NA,1,NA,NA,1,NA,NA
unknown_lab,a8hi,1990,female,Scotland,Scotland,TRUE,TRUE,intermediate,2,7,FALSE,NA,FALSE,NA,37,11,0,0,n,m,150,0,-0,20,30,-30,-3.8631371386483475,English,NA,NA,1,NA,NA,1,NA,NA,1,NA,NA,1,NA,NA,1,NA,NA,1,NA,NA
unknown_lab,a8hi,1990,female,Scotland,Scotland,TRUE,TRUE,intermediate,2,7,FALSE,NA,FALSE,NA,37,12,5,0.5676685773402819,n,h,155,0,-0.25,120,20,-20,-2.477410529609116,English,NA,NA,1,NA,NA,1,NA,NA,1,NA,NA,1,NA,NA,1,NA,NA,1,NA,NA
unknown_lab,a8hi,1990,female,Scotland,Scotland,TRUE,TRUE,intermediate,2,7,FALSE,NA,FALSE,NA,37,11,0,0,n,m,150,0,-0,20,20,-20,-2.477410529609116,English,NA,NA,1,NA,NA,1,NA,NA,1,NA,NA,1,NA,NA,1,NA,NA,1,NA,NA
unknown_lab,a8hi,1990,female,Scotland,Scotland,TRUE,TRUE,intermediate,2,7,FALSE,NA,FALSE,NA,37,11,0,0,n,m,150,0,-0,40,30,-30,-3.8631371386483475,English,NA,NA,1,NA,NA,1,NA,NA,1,NA,NA,1,NA,NA,1,NA,NA,1,NA,NA
unknown_lab,a8hi,1990,female,Scotland,Scotland,TRUE,TRUE,intermediate,2,7,FALSE,NA,FALSE,NA,37,13,10,1.1173128526977774,p,h,160,1,0.3333333333333333,40,30,30,3.1564128700055254,English,NA,NA,1,NA,NA,1,NA,NA,1,NA,NA,1,NA,NA,1,NA,NA,1,NA,NA
unknown_lab,a8hi,1990,female,Scotland,Scotland,TRUE,TRUE,intermediate,2,7,FALSE,NA,FALSE,NA,37,11,0,0,0,m,150,1,NA,80,0,-0,0,English,NA,NA,1,NA,NA,1,NA,NA,1,NA,NA,1,NA,NA,1,NA,NA,1,NA,NA
unknown_lab,a8hi,1990,female,Scotland,Scotland,TRUE,TRUE,intermediate,2,7,FALSE,NA,FALSE,NA,37,11,0,0,p,m,150,0,0,20,40,40,4.092443014020803,English,NA,NA,1,NA,NA,1,NA,NA,1,NA,NA,1,NA,NA,1,NA,NA,1,NA,NA
unknown_lab,a8hi,1990,female,Scotland,Scotland,TRUE,TRUE,intermediate,2,7,FALSE,NA,FALSE,NA,37,10,-5,-0.5869152057713568,n,l,145,1,0.16666666666666666,120,30,-30,-3.8631371386483475,English,NA,NA,1,NA,NA,1,NA,NA,1,NA,NA,1,NA,NA,1,NA,NA,1,NA,NA
unknown_lab,a8hi,1990,female,Scotland,Scotland,TRUE,TRUE,intermediate,2,7,FALSE,NA,FALSE,NA,37,10,-5,-0.5869152057713568,p,l,145,0,-0.125,100,40,40,4.092443014020803,English,NA,NA,1,NA,NA,1,NA,NA,1,NA,NA,1,NA,NA,1,NA,NA,1,NA,NA
unknown_lab,a8hi,1990,female,Scotland,Scotland,TRUE,TRUE,intermediate,2,7,FALSE,NA,FALSE,NA,37,11,0,0,p,m,150,0,0,20,10,10,1.1173128526977774,English,NA,NA,1,NA,NA,1,NA,NA,1,NA,NA,1,NA,NA,1,NA,NA,1,NA,NA
unknown_lab,a8hi,1990,female,Scotland,Scotland,TRUE,TRUE,intermediate,2,7,FALSE,NA,FALSE,NA,37,11,0,0,p,m,150,0,0,60,20,20,2.16686694770185,English,NA,NA,1,NA,NA,1,NA,NA,1,NA,NA,1,NA,NA,1,NA,NA,1,NA,NA
unknown_lab,a8hi,1990,female,Scotland,Scotland,TRUE,TRUE,intermediate,2,7,FALSE,NA,FALSE,NA,37,11,0,0,0,m,150,1,NA,60,0,-0,0,English,NA,NA,1,NA,NA,1,NA,NA,1,NA,NA,1,NA,NA,1,NA,NA,1,NA,NA
unknown_lab,a8hi,1990,female,Scotland,Scotland,TRUE,TRUE,intermediate,2,7,FALSE,NA,FALSE,NA,37,11,0,0,n,m,150,0,-0,40,10,-10,-1.1944280826109728,English,NA,NA,1,NA,NA,1,NA,NA,1,NA,NA,1,NA,NA,1,NA,NA,1,NA,NA
unknown_lab,a8hi,1990,female,Scotland,Scotland,TRUE,TRUE,intermediate,2,7,FALSE,NA,FALSE,NA,37,12,5,0.5676685773402819,p,h,155,1,0.16666666666666666,100,30,30,3.1564128700055254,English,NA,NA,1,NA,NA,1,NA,NA,1,NA,NA,1,NA,NA,1,NA,NA,1,NA,NA
unknown_lab,a8hi,1990,female,Scotland,Scotland,TRUE,TRUE,intermediate,2,7,FALSE,NA,FALSE,NA,37,10,-5,-0.5869152057713568,n,l,145,1,0.16666666666666666,80,30,-30,-3.8631371386483475,English,NA,NA,1,NA,NA,1,NA,NA,1,NA,NA,1,NA,NA,1,NA,NA,1,NA,NA
unknown_lab,a8hi,1990,female,Scotland,Scotland,TRUE,TRUE,intermediate,2,7,FALSE,NA,FALSE,NA,37,12,5,0.5676685773402819,p,h,155,1,0.125,40,40,40,4.092443014020803,English,NA,NA,1,NA,NA,1,NA,NA,1,NA,NA,1,NA,NA,1,NA,NA,1,NA,NA
unknown_lab,a8hi,1990,female,Scotland,Scotland,TRUE,TRUE,intermediate,2,7,FALSE,NA,FALSE,NA,37,12,5,0.5676685773402819,p,h,155,1,0.25,80,20,20,2.16686694770185,English,NA,NA,1,NA,NA,1,NA,NA,1,NA,NA,1,NA,NA,1,NA,NA,1,NA,NA
unknown_lab,a8hi,1990,female,Scotland,Scotland,TRUE,TRUE,intermediate,2,7,FALSE,NA,FALSE,NA,37,12,5,0.5676685773402819,p,h,155,1,0.25,140,20,20,2.16686694770185,English,NA,NA,1,NA,NA,1,NA,NA,1,NA,NA,1,NA,NA,1,NA,NA,1,NA,NA
unknown_lab,a8hi,1990,female,Scotland,Scotland,TRUE,TRUE,intermediate,2,7,FALSE,NA,FALSE,NA,37,11,0,0,n,m,150,0,-0,100,20,-20,-2.477410529609116,English,NA,NA,1,NA,NA,1,NA,NA,1,NA,NA,1,NA,NA,1,NA,NA,1,NA,NA
unknown_lab,a8hi,1990,female,Scotland,Scotland,TRUE,TRUE,intermediate,2,7,FALSE,NA,FALSE,NA,37,12,5,0.5676685773402819,p,h,155,1,0.125,60,40,40,4.092443014020803,English,NA,NA,1,NA,NA,1,NA,NA,1,NA,NA,1,NA,NA,1,NA,NA,1,NA,NA
unknown_lab,a8hi,1990,female,Scotland,Scotland,TRUE,TRUE,intermediate,2,7,FALSE,NA,FALSE,NA,37,12,5,0.5676685773402819,p,h,155,1,0.16666666666666666,120,30,30,3.1564128700055254,English,NA,NA,1,NA,NA,1,NA,NA,1,NA,NA,1,NA,NA,1,NA,NA,1,NA,NA
unknown_lab,a8hi,1990,female,Scotland,Scotland,TRUE,TRUE,intermediate,2,7,FALSE,NA,FALSE,NA,37,13,10,1.1173128526977774,p,h,160,1,0.5,100,20,20,2.16686694770185,English,NA,NA,1,NA,NA,1,NA,NA,1,NA,NA,1,NA,NA,1,NA,NA,1,NA,NA
unknown_lab,a8hi,1990,female,Scotland,Scotland,TRUE,TRUE,intermediate,2,7,FALSE,NA,FALSE,NA,37,11,0,0,n,m,150,0,-0,20,40,-40,-5.369507723654657,English,NA,NA,1,NA,NA,1,NA,NA,1,NA,NA,1,NA,NA,1,NA,NA,1,NA,NA
unknown_lab,a8hi,1990,female,Scotland,Scotland,TRUE,TRUE,intermediate,2,7,FALSE,NA,FALSE,NA,37,11,0,0,p,m,150,0,0,20,20,20,2.16686694770185,English,NA,NA,1,NA,NA,1,NA,NA,1,NA,NA,1,NA,NA,1,NA,NA,1,NA,NA
unknown_lab,a8hi,1990,female,Scotland,Scotland,TRUE,TRUE,intermediate,2,7,FALSE,NA,FALSE,NA,37,11,0,0,0,m,150,1,NA,20,0,-0,0,English,NA,NA,1,NA,NA,1,NA,NA,1,NA,NA,1,NA,NA,1,NA,NA,1,NA,NA
unknown_lab,a8hi,1990,female,Scotland,Scotland,TRUE,TRUE,intermediate,2,7,FALSE,NA,FALSE,NA,37,11,0,0,n,m,150,0,-0,60,20,-20,-2.477410529609116,English,NA,NA,1,NA,NA,1,NA,NA,1,NA,NA,1,NA,NA,1,NA,NA,1,NA,NA
unknown_lab,a8hi,1990,female,Scotland,Scotland,TRUE,TRUE,intermediate,2,7,FALSE,NA,FALSE,NA,37,11,0,0,p,m,150,0,0,40,10,10,1.1173128526977774,English,NA,NA,1,NA,NA,1,NA,NA,1,NA,NA,1,NA,NA,1,NA,NA,1,NA,NA
unknown_lab,a8hi,1990,female,Scotland,Scotland,TRUE,TRUE,intermediate,2,7,FALSE,NA,FALSE,NA,37,10,-5,-0.5869152057713568,n,l,145,1,0.125,120,40,-40,-5.369507723654657,English,NA,NA,1,NA,NA,1,NA,NA,1,NA,NA,1,NA,NA,1,NA,NA,1,NA,NA
unknown_lab,a8hi,1990,female,Scotland,Scotland,TRUE,TRUE,intermediate,2,7,FALSE,NA,FALSE,NA,37,11,0,0,n,m,150,0,-0,80,10,-10,-1.1944280826109728,English,NA,NA,1,NA,NA,1,NA,NA,1,NA,NA,1,NA,NA,1,NA,NA,1,NA,NA
unknown_lab,a8hi,1990,female,Scotland,Scotland,TRUE,TRUE,intermediate,2,7,FALSE,NA,FALSE,NA,37,11,0,0,n,m,150,0,-0,20,10,-10,-1.1944280826109728,English,NA,NA,1,NA,NA,1,NA,NA,1,NA,NA,1,NA,NA,1,NA,NA,1,NA,NA
unknown_lab,a8hi,1990,female,Scotland,Scotland,TRUE,TRUE,intermediate,2,7,FALSE,NA,FALSE,NA,37,11,0,0,n,m,150,0,-0,80,20,-20,-2.477410529609116,English,NA,NA,1,NA,NA,1,NA,NA,1,NA,NA,1,NA,NA,1,NA,NA,1,NA,NA
unknown_lab,a8hi,1990,female,Scotland,Scotland,TRUE,TRUE,intermediate,2,7,FALSE,NA,FALSE,NA,37,11,0,0,n,m,150,0,-0,120,30,-30,-3.8631371386483475,English,NA,NA,1,NA,NA,1,NA,NA,1,NA,NA,1,NA,NA,1,NA,NA,1,NA,NA
unknown_lab,a8hi,1990,female,Scotland,Scotland,TRUE,TRUE,intermediate,2,7,FALSE,NA,FALSE,NA,37,11,0,0,0,m,150,1,NA,40,0,-0,0,English,NA,NA,1,NA,NA,1,NA,NA,1,NA,NA,1,NA,NA,1,NA,NA,1,NA,NA
unknown_lab,a8hi,1990,female,Scotland,Scotland,TRUE,TRUE,intermediate,2,7,FALSE,NA,FALSE,NA,37,11,0,0,n,m,150,0,-0,80,10,-10,-1.1944280826109728,English,NA,NA,1,NA,NA,1,NA,NA,1,NA,NA,1,NA,NA,1,NA,NA,1,NA,NA
unknown_lab,a8hi,1990,female,Scotland,Scotland,TRUE,TRUE,intermediate,2,7,FALSE,NA,FALSE,NA,37,11,0,0,n,m,150,0,-0,60,10,-10,-1.1944280826109728,English,NA,NA,1,NA,NA,1,NA,NA,1,NA,NA,1,NA,NA,1,NA,NA,1,NA,NA
unknown_lab,a8hi,1990,female,Scotland,Scotland,TRUE,TRUE,intermediate,2,7,FALSE,NA,FALSE,NA,37,11,0,0,n,m,150,0,-0,140,10,-10,-1.1944280826109728,English,NA,NA,1,NA,NA,1,NA,NA,1,NA,NA,1,NA,NA,1,NA,NA,1,NA,NA
unknown_lab,a8hi,1990,female,Scotland,Scotland,TRUE,TRUE,intermediate,2,7,FALSE,NA,FALSE,NA,37,11,0,0,p,m,150,0,0,20,10,10,1.1173128526977774,English,NA,NA,1,NA,NA,1,NA,NA,1,NA,NA,1,NA,NA,1,NA,NA,1,NA,NA
unknown_lab,a8hi,1990,female,Scotland,Scotland,TRUE,TRUE,intermediate,2,7,FALSE,NA,FALSE,NA,37,12,5,0.5676685773402819,p,h,155,1,0.5,140,10,10,1.1173128526977774,English,NA,NA,1,NA,NA,1,NA,NA,1,NA,NA,1,NA,NA,1,NA,NA,1,NA,NA
unknown_lab,a8hi,1990,female,Scotland,Scotland,TRUE,TRUE,intermediate,2,7,FALSE,NA,FALSE,NA,37,10,-5,-0.5869152057713568,n,l,145,1,0.125,60,40,-40,-5.369507723654657,English,NA,NA,1,NA,NA,1,NA,NA,1,NA,NA,1,NA,NA,1,NA,NA,1,NA,NA
unknown_lab,a8hi,1990,female,Scotland,Scotland,TRUE,TRUE,intermediate,2,7,FALSE,NA,FALSE,NA,37,11,0,0,p,m,150,0,0,60,10,10,1.1173128526977774,English,NA,NA,1,NA,NA,1,NA,NA,1,NA,NA,1,NA,NA,1,NA,NA,1,NA,NA
unknown_lab,a8hi,1990,female,Scotland,Scotland,TRUE,TRUE,intermediate,2,7,FALSE,NA,FALSE,NA,37,13,10,1.1173128526977774,p,h,160,1,0.5,100,20,20,2.16686694770185,English,NA,NA,1,NA,NA,1,NA,NA,1,NA,NA,1,NA,NA,1,NA,NA,1,NA,NA
unknown_lab,a8hi,1990,female,Scotland,Scotland,TRUE,TRUE,intermediate,2,7,FALSE,NA,FALSE,NA,37,14,15,1.6500422849992202,p,h,165,1,0.75,80,20,20,2.16686694770185,English,NA,NA,1,NA,NA,1,NA,NA,1,NA,NA,1,NA,NA,1,NA,NA,1,NA,NA
unknown_lab,a8hi,1990,female,Scotland,Scotland,TRUE,TRUE,intermediate,2,7,FALSE,NA,FALSE,NA,37,11,0,0,n,m,150,0,-0,20,20,-20,-2.477410529609116,English,NA,NA,1,NA,NA,1,NA,NA,1,NA,NA,1,NA,NA,1,NA,NA,1,NA,NA
unknown_lab,a8hi,1990,female,Scotland,Scotland,TRUE,TRUE,intermediate,2,7,FALSE,NA,FALSE,NA,37,9,-10,-1.1944280826109728,n,l,140,1,0.3333333333333333,100,30,-30,-3.8631371386483475,English,NA,NA,1,NA,NA,1,NA,NA,1,NA,NA,1,NA,NA,1,NA,NA,1,NA,NA
unknown_lab,a8hi,1990,female,Scotland,Scotland,TRUE,TRUE,intermediate,2,7,FALSE,NA,FALSE,NA,37,9,-10,-1.1944280826109728,n,l,140,1,0.5,120,20,-20,-2.477410529609116,English,NA,NA,1,NA,NA,1,NA,NA,1,NA,NA,1,NA,NA,1,NA,NA,1,NA,NA
unknown_lab,a8hi,1990,female,Scotland,Scotland,TRUE,TRUE,intermediate,2,7,FALSE,NA,FALSE,NA,37,12,5,0.5676685773402819,p,h,155,1,0.125,40,40,40,4.092443014020803,English,NA,NA,1,NA,NA,1,NA,NA,1,NA,NA,1,NA,NA,1,NA,NA,1,NA,NA
unknown_lab,a8hi,1990,female,Scotland,Scotland,TRUE,TRUE,intermediate,2,7,FALSE,NA,FALSE,NA,37,10,-5,-0.5869152057713568,n,l,145,1,0.125,20,40,-40,-5.369507723654657,English,NA,NA,1,NA,NA,1,NA,NA,1,NA,NA,1,NA,NA,1,NA,NA,1,NA,NA
unknown_lab,a8hi,1990,female,Scotland,Scotland,TRUE,TRUE,intermediate,2,7,FALSE,NA,FALSE,NA,37,10,-5,-0.5869152057713568,n,l,145,1,0.25,100,20,-20,-2.477410529609116,English,NA,NA,1,NA,NA,1,NA,NA,1,NA,NA,1,NA,NA,1,NA,NA,1,NA,NA
unknown_lab,a8hi,1990,female,Scotland,Scotland,TRUE,TRUE,intermediate,2,7,FALSE,NA,FALSE,NA,37,10,-5,-0.5869152057713568,n,l,145,1,0.25,60,20,-20,-2.477410529609116,English,NA,NA,1,NA,NA,1,NA,NA,1,NA,NA,1,NA,NA,1,NA,NA,1,NA,NA
unknown_lab,a8hi,1990,female,Scotland,Scotland,TRUE,TRUE,intermediate,2,7,FALSE,NA,FALSE,NA,37,10,-5,-0.5869152057713568,n,l,145,1,0.125,40,40,-40,-5.369507723654657,English,NA,NA,1,NA,NA,1,NA,NA,1,NA,NA,1,NA,NA,1,NA,NA,1,NA,NA
unknown_lab,a8hi,1990,female,Scotland,Scotland,TRUE,TRUE,intermediate,2,7,FALSE,NA,FALSE,NA,37,12,5,0.5676685773402819,p,h,155,1,0.125,100,40,40,4.092443014020803,English,NA,NA,1,NA,NA,1,NA,NA,1,NA,NA,1,NA,NA,1,NA,NA,1,NA,NA
unknown_lab,a8hi,1990,female,Scotland,Scotland,TRUE,TRUE,intermediate,2,7,FALSE,NA,FALSE,NA,37,11,0,0,n,m,150,0,-0,20,10,-10,-1.1944280826109728,English,NA,NA,1,NA,NA,1,NA,NA,1,NA,NA,1,NA,NA,1,NA,NA,1,NA,NA
unknown_lab,a8hi,1990,female,Scotland,Scotland,TRUE,TRUE,intermediate,2,7,FALSE,NA,FALSE,NA,37,10,-5,-0.5869152057713568,n,l,145,1,0.5,40,10,-10,-1.1944280826109728,English,NA,NA,1,NA,NA,1,NA,NA,1,NA,NA,1,NA,NA,1,NA,NA,1,NA,NA
unknown_lab,a8hi,1990,female,Scotland,Scotland,TRUE,TRUE,intermediate,2,7,FALSE,NA,FALSE,NA,37,11,0,0,0,m,150,1,NA,80,0,-0,0,English,NA,NA,1,NA,NA,1,NA,NA,1,NA,NA,1,NA,NA,1,NA,NA,1,NA,NA
unknown_lab,a8hi,1990,female,Scotland,Scotland,TRUE,TRUE,intermediate,2,7,FALSE,NA,FALSE,NA,37,11,0,0,n,m,150,0,-0,100,10,-10,-1.1944280826109728,English,NA,NA,1,NA,NA,1,NA,NA,1,NA,NA,1,NA,NA,1,NA,NA,1,NA,NA
unknown_lab,a8hi,1990,female,Scotland,Scotland,TRUE,TRUE,intermediate,2,7,FALSE,NA,FALSE,NA,37,10,-5,-0.5869152057713568,n,l,145,1,0.125,100,40,-40,-5.369507723654657,English,NA,NA,1,NA,NA,1,NA,NA,1,NA,NA,1,NA,NA,1,NA,NA,1,NA,NA
unknown_lab,a8hi,1990,female,Scotland,Scotland,TRUE,TRUE,intermediate,2,7,FALSE,NA,FALSE,NA,37,11,0,0,n,m,150,0,-0,40,20,-20,-2.477410529609116,English,NA,NA,1,NA,NA,1,NA,NA,1,NA,NA,1,NA,NA,1,NA,NA,1,NA,NA
unknown_lab,a8hi,1990,female,Scotland,Scotland,TRUE,TRUE,intermediate,2,7,FALSE,NA,FALSE,NA,37,12,5,0.5676685773402819,p,h,155,1,0.16666666666666666,80,30,30,3.1564128700055254,English,NA,NA,1,NA,NA,1,NA,NA,1,NA,NA,1,NA,NA,1,NA,NA,1,NA,NA
unknown_lab,a8hi,1990,female,Scotland,Scotland,TRUE,TRUE,intermediate,2,7,FALSE,NA,FALSE,NA,37,11,0,0,p,m,150,0,0,60,20,20,2.16686694770185,English,NA,NA,1,NA,NA,1,NA,NA,1,NA,NA,1,NA,NA,1,NA,NA,1,NA,NA
unknown_lab,a8hi,1990,female,Scotland,Scotland,TRUE,TRUE,intermediate,2,7,FALSE,NA,FALSE,NA,37,12,5,0.5676685773402819,p,h,155,1,0.125,20,40,40,4.092443014020803,English,NA,NA,1,NA,NA,1,NA,NA,1,NA,NA,1,NA,NA,1,NA,NA,1,NA,NA
unknown_lab,a8hi,1990,female,Scotland,Scotland,TRUE,TRUE,intermediate,2,7,FALSE,NA,FALSE,NA,37,13,10,1.1173128526977774,p,h,160,1,0.3333333333333333,120,30,30,3.1564128700055254,English,NA,NA,1,NA,NA,1,NA,NA,1,NA,NA,1,NA,NA,1,NA,NA,1,NA,NA
unknown_lab,a8hi,1990,female,Scotland,Scotland,TRUE,TRUE,intermediate,2,7,FALSE,NA,FALSE,NA,37,10,-5,-0.5869152057713568,p,l,145,0,-0.5,40,10,10,1.1173128526977774,English,NA,NA,1,NA,NA,1,NA,NA,1,NA,NA,1,NA,NA,1,NA,NA,1,NA,NA
unknown_lab,a8hi,1990,female,Scotland,Scotland,TRUE,TRUE,intermediate,2,7,FALSE,NA,FALSE,NA,37,9,-10,-1.1944280826109728,n,l,140,1,0.25,80,40,-40,-5.369507723654657,English,NA,NA,1,NA,NA,1,NA,NA,1,NA,NA,1,NA,NA,1,NA,NA,1,NA,NA
unknown_lab,a8hi,1990,female,Scotland,Scotland,TRUE,TRUE,intermediate,2,7,FALSE,NA,FALSE,NA,37,13,10,1.1173128526977774,p,h,160,1,0.3333333333333333,60,30,30,3.1564128700055254,English,NA,NA,1,NA,NA,1,NA,NA,1,NA,NA,1,NA,NA,1,NA,NA,1,NA,NA
unknown_lab,a8hi,1990,female,Scotland,Scotland,TRUE,TRUE,intermediate,2,7,FALSE,NA,FALSE,NA,37,14,15,1.6500422849992202,p,h,165,1,0.5,100,30,30,3.1564128700055254,English,NA,NA,1,NA,NA,1,NA,NA,1,NA,NA,1,NA,NA,1,NA,NA,1,NA,NA
unknown_lab,a8hi,1990,female,Scotland,Scotland,TRUE,TRUE,intermediate,2,7,FALSE,NA,FALSE,NA,37,10,-5,-0.5869152057713568,n,l,145,1,0.16666666666666666,80,30,-30,-3.8631371386483475,English,NA,NA,1,NA,NA,1,NA,NA,1,NA,NA,1,NA,NA,1,NA,NA,1,NA,NA
unknown_lab,a8hi,1990,female,Scotland,Scotland,TRUE,TRUE,intermediate,2,7,FALSE,NA,FALSE,NA,37,13,10,1.1173128526977774,p,h,160,1,0.5,140,20,20,2.16686694770185,English,NA,NA,1,NA,NA,1,NA,NA,1,NA,NA,1,NA,NA,1,NA,NA,1,NA,NA
unknown_lab,a8hi,1990,female,Scotland,Scotland,TRUE,TRUE,intermediate,2,7,FALSE,NA,FALSE,NA,37,10,-5,-0.5869152057713568,n,l,145,1,0.125,140,40,-40,-5.369507723654657,English,NA,NA,1,NA,NA,1,NA,NA,1,NA,NA,1,NA,NA,1,NA,NA,1,NA,NA
unknown_lab,a8hi,1990,female,Scotland,Scotland,TRUE,TRUE,intermediate,2,7,FALSE,NA,FALSE,NA,37,8,-15,-1.8240371213405995,n,l,135,1,0.5,140,30,-30,-3.8631371386483475,English,NA,NA,1,NA,NA,1,NA,NA,1,NA,NA,1,NA,NA,1,NA,NA,1,NA,NA
unknown_lab,a8hi,1990,female,Scotland,Scotland,TRUE,TRUE,intermediate,2,7,FALSE,NA,FALSE,NA,37,10,-5,-0.5869152057713568,p,l,145,0,-0.5,120,10,10,1.1173128526977774,English,NA,NA,1,NA,NA,1,NA,NA,1,NA,NA,1,NA,NA,1,NA,NA,1,NA,NA
unknown_lab,a8hi,1990,female,Scotland,Scotland,TRUE,TRUE,intermediate,2,7,FALSE,NA,FALSE,NA,37,14,15,1.6500422849992202,p,h,165,1,0.375,140,40,40,4.092443014020803,English,NA,NA,1,NA,NA,1,NA,NA,1,NA,NA,1,NA,NA,1,NA,NA,1,NA,NA
unknown_lab,a8hi,1990,female,Scotland,Scotland,TRUE,TRUE,intermediate,2,7,FALSE,NA,FALSE,NA,37,13,10,1.1173128526977774,p,h,160,1,0.25,120,40,40,4.092443014020803,English,NA,NA,1,NA,NA,1,NA,NA,1,NA,NA,1,NA,NA,1,NA,NA,1,NA,NA
unknown_lab,a8hi,1990,female,Scotland,Scotland,TRUE,TRUE,intermediate,2,7,FALSE,NA,FALSE,NA,37,12,5,0.5676685773402819,p,h,155,1,0.25,120,20,20,2.16686694770185,English,NA,NA,1,NA,NA,1,NA,NA,1,NA,NA,1,NA,NA,1,NA,NA,1,NA,NA
unknown_lab,a8hi,1990,female,Scotland,Scotland,TRUE,TRUE,intermediate,2,7,FALSE,NA,FALSE,NA,37,11,0,0,p,m,150,0,0,80,10,10,1.1173128526977774,English,NA,NA,1,NA,NA,1,NA,NA,1,NA,NA,1,NA,NA,1,NA,NA,1,NA,NA
unknown_lab,a8hi,1990,female,Scotland,Scotland,TRUE,TRUE,intermediate,2,7,FALSE,NA,FALSE,NA,37,11,0,0,p,m,150,0,0,40,20,20,2.16686694770185,English,NA,NA,1,NA,NA,1,NA,NA,1,NA,NA,1,NA,NA,1,NA,NA,1,NA,NA
unknown_lab,a8hi,1990,female,Scotland,Scotland,TRUE,TRUE,intermediate,2,7,FALSE,NA,FALSE,NA,37,10,-5,-0.5869152057713568,n,l,145,1,0.25,140,20,-20,-2.477410529609116,English,NA,NA,1,NA,NA,1,NA,NA,1,NA,NA,1,NA,NA,1,NA,NA,1,NA,NA
unknown_lab,a8hi,1990,female,Scotland,Scotland,TRUE,TRUE,intermediate,2,7,FALSE,NA,FALSE,NA,37,14,15,1.6500422849992202,p,h,165,1,0.5,140,30,30,3.1564128700055254,English,NA,NA,1,NA,NA,1,NA,NA,1,NA,NA,1,NA,NA,1,NA,NA,1,NA,NA
unknown_lab,a8hi,1990,female,Scotland,Scotland,TRUE,TRUE,intermediate,2,7,FALSE,NA,FALSE,NA,37,11,0,0,0,m,150,1,NA,120,0,-0,0,English,NA,NA,1,NA,NA,1,NA,NA,1,NA,NA,1,NA,NA,1,NA,NA,1,NA,NA
unknown_lab,a8hi,1990,female,Scotland,Scotland,TRUE,TRUE,intermediate,2,7,FALSE,NA,FALSE,NA,37,15,20,2.16686694770185,p,h,170,1,0.5,80,40,40,4.092443014020803,English,NA,NA,1,NA,NA,1,NA,NA,1,NA,NA,1,NA,NA,1,NA,NA,1,NA,NA
unknown_lab,a8hi,1990,female,Scotland,Scotland,TRUE,TRUE,intermediate,2,7,FALSE,NA,FALSE,NA,37,11,0,0,p,m,150,0,0,20,20,20,2.16686694770185,English,NA,NA,1,NA,NA,1,NA,NA,1,NA,NA,1,NA,NA,1,NA,NA,1,NA,NA
unknown_lab,a8hi,1990,female,Scotland,Scotland,TRUE,TRUE,intermediate,2,7,FALSE,NA,FALSE,NA,37,11,0,0,n,m,150,0,-0,20,30,-30,-3.8631371386483475,English,NA,NA,1,NA,NA,1,NA,NA,1,NA,NA,1,NA,NA,1,NA,NA,1,NA,NA
unknown_lab,a8hi,1990,female,Scotland,Scotland,TRUE,TRUE,intermediate,2,7,FALSE,NA,FALSE,NA,37,11,0,0,0,m,150,1,NA,120,0,-0,0,English,NA,NA,1,NA,NA,1,NA,NA,1,NA,NA,1,NA,NA,1,NA,NA,1,NA,NA
unknown_lab,a8hi,1990,female,Scotland,Scotland,TRUE,TRUE,intermediate,2,7,FALSE,NA,FALSE,NA,37,10,-5,-0.5869152057713568,n,l,145,1,0.16666666666666666,60,30,-30,-3.8631371386483475,English,NA,NA,1,NA,NA,1,NA,NA,1,NA,NA,1,NA,NA,1,NA,NA,1,NA,NA
unknown_lab,a8hi,1990,female,Scotland,Scotland,TRUE,TRUE,intermediate,2,7,FALSE,NA,FALSE,NA,37,13,10,1.1173128526977774,p,h,160,1,0.3333333333333333,40,30,30,3.1564128700055254,English,NA,NA,1,NA,NA,1,NA,NA,1,NA,NA,1,NA,NA,1,NA,NA,1,NA,NA
unknown_lab,a8hi,1990,female,Scotland,Scotland,TRUE,TRUE,intermediate,2,7,FALSE,NA,FALSE,NA,37,12,5,0.5676685773402819,p,h,155,1,0.5,100,10,10,1.1173128526977774,English,NA,NA,1,NA,NA,1,NA,NA,1,NA,NA,1,NA,NA,1,NA,NA,1,NA,NA
unknown_lab,a8hi,1990,female,Scotland,Scotland,TRUE,TRUE,intermediate,2,7,FALSE,NA,FALSE,NA,37,11,0,0,0,m,150,1,NA,100,0,-0,0,English,NA,NA,1,NA,NA,1,NA,NA,1,NA,NA,1,NA,NA,1,NA,NA,1,NA,NA
unknown_lab,a8hi,1990,female,Scotland,Scotland,TRUE,TRUE,intermediate,2,7,FALSE,NA,FALSE,NA,37,11,0,0,0,m,150,1,NA,60,0,-0,0,English,NA,NA,1,NA,NA,1,NA,NA,1,NA,NA,1,NA,NA,1,NA,NA,1,NA,NA
unknown_lab,a8hi,1990,female,Scotland,Scotland,TRUE,TRUE,intermediate,2,7,FALSE,NA,FALSE,NA,37,11,0,0,n,m,150,0,-0,120,10,-10,-1.1944280826109728,English,NA,NA,1,NA,NA,1,NA,NA,1,NA,NA,1,NA,NA,1,NA,NA,1,NA,NA
unknown_lab,a8hi,1990,female,Scotland,Scotland,TRUE,TRUE,intermediate,2,7,FALSE,NA,FALSE,NA,37,11,0,0,0,m,150,1,NA,140,0,-0,0,English,NA,NA,1,NA,NA,1,NA,NA,1,NA,NA,1,NA,NA,1,NA,NA,1,NA,NA
unknown_lab,a8hi,1990,female,Scotland,Scotland,TRUE,TRUE,intermediate,2,7,FALSE,NA,FALSE,NA,37,11,0,0,p,m,150,0,0,20,30,30,3.1564128700055254,English,NA,NA,1,NA,NA,1,NA,NA,1,NA,NA,1,NA,NA,1,NA,NA,1,NA,NA
unknown_lab,a8hi,1990,female,Scotland,Scotland,TRUE,TRUE,intermediate,2,7,FALSE,NA,FALSE,NA,37,10,-5,-0.5869152057713568,n,l,145,1,0.125,120,40,-40,-5.369507723654657,English,NA,NA,1,NA,NA,1,NA,NA,1,NA,NA,1,NA,NA,1,NA,NA,1,NA,NA
unknown_lab,a8hi,1990,female,Scotland,Scotland,TRUE,TRUE,intermediate,2,7,FALSE,NA,FALSE,NA,37,13,10,1.1173128526977774,p,h,160,1,0.25,60,40,40,4.092443014020803,English,NA,NA,1,NA,NA,1,NA,NA,1,NA,NA,1,NA,NA,1,NA,NA,1,NA,NA
unknown_lab,a8hi,1990,female,Scotland,Scotland,TRUE,TRUE,intermediate,2,7,FALSE,NA,FALSE,NA,37,10,-5,-0.5869152057713568,n,l,145,1,0.16666666666666666,40,30,-30,-3.8631371386483475,English,NA,NA,1,NA,NA,1,NA,NA,1,NA,NA,1,NA,NA,1,NA,NA,1,NA,NA
unknown_lab,wawx,1998,male,United Kingdom,United Kingdom,TRUE,TRUE,beginner,1,6,TRUE,0.5,FALSE,NA,29,12,5,0.5676685773402819,p,h,155,1,0.16666666666666666,40,30,30,3.1564128700055254,English,Spanish,Portuguese,1,4,4,0,13,27,1,4,4,1,4,4,1,4,4,1,4,4
unknown_lab,wawx,1998,male,United Kingdom,United Kingdom,TRUE,TRUE,beginner,1,6,TRUE,0.5,FALSE,NA,29,11,0,0,p,m,150,0,0,140,20,20,2.16686694770185,English,Spanish,Portuguese,1,4,4,0,13,27,1,4,4,1,4,4,1,4,4,1,4,4
unknown_lab,wawx,1998,male,United Kingdom,United Kingdom,TRUE,TRUE,beginner,1,6,TRUE,0.5,FALSE,NA,29,11,0,0,p,m,150,0,0,40,40,40,4.092443014020803,English,Spanish,Portuguese,1,4,4,0,13,27,1,4,4,1,4,4,1,4,4,1,4,4
unknown_lab,wawx,1998,male,United Kingdom,United Kingdom,TRUE,TRUE,beginner,1,6,TRUE,0.5,FALSE,NA,29,12,5,0.5676685773402819,n,h,155,0,-0.16666666666666666,80,30,-30,-3.8631371386483475,English,Spanish,Portuguese,1,4,4,0,13,27,1,4,4,1,4,4,1,4,4,1,4,4
unknown_lab,wawx,1998,male,United Kingdom,United Kingdom,TRUE,TRUE,beginner,1,6,TRUE,0.5,FALSE,NA,29,11,0,0,p,m,150,0,0,80,10,10,1.1173128526977774,English,Spanish,Portuguese,1,4,4,0,13,27,1,4,4,1,4,4,1,4,4,1,4,4
unknown_lab,wawx,1998,male,United Kingdom,United Kingdom,TRUE,TRUE,beginner,1,6,TRUE,0.5,FALSE,NA,29,12,5,0.5676685773402819,p,h,155,1,0.5,120,10,10,1.1173128526977774,English,Spanish,Portuguese,1,4,4,0,13,27,1,4,4,1,4,4,1,4,4,1,4,4
unknown_lab,wawx,1998,male,United Kingdom,United Kingdom,TRUE,TRUE,beginner,1,6,TRUE,0.5,FALSE,NA,29,12,5,0.5676685773402819,n,h,155,0,-0.125,40,40,-40,-5.369507723654657,English,Spanish,Portuguese,1,4,4,0,13,27,1,4,4,1,4,4,1,4,4,1,4,4
unknown_lab,wawx,1998,male,United Kingdom,United Kingdom,TRUE,TRUE,beginner,1,6,TRUE,0.5,FALSE,NA,29,11,0,0,p,m,150,0,0,60,10,10,1.1173128526977774,English,Spanish,Portuguese,1,4,4,0,13,27,1,4,4,1,4,4,1,4,4,1,4,4
unknown_lab,wawx,1998,male,United Kingdom,United Kingdom,TRUE,TRUE,beginner,1,6,TRUE,0.5,FALSE,NA,29,11,0,0,n,m,150,0,-0,60,10,-10,-1.1944280826109728,English,Spanish,Portuguese,1,4,4,0,13,27,1,4,4,1,4,4,1,4,4,1,4,4
unknown_lab,wawx,1998,male,United Kingdom,United Kingdom,TRUE,TRUE,beginner,1,6,TRUE,0.5,FALSE,NA,29,11,0,0,n,m,150,0,-0,40,20,-20,-2.477410529609116,English,Spanish,Portuguese,1,4,4,0,13,27,1,4,4,1,4,4,1,4,4,1,4,4
unknown_lab,wawx,1998,male,United Kingdom,United Kingdom,TRUE,TRUE,beginner,1,6,TRUE,0.5,FALSE,NA,29,12,5,0.5676685773402819,p,h,155,1,0.25,80,20,20,2.16686694770185,English,Spanish,Portuguese,1,4,4,0,13,27,1,4,4,1,4,4,1,4,4,1,4,4
unknown_lab,wawx,1998,male,United Kingdom,United Kingdom,TRUE,TRUE,beginner,1,6,TRUE,0.5,FALSE,NA,29,11,0,0,n,m,150,0,-0,60,20,-20,-2.477410529609116,English,Spanish,Portuguese,1,4,4,0,13,27,1,4,4,1,4,4,1,4,4,1,4,4
unknown_lab,wawx,1998,male,United Kingdom,United Kingdom,TRUE,TRUE,beginner,1,6,TRUE,0.5,FALSE,NA,29,13,10,1.1173128526977774,p,h,160,1,0.25,120,40,40,4.092443014020803,English,Spanish,Portuguese,1,4,4,0,13,27,1,4,4,1,4,4,1,4,4,1,4,4
unknown_lab,wawx,1998,male,United Kingdom,United Kingdom,TRUE,TRUE,beginner,1,6,TRUE,0.5,FALSE,NA,29,11,0,0,n,m,150,0,-0,20,10,-10,-1.1944280826109728,English,Spanish,Portuguese,1,4,4,0,13,27,1,4,4,1,4,4,1,4,4,1,4,4
unknown_lab,wawx,1998,male,United Kingdom,United Kingdom,TRUE,TRUE,beginner,1,6,TRUE,0.5,FALSE,NA,29,11,0,0,0,m,150,1,NA,120,0,-0,0,English,Spanish,Portuguese,1,4,4,0,13,27,1,4,4,1,4,4,1,4,4,1,4,4
unknown_lab,wawx,1998,male,United Kingdom,United Kingdom,TRUE,TRUE,beginner,1,6,TRUE,0.5,FALSE,NA,29,10,-5,-0.5869152057713568,n,l,145,1,0.5,120,10,-10,-1.1944280826109728,English,Spanish,Portuguese,1,4,4,0,13,27,1,4,4,1,4,4,1,4,4,1,4,4
unknown_lab,wawx,1998,male,United Kingdom,United Kingdom,TRUE,TRUE,beginner,1,6,TRUE,0.5,FALSE,NA,29,7,-20,-2.477410529609116,n,l,130,1,0.6666666666666666,140,30,-30,-3.8631371386483475,English,Spanish,Portuguese,1,4,4,0,13,27,1,4,4,1,4,4,1,4,4,1,4,4
unknown_lab,wawx,1998,male,United Kingdom,United Kingdom,TRUE,TRUE,beginner,1,6,TRUE,0.5,FALSE,NA,29,11,0,0,0,m,150,1,NA,40,0,-0,0,English,Spanish,Portuguese,1,4,4,0,13,27,1,4,4,1,4,4,1,4,4,1,4,4
unknown_lab,wawx,1998,male,United Kingdom,United Kingdom,TRUE,TRUE,beginner,1,6,TRUE,0.5,FALSE,NA,29,11,0,0,n,m,150,0,-0,120,20,-20,-2.477410529609116,English,Spanish,Portuguese,1,4,4,0,13,27,1,4,4,1,4,4,1,4,4,1,4,4
unknown_lab,wawx,1998,male,United Kingdom,United Kingdom,TRUE,TRUE,beginner,1,6,TRUE,0.5,FALSE,NA,29,11,0,0,p,m,150,0,0,60,20,20,2.16686694770185,English,Spanish,Portuguese,1,4,4,0,13,27,1,4,4,1,4,4,1,4,4,1,4,4
unknown_lab,wawx,1998,male,United Kingdom,United Kingdom,TRUE,TRUE,beginner,1,6,TRUE,0.5,FALSE,NA,29,12,5,0.5676685773402819,0,h,155,0,NA,100,0,-0,0,English,Spanish,Portuguese,1,4,4,0,13,27,1,4,4,1,4,4,1,4,4,1,4,4
unknown_lab,wawx,1998,male,United Kingdom,United Kingdom,TRUE,TRUE,beginner,1,6,TRUE,0.5,FALSE,NA,29,11,0,0,p,m,150,0,0,60,30,30,3.1564128700055254,English,Spanish,Portuguese,1,4,4,0,13,27,1,4,4,1,4,4,1,4,4,1,4,4
unknown_lab,wawx,1998,male,United Kingdom,United Kingdom,TRUE,TRUE,beginner,1,6,TRUE,0.5,FALSE,NA,29,11,0,0,p,m,150,0,0,100,30,30,3.1564128700055254,English,Spanish,Portuguese,1,4,4,0,13,27,1,4,4,1,4,4,1,4,4,1,4,4
unknown_lab,wawx,1998,male,United Kingdom,United Kingdom,TRUE,TRUE,beginner,1,6,TRUE,0.5,FALSE,NA,29,11,0,0,p,m,150,0,0,120,30,30,3.1564128700055254,English,Spanish,Portuguese,1,4,4,0,13,27,1,4,4,1,4,4,1,4,4,1,4,4
unknown_lab,wawx,1998,male,United Kingdom,United Kingdom,TRUE,TRUE,beginner,1,6,TRUE,0.5,FALSE,NA,29,11,0,0,p,m,150,0,0,120,20,20,2.16686694770185,English,Spanish,Portuguese,1,4,4,0,13,27,1,4,4,1,4,4,1,4,4,1,4,4
unknown_lab,wawx,1998,male,United Kingdom,United Kingdom,TRUE,TRUE,beginner,1,6,TRUE,0.5,FALSE,NA,29,10,-5,-0.5869152057713568,p,l,145,0,-0.5,20,10,10,1.1173128526977774,English,Spanish,Portuguese,1,4,4,0,13,27,1,4,4,1,4,4,1,4,4,1,4,4
unknown_lab,wawx,1998,male,United Kingdom,United Kingdom,TRUE,TRUE,beginner,1,6,TRUE,0.5,FALSE,NA,29,11,0,0,0,m,150,1,NA,120,0,-0,0,English,Spanish,Portuguese,1,4,4,0,13,27,1,4,4,1,4,4,1,4,4,1,4,4
unknown_lab,wawx,1998,male,United Kingdom,United Kingdom,TRUE,TRUE,beginner,1,6,TRUE,0.5,FALSE,NA,29,11,0,0,p,m,150,0,0,20,20,20,2.16686694770185,English,Spanish,Portuguese,1,4,4,0,13,27,1,4,4,1,4,4,1,4,4,1,4,4
unknown_lab,wawx,1998,male,United Kingdom,United Kingdom,TRUE,TRUE,beginner,1,6,TRUE,0.5,FALSE,NA,29,11,0,0,p,m,150,0,0,40,10,10,1.1173128526977774,English,Spanish,Portuguese,1,4,4,0,13,27,1,4,4,1,4,4,1,4,4,1,4,4
unknown_lab,wawx,1998,male,United Kingdom,United Kingdom,TRUE,TRUE,beginner,1,6,TRUE,0.5,FALSE,NA,29,11,0,0,p,m,150,0,0,100,10,10,1.1173128526977774,English,Spanish,Portuguese,1,4,4,0,13,27,1,4,4,1,4,4,1,4,4,1,4,4
unknown_lab,wawx,1998,male,United Kingdom,United Kingdom,TRUE,TRUE,beginner,1,6,TRUE,0.5,FALSE,NA,29,11,0,0,0,m,150,1,NA,40,0,-0,0,English,Spanish,Portuguese,1,4,4,0,13,27,1,4,4,1,4,4,1,4,4,1,4,4
unknown_lab,wawx,1998,male,United Kingdom,United Kingdom,TRUE,TRUE,beginner,1,6,TRUE,0.5,FALSE,NA,29,11,0,0,n,m,150,0,-0,80,10,-10,-1.1944280826109728,English,Spanish,Portuguese,1,4,4,0,13,27,1,4,4,1,4,4,1,4,4,1,4,4
unknown_lab,wawx,1998,male,United Kingdom,United Kingdom,TRUE,TRUE,beginner,1,6,TRUE,0.5,FALSE,NA,29,10,-5,-0.5869152057713568,n,l,145,1,0.5,140,10,-10,-1.1944280826109728,English,Spanish,Portuguese,1,4,4,0,13,27,1,4,4,1,4,4,1,4,4,1,4,4
unknown_lab,wawx,1998,male,United Kingdom,United Kingdom,TRUE,TRUE,beginner,1,6,TRUE,0.5,FALSE,NA,29,11,0,0,0,m,150,1,NA,60,0,-0,0,English,Spanish,Portuguese,1,4,4,0,13,27,1,4,4,1,4,4,1,4,4,1,4,4
unknown_lab,wawx,1998,male,United Kingdom,United Kingdom,TRUE,TRUE,beginner,1,6,TRUE,0.5,FALSE,NA,29,11,0,0,n,m,150,0,-0,20,20,-20,-2.477410529609116,English,Spanish,Portuguese,1,4,4,0,13,27,1,4,4,1,4,4,1,4,4,1,4,4
unknown_lab,wawx,1998,male,United Kingdom,United Kingdom,TRUE,TRUE,beginner,1,6,TRUE,0.5,FALSE,NA,29,11,0,0,n,m,150,0,-0,20,40,-40,-5.369507723654657,English,Spanish,Portuguese,1,4,4,0,13,27,1,4,4,1,4,4,1,4,4,1,4,4
unknown_lab,wawx,1998,male,United Kingdom,United Kingdom,TRUE,TRUE,beginner,1,6,TRUE,0.5,FALSE,NA,29,11,0,0,p,m,150,0,0,20,30,30,3.1564128700055254,English,Spanish,Portuguese,1,4,4,0,13,27,1,4,4,1,4,4,1,4,4,1,4,4
unknown_lab,wawx,1998,male,United Kingdom,United Kingdom,TRUE,TRUE,beginner,1,6,TRUE,0.5,FALSE,NA,29,11,0,0,n,m,150,0,-0,120,40,-40,-5.369507723654657,English,Spanish,Portuguese,1,4,4,0,13,27,1,4,4,1,4,4,1,4,4,1,4,4
unknown_lab,wawx,1998,male,United Kingdom,United Kingdom,TRUE,TRUE,beginner,1,6,TRUE,0.5,FALSE,NA,29,10,-5,-0.5869152057713568,n,l,145,1,0.125,140,40,-40,-5.369507723654657,English,Spanish,Portuguese,1,4,4,0,13,27,1,4,4,1,4,4,1,4,4,1,4,4
unknown_lab,wawx,1998,male,United Kingdom,United Kingdom,TRUE,TRUE,beginner,1,6,TRUE,0.5,FALSE,NA,29,11,0,0,n,m,150,0,-0,140,20,-20,-2.477410529609116,English,Spanish,Portuguese,1,4,4,0,13,27,1,4,4,1,4,4,1,4,4,1,4,4
unknown_lab,wawx,1998,male,United Kingdom,United Kingdom,TRUE,TRUE,beginner,1,6,TRUE,0.5,FALSE,NA,29,11,0,0,n,m,150,0,-0,60,40,-40,-5.369507723654657,English,Spanish,Portuguese,1,4,4,0,13,27,1,4,4,1,4,4,1,4,4,1,4,4
unknown_lab,wawx,1998,male,United Kingdom,United Kingdom,TRUE,TRUE,beginner,1,6,TRUE,0.5,FALSE,NA,29,11,0,0,p,m,150,0,0,40,20,20,2.16686694770185,English,Spanish,Portuguese,1,4,4,0,13,27,1,4,4,1,4,4,1,4,4,1,4,4
unknown_lab,wawx,1998,male,United Kingdom,United Kingdom,TRUE,TRUE,beginner,1,6,TRUE,0.5,FALSE,NA,29,11,0,0,n,m,150,0,-0,40,10,-10,-1.1944280826109728,English,Spanish,Portuguese,1,4,4,0,13,27,1,4,4,1,4,4,1,4,4,1,4,4
unknown_lab,wawx,1998,male,United Kingdom,United Kingdom,TRUE,TRUE,beginner,1,6,TRUE,0.5,FALSE,NA,29,11,0,0,p,m,150,0,0,140,10,10,1.1173128526977774,English,Spanish,Portuguese,1,4,4,0,13,27,1,4,4,1,4,4,1,4,4,1,4,4
unknown_lab,wawx,1998,male,United Kingdom,United Kingdom,TRUE,TRUE,beginner,1,6,TRUE,0.5,FALSE,NA,29,11,0,0,n,m,150,0,-0,80,20,-20,-2.477410529609116,English,Spanish,Portuguese,1,4,4,0,13,27,1,4,4,1,4,4,1,4,4,1,4,4
unknown_lab,wawx,1998,male,United Kingdom,United Kingdom,TRUE,TRUE,beginner,1,6,TRUE,0.5,FALSE,NA,29,11,0,0,n,m,150,0,-0,100,10,-10,-1.1944280826109728,English,Spanish,Portuguese,1,4,4,0,13,27,1,4,4,1,4,4,1,4,4,1,4,4
unknown_lab,wawx,1998,male,United Kingdom,United Kingdom,TRUE,TRUE,beginner,1,6,TRUE,0.5,FALSE,NA,29,11,0,0,p,m,150,0,0,140,30,30,3.1564128700055254,English,Spanish,Portuguese,1,4,4,0,13,27,1,4,4,1,4,4,1,4,4,1,4,4
unknown_lab,wawx,1998,male,United Kingdom,United Kingdom,TRUE,TRUE,beginner,1,6,TRUE,0.5,FALSE,NA,29,11,0,0,n,m,150,0,-0,120,30,-30,-3.8631371386483475,English,Spanish,Portuguese,1,4,4,0,13,27,1,4,4,1,4,4,1,4,4,1,4,4
unknown_lab,wawx,1998,male,United Kingdom,United Kingdom,TRUE,TRUE,beginner,1,6,TRUE,0.5,FALSE,NA,29,11,0,0,n,m,150,0,-0,20,30,-30,-3.8631371386483475,English,Spanish,Portuguese,1,4,4,0,13,27,1,4,4,1,4,4,1,4,4,1,4,4
unknown_lab,wawx,1998,male,United Kingdom,United Kingdom,TRUE,TRUE,beginner,1,6,TRUE,0.5,FALSE,NA,29,11,0,0,p,m,150,0,0,100,40,40,4.092443014020803,English,Spanish,Portuguese,1,4,4,0,13,27,1,4,4,1,4,4,1,4,4,1,4,4
unknown_lab,wawx,1998,male,United Kingdom,United Kingdom,TRUE,TRUE,beginner,1,6,TRUE,0.5,FALSE,NA,29,11,0,0,p,m,150,0,0,20,40,40,4.092443014020803,English,Spanish,Portuguese,1,4,4,0,13,27,1,4,4,1,4,4,1,4,4,1,4,4
unknown_lab,wawx,1998,male,United Kingdom,United Kingdom,TRUE,TRUE,beginner,1,6,TRUE,0.5,FALSE,NA,29,11,0,0,n,m,150,0,-0,100,40,-40,-5.369507723654657,English,Spanish,Portuguese,1,4,4,0,13,27,1,4,4,1,4,4,1,4,4,1,4,4
unknown_lab,wawx,1998,male,United Kingdom,United Kingdom,TRUE,TRUE,beginner,1,6,TRUE,0.5,FALSE,NA,29,11,0,0,n,m,150,0,-0,40,30,-30,-3.8631371386483475,English,Spanish,Portuguese,1,4,4,0,13,27,1,4,4,1,4,4,1,4,4,1,4,4
unknown_lab,wawx,1998,male,United Kingdom,United Kingdom,TRUE,TRUE,beginner,1,6,TRUE,0.5,FALSE,NA,29,11,0,0,p,m,150,0,0,140,40,40,4.092443014020803,English,Spanish,Portuguese,1,4,4,0,13,27,1,4,4,1,4,4,1,4,4,1,4,4
unknown_lab,wawx,1998,male,United Kingdom,United Kingdom,TRUE,TRUE,beginner,1,6,TRUE,0.5,FALSE,NA,29,11,0,0,n,m,150,0,-0,100,20,-20,-2.477410529609116,English,Spanish,Portuguese,1,4,4,0,13,27,1,4,4,1,4,4,1,4,4,1,4,4
unknown_lab,wawx,1998,male,United Kingdom,United Kingdom,TRUE,TRUE,beginner,1,6,TRUE,0.5,FALSE,NA,29,11,0,0,n,m,150,0,-0,60,30,-30,-3.8631371386483475,English,Spanish,Portuguese,1,4,4,0,13,27,1,4,4,1,4,4,1,4,4,1,4,4
unknown_lab,wawx,1998,male,United Kingdom,United Kingdom,TRUE,TRUE,beginner,1,6,TRUE,0.5,FALSE,NA,29,11,0,0,0,m,150,1,NA,140,0,-0,0,English,Spanish,Portuguese,1,4,4,0,13,27,1,4,4,1,4,4,1,4,4,1,4,4
unknown_lab,wawx,1998,male,United Kingdom,United Kingdom,TRUE,TRUE,beginner,1,6,TRUE,0.5,FALSE,NA,29,11,0,0,n,m,150,0,-0,60,30,-30,-3.8631371386483475,English,Spanish,Portuguese,1,4,4,0,13,27,1,4,4,1,4,4,1,4,4,1,4,4
unknown_lab,wawx,1998,male,United Kingdom,United Kingdom,TRUE,TRUE,beginner,1,6,TRUE,0.5,FALSE,NA,29,10,-5,-0.5869152057713568,n,l,145,1,0.5,140,10,-10,-1.1944280826109728,English,Spanish,Portuguese,1,4,4,0,13,27,1,4,4,1,4,4,1,4,4,1,4,4
unknown_lab,wawx,1998,male,United Kingdom,United Kingdom,TRUE,TRUE,beginner,1,6,TRUE,0.5,FALSE,NA,29,11,0,0,p,m,150,0,0,20,10,10,1.1173128526977774,English,Spanish,Portuguese,1,4,4,0,13,27,1,4,4,1,4,4,1,4,4,1,4,4
unknown_lab,wawx,1998,male,United Kingdom,United Kingdom,TRUE,TRUE,beginner,1,6,TRUE,0.5,FALSE,NA,29,11,0,0,p,m,150,0,0,20,30,30,3.1564128700055254,English,Spanish,Portuguese,1,4,4,0,13,27,1,4,4,1,4,4,1,4,4,1,4,4
unknown_lab,wawx,1998,male,United Kingdom,United Kingdom,TRUE,TRUE,beginner,1,6,TRUE,0.5,FALSE,NA,29,11,0,0,p,m,150,0,0,80,10,10,1.1173128526977774,English,Spanish,Portuguese,1,4,4,0,13,27,1,4,4,1,4,4,1,4,4,1,4,4
unknown_lab,wawx,1998,male,United Kingdom,United Kingdom,TRUE,TRUE,beginner,1,6,TRUE,0.5,FALSE,NA,29,11,0,0,p,m,150,0,0,60,10,10,1.1173128526977774,English,Spanish,Portuguese,1,4,4,0,13,27,1,4,4,1,4,4,1,4,4,1,4,4
unknown_lab,wawx,1998,male,United Kingdom,United Kingdom,TRUE,TRUE,beginner,1,6,TRUE,0.5,FALSE,NA,29,10,-5,-0.5869152057713568,n,l,145,1,0.25,140,20,-20,-2.477410529609116,English,Spanish,Portuguese,1,4,4,0,13,27,1,4,4,1,4,4,1,4,4,1,4,4
unknown_lab,wawx,1998,male,United Kingdom,United Kingdom,TRUE,TRUE,beginner,1,6,TRUE,0.5,FALSE,NA,29,11,0,0,0,m,150,1,NA,60,0,-0,0,English,Spanish,Portuguese,1,4,4,0,13,27,1,4,4,1,4,4,1,4,4,1,4,4
unknown_lab,wawx,1998,male,United Kingdom,United Kingdom,TRUE,TRUE,beginner,1,6,TRUE,0.5,FALSE,NA,29,11,0,0,p,m,150,0,0,60,30,30,3.1564128700055254,English,Spanish,Portuguese,1,4,4,0,13,27,1,4,4,1,4,4,1,4,4,1,4,4
unknown_lab,wawx,1998,male,United Kingdom,United Kingdom,TRUE,TRUE,beginner,1,6,TRUE,0.5,FALSE,NA,29,11,0,0,n,m,150,0,-0,80,10,-10,-1.1944280826109728,English,Spanish,Portuguese,1,4,4,0,13,27,1,4,4,1,4,4,1,4,4,1,4,4
unknown_lab,wawx,1998,male,United Kingdom,United Kingdom,TRUE,TRUE,beginner,1,6,TRUE,0.5,FALSE,NA,29,11,0,0,p,m,150,0,0,40,20,20,2.16686694770185,English,Spanish,Portuguese,1,4,4,0,13,27,1,4,4,1,4,4,1,4,4,1,4,4
unknown_lab,wawx,1998,male,United Kingdom,United Kingdom,TRUE,TRUE,beginner,1,6,TRUE,0.5,FALSE,NA,29,11,0,0,p,m,150,0,0,80,20,20,2.16686694770185,English,Spanish,Portuguese,1,4,4,0,13,27,1,4,4,1,4,4,1,4,4,1,4,4
unknown_lab,wawx,1998,male,United Kingdom,United Kingdom,TRUE,TRUE,beginner,1,6,TRUE,0.5,FALSE,NA,29,11,0,0,n,m,150,0,-0,100,20,-20,-2.477410529609116,English,Spanish,Portuguese,1,4,4,0,13,27,1,4,4,1,4,4,1,4,4,1,4,4
unknown_lab,wawx,1998,male,United Kingdom,United Kingdom,TRUE,TRUE,beginner,1,6,TRUE,0.5,FALSE,NA,29,11,0,0,p,m,150,0,0,120,40,40,4.092443014020803,English,Spanish,Portuguese,1,4,4,0,13,27,1,4,4,1,4,4,1,4,4,1,4,4
unknown_lab,wawx,1998,male,United Kingdom,United Kingdom,TRUE,TRUE,beginner,1,6,TRUE,0.5,FALSE,NA,29,11,0,0,p,m,150,0,0,40,30,30,3.1564128700055254,English,Spanish,Portuguese,1,4,4,0,13,27,1,4,4,1,4,4,1,4,4,1,4,4
unknown_lab,wawx,1998,male,United Kingdom,United Kingdom,TRUE,TRUE,beginner,1,6,TRUE,0.5,FALSE,NA,29,12,5,0.5676685773402819,0,h,155,0,NA,140,0,-0,0,English,Spanish,Portuguese,1,4,4,0,13,27,1,4,4,1,4,4,1,4,4,1,4,4
unknown_lab,wawx,1998,male,United Kingdom,United Kingdom,TRUE,TRUE,beginner,1,6,TRUE,0.5,FALSE,NA,29,11,0,0,0,m,150,1,NA,80,0,-0,0,English,Spanish,Portuguese,1,4,4,0,13,27,1,4,4,1,4,4,1,4,4,1,4,4
unknown_lab,wawx,1998,male,United Kingdom,United Kingdom,TRUE,TRUE,beginner,1,6,TRUE,0.5,FALSE,NA,29,11,0,0,p,m,150,0,0,60,40,40,4.092443014020803,English,Spanish,Portuguese,1,4,4,0,13,27,1,4,4,1,4,4,1,4,4,1,4,4
unknown_lab,wawx,1998,male,United Kingdom,United Kingdom,TRUE,TRUE,beginner,1,6,TRUE,0.5,FALSE,NA,29,11,0,0,p,m,150,0,0,120,20,20,2.16686694770185,English,Spanish,Portuguese,1,4,4,0,13,27,1,4,4,1,4,4,1,4,4,1,4,4
unknown_lab,wawx,1998,male,United Kingdom,United Kingdom,TRUE,TRUE,beginner,1,6,TRUE,0.5,FALSE,NA,29,12,5,0.5676685773402819,p,h,155,1,0.5,140,10,10,1.1173128526977774,English,Spanish,Portuguese,1,4,4,0,13,27,1,4,4,1,4,4,1,4,4,1,4,4
unknown_lab,wawx,1998,male,United Kingdom,United Kingdom,TRUE,TRUE,beginner,1,6,TRUE,0.5,FALSE,NA,29,10,-5,-0.5869152057713568,n,l,145,1,0.5,20,10,-10,-1.1944280826109728,English,Spanish,Portuguese,1,4,4,0,13,27,1,4,4,1,4,4,1,4,4,1,4,4
unknown_lab,wawx,1998,male,United Kingdom,United Kingdom,TRUE,TRUE,beginner,1,6,TRUE,0.5,FALSE,NA,29,12,5,0.5676685773402819,n,h,155,0,-0.5,120,10,-10,-1.1944280826109728,English,Spanish,Portuguese,1,4,4,0,13,27,1,4,4,1,4,4,1,4,4,1,4,4
unknown_lab,wawx,1998,male,United Kingdom,United Kingdom,TRUE,TRUE,beginner,1,6,TRUE,0.5,FALSE,NA,29,11,0,0,n,m,150,0,-0,20,40,-40,-5.369507723654657,English,Spanish,Portuguese,1,4,4,0,13,27,1,4,4,1,4,4,1,4,4,1,4,4
unknown_lab,wawx,1998,male,United Kingdom,United Kingdom,TRUE,TRUE,beginner,1,6,TRUE,0.5,FALSE,NA,29,11,0,0,n,m,150,0,-0,40,30,-30,-3.8631371386483475,English,Spanish,Portuguese,1,4,4,0,13,27,1,4,4,1,4,4,1,4,4,1,4,4
unknown_lab,wawx,1998,male,United Kingdom,United Kingdom,TRUE,TRUE,beginner,1,6,TRUE,0.5,FALSE,NA,29,14,15,1.6500422849992202,p,h,165,1,0.375,140,40,40,4.092443014020803,English,Spanish,Portuguese,1,4,4,0,13,27,1,4,4,1,4,4,1,4,4,1,4,4
unknown_lab,wawx,1998,male,United Kingdom,United Kingdom,TRUE,TRUE,beginner,1,6,TRUE,0.5,FALSE,NA,29,11,0,0,p,m,150,0,0,120,10,10,1.1173128526977774,English,Spanish,Portuguese,1,4,4,0,13,27,1,4,4,1,4,4,1,4,4,1,4,4
unknown_lab,wawx,1998,male,United Kingdom,United Kingdom,TRUE,TRUE,beginner,1,6,TRUE,0.5,FALSE,NA,29,11,0,0,p,m,150,0,0,140,30,30,3.1564128700055254,English,Spanish,Portuguese,1,4,4,0,13,27,1,4,4,1,4,4,1,4,4,1,4,4
unknown_lab,wawx,1998,male,United Kingdom,United Kingdom,TRUE,TRUE,beginner,1,6,TRUE,0.5,FALSE,NA,29,11,0,0,n,m,150,0,-0,120,20,-20,-2.477410529609116,English,Spanish,Portuguese,1,4,4,0,13,27,1,4,4,1,4,4,1,4,4,1,4,4
unknown_lab,wawx,1998,male,United Kingdom,United Kingdom,TRUE,TRUE,beginner,1,6,TRUE,0.5,FALSE,NA,29,11,0,0,n,m,150,0,-0,100,40,-40,-5.369507723654657,English,Spanish,Portuguese,1,4,4,0,13,27,1,4,4,1,4,4,1,4,4,1,4,4
unknown_lab,wawx,1998,male,United Kingdom,United Kingdom,TRUE,TRUE,beginner,1,6,TRUE,0.5,FALSE,NA,29,10,-5,-0.5869152057713568,n,l,145,1,0.125,140,40,-40,-5.369507723654657,English,Spanish,Portuguese,1,4,4,0,13,27,1,4,4,1,4,4,1,4,4,1,4,4
unknown_lab,wawx,1998,male,United Kingdom,United Kingdom,TRUE,TRUE,beginner,1,6,TRUE,0.5,FALSE,NA,29,10,-5,-0.5869152057713568,p,l,145,0,-0.125,100,40,40,4.092443014020803,English,Spanish,Portuguese,1,4,4,0,13,27,1,4,4,1,4,4,1,4,4,1,4,4
unknown_lab,wawx,1998,male,United Kingdom,United Kingdom,TRUE,TRUE,beginner,1,6,TRUE,0.5,FALSE,NA,29,11,0,0,p,m,150,0,0,120,30,30,3.1564128700055254,English,Spanish,Portuguese,1,4,4,0,13,27,1,4,4,1,4,4,1,4,4,1,4,4
unknown_lab,wawx,1998,male,United Kingdom,United Kingdom,TRUE,TRUE,beginner,1,6,TRUE,0.5,FALSE,NA,29,11,0,0,p,m,150,0,0,80,30,30,3.1564128700055254,English,Spanish,Portuguese,1,4,4,0,13,27,1,4,4,1,4,4,1,4,4,1,4,4
unknown_lab,wawx,1998,male,United Kingdom,United Kingdom,TRUE,TRUE,beginner,1,6,TRUE,0.5,FALSE,NA,29,11,0,0,0,m,150,1,NA,80,0,-0,0,English,Spanish,Portuguese,1,4,4,0,13,27,1,4,4,1,4,4,1,4,4,1,4,4
unknown_lab,wawx,1998,male,United Kingdom,United Kingdom,TRUE,TRUE,beginner,1,6,TRUE,0.5,FALSE,NA,29,11,0,0,0,m,150,1,NA,100,0,-0,0,English,Spanish,Portuguese,1,4,4,0,13,27,1,4,4,1,4,4,1,4,4,1,4,4
unknown_lab,wawx,1998,male,United Kingdom,United Kingdom,TRUE,TRUE,beginner,1,6,TRUE,0.5,FALSE,NA,29,11,0,0,n,m,150,0,-0,60,20,-20,-2.477410529609116,English,Spanish,Portuguese,1,4,4,0,13,27,1,4,4,1,4,4,1,4,4,1,4,4
unknown_lab,wawx,1998,male,United Kingdom,United Kingdom,TRUE,TRUE,beginner,1,6,TRUE,0.5,FALSE,NA,29,11,0,0,p,m,150,0,0,20,20,20,2.16686694770185,English,Spanish,Portuguese,1,4,4,0,13,27,1,4,4,1,4,4,1,4,4,1,4,4
unknown_lab,wawx,1998,male,United Kingdom,United Kingdom,TRUE,TRUE,beginner,1,6,TRUE,0.5,FALSE,NA,29,11,0,0,n,m,150,0,-0,60,10,-10,-1.1944280826109728,English,Spanish,Portuguese,1,4,4,0,13,27,1,4,4,1,4,4,1,4,4,1,4,4
unknown_lab,wawx,1998,male,United Kingdom,United Kingdom,TRUE,TRUE,beginner,1,6,TRUE,0.5,FALSE,NA,29,11,0,0,p,m,150,0,0,40,40,40,4.092443014020803,English,Spanish,Portuguese,1,4,4,0,13,27,1,4,4,1,4,4,1,4,4,1,4,4
unknown_lab,wawx,1998,male,United Kingdom,United Kingdom,TRUE,TRUE,beginner,1,6,TRUE,0.5,FALSE,NA,29,11,0,0,n,m,150,0,-0,40,20,-20,-2.477410529609116,English,Spanish,Portuguese,1,4,4,0,13,27,1,4,4,1,4,4,1,4,4,1,4,4
unknown_lab,wawx,1998,male,United Kingdom,United Kingdom,TRUE,TRUE,beginner,1,6,TRUE,0.5,FALSE,NA,29,10,-5,-0.5869152057713568,n,l,145,1,0.16666666666666666,100,30,-30,-3.8631371386483475,English,Spanish,Portuguese,1,4,4,0,13,27,1,4,4,1,4,4,1,4,4,1,4,4
unknown_lab,wawx,1998,male,United Kingdom,United Kingdom,TRUE,TRUE,beginner,1,6,TRUE,0.5,FALSE,NA,29,11,0,0,n,m,150,0,-0,40,10,-10,-1.1944280826109728,English,Spanish,Portuguese,1,4,4,0,13,27,1,4,4,1,4,4,1,4,4,1,4,4
unknown_lab,wawx,1998,male,United Kingdom,United Kingdom,TRUE,TRUE,beginner,1,6,TRUE,0.5,FALSE,NA,29,10,-5,-0.5869152057713568,n,l,145,1,0.125,60,40,-40,-5.369507723654657,English,Spanish,Portuguese,1,4,4,0,13,27,1,4,4,1,4,4,1,4,4,1,4,4
unknown_lab,wawx,1998,male,United Kingdom,United Kingdom,TRUE,TRUE,beginner,1,6,TRUE,0.5,FALSE,NA,29,11,0,0,p,m,150,0,0,20,40,40,4.092443014020803,English,Spanish,Portuguese,1,4,4,0,13,27,1,4,4,1,4,4,1,4,4,1,4,4
unknown_lab,wawx,1998,male,United Kingdom,United Kingdom,TRUE,TRUE,beginner,1,6,TRUE,0.5,FALSE,NA,29,11,0,0,n,m,150,0,-0,20,20,-20,-2.477410529609116,English,Spanish,Portuguese,1,4,4,0,13,27,1,4,4,1,4,4,1,4,4,1,4,4
unknown_lab,wawx,1998,male,United Kingdom,United Kingdom,TRUE,TRUE,beginner,1,6,TRUE,0.5,FALSE,NA,29,11,0,0,n,m,150,0,-0,40,40,-40,-5.369507723654657,English,Spanish,Portuguese,1,4,4,0,13,27,1,4,4,1,4,4,1,4,4,1,4,4
unknown_lab,wawx,1998,male,United Kingdom,United Kingdom,TRUE,TRUE,beginner,1,6,TRUE,0.5,FALSE,NA,29,10,-5,-0.5869152057713568,n,l,145,1,0.125,120,40,-40,-5.369507723654657,English,Spanish,Portuguese,1,4,4,0,13,27,1,4,4,1,4,4,1,4,4,1,4,4
unknown_lab,wawx,1998,male,United Kingdom,United Kingdom,TRUE,TRUE,beginner,1,6,TRUE,0.5,FALSE,NA,29,11,0,0,p,m,150,0,0,140,20,20,2.16686694770185,English,Spanish,Portuguese,1,4,4,0,13,27,1,4,4,1,4,4,1,4,4,1,4,4
unknown_lab,wawx,1998,male,United Kingdom,United Kingdom,TRUE,TRUE,beginner,1,6,TRUE,0.5,FALSE,NA,29,11,0,0,p,m,150,0,0,60,20,20,2.16686694770185,English,Spanish,Portuguese,1,4,4,0,13,27,1,4,4,1,4,4,1,4,4,1,4,4
unknown_lab,wawx,1998,male,United Kingdom,United Kingdom,TRUE,TRUE,beginner,1,6,TRUE,0.5,FALSE,NA,29,10,-5,-0.5869152057713568,n,l,145,1,0.5,100,10,-10,-1.1944280826109728,English,Spanish,Portuguese,1,4,4,0,13,27,1,4,4,1,4,4,1,4,4,1,4,4
unknown_lab,wawx,1998,male,United Kingdom,United Kingdom,TRUE,TRUE,beginner,1,6,TRUE,0.5,FALSE,NA,29,11,0,0,p,m,150,0,0,40,10,10,1.1173128526977774,English,Spanish,Portuguese,1,4,4,0,13,27,1,4,4,1,4,4,1,4,4,1,4,4
unknown_lab,wawx,1998,male,United Kingdom,United Kingdom,TRUE,TRUE,beginner,1,6,TRUE,0.5,FALSE,NA,29,10,-5,-0.5869152057713568,n,l,145,1,0.16666666666666666,120,30,-30,-3.8631371386483475,English,Spanish,Portuguese,1,4,4,0,13,27,1,4,4,1,4,4,1,4,4,1,4,4
unknown_lab,wawx,1998,male,United Kingdom,United Kingdom,TRUE,TRUE,beginner,1,6,TRUE,0.5,FALSE,NA,29,11,0,0,n,m,150,0,-0,80,40,-40,-5.369507723654657,English,Spanish,Portuguese,1,4,4,0,13,27,1,4,4,1,4,4,1,4,4,1,4,4
unknown_lab,wawx,1998,male,United Kingdom,United Kingdom,TRUE,TRUE,beginner,1,6,TRUE,0.5,FALSE,NA,29,11,0,0,n,m,150,0,-0,80,30,-30,-3.8631371386483475,English,Spanish,Portuguese,1,4,4,0,13,27,1,4,4,1,4,4,1,4,4,1,4,4
unknown_lab,wawx,1998,male,United Kingdom,United Kingdom,TRUE,TRUE,beginner,1,6,TRUE,0.5,FALSE,NA,29,11,0,0,0,m,150,1,NA,20,0,-0,0,English,Spanish,Portuguese,1,4,4,0,13,27,1,4,4,1,4,4,1,4,4,1,4,4
unknown_lab,wawx,1998,male,United Kingdom,United Kingdom,TRUE,TRUE,beginner,1,6,TRUE,0.5,FALSE,NA,29,11,0,0,n,m,150,0,-0,80,20,-20,-2.477410529609116,English,Spanish,Portuguese,1,4,4,0,13,27,1,4,4,1,4,4,1,4,4,1,4,4
unknown_lab,wawx,1998,male,United Kingdom,United Kingdom,TRUE,TRUE,beginner,1,6,TRUE,0.5,FALSE,NA,29,11,0,0,n,m,150,0,-0,20,30,-30,-3.8631371386483475,English,Spanish,Portuguese,1,4,4,0,13,27,1,4,4,1,4,4,1,4,4,1,4,4
unknown_lab,0th3,1988,female,United Kingdom,United Kingdom,TRUE,TRUE,beginner,1,2,FALSE,NA,FALSE,NA,40,11,0,0,0,m,150,1,NA,120,0,-0,0,English,NA,NA,1,NA,NA,1,NA,NA,1,NA,NA,1,NA,NA,1,NA,NA,1,NA,NA
unknown_lab,0th3,1988,female,United Kingdom,United Kingdom,TRUE,TRUE,beginner,1,2,FALSE,NA,FALSE,NA,40,11,0,0,p,m,150,0,0,20,10,10,1.1173128526977774,English,NA,NA,1,NA,NA,1,NA,NA,1,NA,NA,1,NA,NA,1,NA,NA,1,NA,NA
unknown_lab,0th3,1988,female,United Kingdom,United Kingdom,TRUE,TRUE,beginner,1,2,FALSE,NA,FALSE,NA,40,11,0,0,p,m,150,0,0,60,30,30,3.1564128700055254,English,NA,NA,1,NA,NA,1,NA,NA,1,NA,NA,1,NA,NA,1,NA,NA,1,NA,NA
unknown_lab,0th3,1988,female,United Kingdom,United Kingdom,TRUE,TRUE,beginner,1,2,FALSE,NA,FALSE,NA,40,11,0,0,p,m,150,0,0,100,20,20,2.16686694770185,English,NA,NA,1,NA,NA,1,NA,NA,1,NA,NA,1,NA,NA,1,NA,NA,1,NA,NA
unknown_lab,0th3,1988,female,United Kingdom,United Kingdom,TRUE,TRUE,beginner,1,2,FALSE,NA,FALSE,NA,40,11,0,0,p,m,150,0,0,40,10,10,1.1173128526977774,English,NA,NA,1,NA,NA,1,NA,NA,1,NA,NA,1,NA,NA,1,NA,NA,1,NA,NA
unknown_lab,0th3,1988,female,United Kingdom,United Kingdom,TRUE,TRUE,beginner,1,2,FALSE,NA,FALSE,NA,40,10,-5,-0.5869152057713568,n,l,145,1,0.125,100,40,-40,-5.369507723654657,English,NA,NA,1,NA,NA,1,NA,NA,1,NA,NA,1,NA,NA,1,NA,NA,1,NA,NA
unknown_lab,0th3,1988,female,United Kingdom,United Kingdom,TRUE,TRUE,beginner,1,2,FALSE,NA,FALSE,NA,40,11,0,0,n,m,150,0,-0,20,10,-10,-1.1944280826109728,English,NA,NA,1,NA,NA,1,NA,NA,1,NA,NA,1,NA,NA,1,NA,NA,1,NA,NA
unknown_lab,0th3,1988,female,United Kingdom,United Kingdom,TRUE,TRUE,beginner,1,2,FALSE,NA,FALSE,NA,40,11,0,0,0,m,150,1,NA,120,0,-0,0,English,NA,NA,1,NA,NA,1,NA,NA,1,NA,NA,1,NA,NA,1,NA,NA,1,NA,NA
unknown_lab,0th3,1988,female,United Kingdom,United Kingdom,TRUE,TRUE,beginner,1,2,FALSE,NA,FALSE,NA,40,10,-5,-0.5869152057713568,n,l,145,1,0.16666666666666666,60,30,-30,-3.8631371386483475,English,NA,NA,1,NA,NA,1,NA,NA,1,NA,NA,1,NA,NA,1,NA,NA,1,NA,NA
unknown_lab,0th3,1988,female,United Kingdom,United Kingdom,TRUE,TRUE,beginner,1,2,FALSE,NA,FALSE,NA,40,11,0,0,0,m,150,1,NA,20,0,-0,0,English,NA,NA,1,NA,NA,1,NA,NA,1,NA,NA,1,NA,NA,1,NA,NA,1,NA,NA
unknown_lab,0th3,1988,female,United Kingdom,United Kingdom,TRUE,TRUE,beginner,1,2,FALSE,NA,FALSE,NA,40,10,-5,-0.5869152057713568,n,l,145,1,0.25,80,20,-20,-2.477410529609116,English,NA,NA,1,NA,NA,1,NA,NA,1,NA,NA,1,NA,NA,1,NA,NA,1,NA,NA
unknown_lab,0th3,1988,female,United Kingdom,United Kingdom,TRUE,TRUE,beginner,1,2,FALSE,NA,FALSE,NA,40,11,0,0,n,m,150,0,-0,140,10,-10,-1.1944280826109728,English,NA,NA,1,NA,NA,1,NA,NA,1,NA,NA,1,NA,NA,1,NA,NA,1,NA,NA
unknown_lab,0th3,1988,female,United Kingdom,United Kingdom,TRUE,TRUE,beginner,1,2,FALSE,NA,FALSE,NA,40,10,-5,-0.5869152057713568,n,l,145,1,0.25,140,20,-20,-2.477410529609116,English,NA,NA,1,NA,NA,1,NA,NA,1,NA,NA,1,NA,NA,1,NA,NA,1,NA,NA
unknown_lab,0th3,1988,female,United Kingdom,United Kingdom,TRUE,TRUE,beginner,1,2,FALSE,NA,FALSE,NA,40,11,0,0,0,m,150,1,NA,40,0,-0,0,English,NA,NA,1,NA,NA,1,NA,NA,1,NA,NA,1,NA,NA,1,NA,NA,1,NA,NA
unknown_lab,0th3,1988,female,United Kingdom,United Kingdom,TRUE,TRUE,beginner,1,2,FALSE,NA,FALSE,NA,40,11,0,0,0,m,150,1,NA,60,0,-0,0,English,NA,NA,1,NA,NA,1,NA,NA,1,NA,NA,1,NA,NA,1,NA,NA,1,NA,NA
unknown_lab,0th3,1988,female,United Kingdom,United Kingdom,TRUE,TRUE,beginner,1,2,FALSE,NA,FALSE,NA,40,11,0,0,p,m,150,0,0,20,30,30,3.1564128700055254,English,NA,NA,1,NA,NA,1,NA,NA,1,NA,NA,1,NA,NA,1,NA,NA,1,NA,NA
unknown_lab,0th3,1988,female,United Kingdom,United Kingdom,TRUE,TRUE,beginner,1,2,FALSE,NA,FALSE,NA,40,10,-5,-0.5869152057713568,n,l,145,1,0.25,60,20,-20,-2.477410529609116,English,NA,NA,1,NA,NA,1,NA,NA,1,NA,NA,1,NA,NA,1,NA,NA,1,NA,NA
unknown_lab,0th3,1988,female,United Kingdom,United Kingdom,TRUE,TRUE,beginner,1,2,FALSE,NA,FALSE,NA,40,11,0,0,p,m,150,0,0,40,20,20,2.16686694770185,English,NA,NA,1,NA,NA,1,NA,NA,1,NA,NA,1,NA,NA,1,NA,NA,1,NA,NA
unknown_lab,0th3,1988,female,United Kingdom,United Kingdom,TRUE,TRUE,beginner,1,2,FALSE,NA,FALSE,NA,40,11,0,0,p,m,150,0,0,80,20,20,2.16686694770185,English,NA,NA,1,NA,NA,1,NA,NA,1,NA,NA,1,NA,NA,1,NA,NA,1,NA,NA
unknown_lab,0th3,1988,female,United Kingdom,United Kingdom,TRUE,TRUE,beginner,1,2,FALSE,NA,FALSE,NA,40,13,10,1.1173128526977774,p,h,160,1,0.25,100,40,40,4.092443014020803,English,NA,NA,1,NA,NA,1,NA,NA,1,NA,NA,1,NA,NA,1,NA,NA,1,NA,NA
unknown_lab,0th3,1988,female,United Kingdom,United Kingdom,TRUE,TRUE,beginner,1,2,FALSE,NA,FALSE,NA,40,11,0,0,p,m,150,0,0,120,20,20,2.16686694770185,English,NA,NA,1,NA,NA,1,NA,NA,1,NA,NA,1,NA,NA,1,NA,NA,1,NA,NA
unknown_lab,0th3,1988,female,United Kingdom,United Kingdom,TRUE,TRUE,beginner,1,2,FALSE,NA,FALSE,NA,40,11,0,0,n,m,150,0,-0,20,40,-40,-5.369507723654657,English,NA,NA,1,NA,NA,1,NA,NA,1,NA,NA,1,NA,NA,1,NA,NA,1,NA,NA
unknown_lab,0th3,1988,female,United Kingdom,United Kingdom,TRUE,TRUE,beginner,1,2,FALSE,NA,FALSE,NA,40,11,0,0,p,m,150,0,0,60,10,10,1.1173128526977774,English,NA,NA,1,NA,NA,1,NA,NA,1,NA,NA,1,NA,NA,1,NA,NA,1,NA,NA
unknown_lab,0th3,1988,female,United Kingdom,United Kingdom,TRUE,TRUE,beginner,1,2,FALSE,NA,FALSE,NA,40,8,-15,-1.8240371213405995,n,l,135,1,0.75,120,20,-20,-2.477410529609116,English,NA,NA,1,NA,NA,1,NA,NA,1,NA,NA,1,NA,NA,1,NA,NA,1,NA,NA
unknown_lab,0th3,1988,female,United Kingdom,United Kingdom,TRUE,TRUE,beginner,1,2,FALSE,NA,FALSE,NA,40,11,0,0,p,m,150,0,0,60,40,40,4.092443014020803,English,NA,NA,1,NA,NA,1,NA,NA,1,NA,NA,1,NA,NA,1,NA,NA,1,NA,NA
unknown_lab,0th3,1988,female,United Kingdom,United Kingdom,TRUE,TRUE,beginner,1,2,FALSE,NA,FALSE,NA,40,11,0,0,0,m,150,1,NA,100,0,-0,0,English,NA,NA,1,NA,NA,1,NA,NA,1,NA,NA,1,NA,NA,1,NA,NA,1,NA,NA
unknown_lab,0th3,1988,female,United Kingdom,United Kingdom,TRUE,TRUE,beginner,1,2,FALSE,NA,FALSE,NA,40,13,10,1.1173128526977774,p,h,160,1,0.3333333333333333,80,30,30,3.1564128700055254,English,NA,NA,1,NA,NA,1,NA,NA,1,NA,NA,1,NA,NA,1,NA,NA,1,NA,NA
unknown_lab,0th3,1988,female,United Kingdom,United Kingdom,TRUE,TRUE,beginner,1,2,FALSE,NA,FALSE,NA,40,8,-15,-1.8240371213405995,n,l,135,1,0.5,120,30,-30,-3.8631371386483475,English,NA,NA,1,NA,NA,1,NA,NA,1,NA,NA,1,NA,NA,1,NA,NA,1,NA,NA
unknown_lab,0th3,1988,female,United Kingdom,United Kingdom,TRUE,TRUE,beginner,1,2,FALSE,NA,FALSE,NA,40,9,-10,-1.1944280826109728,p,l,140,0,-0.25,20,40,40,4.092443014020803,English,NA,NA,1,NA,NA,1,NA,NA,1,NA,NA,1,NA,NA,1,NA,NA,1,NA,NA
unknown_lab,0th3,1988,female,United Kingdom,United Kingdom,TRUE,TRUE,beginner,1,2,FALSE,NA,FALSE,NA,40,11,0,0,n,m,150,0,-0,20,20,-20,-2.477410529609116,English,NA,NA,1,NA,NA,1,NA,NA,1,NA,NA,1,NA,NA,1,NA,NA,1,NA,NA
unknown_lab,0th3,1988,female,United Kingdom,United Kingdom,TRUE,TRUE,beginner,1,2,FALSE,NA,FALSE,NA,40,3,-40,-5.369507723654657,n,l,110,1,1,80,40,-40,-5.369507723654657,English,NA,NA,1,NA,NA,1,NA,NA,1,NA,NA,1,NA,NA,1,NA,NA,1,NA,NA
unknown_lab,0th3,1988,female,United Kingdom,United Kingdom,TRUE,TRUE,beginner,1,2,FALSE,NA,FALSE,NA,40,9,-10,-1.1944280826109728,n,l,140,1,0.25,60,40,-40,-5.369507723654657,English,NA,NA,1,NA,NA,1,NA,NA,1,NA,NA,1,NA,NA,1,NA,NA,1,NA,NA
unknown_lab,0th3,1988,female,United Kingdom,United Kingdom,TRUE,TRUE,beginner,1,2,FALSE,NA,FALSE,NA,40,11,0,0,n,m,150,0,-0,60,10,-10,-1.1944280826109728,English,NA,NA,1,NA,NA,1,NA,NA,1,NA,NA,1,NA,NA,1,NA,NA,1,NA,NA
unknown_lab,0th3,1988,female,United Kingdom,United Kingdom,TRUE,TRUE,beginner,1,2,FALSE,NA,FALSE,NA,40,11,0,0,0,m,150,1,NA,140,0,-0,0,English,NA,NA,1,NA,NA,1,NA,NA,1,NA,NA,1,NA,NA,1,NA,NA,1,NA,NA
unknown_lab,0th3,1988,female,United Kingdom,United Kingdom,TRUE,TRUE,beginner,1,2,FALSE,NA,FALSE,NA,40,11,0,0,p,m,150,0,0,120,10,10,1.1173128526977774,English,NA,NA,1,NA,NA,1,NA,NA,1,NA,NA,1,NA,NA,1,NA,NA,1,NA,NA
unknown_lab,0th3,1988,female,United Kingdom,United Kingdom,TRUE,TRUE,beginner,1,2,FALSE,NA,FALSE,NA,40,11,0,0,p,m,150,0,0,20,20,20,2.16686694770185,English,NA,NA,1,NA,NA,1,NA,NA,1,NA,NA,1,NA,NA,1,NA,NA,1,NA,NA
unknown_lab,0th3,1988,female,United Kingdom,United Kingdom,TRUE,TRUE,beginner,1,2,FALSE,NA,FALSE,NA,40,9,-10,-1.1944280826109728,n,l,140,1,1,120,10,-10,-1.1944280826109728,English,NA,NA,1,NA,NA,1,NA,NA,1,NA,NA,1,NA,NA,1,NA,NA,1,NA,NA
unknown_lab,0th3,1988,female,United Kingdom,United Kingdom,TRUE,TRUE,beginner,1,2,FALSE,NA,FALSE,NA,40,11,0,0,n,m,150,0,-0,20,30,-30,-3.8631371386483475,English,NA,NA,1,NA,NA,1,NA,NA,1,NA,NA,1,NA,NA,1,NA,NA,1,NA,NA
unknown_lab,0th3,1988,female,United Kingdom,United Kingdom,TRUE,TRUE,beginner,1,2,FALSE,NA,FALSE,NA,40,9,-10,-1.1944280826109728,n,l,140,1,1,100,10,-10,-1.1944280826109728,English,NA,NA,1,NA,NA,1,NA,NA,1,NA,NA,1,NA,NA,1,NA,NA,1,NA,NA
unknown_lab,0th3,1988,female,United Kingdom,United Kingdom,TRUE,TRUE,beginner,1,2,FALSE,NA,FALSE,NA,40,15,20,2.16686694770185,p,h,170,1,0.5,40,40,40,4.092443014020803,English,NA,NA,1,NA,NA,1,NA,NA,1,NA,NA,1,NA,NA,1,NA,NA,1,NA,NA
unknown_lab,0th3,1988,female,United Kingdom,United Kingdom,TRUE,TRUE,beginner,1,2,FALSE,NA,FALSE,NA,40,13,10,1.1173128526977774,p,h,160,1,0.3333333333333333,40,30,30,3.1564128700055254,English,NA,NA,1,NA,NA,1,NA,NA,1,NA,NA,1,NA,NA,1,NA,NA,1,NA,NA
unknown_lab,0th3,1988,female,United Kingdom,United Kingdom,TRUE,TRUE,beginner,1,2,FALSE,NA,FALSE,NA,40,11,0,0,n,m,150,0,-0,40,20,-20,-2.477410529609116,English,NA,NA,1,NA,NA,1,NA,NA,1,NA,NA,1,NA,NA,1,NA,NA,1,NA,NA
unknown_lab,0th3,1988,female,United Kingdom,United Kingdom,TRUE,TRUE,beginner,1,2,FALSE,NA,FALSE,NA,40,15,20,2.16686694770185,p,h,170,1,0.6666666666666666,120,30,30,3.1564128700055254,English,NA,NA,1,NA,NA,1,NA,NA,1,NA,NA,1,NA,NA,1,NA,NA,1,NA,NA
unknown_lab,0th3,1988,female,United Kingdom,United Kingdom,TRUE,TRUE,beginner,1,2,FALSE,NA,FALSE,NA,40,11,0,0,p,m,150,0,0,140,10,10,1.1173128526977774,English,NA,NA,1,NA,NA,1,NA,NA,1,NA,NA,1,NA,NA,1,NA,NA,1,NA,NA
unknown_lab,0th3,1988,female,United Kingdom,United Kingdom,TRUE,TRUE,beginner,1,2,FALSE,NA,FALSE,NA,40,11,0,0,p,m,150,0,0,60,20,20,2.16686694770185,English,NA,NA,1,NA,NA,1,NA,NA,1,NA,NA,1,NA,NA,1,NA,NA,1,NA,NA
unknown_lab,0th3,1988,female,United Kingdom,United Kingdom,TRUE,TRUE,beginner,1,2,FALSE,NA,FALSE,NA,40,6,-25,-3.1564128700055254,n,l,125,1,0.8333333333333334,40,30,-30,-3.8631371386483475,English,NA,NA,1,NA,NA,1,NA,NA,1,NA,NA,1,NA,NA,1,NA,NA,1,NA,NA
unknown_lab,0th3,1988,female,United Kingdom,United Kingdom,TRUE,TRUE,beginner,1,2,FALSE,NA,FALSE,NA,40,11,0,0,n,m,150,0,-0,40,10,-10,-1.1944280826109728,English,NA,NA,1,NA,NA,1,NA,NA,1,NA,NA,1,NA,NA,1,NA,NA,1,NA,NA
unknown_lab,0th3,1988,female,United Kingdom,United Kingdom,TRUE,TRUE,beginner,1,2,FALSE,NA,FALSE,NA,40,11,0,0,p,m,150,0,0,80,10,10,1.1173128526977774,English,NA,NA,1,NA,NA,1,NA,NA,1,NA,NA,1,NA,NA,1,NA,NA,1,NA,NA
unknown_lab,0th3,1988,female,United Kingdom,United Kingdom,TRUE,TRUE,beginner,1,2,FALSE,NA,FALSE,NA,40,17,30,3.1564128700055254,p,h,180,1,0.75,80,40,40,4.092443014020803,English,NA,NA,1,NA,NA,1,NA,NA,1,NA,NA,1,NA,NA,1,NA,NA,1,NA,NA
unknown_lab,0th3,1988,female,United Kingdom,United Kingdom,TRUE,TRUE,beginner,1,2,FALSE,NA,FALSE,NA,40,10,-5,-0.5869152057713568,n,l,145,1,0.125,40,40,-40,-5.369507723654657,English,NA,NA,1,NA,NA,1,NA,NA,1,NA,NA,1,NA,NA,1,NA,NA,1,NA,NA
unknown_lab,0th3,1988,female,United Kingdom,United Kingdom,TRUE,TRUE,beginner,1,2,FALSE,NA,FALSE,NA,40,11,0,0,n,m,150,0,-0,80,10,-10,-1.1944280826109728,English,NA,NA,1,NA,NA,1,NA,NA,1,NA,NA,1,NA,NA,1,NA,NA,1,NA,NA
unknown_lab,0th3,1988,female,United Kingdom,United Kingdom,TRUE,TRUE,beginner,1,2,FALSE,NA,FALSE,NA,40,6,-25,-3.1564128700055254,n,l,125,1,0.8333333333333334,80,30,-30,-3.8631371386483475,English,NA,NA,1,NA,NA,1,NA,NA,1,NA,NA,1,NA,NA,1,NA,NA,1,NA,NA
unknown_lab,0th3,1988,female,United Kingdom,United Kingdom,TRUE,TRUE,beginner,1,2,FALSE,NA,FALSE,NA,40,12,5,0.5676685773402819,n,h,155,0,-0.125,120,40,-40,-5.369507723654657,English,NA,NA,1,NA,NA,1,NA,NA,1,NA,NA,1,NA,NA,1,NA,NA,1,NA,NA
unknown_lab,0th3,1988,female,United Kingdom,United Kingdom,TRUE,TRUE,beginner,1,2,FALSE,NA,FALSE,NA,40,15,20,2.16686694770185,p,h,170,1,0.5,140,40,40,4.092443014020803,English,NA,NA,1,NA,NA,1,NA,NA,1,NA,NA,1,NA,NA,1,NA,NA,1,NA,NA
unknown_lab,0th3,1988,female,United Kingdom,United Kingdom,TRUE,TRUE,beginner,1,2,FALSE,NA,FALSE,NA,40,11,0,0,p,m,150,0,0,140,20,20,2.16686694770185,English,NA,NA,1,NA,NA,1,NA,NA,1,NA,NA,1,NA,NA,1,NA,NA,1,NA,NA
unknown_lab,0th3,1988,female,United Kingdom,United Kingdom,TRUE,TRUE,beginner,1,2,FALSE,NA,FALSE,NA,40,8,-15,-1.8240371213405995,n,l,135,1,0.75,100,20,-20,-2.477410529609116,English,NA,NA,1,NA,NA,1,NA,NA,1,NA,NA,1,NA,NA,1,NA,NA,1,NA,NA
unknown_lab,0th3,1988,female,United Kingdom,United Kingdom,TRUE,TRUE,beginner,1,2,FALSE,NA,FALSE,NA,40,11,0,0,n,m,150,0,-0,140,40,-40,-5.369507723654657,English,NA,NA,1,NA,NA,1,NA,NA,1,NA,NA,1,NA,NA,1,NA,NA,1,NA,NA
unknown_lab,0th3,1988,female,United Kingdom,United Kingdom,TRUE,TRUE,beginner,1,2,FALSE,NA,FALSE,NA,40,11,0,0,p,m,150,0,0,40,20,20,2.16686694770185,English,NA,NA,1,NA,NA,1,NA,NA,1,NA,NA,1,NA,NA,1,NA,NA,1,NA,NA
unknown_lab,0th3,1988,female,United Kingdom,United Kingdom,TRUE,TRUE,beginner,1,2,FALSE,NA,FALSE,NA,40,11,0,0,p,m,150,0,0,100,10,10,1.1173128526977774,English,NA,NA,1,NA,NA,1,NA,NA,1,NA,NA,1,NA,NA,1,NA,NA,1,NA,NA
unknown_lab,0th3,1988,female,United Kingdom,United Kingdom,TRUE,TRUE,beginner,1,2,FALSE,NA,FALSE,NA,40,6,-25,-3.1564128700055254,n,l,125,1,0.625,140,40,-40,-5.369507723654657,English,NA,NA,1,NA,NA,1,NA,NA,1,NA,NA,1,NA,NA,1,NA,NA,1,NA,NA
unknown_lab,0th3,1988,female,United Kingdom,United Kingdom,TRUE,TRUE,beginner,1,2,FALSE,NA,FALSE,NA,40,11,0,0,p,m,150,0,0,20,30,30,3.1564128700055254,English,NA,NA,1,NA,NA,1,NA,NA,1,NA,NA,1,NA,NA,1,NA,NA,1,NA,NA
unknown_lab,0th3,1988,female,United Kingdom,United Kingdom,TRUE,TRUE,beginner,1,2,FALSE,NA,FALSE,NA,40,11,0,0,n,m,150,0,-0,20,20,-20,-2.477410529609116,English,NA,NA,1,NA,NA,1,NA,NA,1,NA,NA,1,NA,NA,1,NA,NA,1,NA,NA
unknown_lab,0th3,1988,female,United Kingdom,United Kingdom,TRUE,TRUE,beginner,1,2,FALSE,NA,FALSE,NA,40,14,15,1.6500422849992202,n,h,165,0,-0.75,60,20,-20,-2.477410529609116,English,NA,NA,1,NA,NA,1,NA,NA,1,NA,NA,1,NA,NA,1,NA,NA,1,NA,NA
unknown_lab,0th3,1988,female,United Kingdom,United Kingdom,TRUE,TRUE,beginner,1,2,FALSE,NA,FALSE,NA,40,11,0,0,0,m,150,1,NA,60,0,-0,0,English,NA,NA,1,NA,NA,1,NA,NA,1,NA,NA,1,NA,NA,1,NA,NA,1,NA,NA
unknown_lab,0th3,1988,female,United Kingdom,United Kingdom,TRUE,TRUE,beginner,1,2,FALSE,NA,FALSE,NA,40,17,30,3.1564128700055254,p,h,180,1,1,40,30,30,3.1564128700055254,English,NA,NA,1,NA,NA,1,NA,NA,1,NA,NA,1,NA,NA,1,NA,NA,1,NA,NA
unknown_lab,0th3,1988,female,United Kingdom,United Kingdom,TRUE,TRUE,beginner,1,2,FALSE,NA,FALSE,NA,40,18,35,3.6307532402451757,p,h,185,1,0.875,100,40,40,4.092443014020803,English,NA,NA,1,NA,NA,1,NA,NA,1,NA,NA,1,NA,NA,1,NA,NA,1,NA,NA
unknown_lab,0th3,1988,female,United Kingdom,United Kingdom,TRUE,TRUE,beginner,1,2,FALSE,NA,FALSE,NA,40,6,-25,-3.1564128700055254,n,l,125,1,1.25,120,20,-20,-2.477410529609116,English,NA,NA,1,NA,NA,1,NA,NA,1,NA,NA,1,NA,NA,1,NA,NA,1,NA,NA
unknown_lab,0th3,1988,female,United Kingdom,United Kingdom,TRUE,TRUE,beginner,1,2,FALSE,NA,FALSE,NA,40,20,45,4.542139479044758,p,h,195,1,1.125,120,40,40,4.092443014020803,English,NA,NA,1,NA,NA,1,NA,NA,1,NA,NA,1,NA,NA,1,NA,NA,1,NA,NA
unknown_lab,0th3,1988,female,United Kingdom,United Kingdom,TRUE,TRUE,beginner,1,2,FALSE,NA,FALSE,NA,40,11,0,0,p,m,150,0,0,80,10,10,1.1173128526977774,English,NA,NA,1,NA,NA,1,NA,NA,1,NA,NA,1,NA,NA,1,NA,NA,1,NA,NA
unknown_lab,0th3,1988,female,United Kingdom,United Kingdom,TRUE,TRUE,beginner,1,2,FALSE,NA,FALSE,NA,40,10,-5,-0.5869152057713568,n,l,145,1,0.5,120,10,-10,-1.1944280826109728,English,NA,NA,1,NA,NA,1,NA,NA,1,NA,NA,1,NA,NA,1,NA,NA,1,NA,NA
unknown_lab,0th3,1988,female,United Kingdom,United Kingdom,TRUE,TRUE,beginner,1,2,FALSE,NA,FALSE,NA,40,13,10,1.1173128526977774,p,h,160,1,0.3333333333333333,140,30,30,3.1564128700055254,English,NA,NA,1,NA,NA,1,NA,NA,1,NA,NA,1,NA,NA,1,NA,NA,1,NA,NA
unknown_lab,0th3,1988,female,United Kingdom,United Kingdom,TRUE,TRUE,beginner,1,2,FALSE,NA,FALSE,NA,40,11,0,0,0,m,150,1,NA,80,0,-0,0,English,NA,NA,1,NA,NA,1,NA,NA,1,NA,NA,1,NA,NA,1,NA,NA,1,NA,NA
unknown_lab,0th3,1988,female,United Kingdom,United Kingdom,TRUE,TRUE,beginner,1,2,FALSE,NA,FALSE,NA,40,13,10,1.1173128526977774,n,h,160,0,-0.5,80,20,-20,-2.477410529609116,English,NA,NA,1,NA,NA,1,NA,NA,1,NA,NA,1,NA,NA,1,NA,NA,1,NA,NA
unknown_lab,0th3,1988,female,United Kingdom,United Kingdom,TRUE,TRUE,beginner,1,2,FALSE,NA,FALSE,NA,40,11,0,0,n,m,150,0,-0,80,10,-10,-1.1944280826109728,English,NA,NA,1,NA,NA,1,NA,NA,1,NA,NA,1,NA,NA,1,NA,NA,1,NA,NA
unknown_lab,0th3,1988,female,United Kingdom,United Kingdom,TRUE,TRUE,beginner,1,2,FALSE,NA,FALSE,NA,40,11,0,0,0,m,150,1,NA,80,0,-0,0,English,NA,NA,1,NA,NA,1,NA,NA,1,NA,NA,1,NA,NA,1,NA,NA,1,NA,NA
unknown_lab,0th3,1988,female,United Kingdom,United Kingdom,TRUE,TRUE,beginner,1,2,FALSE,NA,FALSE,NA,40,14,15,1.6500422849992202,p,h,165,1,0.75,140,20,20,2.16686694770185,English,NA,NA,1,NA,NA,1,NA,NA,1,NA,NA,1,NA,NA,1,NA,NA,1,NA,NA
unknown_lab,0th3,1988,female,United Kingdom,United Kingdom,TRUE,TRUE,beginner,1,2,FALSE,NA,FALSE,NA,40,18,35,3.6307532402451757,p,h,185,1,0.875,40,40,40,4.092443014020803,English,NA,NA,1,NA,NA,1,NA,NA,1,NA,NA,1,NA,NA,1,NA,NA,1,NA,NA
unknown_lab,0th3,1988,female,United Kingdom,United Kingdom,TRUE,TRUE,beginner,1,2,FALSE,NA,FALSE,NA,40,16,25,2.6687090560373763,p,h,175,1,0.625,60,40,40,4.092443014020803,English,NA,NA,1,NA,NA,1,NA,NA,1,NA,NA,1,NA,NA,1,NA,NA,1,NA,NA
unknown_lab,0th3,1988,female,United Kingdom,United Kingdom,TRUE,TRUE,beginner,1,2,FALSE,NA,FALSE,NA,40,8,-15,-1.8240371213405995,p,l,135,0,-0.5,120,30,30,3.1564128700055254,English,NA,NA,1,NA,NA,1,NA,NA,1,NA,NA,1,NA,NA,1,NA,NA,1,NA,NA
unknown_lab,0th3,1988,female,United Kingdom,United Kingdom,TRUE,TRUE,beginner,1,2,FALSE,NA,FALSE,NA,40,11,0,0,n,m,150,0,-0,20,10,-10,-1.1944280826109728,English,NA,NA,1,NA,NA,1,NA,NA,1,NA,NA,1,NA,NA,1,NA,NA,1,NA,NA
unknown_lab,0th3,1988,female,United Kingdom,United Kingdom,TRUE,TRUE,beginner,1,2,FALSE,NA,FALSE,NA,40,11,0,0,n,m,150,0,-0,40,20,-20,-2.477410529609116,English,NA,NA,1,NA,NA,1,NA,NA,1,NA,NA,1,NA,NA,1,NA,NA,1,NA,NA
unknown_lab,0th3,1988,female,United Kingdom,United Kingdom,TRUE,TRUE,beginner,1,2,FALSE,NA,FALSE,NA,40,11,0,0,n,m,150,0,-0,20,40,-40,-5.369507723654657,English,NA,NA,1,NA,NA,1,NA,NA,1,NA,NA,1,NA,NA,1,NA,NA,1,NA,NA
unknown_lab,0th3,1988,female,United Kingdom,United Kingdom,TRUE,TRUE,beginner,1,2,FALSE,NA,FALSE,NA,40,15,20,2.16686694770185,p,h,170,1,2,140,10,10,1.1173128526977774,English,NA,NA,1,NA,NA,1,NA,NA,1,NA,NA,1,NA,NA,1,NA,NA,1,NA,NA
unknown_lab,0th3,1988,female,United Kingdom,United Kingdom,TRUE,TRUE,beginner,1,2,FALSE,NA,FALSE,NA,40,10,-5,-0.5869152057713568,n,l,145,1,0.16666666666666666,20,30,-30,-3.8631371386483475,English,NA,NA,1,NA,NA,1,NA,NA,1,NA,NA,1,NA,NA,1,NA,NA,1,NA,NA
unknown_lab,0th3,1988,female,United Kingdom,United Kingdom,TRUE,TRUE,beginner,1,2,FALSE,NA,FALSE,NA,40,14,15,1.6500422849992202,p,h,165,1,0.75,100,20,20,2.16686694770185,English,NA,NA,1,NA,NA,1,NA,NA,1,NA,NA,1,NA,NA,1,NA,NA,1,NA,NA
unknown_lab,0th3,1988,female,United Kingdom,United Kingdom,TRUE,TRUE,beginner,1,2,FALSE,NA,FALSE,NA,40,11,0,0,0,m,150,1,NA,40,0,-0,0,English,NA,NA,1,NA,NA,1,NA,NA,1,NA,NA,1,NA,NA,1,NA,NA,1,NA,NA
unknown_lab,0th3,1988,female,United Kingdom,United Kingdom,TRUE,TRUE,beginner,1,2,FALSE,NA,FALSE,NA,40,20,45,4.542139479044758,p,h,195,1,1.125,140,40,40,4.092443014020803,English,NA,NA,1,NA,NA,1,NA,NA,1,NA,NA,1,NA,NA,1,NA,NA,1,NA,NA
unknown_lab,0th3,1988,female,United Kingdom,United Kingdom,TRUE,TRUE,beginner,1,2,FALSE,NA,FALSE,NA,40,10,-5,-0.5869152057713568,n,l,145,1,0.5,140,10,-10,-1.1944280826109728,English,NA,NA,1,NA,NA,1,NA,NA,1,NA,NA,1,NA,NA,1,NA,NA,1,NA,NA
unknown_lab,0th3,1988,female,United Kingdom,United Kingdom,TRUE,TRUE,beginner,1,2,FALSE,NA,FALSE,NA,40,11,0,0,n,m,150,0,-0,40,40,-40,-5.369507723654657,English,NA,NA,1,NA,NA,1,NA,NA,1,NA,NA,1,NA,NA,1,NA,NA,1,NA,NA
unknown_lab,0th3,1988,female,United Kingdom,United Kingdom,TRUE,TRUE,beginner,1,2,FALSE,NA,FALSE,NA,40,11,0,0,0,m,150,1,NA,20,0,-0,0,English,NA,NA,1,NA,NA,1,NA,NA,1,NA,NA,1,NA,NA,1,NA,NA,1,NA,NA
unknown_lab,0th3,1988,female,United Kingdom,United Kingdom,TRUE,TRUE,beginner,1,2,FALSE,NA,FALSE,NA,40,11,0,0,p,m,150,0,0,20,10,10,1.1173128526977774,English,NA,NA,1,NA,NA,1,NA,NA,1,NA,NA,1,NA,NA,1,NA,NA,1,NA,NA
unknown_lab,0th3,1988,female,United Kingdom,United Kingdom,TRUE,TRUE,beginner,1,2,FALSE,NA,FALSE,NA,40,8,-15,-1.8240371213405995,n,l,135,1,0.5,100,30,-30,-3.8631371386483475,English,NA,NA,1,NA,NA,1,NA,NA,1,NA,NA,1,NA,NA,1,NA,NA,1,NA,NA
unknown_lab,0th3,1988,female,United Kingdom,United Kingdom,TRUE,TRUE,beginner,1,2,FALSE,NA,FALSE,NA,40,11,0,0,p,m,150,0,0,60,10,10,1.1173128526977774,English,NA,NA,1,NA,NA,1,NA,NA,1,NA,NA,1,NA,NA,1,NA,NA,1,NA,NA
unknown_lab,0th3,1988,female,United Kingdom,United Kingdom,TRUE,TRUE,beginner,1,2,FALSE,NA,FALSE,NA,40,12,5,0.5676685773402819,n,h,155,0,-0.25,100,20,-20,-2.477410529609116,English,NA,NA,1,NA,NA,1,NA,NA,1,NA,NA,1,NA,NA,1,NA,NA,1,NA,NA
unknown_lab,0th3,1988,female,United Kingdom,United Kingdom,TRUE,TRUE,beginner,1,2,FALSE,NA,FALSE,NA,40,11,0,0,n,m,150,0,-0,40,10,-10,-1.1944280826109728,English,NA,NA,1,NA,NA,1,NA,NA,1,NA,NA,1,NA,NA,1,NA,NA,1,NA,NA
unknown_lab,0th3,1988,female,United Kingdom,United Kingdom,TRUE,TRUE,beginner,1,2,FALSE,NA,FALSE,NA,40,11,0,0,n,m,150,0,-0,60,10,-10,-1.1944280826109728,English,NA,NA,1,NA,NA,1,NA,NA,1,NA,NA,1,NA,NA,1,NA,NA,1,NA,NA
unknown_lab,0th3,1988,female,United Kingdom,United Kingdom,TRUE,TRUE,beginner,1,2,FALSE,NA,FALSE,NA,40,8,-15,-1.8240371213405995,n,l,135,1,0.375,80,40,-40,-5.369507723654657,English,NA,NA,1,NA,NA,1,NA,NA,1,NA,NA,1,NA,NA,1,NA,NA,1,NA,NA
unknown_lab,0th3,1988,female,United Kingdom,United Kingdom,TRUE,TRUE,beginner,1,2,FALSE,NA,FALSE,NA,40,11,0,0,n,m,150,0,-0,40,30,-30,-3.8631371386483475,English,NA,NA,1,NA,NA,1,NA,NA,1,NA,NA,1,NA,NA,1,NA,NA,1,NA,NA
unknown_lab,0th3,1988,female,United Kingdom,United Kingdom,TRUE,TRUE,beginner,1,2,FALSE,NA,FALSE,NA,40,20,45,4.542139479044758,p,h,195,1,1.5,80,30,30,3.1564128700055254,English,NA,NA,1,NA,NA,1,NA,NA,1,NA,NA,1,NA,NA,1,NA,NA,1,NA,NA
unknown_lab,0th3,1988,female,United Kingdom,United Kingdom,TRUE,TRUE,beginner,1,2,FALSE,NA,FALSE,NA,40,7,-20,-2.477410529609116,n,l,130,1,1,140,20,-20,-2.477410529609116,English,NA,NA,1,NA,NA,1,NA,NA,1,NA,NA,1,NA,NA,1,NA,NA,1,NA,NA
unknown_lab,0th3,1988,female,United Kingdom,United Kingdom,TRUE,TRUE,beginner,1,2,FALSE,NA,FALSE,NA,40,8,-15,-1.8240371213405995,p,l,135,0,-0.75,60,20,20,2.16686694770185,English,NA,NA,1,NA,NA,1,NA,NA,1,NA,NA,1,NA,NA,1,NA,NA,1,NA,NA
unknown_lab,0th3,1988,female,United Kingdom,United Kingdom,TRUE,TRUE,beginner,1,2,FALSE,NA,FALSE,NA,40,9,-10,-1.1944280826109728,n,l,140,1,0.3333333333333333,60,30,-30,-3.8631371386483475,English,NA,NA,1,NA,NA,1,NA,NA,1,NA,NA,1,NA,NA,1,NA,NA,1,NA,NA
unknown_lab,0th3,1988,female,United Kingdom,United Kingdom,TRUE,TRUE,beginner,1,2,FALSE,NA,FALSE,NA,40,11,0,0,0,m,150,1,NA,140,0,-0,0,English,NA,NA,1,NA,NA,1,NA,NA,1,NA,NA,1,NA,NA,1,NA,NA,1,NA,NA
unknown_lab,0th3,1988,female,United Kingdom,United Kingdom,TRUE,TRUE,beginner,1,2,FALSE,NA,FALSE,NA,40,14,15,1.6500422849992202,p,h,165,1,0.375,80,40,40,4.092443014020803,English,NA,NA,1,NA,NA,1,NA,NA,1,NA,NA,1,NA,NA,1,NA,NA,1,NA,NA
unknown_lab,0th3,1988,female,United Kingdom,United Kingdom,TRUE,TRUE,beginner,1,2,FALSE,NA,FALSE,NA,40,11,0,0,p,m,150,0,0,100,30,30,3.1564128700055254,English,NA,NA,1,NA,NA,1,NA,NA,1,NA,NA,1,NA,NA,1,NA,NA,1,NA,NA
unknown_lab,0th3,1988,female,United Kingdom,United Kingdom,TRUE,TRUE,beginner,1,2,FALSE,NA,FALSE,NA,40,6,-25,-3.1564128700055254,n,l,125,1,0.8333333333333334,80,30,-30,-3.8631371386483475,English,NA,NA,1,NA,NA,1,NA,NA,1,NA,NA,1,NA,NA,1,NA,NA,1,NA,NA
unknown_lab,0th3,1988,female,United Kingdom,United Kingdom,TRUE,TRUE,beginner,1,2,FALSE,NA,FALSE,NA,40,10,-5,-0.5869152057713568,p,l,145,0,-0.125,20,40,40,4.092443014020803,English,NA,NA,1,NA,NA,1,NA,NA,1,NA,NA,1,NA,NA,1,NA,NA,1,NA,NA
unknown_lab,0th3,1988,female,United Kingdom,United Kingdom,TRUE,TRUE,beginner,1,2,FALSE,NA,FALSE,NA,40,7,-20,-2.477410529609116,n,l,130,1,0.6666666666666666,120,30,-30,-3.8631371386483475,English,NA,NA,1,NA,NA,1,NA,NA,1,NA,NA,1,NA,NA,1,NA,NA,1,NA,NA
unknown_lab,0th3,1988,female,United Kingdom,United Kingdom,TRUE,TRUE,beginner,1,2,FALSE,NA,FALSE,NA,40,11,0,0,0,m,150,1,NA,100,0,-0,0,English,NA,NA,1,NA,NA,1,NA,NA,1,NA,NA,1,NA,NA,1,NA,NA,1,NA,NA
unknown_lab,0th3,1988,female,United Kingdom,United Kingdom,TRUE,TRUE,beginner,1,2,FALSE,NA,FALSE,NA,40,17,30,3.1564128700055254,p,h,180,1,1.5,120,20,20,2.16686694770185,English,NA,NA,1,NA,NA,1,NA,NA,1,NA,NA,1,NA,NA,1,NA,NA,1,NA,NA
unknown_lab,0th3,1988,female,United Kingdom,United Kingdom,TRUE,TRUE,beginner,1,2,FALSE,NA,FALSE,NA,40,11,0,0,p,m,150,0,0,40,10,10,1.1173128526977774,English,NA,NA,1,NA,NA,1,NA,NA,1,NA,NA,1,NA,NA,1,NA,NA,1,NA,NA
unknown_lab,0th3,1988,female,United Kingdom,United Kingdom,TRUE,TRUE,beginner,1,2,FALSE,NA,FALSE,NA,40,11,0,0,p,m,150,0,0,120,10,10,1.1173128526977774,English,NA,NA,1,NA,NA,1,NA,NA,1,NA,NA,1,NA,NA,1,NA,NA,1,NA,NA
unknown_lab,0th3,1988,female,United Kingdom,United Kingdom,TRUE,TRUE,beginner,1,2,FALSE,NA,FALSE,NA,40,9,-10,-1.1944280826109728,n,l,140,1,1,100,10,-10,-1.1944280826109728,English,NA,NA,1,NA,NA,1,NA,NA,1,NA,NA,1,NA,NA,1,NA,NA,1,NA,NA
unknown_lab,0th3,1988,female,United Kingdom,United Kingdom,TRUE,TRUE,beginner,1,2,FALSE,NA,FALSE,NA,40,10,-5,-0.5869152057713568,n,l,145,1,0.16666666666666666,140,30,-30,-3.8631371386483475,English,NA,NA,1,NA,NA,1,NA,NA,1,NA,NA,1,NA,NA,1,NA,NA,1,NA,NA
unknown_lab,0th3,1988,female,United Kingdom,United Kingdom,TRUE,TRUE,beginner,1,2,FALSE,NA,FALSE,NA,40,9,-10,-1.1944280826109728,n,l,140,1,0.25,120,40,-40,-5.369507723654657,English,NA,NA,1,NA,NA,1,NA,NA,1,NA,NA,1,NA,NA,1,NA,NA,1,NA,NA
unknown_lab,0th3,1988,female,United Kingdom,United Kingdom,TRUE,TRUE,beginner,1,2,FALSE,NA,FALSE,NA,40,10,-5,-0.5869152057713568,n,l,145,1,0.125,60,40,-40,-5.369507723654657,English,NA,NA,1,NA,NA,1,NA,NA,1,NA,NA,1,NA,NA,1,NA,NA,1,NA,NA
unknown_lab,0th3,1988,female,United Kingdom,United Kingdom,TRUE,TRUE,beginner,1,2,FALSE,NA,FALSE,NA,40,13,10,1.1173128526977774,p,h,160,1,0.3333333333333333,60,30,30,3.1564128700055254,English,NA,NA,1,NA,NA,1,NA,NA,1,NA,NA,1,NA,NA,1,NA,NA,1,NA,NA
unknown_lab,0th3,1988,female,United Kingdom,United Kingdom,TRUE,TRUE,beginner,1,2,FALSE,NA,FALSE,NA,40,11,0,0,p,m,150,0,0,20,20,20,2.16686694770185,English,NA,NA,1,NA,NA,1,NA,NA,1,NA,NA,1,NA,NA,1,NA,NA,1,NA,NA
unknown_lab,e6d9,2005,male,United Kingdom,United Kingdom,TRUE,TRUE,advanced,13,4,TRUE,3,FALSE,NA,40,10,-5,-0.5869152057713568,n,l,145,1,0.16666666666666666,120,30,-30,-3.8631371386483475,English,Tamil,NA,1,NA,NA,0,0,NA,1,3,NA,1,4,NA,1,5,NA,1,5,NA
unknown_lab,e6d9,2005,male,United Kingdom,United Kingdom,TRUE,TRUE,advanced,13,4,TRUE,3,FALSE,NA,40,11,0,0,n,m,150,0,-0,20,10,-10,-1.1944280826109728,English,Tamil,NA,1,NA,NA,0,0,NA,1,3,NA,1,4,NA,1,5,NA,1,5,NA
unknown_lab,e6d9,2005,male,United Kingdom,United Kingdom,TRUE,TRUE,advanced,13,4,TRUE,3,FALSE,NA,40,10,-5,-0.5869152057713568,n,l,145,1,0.125,60,40,-40,-5.369507723654657,English,Tamil,NA,1,NA,NA,0,0,NA,1,3,NA,1,4,NA,1,5,NA,1,5,NA
unknown_lab,e6d9,2005,male,United Kingdom,United Kingdom,TRUE,TRUE,advanced,13,4,TRUE,3,FALSE,NA,40,11,0,0,p,m,150,0,0,20,40,40,4.092443014020803,English,Tamil,NA,1,NA,NA,0,0,NA,1,3,NA,1,4,NA,1,5,NA,1,5,NA
unknown_lab,e6d9,2005,male,United Kingdom,United Kingdom,TRUE,TRUE,advanced,13,4,TRUE,3,FALSE,NA,40,12,5,0.5676685773402819,p,h,155,1,0.25,40,20,20,2.16686694770185,English,Tamil,NA,1,NA,NA,0,0,NA,1,3,NA,1,4,NA,1,5,NA,1,5,NA
unknown_lab,e6d9,2005,male,United Kingdom,United Kingdom,TRUE,TRUE,advanced,13,4,TRUE,3,FALSE,NA,40,10,-5,-0.5869152057713568,n,l,145,1,0.25,140,20,-20,-2.477410529609116,English,Tamil,NA,1,NA,NA,0,0,NA,1,3,NA,1,4,NA,1,5,NA,1,5,NA
unknown_lab,e6d9,2005,male,United Kingdom,United Kingdom,TRUE,TRUE,advanced,13,4,TRUE,3,FALSE,NA,40,10,-5,-0.5869152057713568,n,l,145,1,0.25,80,20,-20,-2.477410529609116,English,Tamil,NA,1,NA,NA,0,0,NA,1,3,NA,1,4,NA,1,5,NA,1,5,NA
unknown_lab,e6d9,2005,male,United Kingdom,United Kingdom,TRUE,TRUE,advanced,13,4,TRUE,3,FALSE,NA,40,19,40,4.092443014020803,p,h,190,1,1,40,40,40,4.092443014020803,English,Tamil,NA,1,NA,NA,0,0,NA,1,3,NA,1,4,NA,1,5,NA,1,5,NA
unknown_lab,e6d9,2005,male,United Kingdom,United Kingdom,TRUE,TRUE,advanced,13,4,TRUE,3,FALSE,NA,40,11,0,0,0,m,150,1,NA,20,0,-0,0,English,Tamil,NA,1,NA,NA,0,0,NA,1,3,NA,1,4,NA,1,5,NA,1,5,NA
unknown_lab,e6d9,2005,male,United Kingdom,United Kingdom,TRUE,TRUE,advanced,13,4,TRUE,3,FALSE,NA,40,11,0,0,p,m,150,0,0,20,20,20,2.16686694770185,English,Tamil,NA,1,NA,NA,0,0,NA,1,3,NA,1,4,NA,1,5,NA,1,5,NA
unknown_lab,e6d9,2005,male,United Kingdom,United Kingdom,TRUE,TRUE,advanced,13,4,TRUE,3,FALSE,NA,40,10,-5,-0.5869152057713568,n,l,145,1,0.16666666666666666,60,30,-30,-3.8631371386483475,English,Tamil,NA,1,NA,NA,0,0,NA,1,3,NA,1,4,NA,1,5,NA,1,5,NA
unknown_lab,e6d9,2005,male,United Kingdom,United Kingdom,TRUE,TRUE,advanced,13,4,TRUE,3,FALSE,NA,40,11,0,0,n,m,150,0,-0,20,40,-40,-5.369507723654657,English,Tamil,NA,1,NA,NA,0,0,NA,1,3,NA,1,4,NA,1,5,NA,1,5,NA
unknown_lab,e6d9,2005,male,United Kingdom,United Kingdom,TRUE,TRUE,advanced,13,4,TRUE,3,FALSE,NA,40,17,30,3.1564128700055254,p,h,180,1,1,60,30,30,3.1564128700055254,English,Tamil,NA,1,NA,NA,0,0,NA,1,3,NA,1,4,NA,1,5,NA,1,5,NA
unknown_lab,e6d9,2005,male,United Kingdom,United Kingdom,TRUE,TRUE,advanced,13,4,TRUE,3,FALSE,NA,40,10,-5,-0.5869152057713568,n,l,145,1,0.25,120,20,-20,-2.477410529609116,English,Tamil,NA,1,NA,NA,0,0,NA,1,3,NA,1,4,NA,1,5,NA,1,5,NA
unknown_lab,e6d9,2005,male,United Kingdom,United Kingdom,TRUE,TRUE,advanced,13,4,TRUE,3,FALSE,NA,40,12,5,0.5676685773402819,n,h,155,0,-0.25,20,20,-20,-2.477410529609116,English,Tamil,NA,1,NA,NA,0,0,NA,1,3,NA,1,4,NA,1,5,NA,1,5,NA
unknown_lab,e6d9,2005,male,United Kingdom,United Kingdom,TRUE,TRUE,advanced,13,4,TRUE,3,FALSE,NA,40,18,35,3.6307532402451757,p,h,185,1,1.1666666666666667,140,30,30,3.1564128700055254,English,Tamil,NA,1,NA,NA,0,0,NA,1,3,NA,1,4,NA,1,5,NA,1,5,NA
unknown_lab,e6d9,2005,male,United Kingdom,United Kingdom,TRUE,TRUE,advanced,13,4,TRUE,3,FALSE,NA,40,12,5,0.5676685773402819,p,h,155,1,0.25,120,20,20,2.16686694770185,English,Tamil,NA,1,NA,NA,0,0,NA,1,3,NA,1,4,NA,1,5,NA,1,5,NA
unknown_lab,e6d9,2005,male,United Kingdom,United Kingdom,TRUE,TRUE,advanced,13,4,TRUE,3,FALSE,NA,40,17,30,3.1564128700055254,p,h,180,1,0.75,60,40,40,4.092443014020803,English,Tamil,NA,1,NA,NA,0,0,NA,1,3,NA,1,4,NA,1,5,NA,1,5,NA
unknown_lab,e6d9,2005,male,United Kingdom,United Kingdom,TRUE,TRUE,advanced,13,4,TRUE,3,FALSE,NA,40,8,-15,-1.8240371213405995,n,l,135,1,0.375,140,40,-40,-5.369507723654657,English,Tamil,NA,1,NA,NA,0,0,NA,1,3,NA,1,4,NA,1,5,NA,1,5,NA
unknown_lab,e6d9,2005,male,United Kingdom,United Kingdom,TRUE,TRUE,advanced,13,4,TRUE,3,FALSE,NA,40,11,0,0,0,m,150,1,NA,120,0,-0,0,English,Tamil,NA,1,NA,NA,0,0,NA,1,3,NA,1,4,NA,1,5,NA,1,5,NA
unknown_lab,e6d9,2005,male,United Kingdom,United Kingdom,TRUE,TRUE,advanced,13,4,TRUE,3,FALSE,NA,40,16,25,2.6687090560373763,p,h,175,1,0.8333333333333334,80,30,30,3.1564128700055254,English,Tamil,NA,1,NA,NA,0,0,NA,1,3,NA,1,4,NA,1,5,NA,1,5,NA
unknown_lab,e6d9,2005,male,United Kingdom,United Kingdom,TRUE,TRUE,advanced,13,4,TRUE,3,FALSE,NA,40,9,-10,-1.1944280826109728,n,l,140,1,0.25,40,40,-40,-5.369507723654657,English,Tamil,NA,1,NA,NA,0,0,NA,1,3,NA,1,4,NA,1,5,NA,1,5,NA
unknown_lab,e6d9,2005,male,United Kingdom,United Kingdom,TRUE,TRUE,advanced,13,4,TRUE,3,FALSE,NA,40,8,-15,-1.8240371213405995,n,l,135,1,1.5,80,10,-10,-1.1944280826109728,English,Tamil,NA,1,NA,NA,0,0,NA,1,3,NA,1,4,NA,1,5,NA,1,5,NA
unknown_lab,e6d9,2005,male,United Kingdom,United Kingdom,TRUE,TRUE,advanced,13,4,TRUE,3,FALSE,NA,40,8,-15,-1.8240371213405995,n,l,135,1,0.75,100,20,-20,-2.477410529609116,English,Tamil,NA,1,NA,NA,0,0,NA,1,3,NA,1,4,NA,1,5,NA,1,5,NA
unknown_lab,e6d9,2005,male,United Kingdom,United Kingdom,TRUE,TRUE,advanced,13,4,TRUE,3,FALSE,NA,40,17,30,3.1564128700055254,p,h,180,1,0.75,80,40,40,4.092443014020803,English,Tamil,NA,1,NA,NA,0,0,NA,1,3,NA,1,4,NA,1,5,NA,1,5,NA
unknown_lab,e6d9,2005,male,United Kingdom,United Kingdom,TRUE,TRUE,advanced,13,4,TRUE,3,FALSE,NA,40,12,5,0.5676685773402819,p,h,155,1,0.5,100,10,10,1.1173128526977774,English,Tamil,NA,1,NA,NA,0,0,NA,1,3,NA,1,4,NA,1,5,NA,1,5,NA
unknown_lab,e6d9,2005,male,United Kingdom,United Kingdom,TRUE,TRUE,advanced,13,4,TRUE,3,FALSE,NA,40,11,0,0,n,m,150,0,-0,60,10,-10,-1.1944280826109728,English,Tamil,NA,1,NA,NA,0,0,NA,1,3,NA,1,4,NA,1,5,NA,1,5,NA
unknown_lab,e6d9,2005,male,United Kingdom,United Kingdom,TRUE,TRUE,advanced,13,4,TRUE,3,FALSE,NA,40,17,30,3.1564128700055254,p,h,180,1,0.75,140,40,40,4.092443014020803,English,Tamil,NA,1,NA,NA,0,0,NA,1,3,NA,1,4,NA,1,5,NA,1,5,NA
unknown_lab,e6d9,2005,male,United Kingdom,United Kingdom,TRUE,TRUE,advanced,13,4,TRUE,3,FALSE,NA,40,11,0,0,p,m,150,0,0,40,10,10,1.1173128526977774,English,Tamil,NA,1,NA,NA,0,0,NA,1,3,NA,1,4,NA,1,5,NA,1,5,NA
unknown_lab,e6d9,2005,male,United Kingdom,United Kingdom,TRUE,TRUE,advanced,13,4,TRUE,3,FALSE,NA,40,16,25,2.6687090560373763,p,h,175,1,0.8333333333333334,120,30,30,3.1564128700055254,English,Tamil,NA,1,NA,NA,0,0,NA,1,3,NA,1,4,NA,1,5,NA,1,5,NA
unknown_lab,e6d9,2005,male,United Kingdom,United Kingdom,TRUE,TRUE,advanced,13,4,TRUE,3,FALSE,NA,40,16,25,2.6687090560373763,p,h,175,1,1.25,140,20,20,2.16686694770185,English,Tamil,NA,1,NA,NA,0,0,NA,1,3,NA,1,4,NA,1,5,NA,1,5,NA
unknown_lab,e6d9,2005,male,United Kingdom,United Kingdom,TRUE,TRUE,advanced,13,4,TRUE,3,FALSE,NA,40,11,0,0,p,m,150,0,0,60,10,10,1.1173128526977774,English,Tamil,NA,1,NA,NA,0,0,NA,1,3,NA,1,4,NA,1,5,NA,1,5,NA
unknown_lab,e6d9,2005,male,United Kingdom,United Kingdom,TRUE,TRUE,advanced,13,4,TRUE,3,FALSE,NA,40,11,0,0,p,m,150,0,0,40,30,30,3.1564128700055254,English,Tamil,NA,1,NA,NA,0,0,NA,1,3,NA,1,4,NA,1,5,NA,1,5,NA
unknown_lab,e6d9,2005,male,United Kingdom,United Kingdom,TRUE,TRUE,advanced,13,4,TRUE,3,FALSE,NA,40,11,0,0,p,m,150,0,0,80,20,20,2.16686694770185,English,Tamil,NA,1,NA,NA,0,0,NA,1,3,NA,1,4,NA,1,5,NA,1,5,NA
unknown_lab,e6d9,2005,male,United Kingdom,United Kingdom,TRUE,TRUE,advanced,13,4,TRUE,3,FALSE,NA,40,11,0,0,0,m,150,1,NA,100,0,-0,0,English,Tamil,NA,1,NA,NA,0,0,NA,1,3,NA,1,4,NA,1,5,NA,1,5,NA
unknown_lab,e6d9,2005,male,United Kingdom,United Kingdom,TRUE,TRUE,advanced,13,4,TRUE,3,FALSE,NA,40,11,0,0,0,m,150,1,NA,40,0,-0,0,English,Tamil,NA,1,NA,NA,0,0,NA,1,3,NA,1,4,NA,1,5,NA,1,5,NA
unknown_lab,e6d9,2005,male,United Kingdom,United Kingdom,TRUE,TRUE,advanced,13,4,TRUE,3,FALSE,NA,40,11,0,0,p,m,150,0,0,60,20,20,2.16686694770185,English,Tamil,NA,1,NA,NA,0,0,NA,1,3,NA,1,4,NA,1,5,NA,1,5,NA
unknown_lab,e6d9,2005,male,United Kingdom,United Kingdom,TRUE,TRUE,advanced,13,4,TRUE,3,FALSE,NA,40,12,5,0.5676685773402819,p,h,155,1,0.5,140,10,10,1.1173128526977774,English,Tamil,NA,1,NA,NA,0,0,NA,1,3,NA,1,4,NA,1,5,NA,1,5,NA
unknown_lab,e6d9,2005,male,United Kingdom,United Kingdom,TRUE,TRUE,advanced,13,4,TRUE,3,FALSE,NA,40,11,0,0,p,m,150,0,0,20,30,30,3.1564128700055254,English,Tamil,NA,1,NA,NA,0,0,NA,1,3,NA,1,4,NA,1,5,NA,1,5,NA
unknown_lab,e6d9,2005,male,United Kingdom,United Kingdom,TRUE,TRUE,advanced,13,4,TRUE,3,FALSE,NA,40,13,10,1.1173128526977774,p,h,160,1,0.5,100,20,20,2.16686694770185,English,Tamil,NA,1,NA,NA,0,0,NA,1,3,NA,1,4,NA,1,5,NA,1,5,NA
unknown_lab,e6d9,2005,male,United Kingdom,United Kingdom,TRUE,TRUE,advanced,13,4,TRUE,3,FALSE,NA,40,16,25,2.6687090560373763,p,h,175,1,0.625,120,40,40,4.092443014020803,English,Tamil,NA,1,NA,NA,0,0,NA,1,3,NA,1,4,NA,1,5,NA,1,5,NA
unknown_lab,e6d9,2005,male,United Kingdom,United Kingdom,TRUE,TRUE,advanced,13,4,TRUE,3,FALSE,NA,40,9,-10,-1.1944280826109728,n,l,140,1,0.3333333333333333,80,30,-30,-3.8631371386483475,English,Tamil,NA,1,NA,NA,0,0,NA,1,3,NA,1,4,NA,1,5,NA,1,5,NA
unknown_lab,e6d9,2005,male,United Kingdom,United Kingdom,TRUE,TRUE,advanced,13,4,TRUE,3,FALSE,NA,40,10,-5,-0.5869152057713568,n,l,145,1,0.16666666666666666,20,30,-30,-3.8631371386483475,English,Tamil,NA,1,NA,NA,0,0,NA,1,3,NA,1,4,NA,1,5,NA,1,5,NA
unknown_lab,e6d9,2005,male,United Kingdom,United Kingdom,TRUE,TRUE,advanced,13,4,TRUE,3,FALSE,NA,40,10,-5,-0.5869152057713568,n,l,145,1,0.5,40,10,-10,-1.1944280826109728,English,Tamil,NA,1,NA,NA,0,0,NA,1,3,NA,1,4,NA,1,5,NA,1,5,NA
unknown_lab,e6d9,2005,male,United Kingdom,United Kingdom,TRUE,TRUE,advanced,13,4,TRUE,3,FALSE,NA,40,9,-10,-1.1944280826109728,n,l,140,1,0.3333333333333333,140,30,-30,-3.8631371386483475,English,Tamil,NA,1,NA,NA,0,0,NA,1,3,NA,1,4,NA,1,5,NA,1,5,NA
unknown_lab,e6d9,2005,male,United Kingdom,United Kingdom,TRUE,TRUE,advanced,13,4,TRUE,3,FALSE,NA,40,10,-5,-0.5869152057713568,p,l,145,0,-0.5,120,10,10,1.1173128526977774,English,Tamil,NA,1,NA,NA,0,0,NA,1,3,NA,1,4,NA,1,5,NA,1,5,NA
unknown_lab,e6d9,2005,male,United Kingdom,United Kingdom,TRUE,TRUE,advanced,13,4,TRUE,3,FALSE,NA,40,10,-5,-0.5869152057713568,n,l,145,1,0.5,120,10,-10,-1.1944280826109728,English,Tamil,NA,1,NA,NA,0,0,NA,1,3,NA,1,4,NA,1,5,NA,1,5,NA
unknown_lab,e6d9,2005,male,United Kingdom,United Kingdom,TRUE,TRUE,advanced,13,4,TRUE,3,FALSE,NA,40,11,0,0,p,m,150,0,0,20,10,10,1.1173128526977774,English,Tamil,NA,1,NA,NA,0,0,NA,1,3,NA,1,4,NA,1,5,NA,1,5,NA
unknown_lab,e6d9,2005,male,United Kingdom,United Kingdom,TRUE,TRUE,advanced,13,4,TRUE,3,FALSE,NA,40,10,-5,-0.5869152057713568,n,l,145,1,0.5,140,10,-10,-1.1944280826109728,English,Tamil,NA,1,NA,NA,0,0,NA,1,3,NA,1,4,NA,1,5,NA,1,5,NA
unknown_lab,e6d9,2005,male,United Kingdom,United Kingdom,TRUE,TRUE,advanced,13,4,TRUE,3,FALSE,NA,40,10,-5,-0.5869152057713568,n,l,145,1,0.16666666666666666,100,30,-30,-3.8631371386483475,English,Tamil,NA,1,NA,NA,0,0,NA,1,3,NA,1,4,NA,1,5,NA,1,5,NA
unknown_lab,e6d9,2005,male,United Kingdom,United Kingdom,TRUE,TRUE,advanced,13,4,TRUE,3,FALSE,NA,40,11,0,0,p,m,150,0,0,80,10,10,1.1173128526977774,English,Tamil,NA,1,NA,NA,0,0,NA,1,3,NA,1,4,NA,1,5,NA,1,5,NA
unknown_lab,e6d9,2005,male,United Kingdom,United Kingdom,TRUE,TRUE,advanced,13,4,TRUE,3,FALSE,NA,40,11,0,0,n,m,150,0,-0,40,20,-20,-2.477410529609116,English,Tamil,NA,1,NA,NA,0,0,NA,1,3,NA,1,4,NA,1,5,NA,1,5,NA
unknown_lab,e6d9,2005,male,United Kingdom,United Kingdom,TRUE,TRUE,advanced,13,4,TRUE,3,FALSE,NA,40,11,0,0,n,m,150,0,-0,100,10,-10,-1.1944280826109728,English,Tamil,NA,1,NA,NA,0,0,NA,1,3,NA,1,4,NA,1,5,NA,1,5,NA
unknown_lab,e6d9,2005,male,United Kingdom,United Kingdom,TRUE,TRUE,advanced,13,4,TRUE,3,FALSE,NA,40,11,0,0,0,m,150,1,NA,40,0,-0,0,English,Tamil,NA,1,NA,NA,0,0,NA,1,3,NA,1,4,NA,1,5,NA,1,5,NA
unknown_lab,e6d9,2005,male,United Kingdom,United Kingdom,TRUE,TRUE,advanced,13,4,TRUE,3,FALSE,NA,40,11,0,0,0,m,150,1,NA,60,0,-0,0,English,Tamil,NA,1,NA,NA,0,0,NA,1,3,NA,1,4,NA,1,5,NA,1,5,NA
unknown_lab,e6d9,2005,male,United Kingdom,United Kingdom,TRUE,TRUE,advanced,13,4,TRUE,3,FALSE,NA,40,10,-5,-0.5869152057713568,n,l,145,1,0.25,60,20,-20,-2.477410529609116,English,Tamil,NA,1,NA,NA,0,0,NA,1,3,NA,1,4,NA,1,5,NA,1,5,NA
unknown_lab,e6d9,2005,male,United Kingdom,United Kingdom,TRUE,TRUE,advanced,13,4,TRUE,3,FALSE,NA,40,16,25,2.6687090560373763,p,h,175,1,0.8333333333333334,100,30,30,3.1564128700055254,English,Tamil,NA,1,NA,NA,0,0,NA,1,3,NA,1,4,NA,1,5,NA,1,5,NA
unknown_lab,e6d9,2005,male,United Kingdom,United Kingdom,TRUE,TRUE,advanced,13,4,TRUE,3,FALSE,NA,40,12,5,0.5676685773402819,0,h,155,0,NA,60,0,-0,0,English,Tamil,NA,1,NA,NA,0,0,NA,1,3,NA,1,4,NA,1,5,NA,1,5,NA
unknown_lab,e6d9,2005,male,United Kingdom,United Kingdom,TRUE,TRUE,advanced,13,4,TRUE,3,FALSE,NA,40,9,-10,-1.1944280826109728,n,l,140,1,0.25,80,40,-40,-5.369507723654657,English,Tamil,NA,1,NA,NA,0,0,NA,1,3,NA,1,4,NA,1,5,NA,1,5,NA
unknown_lab,e6d9,2005,male,United Kingdom,United Kingdom,TRUE,TRUE,advanced,13,4,TRUE,3,FALSE,NA,40,8,-15,-1.8240371213405995,n,l,135,1,0.375,100,40,-40,-5.369507723654657,English,Tamil,NA,1,NA,NA,0,0,NA,1,3,NA,1,4,NA,1,5,NA,1,5,NA
unknown_lab,e6d9,2005,male,United Kingdom,United Kingdom,TRUE,TRUE,advanced,13,4,TRUE,3,FALSE,NA,40,10,-5,-0.5869152057713568,n,l,145,1,0.25,20,20,-20,-2.477410529609116,English,Tamil,NA,1,NA,NA,0,0,NA,1,3,NA,1,4,NA,1,5,NA,1,5,NA
unknown_lab,e6d9,2005,male,United Kingdom,United Kingdom,TRUE,TRUE,advanced,13,4,TRUE,3,FALSE,NA,40,11,0,0,p,m,150,0,0,80,10,10,1.1173128526977774,English,Tamil,NA,1,NA,NA,0,0,NA,1,3,NA,1,4,NA,1,5,NA,1,5,NA
unknown_lab,e6d9,2005,male,United Kingdom,United Kingdom,TRUE,TRUE,advanced,13,4,TRUE,3,FALSE,NA,40,11,0,0,p,m,150,0,0,40,10,10,1.1173128526977774,English,Tamil,NA,1,NA,NA,0,0,NA,1,3,NA,1,4,NA,1,5,NA,1,5,NA
unknown_lab,e6d9,2005,male,United Kingdom,United Kingdom,TRUE,TRUE,advanced,13,4,TRUE,3,FALSE,NA,40,15,20,2.16686694770185,p,h,170,1,1,140,20,20,2.16686694770185,English,Tamil,NA,1,NA,NA,0,0,NA,1,3,NA,1,4,NA,1,5,NA,1,5,NA
unknown_lab,e6d9,2005,male,United Kingdom,United Kingdom,TRUE,TRUE,advanced,13,4,TRUE,3,FALSE,NA,40,10,-5,-0.5869152057713568,p,l,145,0,-0.125,20,40,40,4.092443014020803,English,Tamil,NA,1,NA,NA,0,0,NA,1,3,NA,1,4,NA,1,5,NA,1,5,NA
unknown_lab,e6d9,2005,male,United Kingdom,United Kingdom,TRUE,TRUE,advanced,13,4,TRUE,3,FALSE,NA,40,16,25,2.6687090560373763,p,h,175,1,0.625,120,40,40,4.092443014020803,English,Tamil,NA,1,NA,NA,0,0,NA,1,3,NA,1,4,NA,1,5,NA,1,5,NA
unknown_lab,e6d9,2005,male,United Kingdom,United Kingdom,TRUE,TRUE,advanced,13,4,TRUE,3,FALSE,NA,40,11,0,0,n,m,150,0,-0,40,10,-10,-1.1944280826109728,English,Tamil,NA,1,NA,NA,0,0,NA,1,3,NA,1,4,NA,1,5,NA,1,5,NA
unknown_lab,e6d9,2005,male,United Kingdom,United Kingdom,TRUE,TRUE,advanced,13,4,TRUE,3,FALSE,NA,40,9,-10,-1.1944280826109728,n,l,140,1,0.25,120,40,-40,-5.369507723654657,English,Tamil,NA,1,NA,NA,0,0,NA,1,3,NA,1,4,NA,1,5,NA,1,5,NA
unknown_lab,e6d9,2005,male,United Kingdom,United Kingdom,TRUE,TRUE,advanced,13,4,TRUE,3,FALSE,NA,40,11,0,0,p,m,150,0,0,40,20,20,2.16686694770185,English,Tamil,NA,1,NA,NA,0,0,NA,1,3,NA,1,4,NA,1,5,NA,1,5,NA
unknown_lab,e6d9,2005,male,United Kingdom,United Kingdom,TRUE,TRUE,advanced,13,4,TRUE,3,FALSE,NA,40,9,-10,-1.1944280826109728,n,l,140,1,1,80,10,-10,-1.1944280826109728,English,Tamil,NA,1,NA,NA,0,0,NA,1,3,NA,1,4,NA,1,5,NA,1,5,NA
unknown_lab,e6d9,2005,male,United Kingdom,United Kingdom,TRUE,TRUE,advanced,13,4,TRUE,3,FALSE,NA,40,11,0,0,p,m,150,0,0,100,10,10,1.1173128526977774,English,Tamil,NA,1,NA,NA,0,0,NA,1,3,NA,1,4,NA,1,5,NA,1,5,NA
unknown_lab,e6d9,2005,male,United Kingdom,United Kingdom,TRUE,TRUE,advanced,13,4,TRUE,3,FALSE,NA,40,10,-5,-0.5869152057713568,n,l,145,1,0.16666666666666666,40,30,-30,-3.8631371386483475,English,Tamil,NA,1,NA,NA,0,0,NA,1,3,NA,1,4,NA,1,5,NA,1,5,NA
unknown_lab,e6d9,2005,male,United Kingdom,United Kingdom,TRUE,TRUE,advanced,13,4,TRUE,3,FALSE,NA,40,17,30,3.1564128700055254,p,h,180,1,1,80,30,30,3.1564128700055254,English,Tamil,NA,1,NA,NA,0,0,NA,1,3,NA,1,4,NA,1,5,NA,1,5,NA
unknown_lab,e6d9,2005,male,United Kingdom,United Kingdom,TRUE,TRUE,advanced,13,4,TRUE,3,FALSE,NA,40,10,-5,-0.5869152057713568,p,l,145,0,-0.5,140,10,10,1.1173128526977774,English,Tamil,NA,1,NA,NA,0,0,NA,1,3,NA,1,4,NA,1,5,NA,1,5,NA
unknown_lab,e6d9,2005,male,United Kingdom,United Kingdom,TRUE,TRUE,advanced,13,4,TRUE,3,FALSE,NA,40,10,-5,-0.5869152057713568,n,l,145,1,0.25,80,20,-20,-2.477410529609116,English,Tamil,NA,1,NA,NA,0,0,NA,1,3,NA,1,4,NA,1,5,NA,1,5,NA
unknown_lab,e6d9,2005,male,United Kingdom,United Kingdom,TRUE,TRUE,advanced,13,4,TRUE,3,FALSE,NA,40,11,0,0,0,m,150,1,NA,120,0,-0,0,English,Tamil,NA,1,NA,NA,0,0,NA,1,3,NA,1,4,NA,1,5,NA,1,5,NA
unknown_lab,e6d9,2005,male,United Kingdom,United Kingdom,TRUE,TRUE,advanced,13,4,TRUE,3,FALSE,NA,40,10,-5,-0.5869152057713568,n,l,145,1,0.5,100,10,-10,-1.1944280826109728,English,Tamil,NA,1,NA,NA,0,0,NA,1,3,NA,1,4,NA,1,5,NA,1,5,NA
unknown_lab,e6d9,2005,male,United Kingdom,United Kingdom,TRUE,TRUE,advanced,13,4,TRUE,3,FALSE,NA,40,11,0,0,n,m,150,0,-0,60,20,-20,-2.477410529609116,English,Tamil,NA,1,NA,NA,0,0,NA,1,3,NA,1,4,NA,1,5,NA,1,5,NA
unknown_lab,e6d9,2005,male,United Kingdom,United Kingdom,TRUE,TRUE,advanced,13,4,TRUE,3,FALSE,NA,40,8,-15,-1.8240371213405995,n,l,135,1,0.375,100,40,-40,-5.369507723654657,English,Tamil,NA,1,NA,NA,0,0,NA,1,3,NA,1,4,NA,1,5,NA,1,5,NA
unknown_lab,e6d9,2005,male,United Kingdom,United Kingdom,TRUE,TRUE,advanced,13,4,TRUE,3,FALSE,NA,40,11,0,0,0,m,150,1,NA,100,0,-0,0,English,Tamil,NA,1,NA,NA,0,0,NA,1,3,NA,1,4,NA,1,5,NA,1,5,NA
unknown_lab,e6d9,2005,male,United Kingdom,United Kingdom,TRUE,TRUE,advanced,13,4,TRUE,3,FALSE,NA,40,11,0,0,0,m,150,1,NA,80,0,-0,0,English,Tamil,NA,1,NA,NA,0,0,NA,1,3,NA,1,4,NA,1,5,NA,1,5,NA
unknown_lab,e6d9,2005,male,United Kingdom,United Kingdom,TRUE,TRUE,advanced,13,4,TRUE,3,FALSE,NA,40,9,-10,-1.1944280826109728,n,l,140,1,0.25,60,40,-40,-5.369507723654657,English,Tamil,NA,1,NA,NA,0,0,NA,1,3,NA,1,4,NA,1,5,NA,1,5,NA
unknown_lab,e6d9,2005,male,United Kingdom,United Kingdom,TRUE,TRUE,advanced,13,4,TRUE,3,FALSE,NA,40,10,-5,-0.5869152057713568,n,l,145,1,0.125,20,40,-40,-5.369507723654657,English,Tamil,NA,1,NA,NA,0,0,NA,1,3,NA,1,4,NA,1,5,NA,1,5,NA
unknown_lab,e6d9,2005,male,United Kingdom,United Kingdom,TRUE,TRUE,advanced,13,4,TRUE,3,FALSE,NA,40,9,-10,-1.1944280826109728,n,l,140,1,0.3333333333333333,80,30,-30,-3.8631371386483475,English,Tamil,NA,1,NA,NA,0,0,NA,1,3,NA,1,4,NA,1,5,NA,1,5,NA
unknown_lab,e6d9,2005,male,United Kingdom,United Kingdom,TRUE,TRUE,advanced,13,4,TRUE,3,FALSE,NA,40,11,0,0,p,m,150,0,0,60,10,10,1.1173128526977774,English,Tamil,NA,1,NA,NA,0,0,NA,1,3,NA,1,4,NA,1,5,NA,1,5,NA
unknown_lab,e6d9,2005,male,United Kingdom,United Kingdom,TRUE,TRUE,advanced,13,4,TRUE,3,FALSE,NA,40,11,0,0,n,m,150,0,-0,140,10,-10,-1.1944280826109728,English,Tamil,NA,1,NA,NA,0,0,NA,1,3,NA,1,4,NA,1,5,NA,1,5,NA
unknown_lab,e6d9,2005,male,United Kingdom,United Kingdom,TRUE,TRUE,advanced,13,4,TRUE,3,FALSE,NA,40,14,15,1.6500422849992202,p,h,165,1,0.5,20,30,30,3.1564128700055254,English,Tamil,NA,1,NA,NA,0,0,NA,1,3,NA,1,4,NA,1,5,NA,1,5,NA
unknown_lab,e6d9,2005,male,United Kingdom,United Kingdom,TRUE,TRUE,advanced,13,4,TRUE,3,FALSE,NA,40,9,-10,-1.1944280826109728,n,l,140,1,0.3333333333333333,120,30,-30,-3.8631371386483475,English,Tamil,NA,1,NA,NA,0,0,NA,1,3,NA,1,4,NA,1,5,NA,1,5,NA
unknown_lab,e6d9,2005,male,United Kingdom,United Kingdom,TRUE,TRUE,advanced,13,4,TRUE,3,FALSE,NA,40,13,10,1.1173128526977774,p,h,160,1,0.3333333333333333,60,30,30,3.1564128700055254,English,Tamil,NA,1,NA,NA,0,0,NA,1,3,NA,1,4,NA,1,5,NA,1,5,NA
unknown_lab,e6d9,2005,male,United Kingdom,United Kingdom,TRUE,TRUE,advanced,13,4,TRUE,3,FALSE,NA,40,11,0,0,p,m,150,0,0,20,20,20,2.16686694770185,English,Tamil,NA,1,NA,NA,0,0,NA,1,3,NA,1,4,NA,1,5,NA,1,5,NA
unknown_lab,e6d9,2005,male,United Kingdom,United Kingdom,TRUE,TRUE,advanced,13,4,TRUE,3,FALSE,NA,40,10,-5,-0.5869152057713568,n,l,145,1,0.5,60,10,-10,-1.1944280826109728,English,Tamil,NA,1,NA,NA,0,0,NA,1,3,NA,1,4,NA,1,5,NA,1,5,NA
unknown_lab,e6d9,2005,male,United Kingdom,United Kingdom,TRUE,TRUE,advanced,13,4,TRUE,3,FALSE,NA,40,10,-5,-0.5869152057713568,n,l,145,1,0.25,40,20,-20,-2.477410529609116,English,Tamil,NA,1,NA,NA,0,0,NA,1,3,NA,1,4,NA,1,5,NA,1,5,NA
unknown_lab,e6d9,2005,male,United Kingdom,United Kingdom,TRUE,TRUE,advanced,13,4,TRUE,3,FALSE,NA,40,9,-10,-1.1944280826109728,n,l,140,1,0.3333333333333333,140,30,-30,-3.8631371386483475,English,Tamil,NA,1,NA,NA,0,0,NA,1,3,NA,1,4,NA,1,5,NA,1,5,NA
unknown_lab,e6d9,2005,male,United Kingdom,United Kingdom,TRUE,TRUE,advanced,13,4,TRUE,3,FALSE,NA,40,11,0,0,p,m,150,0,0,20,10,10,1.1173128526977774,English,Tamil,NA,1,NA,NA,0,0,NA,1,3,NA,1,4,NA,1,5,NA,1,5,NA
unknown_lab,e6d9,2005,male,United Kingdom,United Kingdom,TRUE,TRUE,advanced,13,4,TRUE,3,FALSE,NA,40,9,-10,-1.1944280826109728,n,l,140,1,0.5,140,20,-20,-2.477410529609116,English,Tamil,NA,1,NA,NA,0,0,NA,1,3,NA,1,4,NA,1,5,NA,1,5,NA
unknown_lab,e6d9,2005,male,United Kingdom,United Kingdom,TRUE,TRUE,advanced,13,4,TRUE,3,FALSE,NA,40,10,-5,-0.5869152057713568,p,l,145,0,-0.25,100,20,20,2.16686694770185,English,Tamil,NA,1,NA,NA,0,0,NA,1,3,NA,1,4,NA,1,5,NA,1,5,NA
unknown_lab,e6d9,2005,male,United Kingdom,United Kingdom,TRUE,TRUE,advanced,13,4,TRUE,3,FALSE,NA,40,13,10,1.1173128526977774,p,h,160,1,0.5,80,20,20,2.16686694770185,English,Tamil,NA,1,NA,NA,0,0,NA,1,3,NA,1,4,NA,1,5,NA,1,5,NA
unknown_lab,e6d9,2005,male,United Kingdom,United Kingdom,TRUE,TRUE,advanced,13,4,TRUE,3,FALSE,NA,40,11,0,0,0,m,150,1,NA,140,0,-0,0,English,Tamil,NA,1,NA,NA,0,0,NA,1,3,NA,1,4,NA,1,5,NA,1,5,NA
unknown_lab,e6d9,2005,male,United Kingdom,United Kingdom,TRUE,TRUE,advanced,13,4,TRUE,3,FALSE,NA,40,9,-10,-1.1944280826109728,n,l,140,1,0.25,40,40,-40,-5.369507723654657,English,Tamil,NA,1,NA,NA,0,0,NA,1,3,NA,1,4,NA,1,5,NA,1,5,NA
unknown_lab,e6d9,2005,male,United Kingdom,United Kingdom,TRUE,TRUE,advanced,13,4,TRUE,3,FALSE,NA,40,18,35,3.6307532402451757,p,h,185,1,0.875,100,40,40,4.092443014020803,English,Tamil,NA,1,NA,NA,0,0,NA,1,3,NA,1,4,NA,1,5,NA,1,5,NA
unknown_lab,e6d9,2005,male,United Kingdom,United Kingdom,TRUE,TRUE,advanced,13,4,TRUE,3,FALSE,NA,40,14,15,1.6500422849992202,p,h,165,1,0.5,100,30,30,3.1564128700055254,English,Tamil,NA,1,NA,NA,0,0,NA,1,3,NA,1,4,NA,1,5,NA,1,5,NA
unknown_lab,e6d9,2005,male,United Kingdom,United Kingdom,TRUE,TRUE,advanced,13,4,TRUE,3,FALSE,NA,40,13,10,1.1173128526977774,p,h,160,1,0.25,60,40,40,4.092443014020803,English,Tamil,NA,1,NA,NA,0,0,NA,1,3,NA,1,4,NA,1,5,NA,1,5,NA
unknown_lab,e6d9,2005,male,United Kingdom,United Kingdom,TRUE,TRUE,advanced,13,4,TRUE,3,FALSE,NA,40,18,35,3.6307532402451757,p,h,185,1,1.1666666666666667,140,30,30,3.1564128700055254,English,Tamil,NA,1,NA,NA,0,0,NA,1,3,NA,1,4,NA,1,5,NA,1,5,NA
unknown_lab,e6d9,2005,male,United Kingdom,United Kingdom,TRUE,TRUE,advanced,13,4,TRUE,3,FALSE,NA,40,11,0,0,0,m,150,1,NA,80,0,-0,0,English,Tamil,NA,1,NA,NA,0,0,NA,1,3,NA,1,4,NA,1,5,NA,1,5,NA
unknown_lab,e6d9,2005,male,United Kingdom,United Kingdom,TRUE,TRUE,advanced,13,4,TRUE,3,FALSE,NA,40,8,-15,-1.8240371213405995,n,l,135,1,0.75,120,20,-20,-2.477410529609116,English,Tamil,NA,1,NA,NA,0,0,NA,1,3,NA,1,4,NA,1,5,NA,1,5,NA
unknown_lab,e6d9,2005,male,United Kingdom,United Kingdom,TRUE,TRUE,advanced,13,4,TRUE,3,FALSE,NA,40,15,20,2.16686694770185,p,h,170,1,0.5,40,40,40,4.092443014020803,English,Tamil,NA,1,NA,NA,0,0,NA,1,3,NA,1,4,NA,1,5,NA,1,5,NA
unknown_lab,e6d9,2005,male,United Kingdom,United Kingdom,TRUE,TRUE,advanced,13,4,TRUE,3,FALSE,NA,40,13,10,1.1173128526977774,p,h,160,1,0.3333333333333333,120,30,30,3.1564128700055254,English,Tamil,NA,1,NA,NA,0,0,NA,1,3,NA,1,4,NA,1,5,NA,1,5,NA
unknown_lab,e6d9,2005,male,United Kingdom,United Kingdom,TRUE,TRUE,advanced,13,4,TRUE,3,FALSE,NA,40,9,-10,-1.1944280826109728,n,l,140,1,0.3333333333333333,60,30,-30,-3.8631371386483475,English,Tamil,NA,1,NA,NA,0,0,NA,1,3,NA,1,4,NA,1,5,NA,1,5,NA
unknown_lab,e6d9,2005,male,United Kingdom,United Kingdom,TRUE,TRUE,advanced,13,4,TRUE,3,FALSE,NA,40,11,0,0,n,m,150,0,-0,20,10,-10,-1.1944280826109728,English,Tamil,NA,1,NA,NA,0,0,NA,1,3,NA,1,4,NA,1,5,NA,1,5,NA
unknown_lab,e6d9,2005,male,United Kingdom,United Kingdom,TRUE,TRUE,advanced,13,4,TRUE,3,FALSE,NA,40,13,10,1.1173128526977774,p,h,160,1,0.5,120,20,20,2.16686694770185,English,Tamil,NA,1,NA,NA,0,0,NA,1,3,NA,1,4,NA,1,5,NA,1,5,NA
unknown_lab,e6d9,2005,male,United Kingdom,United Kingdom,TRUE,TRUE,advanced,13,4,TRUE,3,FALSE,NA,40,10,-5,-0.5869152057713568,p,l,145,0,-0.16666666666666666,40,30,30,3.1564128700055254,English,Tamil,NA,1,NA,NA,0,0,NA,1,3,NA,1,4,NA,1,5,NA,1,5,NA
unknown_lab,e6d9,2005,male,United Kingdom,United Kingdom,TRUE,TRUE,advanced,13,4,TRUE,3,FALSE,NA,40,9,-10,-1.1944280826109728,n,l,140,1,0.3333333333333333,100,30,-30,-3.8631371386483475,English,Tamil,NA,1,NA,NA,0,0,NA,1,3,NA,1,4,NA,1,5,NA,1,5,NA
unknown_lab,e6d9,2005,male,United Kingdom,United Kingdom,TRUE,TRUE,advanced,13,4,TRUE,3,FALSE,NA,40,11,0,0,n,m,150,0,-0,100,20,-20,-2.477410529609116,English,Tamil,NA,1,NA,NA,0,0,NA,1,3,NA,1,4,NA,1,5,NA,1,5,NA
unknown_lab,e6d9,2005,male,United Kingdom,United Kingdom,TRUE,TRUE,advanced,13,4,TRUE,3,FALSE,NA,40,13,10,1.1173128526977774,p,h,160,1,0.25,80,40,40,4.092443014020803,English,Tamil,NA,1,NA,NA,0,0,NA,1,3,NA,1,4,NA,1,5,NA,1,5,NA
unknown_lab,e6d9,2005,male,United Kingdom,United Kingdom,TRUE,TRUE,advanced,13,4,TRUE,3,FALSE,NA,40,8,-15,-1.8240371213405995,n,l,135,1,0.375,140,40,-40,-5.369507723654657,English,Tamil,NA,1,NA,NA,0,0,NA,1,3,NA,1,4,NA,1,5,NA,1,5,NA
unknown_lab,e6d9,2005,male,United Kingdom,United Kingdom,TRUE,TRUE,advanced,13,4,TRUE,3,FALSE,NA,40,11,0,0,n,m,150,0,-0,20,30,-30,-3.8631371386483475,English,Tamil,NA,1,NA,NA,0,0,NA,1,3,NA,1,4,NA,1,5,NA,1,5,NA
unknown_lab,e6d9,2005,male,United Kingdom,United Kingdom,TRUE,TRUE,advanced,13,4,TRUE,3,FALSE,NA,40,9,-10,-1.1944280826109728,n,l,140,1,0.25,80,40,-40,-5.369507723654657,English,Tamil,NA,1,NA,NA,0,0,NA,1,3,NA,1,4,NA,1,5,NA,1,5,NA
unknown_lab,e6d9,2005,male,United Kingdom,United Kingdom,TRUE,TRUE,advanced,13,4,TRUE,3,FALSE,NA,40,12,5,0.5676685773402819,p,h,155,1,0.5,120,10,10,1.1173128526977774,English,Tamil,NA,1,NA,NA,0,0,NA,1,3,NA,1,4,NA,1,5,NA,1,5,NA
unknown_lab,e6d9,2005,male,United Kingdom,United Kingdom,TRUE,TRUE,advanced,13,4,TRUE,3,FALSE,NA,40,11,0,0,0,m,150,1,NA,140,0,-0,0,English,Tamil,NA,1,NA,NA,0,0,NA,1,3,NA,1,4,NA,1,5,NA,1,5,NA
unknown_lab,e6d9,2005,male,United Kingdom,United Kingdom,TRUE,TRUE,advanced,13,4,TRUE,3,FALSE,NA,40,11,0,0,n,m,150,0,-0,120,10,-10,-1.1944280826109728,English,Tamil,NA,1,NA,NA,0,0,NA,1,3,NA,1,4,NA,1,5,NA,1,5,NA
unknown_lab,y64n,1998,male,United Kingdom,United Kingdom,TRUE,TRUE,beginner,1,8,TRUE,1,TRUE,1,33,11,0,0,n,m,150,0,-0,20,20,-20,-2.477410529609116,English,NA,NA,1,NA,NA,0,NA,NA,1,NA,NA,1,NA,NA,1,NA,NA,1,NA,NA
unknown_lab,y64n,1998,male,United Kingdom,United Kingdom,TRUE,TRUE,beginner,1,8,TRUE,1,TRUE,1,33,11,0,0,n,m,150,0,-0,100,30,-30,-3.8631371386483475,English,NA,NA,1,NA,NA,0,NA,NA,1,NA,NA,1,NA,NA,1,NA,NA,1,NA,NA
unknown_lab,y64n,1998,male,United Kingdom,United Kingdom,TRUE,TRUE,beginner,1,8,TRUE,1,TRUE,1,33,12,5,0.5676685773402819,p,h,155,1,0.16666666666666666,140,30,30,3.1564128700055254,English,NA,NA,1,NA,NA,0,NA,NA,1,NA,NA,1,NA,NA,1,NA,NA,1,NA,NA
unknown_lab,y64n,1998,male,United Kingdom,United Kingdom,TRUE,TRUE,beginner,1,8,TRUE,1,TRUE,1,33,11,0,0,p,m,150,0,0,100,40,40,4.092443014020803,English,NA,NA,1,NA,NA,0,NA,NA,1,NA,NA,1,NA,NA,1,NA,NA,1,NA,NA
unknown_lab,y64n,1998,male,United Kingdom,United Kingdom,TRUE,TRUE,beginner,1,8,TRUE,1,TRUE,1,33,11,0,0,n,m,150,0,-0,20,40,-40,-5.369507723654657,English,NA,NA,1,NA,NA,0,NA,NA,1,NA,NA,1,NA,NA,1,NA,NA,1,NA,NA
unknown_lab,y64n,1998,male,United Kingdom,United Kingdom,TRUE,TRUE,beginner,1,8,TRUE,1,TRUE,1,33,12,5,0.5676685773402819,p,h,155,1,0.25,60,20,20,2.16686694770185,English,NA,NA,1,NA,NA,0,NA,NA,1,NA,NA,1,NA,NA,1,NA,NA,1,NA,NA
unknown_lab,y64n,1998,male,United Kingdom,United Kingdom,TRUE,TRUE,beginner,1,8,TRUE,1,TRUE,1,33,13,10,1.1173128526977774,p,h,160,1,0.25,60,40,40,4.092443014020803,English,NA,NA,1,NA,NA,0,NA,NA,1,NA,NA,1,NA,NA,1,NA,NA,1,NA,NA
unknown_lab,y64n,1998,male,United Kingdom,United Kingdom,TRUE,TRUE,beginner,1,8,TRUE,1,TRUE,1,33,9,-10,-1.1944280826109728,n,l,140,1,0.5,60,20,-20,-2.477410529609116,English,NA,NA,1,NA,NA,0,NA,NA,1,NA,NA,1,NA,NA,1,NA,NA,1,NA,NA
unknown_lab,y64n,1998,male,United Kingdom,United Kingdom,TRUE,TRUE,beginner,1,8,TRUE,1,TRUE,1,33,12,5,0.5676685773402819,p,h,155,1,0.125,80,40,40,4.092443014020803,English,NA,NA,1,NA,NA,0,NA,NA,1,NA,NA,1,NA,NA,1,NA,NA,1,NA,NA
unknown_lab,y64n,1998,male,United Kingdom,United Kingdom,TRUE,TRUE,beginner,1,8,TRUE,1,TRUE,1,33,12,5,0.5676685773402819,n,h,155,0,-0.16666666666666666,20,30,-30,-3.8631371386483475,English,NA,NA,1,NA,NA,0,NA,NA,1,NA,NA,1,NA,NA,1,NA,NA,1,NA,NA
unknown_lab,y64n,1998,male,United Kingdom,United Kingdom,TRUE,TRUE,beginner,1,8,TRUE,1,TRUE,1,33,11,0,0,p,m,150,0,0,80,20,20,2.16686694770185,English,NA,NA,1,NA,NA,0,NA,NA,1,NA,NA,1,NA,NA,1,NA,NA,1,NA,NA
unknown_lab,y64n,1998,male,United Kingdom,United Kingdom,TRUE,TRUE,beginner,1,8,TRUE,1,TRUE,1,33,13,10,1.1173128526977774,p,h,160,1,0.3333333333333333,80,30,30,3.1564128700055254,English,NA,NA,1,NA,NA,0,NA,NA,1,NA,NA,1,NA,NA,1,NA,NA,1,NA,NA
unknown_lab,y64n,1998,male,United Kingdom,United Kingdom,TRUE,TRUE,beginner,1,8,TRUE,1,TRUE,1,33,11,0,0,0,m,150,1,NA,40,0,-0,0,English,NA,NA,1,NA,NA,0,NA,NA,1,NA,NA,1,NA,NA,1,NA,NA,1,NA,NA
unknown_lab,y64n,1998,male,United Kingdom,United Kingdom,TRUE,TRUE,beginner,1,8,TRUE,1,TRUE,1,33,10,-5,-0.5869152057713568,p,l,145,0,-0.25,20,20,20,2.16686694770185,English,NA,NA,1,NA,NA,0,NA,NA,1,NA,NA,1,NA,NA,1,NA,NA,1,NA,NA
unknown_lab,y64n,1998,male,United Kingdom,United Kingdom,TRUE,TRUE,beginner,1,8,TRUE,1,TRUE,1,33,12,5,0.5676685773402819,0,h,155,0,NA,80,0,-0,0,English,NA,NA,1,NA,NA,0,NA,NA,1,NA,NA,1,NA,NA,1,NA,NA,1,NA,NA
unknown_lab,y64n,1998,male,United Kingdom,United Kingdom,TRUE,TRUE,beginner,1,8,TRUE,1,TRUE,1,33,13,10,1.1173128526977774,n,h,160,0,-0.5,80,20,-20,-2.477410529609116,English,NA,NA,1,NA,NA,0,NA,NA,1,NA,NA,1,NA,NA,1,NA,NA,1,NA,NA
unknown_lab,y64n,1998,male,United Kingdom,United Kingdom,TRUE,TRUE,beginner,1,8,TRUE,1,TRUE,1,33,11,0,0,p,m,150,0,0,40,40,40,4.092443014020803,English,NA,NA,1,NA,NA,0,NA,NA,1,NA,NA,1,NA,NA,1,NA,NA,1,NA,NA
unknown_lab,y64n,1998,male,United Kingdom,United Kingdom,TRUE,TRUE,beginner,1,8,TRUE,1,TRUE,1,33,12,5,0.5676685773402819,p,h,155,1,0.5,40,10,10,1.1173128526977774,English,NA,NA,1,NA,NA,0,NA,NA,1,NA,NA,1,NA,NA,1,NA,NA,1,NA,NA
unknown_lab,y64n,1998,male,United Kingdom,United Kingdom,TRUE,TRUE,beginner,1,8,TRUE,1,TRUE,1,33,12,5,0.5676685773402819,n,h,155,0,-0.5,40,10,-10,-1.1944280826109728,English,NA,NA,1,NA,NA,0,NA,NA,1,NA,NA,1,NA,NA,1,NA,NA,1,NA,NA
unknown_lab,y64n,1998,male,United Kingdom,United Kingdom,TRUE,TRUE,beginner,1,8,TRUE,1,TRUE,1,33,10,-5,-0.5869152057713568,n,l,145,1,0.125,40,40,-40,-5.369507723654657,English,NA,NA,1,NA,NA,0,NA,NA,1,NA,NA,1,NA,NA,1,NA,NA,1,NA,NA
unknown_lab,y64n,1998,male,United Kingdom,United Kingdom,TRUE,TRUE,beginner,1,8,TRUE,1,TRUE,1,33,13,10,1.1173128526977774,n,h,160,0,-0.25,60,40,-40,-5.369507723654657,English,NA,NA,1,NA,NA,0,NA,NA,1,NA,NA,1,NA,NA,1,NA,NA,1,NA,NA
unknown_lab,y64n,1998,male,United Kingdom,United Kingdom,TRUE,TRUE,beginner,1,8,TRUE,1,TRUE,1,33,10,-5,-0.5869152057713568,p,l,145,0,-0.5,100,10,10,1.1173128526977774,English,NA,NA,1,NA,NA,0,NA,NA,1,NA,NA,1,NA,NA,1,NA,NA,1,NA,NA
unknown_lab,y64n,1998,male,United Kingdom,United Kingdom,TRUE,TRUE,beginner,1,8,TRUE,1,TRUE,1,33,11,0,0,p,m,150,0,0,60,30,30,3.1564128700055254,English,NA,NA,1,NA,NA,0,NA,NA,1,NA,NA,1,NA,NA,1,NA,NA,1,NA,NA
unknown_lab,y64n,1998,male,United Kingdom,United Kingdom,TRUE,TRUE,beginner,1,8,TRUE,1,TRUE,1,33,9,-10,-1.1944280826109728,n,l,140,1,1,140,10,-10,-1.1944280826109728,English,NA,NA,1,NA,NA,0,NA,NA,1,NA,NA,1,NA,NA,1,NA,NA,1,NA,NA
unknown_lab,y64n,1998,male,United Kingdom,United Kingdom,TRUE,TRUE,beginner,1,8,TRUE,1,TRUE,1,33,14,15,1.6500422849992202,n,h,165,0,-0.5,80,30,-30,-3.8631371386483475,English,NA,NA,1,NA,NA,0,NA,NA,1,NA,NA,1,NA,NA,1,NA,NA,1,NA,NA
unknown_lab,y64n,1998,male,United Kingdom,United Kingdom,TRUE,TRUE,beginner,1,8,TRUE,1,TRUE,1,33,13,10,1.1173128526977774,p,h,160,1,0.5,100,20,20,2.16686694770185,English,NA,NA,1,NA,NA,0,NA,NA,1,NA,NA,1,NA,NA,1,NA,NA,1,NA,NA
unknown_lab,y64n,1998,male,United Kingdom,United Kingdom,TRUE,TRUE,beginner,1,8,TRUE,1,TRUE,1,33,12,5,0.5676685773402819,p,h,155,1,0.16666666666666666,100,30,30,3.1564128700055254,English,NA,NA,1,NA,NA,0,NA,NA,1,NA,NA,1,NA,NA,1,NA,NA,1,NA,NA
unknown_lab,y64n,1998,male,United Kingdom,United Kingdom,TRUE,TRUE,beginner,1,8,TRUE,1,TRUE,1,33,11,0,0,p,m,150,0,0,80,10,10,1.1173128526977774,English,NA,NA,1,NA,NA,0,NA,NA,1,NA,NA,1,NA,NA,1,NA,NA,1,NA,NA
unknown_lab,y64n,1998,male,United Kingdom,United Kingdom,TRUE,TRUE,beginner,1,8,TRUE,1,TRUE,1,33,11,0,0,n,m,150,0,-0,40,30,-30,-3.8631371386483475,English,NA,NA,1,NA,NA,0,NA,NA,1,NA,NA,1,NA,NA,1,NA,NA,1,NA,NA
unknown_lab,y64n,1998,male,United Kingdom,United Kingdom,TRUE,TRUE,beginner,1,8,TRUE,1,TRUE,1,33,12,5,0.5676685773402819,0,h,155,0,NA,100,0,-0,0,English,NA,NA,1,NA,NA,0,NA,NA,1,NA,NA,1,NA,NA,1,NA,NA,1,NA,NA
unknown_lab,y64n,1998,male,United Kingdom,United Kingdom,TRUE,TRUE,beginner,1,8,TRUE,1,TRUE,1,33,10,-5,-0.5869152057713568,n,l,145,1,0.25,40,20,-20,-2.477410529609116,English,NA,NA,1,NA,NA,0,NA,NA,1,NA,NA,1,NA,NA,1,NA,NA,1,NA,NA
unknown_lab,y64n,1998,male,United Kingdom,United Kingdom,TRUE,TRUE,beginner,1,8,TRUE,1,TRUE,1,33,11,0,0,n,m,150,0,-0,140,30,-30,-3.8631371386483475,English,NA,NA,1,NA,NA,0,NA,NA,1,NA,NA,1,NA,NA,1,NA,NA,1,NA,NA
unknown_lab,y64n,1998,male,United Kingdom,United Kingdom,TRUE,TRUE,beginner,1,8,TRUE,1,TRUE,1,33,10,-5,-0.5869152057713568,p,l,145,0,-0.125,140,40,40,4.092443014020803,English,NA,NA,1,NA,NA,0,NA,NA,1,NA,NA,1,NA,NA,1,NA,NA,1,NA,NA
unknown_lab,y64n,1998,male,United Kingdom,United Kingdom,TRUE,TRUE,beginner,1,8,TRUE,1,TRUE,1,33,11,0,0,n,m,150,0,-0,100,40,-40,-5.369507723654657,English,NA,NA,1,NA,NA,0,NA,NA,1,NA,NA,1,NA,NA,1,NA,NA,1,NA,NA
unknown_lab,y64n,1998,male,United Kingdom,United Kingdom,TRUE,TRUE,beginner,1,8,TRUE,1,TRUE,1,33,10,-5,-0.5869152057713568,p,l,145,0,-0.16666666666666666,40,30,30,3.1564128700055254,English,NA,NA,1,NA,NA,0,NA,NA,1,NA,NA,1,NA,NA,1,NA,NA,1,NA,NA
unknown_lab,y64n,1998,male,United Kingdom,United Kingdom,TRUE,TRUE,beginner,1,8,TRUE,1,TRUE,1,33,12,5,0.5676685773402819,n,h,155,0,-0.125,120,40,-40,-5.369507723654657,English,NA,NA,1,NA,NA,0,NA,NA,1,NA,NA,1,NA,NA,1,NA,NA,1,NA,NA
unknown_lab,y64n,1998,male,United Kingdom,United Kingdom,TRUE,TRUE,beginner,1,8,TRUE,1,TRUE,1,33,11,0,0,0,m,150,1,NA,80,0,-0,0,English,NA,NA,1,NA,NA,0,NA,NA,1,NA,NA,1,NA,NA,1,NA,NA,1,NA,NA
unknown_lab,y64n,1998,male,United Kingdom,United Kingdom,TRUE,TRUE,beginner,1,8,TRUE,1,TRUE,1,33,10,-5,-0.5869152057713568,p,l,145,0,-0.16666666666666666,20,30,30,3.1564128700055254,English,NA,NA,1,NA,NA,0,NA,NA,1,NA,NA,1,NA,NA,1,NA,NA,1,NA,NA
unknown_lab,y64n,1998,male,United Kingdom,United Kingdom,TRUE,TRUE,beginner,1,8,TRUE,1,TRUE,1,33,11,0,0,0,m,150,1,NA,60,0,-0,0,English,NA,NA,1,NA,NA,0,NA,NA,1,NA,NA,1,NA,NA,1,NA,NA,1,NA,NA
unknown_lab,y64n,1998,male,United Kingdom,United Kingdom,TRUE,TRUE,beginner,1,8,TRUE,1,TRUE,1,33,12,5,0.5676685773402819,n,h,155,0,-0.25,140,20,-20,-2.477410529609116,English,NA,NA,1,NA,NA,0,NA,NA,1,NA,NA,1,NA,NA,1,NA,NA,1,NA,NA
unknown_lab,y64n,1998,male,United Kingdom,United Kingdom,TRUE,TRUE,beginner,1,8,TRUE,1,TRUE,1,33,10,-5,-0.5869152057713568,p,l,145,0,-0.5,120,10,10,1.1173128526977774,English,NA,NA,1,NA,NA,0,NA,NA,1,NA,NA,1,NA,NA,1,NA,NA,1,NA,NA
unknown_lab,y64n,1998,male,United Kingdom,United Kingdom,TRUE,TRUE,beginner,1,8,TRUE,1,TRUE,1,33,10,-5,-0.5869152057713568,p,l,145,0,-0.16666666666666666,120,30,30,3.1564128700055254,English,NA,NA,1,NA,NA,0,NA,NA,1,NA,NA,1,NA,NA,1,NA,NA,1,NA,NA
unknown_lab,y64n,1998,male,United Kingdom,United Kingdom,TRUE,TRUE,beginner,1,8,TRUE,1,TRUE,1,33,11,0,0,n,m,150,0,-0,100,20,-20,-2.477410529609116,English,NA,NA,1,NA,NA,0,NA,NA,1,NA,NA,1,NA,NA,1,NA,NA,1,NA,NA
unknown_lab,y64n,1998,male,United Kingdom,United Kingdom,TRUE,TRUE,beginner,1,8,TRUE,1,TRUE,1,33,11,0,0,p,m,150,0,0,20,40,40,4.092443014020803,English,NA,NA,1,NA,NA,0,NA,NA,1,NA,NA,1,NA,NA,1,NA,NA,1,NA,NA
unknown_lab,y64n,1998,male,United Kingdom,United Kingdom,TRUE,TRUE,beginner,1,8,TRUE,1,TRUE,1,33,11,0,0,p,m,150,0,0,20,10,10,1.1173128526977774,English,NA,NA,1,NA,NA,0,NA,NA,1,NA,NA,1,NA,NA,1,NA,NA,1,NA,NA
unknown_lab,y64n,1998,male,United Kingdom,United Kingdom,TRUE,TRUE,beginner,1,8,TRUE,1,TRUE,1,33,17,30,3.1564128700055254,p,h,180,1,0.75,120,40,40,4.092443014020803,English,NA,NA,1,NA,NA,0,NA,NA,1,NA,NA,1,NA,NA,1,NA,NA,1,NA,NA
unknown_lab,y64n,1998,male,United Kingdom,United Kingdom,TRUE,TRUE,beginner,1,8,TRUE,1,TRUE,1,33,11,0,0,p,m,150,0,0,40,20,20,2.16686694770185,English,NA,NA,1,NA,NA,0,NA,NA,1,NA,NA,1,NA,NA,1,NA,NA,1,NA,NA
unknown_lab,y64n,1998,male,United Kingdom,United Kingdom,TRUE,TRUE,beginner,1,8,TRUE,1,TRUE,1,33,13,10,1.1173128526977774,p,h,160,1,1,140,10,10,1.1173128526977774,English,NA,NA,1,NA,NA,0,NA,NA,1,NA,NA,1,NA,NA,1,NA,NA,1,NA,NA
unknown_lab,y64n,1998,male,United Kingdom,United Kingdom,TRUE,TRUE,beginner,1,8,TRUE,1,TRUE,1,33,12,5,0.5676685773402819,n,h,155,0,-0.16666666666666666,60,30,-30,-3.8631371386483475,English,NA,NA,1,NA,NA,0,NA,NA,1,NA,NA,1,NA,NA,1,NA,NA,1,NA,NA
unknown_lab,y64n,1998,male,United Kingdom,United Kingdom,TRUE,TRUE,beginner,1,8,TRUE,1,TRUE,1,33,13,10,1.1173128526977774,p,h,160,1,1,60,10,10,1.1173128526977774,English,NA,NA,1,NA,NA,0,NA,NA,1,NA,NA,1,NA,NA,1,NA,NA,1,NA,NA
unknown_lab,y64n,1998,male,United Kingdom,United Kingdom,TRUE,TRUE,beginner,1,8,TRUE,1,TRUE,1,33,11,0,0,n,m,150,0,-0,80,10,-10,-1.1944280826109728,English,NA,NA,1,NA,NA,0,NA,NA,1,NA,NA,1,NA,NA,1,NA,NA,1,NA,NA
unknown_lab,y64n,1998,male,United Kingdom,United Kingdom,TRUE,TRUE,beginner,1,8,TRUE,1,TRUE,1,33,11,0,0,n,m,150,0,-0,100,10,-10,-1.1944280826109728,English,NA,NA,1,NA,NA,0,NA,NA,1,NA,NA,1,NA,NA,1,NA,NA,1,NA,NA
unknown_lab,y64n,1998,male,United Kingdom,United Kingdom,TRUE,TRUE,beginner,1,8,TRUE,1,TRUE,1,33,11,0,0,n,m,150,0,-0,120,10,-10,-1.1944280826109728,English,NA,NA,1,NA,NA,0,NA,NA,1,NA,NA,1,NA,NA,1,NA,NA,1,NA,NA
unknown_lab,y64n,1998,male,United Kingdom,United Kingdom,TRUE,TRUE,beginner,1,8,TRUE,1,TRUE,1,33,9,-10,-1.1944280826109728,n,l,140,1,0.5,120,20,-20,-2.477410529609116,English,NA,NA,1,NA,NA,0,NA,NA,1,NA,NA,1,NA,NA,1,NA,NA,1,NA,NA
unknown_lab,y64n,1998,male,United Kingdom,United Kingdom,TRUE,TRUE,beginner,1,8,TRUE,1,TRUE,1,33,11,0,0,0,m,150,1,NA,120,0,-0,0,English,NA,NA,1,NA,NA,0,NA,NA,1,NA,NA,1,NA,NA,1,NA,NA,1,NA,NA
unknown_lab,y64n,1998,male,United Kingdom,United Kingdom,TRUE,TRUE,beginner,1,8,TRUE,1,TRUE,1,33,11,0,0,n,m,150,0,-0,60,10,-10,-1.1944280826109728,English,NA,NA,1,NA,NA,0,NA,NA,1,NA,NA,1,NA,NA,1,NA,NA,1,NA,NA
unknown_lab,y64n,1998,male,United Kingdom,United Kingdom,TRUE,TRUE,beginner,1,8,TRUE,1,TRUE,1,33,11,0,0,p,m,150,0,0,120,20,20,2.16686694770185,English,NA,NA,1,NA,NA,0,NA,NA,1,NA,NA,1,NA,NA,1,NA,NA,1,NA,NA
unknown_lab,y64n,1998,male,United Kingdom,United Kingdom,TRUE,TRUE,beginner,1,8,TRUE,1,TRUE,1,33,11,0,0,n,m,150,0,-0,120,30,-30,-3.8631371386483475,English,NA,NA,1,NA,NA,0,NA,NA,1,NA,NA,1,NA,NA,1,NA,NA,1,NA,NA
unknown_lab,y64n,1998,male,United Kingdom,United Kingdom,TRUE,TRUE,beginner,1,8,TRUE,1,TRUE,1,33,11,0,0,p,m,150,0,0,80,30,30,3.1564128700055254,English,NA,NA,1,NA,NA,0,NA,NA,1,NA,NA,1,NA,NA,1,NA,NA,1,NA,NA
unknown_lab,y64n,1998,male,United Kingdom,United Kingdom,TRUE,TRUE,beginner,1,8,TRUE,1,TRUE,1,33,9,-10,-1.1944280826109728,n,l,140,1,0.5,60,20,-20,-2.477410529609116,English,NA,NA,1,NA,NA,0,NA,NA,1,NA,NA,1,NA,NA,1,NA,NA,1,NA,NA
unknown_lab,y64n,1998,male,United Kingdom,United Kingdom,TRUE,TRUE,beginner,1,8,TRUE,1,TRUE,1,33,10,-5,-0.5869152057713568,n,l,145,1,0.5,20,10,-10,-1.1944280826109728,English,NA,NA,1,NA,NA,0,NA,NA,1,NA,NA,1,NA,NA,1,NA,NA,1,NA,NA
unknown_lab,y64n,1998,male,United Kingdom,United Kingdom,TRUE,TRUE,beginner,1,8,TRUE,1,TRUE,1,33,12,5,0.5676685773402819,p,h,155,1,0.125,80,40,40,4.092443014020803,English,NA,NA,1,NA,NA,0,NA,NA,1,NA,NA,1,NA,NA,1,NA,NA,1,NA,NA
unknown_lab,y64n,1998,male,United Kingdom,United Kingdom,TRUE,TRUE,beginner,1,8,TRUE,1,TRUE,1,33,11,0,0,n,m,150,0,-0,40,10,-10,-1.1944280826109728,English,NA,NA,1,NA,NA,0,NA,NA,1,NA,NA,1,NA,NA,1,NA,NA,1,NA,NA
unknown_lab,y64n,1998,male,United Kingdom,United Kingdom,TRUE,TRUE,beginner,1,8,TRUE,1,TRUE,1,33,11,0,0,p,m,150,0,0,100,20,20,2.16686694770185,English,NA,NA,1,NA,NA,0,NA,NA,1,NA,NA,1,NA,NA,1,NA,NA,1,NA,NA
unknown_lab,y64n,1998,male,United Kingdom,United Kingdom,TRUE,TRUE,beginner,1,8,TRUE,1,TRUE,1,33,12,5,0.5676685773402819,p,h,155,1,0.5,60,10,10,1.1173128526977774,English,NA,NA,1,NA,NA,0,NA,NA,1,NA,NA,1,NA,NA,1,NA,NA,1,NA,NA
unknown_lab,y64n,1998,male,United Kingdom,United Kingdom,TRUE,TRUE,beginner,1,8,TRUE,1,TRUE,1,33,13,10,1.1173128526977774,n,h,160,0,-0.25,60,40,-40,-5.369507723654657,English,NA,NA,1,NA,NA,0,NA,NA,1,NA,NA,1,NA,NA,1,NA,NA,1,NA,NA
unknown_lab,y64n,1998,male,United Kingdom,United Kingdom,TRUE,TRUE,beginner,1,8,TRUE,1,TRUE,1,33,9,-10,-1.1944280826109728,n,l,140,1,0.5,140,20,-20,-2.477410529609116,English,NA,NA,1,NA,NA,0,NA,NA,1,NA,NA,1,NA,NA,1,NA,NA,1,NA,NA
unknown_lab,y64n,1998,male,United Kingdom,United Kingdom,TRUE,TRUE,beginner,1,8,TRUE,1,TRUE,1,33,11,0,0,p,m,150,0,0,60,20,20,2.16686694770185,English,NA,NA,1,NA,NA,0,NA,NA,1,NA,NA,1,NA,NA,1,NA,NA,1,NA,NA
unknown_lab,y64n,1998,male,United Kingdom,United Kingdom,TRUE,TRUE,beginner,1,8,TRUE,1,TRUE,1,33,12,5,0.5676685773402819,n,h,155,0,-0.16666666666666666,120,30,-30,-3.8631371386483475,English,NA,NA,1,NA,NA,0,NA,NA,1,NA,NA,1,NA,NA,1,NA,NA,1,NA,NA
unknown_lab,y64n,1998,male,United Kingdom,United Kingdom,TRUE,TRUE,beginner,1,8,TRUE,1,TRUE,1,33,9,-10,-1.1944280826109728,p,l,140,0,-0.3333333333333333,20,30,30,3.1564128700055254,English,NA,NA,1,NA,NA,0,NA,NA,1,NA,NA,1,NA,NA,1,NA,NA,1,NA,NA
unknown_lab,y64n,1998,male,United Kingdom,United Kingdom,TRUE,TRUE,beginner,1,8,TRUE,1,TRUE,1,33,10,-5,-0.5869152057713568,p,l,145,0,-0.5,40,10,10,1.1173128526977774,English,NA,NA,1,NA,NA,0,NA,NA,1,NA,NA,1,NA,NA,1,NA,NA,1,NA,NA
unknown_lab,y64n,1998,male,United Kingdom,United Kingdom,TRUE,TRUE,beginner,1,8,TRUE,1,TRUE,1,33,11,0,0,p,m,150,0,0,40,30,30,3.1564128700055254,English,NA,NA,1,NA,NA,0,NA,NA,1,NA,NA,1,NA,NA,1,NA,NA,1,NA,NA
unknown_lab,y64n,1998,male,United Kingdom,United Kingdom,TRUE,TRUE,beginner,1,8,TRUE,1,TRUE,1,33,11,0,0,p,m,150,0,0,100,10,10,1.1173128526977774,English,NA,NA,1,NA,NA,0,NA,NA,1,NA,NA,1,NA,NA,1,NA,NA,1,NA,NA
unknown_lab,y64n,1998,male,United Kingdom,United Kingdom,TRUE,TRUE,beginner,1,8,TRUE,1,TRUE,1,33,12,5,0.5676685773402819,p,h,155,1,0.5,20,10,10,1.1173128526977774,English,NA,NA,1,NA,NA,0,NA,NA,1,NA,NA,1,NA,NA,1,NA,NA,1,NA,NA
unknown_lab,y64n,1998,male,United Kingdom,United Kingdom,TRUE,TRUE,beginner,1,8,TRUE,1,TRUE,1,33,9,-10,-1.1944280826109728,n,l,140,1,1,60,10,-10,-1.1944280826109728,English,NA,NA,1,NA,NA,0,NA,NA,1,NA,NA,1,NA,NA,1,NA,NA,1,NA,NA
unknown_lab,y64n,1998,male,United Kingdom,United Kingdom,TRUE,TRUE,beginner,1,8,TRUE,1,TRUE,1,33,14,15,1.6500422849992202,p,h,165,1,0.75,20,20,20,2.16686694770185,English,NA,NA,1,NA,NA,0,NA,NA,1,NA,NA,1,NA,NA,1,NA,NA,1,NA,NA
unknown_lab,y64n,1998,male,United Kingdom,United Kingdom,TRUE,TRUE,beginner,1,8,TRUE,1,TRUE,1,33,12,5,0.5676685773402819,n,h,155,0,-0.5,100,10,-10,-1.1944280826109728,English,NA,NA,1,NA,NA,0,NA,NA,1,NA,NA,1,NA,NA,1,NA,NA,1,NA,NA
unknown_lab,y64n,1998,male,United Kingdom,United Kingdom,TRUE,TRUE,beginner,1,8,TRUE,1,TRUE,1,33,13,10,1.1173128526977774,n,h,160,0,-0.25,80,40,-40,-5.369507723654657,English,NA,NA,1,NA,NA,0,NA,NA,1,NA,NA,1,NA,NA,1,NA,NA,1,NA,NA
unknown_lab,y64n,1998,male,United Kingdom,United Kingdom,TRUE,TRUE,beginner,1,8,TRUE,1,TRUE,1,33,9,-10,-1.1944280826109728,n,l,140,1,1,120,10,-10,-1.1944280826109728,English,NA,NA,1,NA,NA,0,NA,NA,1,NA,NA,1,NA,NA,1,NA,NA,1,NA,NA
unknown_lab,y64n,1998,male,United Kingdom,United Kingdom,TRUE,TRUE,beginner,1,8,TRUE,1,TRUE,1,33,14,15,1.6500422849992202,p,h,165,1,0.375,140,40,40,4.092443014020803,English,NA,NA,1,NA,NA,0,NA,NA,1,NA,NA,1,NA,NA,1,NA,NA,1,NA,NA
unknown_lab,y64n,1998,male,United Kingdom,United Kingdom,TRUE,TRUE,beginner,1,8,TRUE,1,TRUE,1,33,12,5,0.5676685773402819,p,h,155,1,0.16666666666666666,100,30,30,3.1564128700055254,English,NA,NA,1,NA,NA,0,NA,NA,1,NA,NA,1,NA,NA,1,NA,NA,1,NA,NA
unknown_lab,y64n,1998,male,United Kingdom,United Kingdom,TRUE,TRUE,beginner,1,8,TRUE,1,TRUE,1,33,10,-5,-0.5869152057713568,n,l,145,1,0.125,40,40,-40,-5.369507723654657,English,NA,NA,1,NA,NA,0,NA,NA,1,NA,NA,1,NA,NA,1,NA,NA,1,NA,NA
unknown_lab,y64n,1998,male,United Kingdom,United Kingdom,TRUE,TRUE,beginner,1,8,TRUE,1,TRUE,1,33,10,-5,-0.5869152057713568,0,l,145,0,NA,60,0,-0,0,English,NA,NA,1,NA,NA,0,NA,NA,1,NA,NA,1,NA,NA,1,NA,NA,1,NA,NA
unknown_lab,y64n,1998,male,United Kingdom,United Kingdom,TRUE,TRUE,beginner,1,8,TRUE,1,TRUE,1,33,9,-10,-1.1944280826109728,p,l,140,0,-0.5,80,20,20,2.16686694770185,English,NA,NA,1,NA,NA,0,NA,NA,1,NA,NA,1,NA,NA,1,NA,NA,1,NA,NA
unknown_lab,y64n,1998,male,United Kingdom,United Kingdom,TRUE,TRUE,beginner,1,8,TRUE,1,TRUE,1,33,14,15,1.6500422849992202,p,h,165,1,0.375,120,40,40,4.092443014020803,English,NA,NA,1,NA,NA,0,NA,NA,1,NA,NA,1,NA,NA,1,NA,NA,1,NA,NA
unknown_lab,y64n,1998,male,United Kingdom,United Kingdom,TRUE,TRUE,beginner,1,8,TRUE,1,TRUE,1,33,13,10,1.1173128526977774,p,h,160,1,0.25,20,40,40,4.092443014020803,English,NA,NA,1,NA,NA,0,NA,NA,1,NA,NA,1,NA,NA,1,NA,NA,1,NA,NA
unknown_lab,y64n,1998,male,United Kingdom,United Kingdom,TRUE,TRUE,beginner,1,8,TRUE,1,TRUE,1,33,11,0,0,n,m,150,0,-0,100,20,-20,-2.477410529609116,English,NA,NA,1,NA,NA,0,NA,NA,1,NA,NA,1,NA,NA,1,NA,NA,1,NA,NA
unknown_lab,y64n,1998,male,United Kingdom,United Kingdom,TRUE,TRUE,beginner,1,8,TRUE,1,TRUE,1,33,11,0,0,n,m,150,0,-0,20,40,-40,-5.369507723654657,English,NA,NA,1,NA,NA,0,NA,NA,1,NA,NA,1,NA,NA,1,NA,NA,1,NA,NA
unknown_lab,y64n,1998,male,United Kingdom,United Kingdom,TRUE,TRUE,beginner,1,8,TRUE,1,TRUE,1,33,11,0,0,p,m,150,0,0,140,30,30,3.1564128700055254,English,NA,NA,1,NA,NA,0,NA,NA,1,NA,NA,1,NA,NA,1,NA,NA,1,NA,NA
unknown_lab,y64n,1998,male,United Kingdom,United Kingdom,TRUE,TRUE,beginner,1,8,TRUE,1,TRUE,1,33,10,-5,-0.5869152057713568,n,l,145,1,0.5,80,10,-10,-1.1944280826109728,English,NA,NA,1,NA,NA,0,NA,NA,1,NA,NA,1,NA,NA,1,NA,NA,1,NA,NA
unknown_lab,y64n,1998,male,United Kingdom,United Kingdom,TRUE,TRUE,beginner,1,8,TRUE,1,TRUE,1,33,10,-5,-0.5869152057713568,p,l,145,0,-0.125,60,40,40,4.092443014020803,English,NA,NA,1,NA,NA,0,NA,NA,1,NA,NA,1,NA,NA,1,NA,NA,1,NA,NA
unknown_lab,y64n,1998,male,United Kingdom,United Kingdom,TRUE,TRUE,beginner,1,8,TRUE,1,TRUE,1,33,13,10,1.1173128526977774,n,h,160,0,-0.3333333333333333,60,30,-30,-3.8631371386483475,English,NA,NA,1,NA,NA,0,NA,NA,1,NA,NA,1,NA,NA,1,NA,NA,1,NA,NA
unknown_lab,y64n,1998,male,United Kingdom,United Kingdom,TRUE,TRUE,beginner,1,8,TRUE,1,TRUE,1,33,11,0,0,p,m,150,0,0,80,10,10,1.1173128526977774,English,NA,NA,1,NA,NA,0,NA,NA,1,NA,NA,1,NA,NA,1,NA,NA,1,NA,NA
unknown_lab,y64n,1998,male,United Kingdom,United Kingdom,TRUE,TRUE,beginner,1,8,TRUE,1,TRUE,1,33,12,5,0.5676685773402819,n,h,155,0,-0.16666666666666666,20,30,-30,-3.8631371386483475,English,NA,NA,1,NA,NA,0,NA,NA,1,NA,NA,1,NA,NA,1,NA,NA,1,NA,NA
unknown_lab,y64n,1998,male,United Kingdom,United Kingdom,TRUE,TRUE,beginner,1,8,TRUE,1,TRUE,1,33,12,5,0.5676685773402819,p,h,155,1,0.25,140,20,20,2.16686694770185,English,NA,NA,1,NA,NA,0,NA,NA,1,NA,NA,1,NA,NA,1,NA,NA,1,NA,NA
unknown_lab,y64n,1998,male,United Kingdom,United Kingdom,TRUE,TRUE,beginner,1,8,TRUE,1,TRUE,1,33,10,-5,-0.5869152057713568,p,l,145,0,-0.5,120,10,10,1.1173128526977774,English,NA,NA,1,NA,NA,0,NA,NA,1,NA,NA,1,NA,NA,1,NA,NA,1,NA,NA
unknown_lab,y64n,1998,male,United Kingdom,United Kingdom,TRUE,TRUE,beginner,1,8,TRUE,1,TRUE,1,33,13,10,1.1173128526977774,p,h,160,1,1,140,10,10,1.1173128526977774,English,NA,NA,1,NA,NA,0,NA,NA,1,NA,NA,1,NA,NA,1,NA,NA,1,NA,NA
unknown_lab,y64n,1998,male,United Kingdom,United Kingdom,TRUE,TRUE,beginner,1,8,TRUE,1,TRUE,1,33,11,0,0,p,m,150,0,0,120,30,30,3.1564128700055254,English,NA,NA,1,NA,NA,0,NA,NA,1,NA,NA,1,NA,NA,1,NA,NA,1,NA,NA
unknown_lab,y64n,1998,male,United Kingdom,United Kingdom,TRUE,TRUE,beginner,1,8,TRUE,1,TRUE,1,33,11,0,0,0,m,150,1,NA,20,0,-0,0,English,NA,NA,1,NA,NA,0,NA,NA,1,NA,NA,1,NA,NA,1,NA,NA,1,NA,NA
unknown_lab,y64n,1998,male,United Kingdom,United Kingdom,TRUE,TRUE,beginner,1,8,TRUE,1,TRUE,1,33,10,-5,-0.5869152057713568,n,l,145,1,0.16666666666666666,80,30,-30,-3.8631371386483475,English,NA,NA,1,NA,NA,0,NA,NA,1,NA,NA,1,NA,NA,1,NA,NA,1,NA,NA
unknown_lab,y64n,1998,male,United Kingdom,United Kingdom,TRUE,TRUE,beginner,1,8,TRUE,1,TRUE,1,33,11,0,0,0,m,150,1,NA,100,0,-0,0,English,NA,NA,1,NA,NA,0,NA,NA,1,NA,NA,1,NA,NA,1,NA,NA,1,NA,NA
unknown_lab,y64n,1998,male,United Kingdom,United Kingdom,TRUE,TRUE,beginner,1,8,TRUE,1,TRUE,1,33,9,-10,-1.1944280826109728,n,l,140,1,0.25,120,40,-40,-5.369507723654657,English,NA,NA,1,NA,NA,0,NA,NA,1,NA,NA,1,NA,NA,1,NA,NA,1,NA,NA
unknown_lab,y64n,1998,male,United Kingdom,United Kingdom,TRUE,TRUE,beginner,1,8,TRUE,1,TRUE,1,33,11,0,0,p,m,150,0,0,40,20,20,2.16686694770185,English,NA,NA,1,NA,NA,0,NA,NA,1,NA,NA,1,NA,NA,1,NA,NA,1,NA,NA
unknown_lab,y64n,1998,male,United Kingdom,United Kingdom,TRUE,TRUE,beginner,1,8,TRUE,1,TRUE,1,33,10,-5,-0.5869152057713568,n,l,145,1,0.25,80,20,-20,-2.477410529609116,English,NA,NA,1,NA,NA,0,NA,NA,1,NA,NA,1,NA,NA,1,NA,NA,1,NA,NA
unknown_lab,y64n,1998,male,United Kingdom,United Kingdom,TRUE,TRUE,beginner,1,8,TRUE,1,TRUE,1,33,12,5,0.5676685773402819,0,h,155,0,NA,140,0,-0,0,English,NA,NA,1,NA,NA,0,NA,NA,1,NA,NA,1,NA,NA,1,NA,NA,1,NA,NA
unknown_lab,y64n,1998,male,United Kingdom,United Kingdom,TRUE,TRUE,beginner,1,8,TRUE,1,TRUE,1,33,11,0,0,0,m,150,1,NA,40,0,-0,0,English,NA,NA,1,NA,NA,0,NA,NA,1,NA,NA,1,NA,NA,1,NA,NA,1,NA,NA
unknown_lab,y64n,1998,male,United Kingdom,United Kingdom,TRUE,TRUE,beginner,1,8,TRUE,1,TRUE,1,33,13,10,1.1173128526977774,n,h,160,0,-0.25,100,40,-40,-5.369507723654657,English,NA,NA,1,NA,NA,0,NA,NA,1,NA,NA,1,NA,NA,1,NA,NA,1,NA,NA
unknown_lab,y64n,1998,male,United Kingdom,United Kingdom,TRUE,TRUE,beginner,1,8,TRUE,1,TRUE,1,33,9,-10,-1.1944280826109728,n,l,140,1,0.25,140,40,-40,-5.369507723654657,English,NA,NA,1,NA,NA,0,NA,NA,1,NA,NA,1,NA,NA,1,NA,NA,1,NA,NA
unknown_lab,y64n,1998,male,United Kingdom,United Kingdom,TRUE,TRUE,beginner,1,8,TRUE,1,TRUE,1,33,11,0,0,n,m,150,0,-0,40,30,-30,-3.8631371386483475,English,NA,NA,1,NA,NA,0,NA,NA,1,NA,NA,1,NA,NA,1,NA,NA,1,NA,NA
unknown_lab,y64n,1998,male,United Kingdom,United Kingdom,TRUE,TRUE,beginner,1,8,TRUE,1,TRUE,1,33,11,0,0,n,m,150,0,-0,20,20,-20,-2.477410529609116,English,NA,NA,1,NA,NA,0,NA,NA,1,NA,NA,1,NA,NA,1,NA,NA,1,NA,NA
unknown_lab,y64n,1998,male,United Kingdom,United Kingdom,TRUE,TRUE,beginner,1,8,TRUE,1,TRUE,1,33,11,0,0,n,m,150,0,-0,120,20,-20,-2.477410529609116,English,NA,NA,1,NA,NA,0,NA,NA,1,NA,NA,1,NA,NA,1,NA,NA,1,NA,NA
unknown_lab,y64n,1998,male,United Kingdom,United Kingdom,TRUE,TRUE,beginner,1,8,TRUE,1,TRUE,1,33,11,0,0,0,m,150,1,NA,120,0,-0,0,English,NA,NA,1,NA,NA,0,NA,NA,1,NA,NA,1,NA,NA,1,NA,NA,1,NA,NA
unknown_lab,y64n,1998,male,United Kingdom,United Kingdom,TRUE,TRUE,beginner,1,8,TRUE,1,TRUE,1,33,12,5,0.5676685773402819,p,h,155,1,0.16666666666666666,60,30,30,3.1564128700055254,English,NA,NA,1,NA,NA,0,NA,NA,1,NA,NA,1,NA,NA,1,NA,NA,1,NA,NA
unknown_lab,y64n,1998,male,United Kingdom,United Kingdom,TRUE,TRUE,beginner,1,8,TRUE,1,TRUE,1,33,10,-5,-0.5869152057713568,n,l,145,1,0.16666666666666666,100,30,-30,-3.8631371386483475,English,NA,NA,1,NA,NA,0,NA,NA,1,NA,NA,1,NA,NA,1,NA,NA,1,NA,NA
unknown_lab,y64n,1998,male,United Kingdom,United Kingdom,TRUE,TRUE,beginner,1,8,TRUE,1,TRUE,1,33,13,10,1.1173128526977774,n,h,160,0,-1,140,10,-10,-1.1944280826109728,English,NA,NA,1,NA,NA,0,NA,NA,1,NA,NA,1,NA,NA,1,NA,NA,1,NA,NA
unknown_lab,y64n,1998,male,United Kingdom,United Kingdom,TRUE,TRUE,beginner,1,8,TRUE,1,TRUE,1,33,9,-10,-1.1944280826109728,n,l,140,1,0.3333333333333333,140,30,-30,-3.8631371386483475,English,NA,NA,1,NA,NA,0,NA,NA,1,NA,NA,1,NA,NA,1,NA,NA,1,NA,NA
unknown_lab,y64n,1998,male,United Kingdom,United Kingdom,TRUE,TRUE,beginner,1,8,TRUE,1,TRUE,1,33,10,-5,-0.5869152057713568,p,l,145,0,-0.125,100,40,40,4.092443014020803,English,NA,NA,1,NA,NA,0,NA,NA,1,NA,NA,1,NA,NA,1,NA,NA,1,NA,NA
unknown_lab,y64n,1998,male,United Kingdom,United Kingdom,TRUE,TRUE,beginner,1,8,TRUE,1,TRUE,1,33,13,10,1.1173128526977774,p,h,160,1,0.25,40,40,40,4.092443014020803,English,NA,NA,1,NA,NA,0,NA,NA,1,NA,NA,1,NA,NA,1,NA,NA,1,NA,NA
