participant,final_rating,final_moves,response_list,response_dir,is_correct,trial_list,rt,met_score,stimuli_type,delta_f,stimuli_direction,delta_t,response_f
1727,11.0,14.0,"12,11,10,9,8,7,10,11,10,11,12,11,10,11",m,True,main_files/trial_di/07_di_cross_150hz_75db_250ff-000-100.wav,43.6166,25.0,di,0,0,0,150.0
1727,10.0,44.0,"10,11,16,10,11,12,11,10,9,8,7,8,9,10,9,10,11,10,9,8,1,2,3,4,5,6,7,8,9,10,11,12,11,10,20,9,10,11,10,12,11,10,9,10",l,True,main_files/trial_di/07_di_cross_150hz_75db_250ff-30n-120.wav,107.0526,25.0,di,30,n,120,145.0
1727,12.0,13.0,"10,20,19,18,16,14,12,14,1,2,12,13,12",h,True,main_files/trial_di/07_di_cross_150hz_75db_250ff-10p-250.wav,40.6936,25.0,di,10,p,250,155.0
1727,11.0,14.0,"9,10,20,19,18,16,14,13,12,11,12,11,10,11",m,False,main_files/trial_di/07_di_cross_150hz_75db_250ff-10p-80.wav,36.4385,25.0,di,10,p,80,150.0
1727,13.0,35.0,"6,7,8,9,10,11,12,11,13,14,13,10,1,2,4,14,13,14,13,15,14,13,14,12,13,14,13,12,13,12,13,14,13,14,13",h,True,main_files/trial_di/07_di_cross_150hz_75db_250ff-30p-250.wav,83.7765,25.0,di,30,p,250,160.0
1727,11.0,5.0,"13,12,11,10,11",m,False,main_files/trial_di/07_di_cross_150hz_75db_250ff-40p-40.wav,12.2644,25.0,di,40,p,40,150.0
1727,11.0,16.0,"12,10,9,1,2,3,4,5,6,7,8,9,10,11,12,11",m,False,main_files/trial_di/07_di_cross_150hz_75db_250ff-10p-60.wav,35.6602,25.0,di,10,p,60,150.0
1727,11.0,26.0,"12,2,4,7,9,8,10,11,7,8,9,10,20,14,11,12,8,9,10,9,10,11,12,11,10,11",m,False,main_files/trial_di/07_di_cross_150hz_75db_250ff-30n-80.wav,63.7439,25.0,di,30,n,80,150.0
1727,11.0,21.0,"10,12,20,18,1,6,8,10,4,5,6,7,20,17,14,12,9,10,11,10,11",m,False,main_files/trial_di/07_di_cross_150hz_75db_250ff-10n-40.wav,49.46,25.0,di,10,n,40,150.0
1727,11.0,8.0,"12,10,11,20,11,10,12,11",m,False,main_files/trial_di/07_di_cross_150hz_75db_250ff-10p-120.wav,18.4285,25.0,di,10,p,120,150.0
1727,11.0,7.0,"13,8,9,10,11,12,11",m,False,main_files/trial_di/07_di_cross_150hz_75db_250ff-20n-80.wav,14.6223,25.0,di,20,n,80,150.0
1727,11.0,11.0,"14,20,19,14,13,12,11,10,11,12,11",m,False,main_files/trial_di/07_di_cross_150hz_75db_250ff-20n-120.wav,24.4383,25.0,di,20,n,120,150.0
1727,11.0,9.0,"9,2,3,4,6,8,10,12,11",m,False,main_files/trial_di/07_di_cross_150hz_75db_250ff-10n-80.wav,19.6611,25.0,di,10,n,80,150.0
1727,11.0,20.0,"14,20,16,13,12,13,12,11,12,1,12,11,10,20,17,13,10,11,12,11",m,False,main_files/trial_di/07_di_cross_150hz_75db_250ff-30p-80.wav,45.7636,25.0,di,30,p,80,150.0
1727,11.0,10.0,"10,12,20,12,11,12,1,12,20,11",m,True,main_files/trial_di/07_di_cross_150hz_75db_250ff-000-250.wav,27.9894,25.0,di,0,0,0,150.0
1727,9.0,15.0,"10,1,4,7,10,9,11,10,9,10,9,8,9,10,9",l,True,main_files/trial_di/07_di_cross_150hz_75db_250ff-30n-40.wav,33.8461,25.0,di,30,n,40,140.0
1727,12.0,20.0,"20,12,8,1,5,8,10,9,7,8,6,9,10,20,19,13,14,12,20,12",h,True,main_files/trial_di/07_di_cross_150hz_75db_250ff-40p-120.wav,48.947,25.0,di,40,p,120,155.0
1727,9.0,6.0,"10,9,8,1,6,9",l,True,main_files/trial_di/07_di_cross_150hz_75db_250ff-40n-120.wav,16.9699,25.0,di,40,n,120,140.0
1727,12.0,6.0,"20,13,12,11,13,12",h,False,main_files/trial_di/07_di_cross_150hz_75db_250ff-40n-40.wav,16.0365,25.0,di,40,n,40,155.0
1727,13.0,11.0,"9,10,11,1,20,11,12,20,13,14,13",h,True,main_files/trial_di/07_di_cross_150hz_75db_250ff-20p-60.wav,26.3324,25.0,di,20,p,60,160.0
1727,11.0,8.0,"20,9,10,11,1,11,10,11",m,False,main_files/trial_di/07_di_cross_150hz_75db_250ff-20p-40.wav,18.511,25.0,di,20,p,40,150.0
1727,7.0,9.0,"1,5,7,8,9,8,7,6,7",l,True,main_files/trial_di/07_di_cross_150hz_75db_250ff-40n-250.wav,21.128,25.0,di,40,n,250,130.0
1727,11.0,6.0,"20,19,20,19,12,11",m,False,main_files/trial_di/07_di_cross_150hz_75db_250ff-10p-40.wav,21.9274,25.0,di,10,p,40,150.0
1727,12.0,30.0,"1,2,10,9,7,8,9,10,20,19,17,16,12,13,20,13,14,13,12,13,11,12,13,14,1,14,13,12,11,12",h,True,main_files/trial_di/07_di_cross_150hz_75db_250ff-40p-60.wav,83.236,25.0,di,40,p,60,155.0
1727,10.0,30.0,"20,7,8,9,6,9,8,7,14,1,2,3,5,7,5,6,2,10,20,17,14,16,5,7,8,9,10,11,9,10",l,True,main_files/trial_di/07_di_cross_150hz_75db_250ff-30n-60.wav,72.094,25.0,di,30,n,60,145.0
1727,11.0,3.0,"20,16,11",m,False,main_files/trial_di/07_di_cross_150hz_75db_250ff-10n-120.wav,10.1448,25.0,di,10,n,120,150.0
1727,10.0,17.0,"1,4,7,6,10,9,12,20,16,20,16,11,12,10,11,9,10",l,False,main_files/trial_di/07_di_cross_150hz_75db_250ff-20p-120.wav,53.7365,25.0,di,20,p,120,145.0
1727,11.0,6.0,"20,13,12,11,10,11",m,True,main_files/trial_di/07_di_cross_150hz_75db_250ff-000-40.wav,13.1564,25.0,di,0,0,0,150.0
1727,10.0,26.0,"7,8,9,10,11,12,11,10,9,10,8,10,14,13,20,18,9,1,2,3,8,9,20,8,9,10",l,False,main_files/trial_di/07_di_cross_150hz_75db_250ff-40p-250.wav,83.5181,25.0,di,40,p,250,145.0
1727,5.0,12.0,"20,19,20,19,3,4,5,6,7,4,6,5",l,True,main_files/trial_di/07_di_cross_150hz_75db_250ff-20n-250.wav,42.5801,25.0,di,20,n,250,120.0
1727,11.0,0.0,,l,True,main_files/trial_di/07_di_cross_150hz_75db_250ff-40n-100.wav,0.0,25.0,di,40,n,100,150.0
1727,11.0,5.0,"20,10,11,12,11",m,False,main_files/trial_di/07_di_cross_150hz_75db_250ff-30p-100.wav,13.4142,25.0,di,30,p,100,150.0
1727,12.0,2.0,"13,12",h,False,main_files/trial_di/07_di_cross_150hz_75db_250ff-10n-60.wav,4.6777,25.0,di,10,n,60,155.0
1727,10.0,2.0,"9,10",l,True,main_files/trial_di/07_di_cross_150hz_75db_250ff-20n-40.wav,4.5615,25.0,di,20,n,40,145.0
1727,11.0,3.0,"10,12,11",m,False,main_files/trial_di/07_di_cross_150hz_75db_250ff-20p-100.wav,7.5035,25.0,di,20,p,100,150.0
1727,11.0,9.0,"10,13,12,13,11,10,9,12,11",m,False,main_files/trial_di/07_di_cross_150hz_75db_250ff-30p-40.wav,18.4565,25.0,di,30,p,40,150.0
1727,9.0,5.0,"10,9,10,8,9",l,True,main_files/trial_di/07_di_cross_150hz_75db_250ff-30n-100.wav,9.7528,25.0,di,30,n,100,140.0
1727,11.0,8.0,"10,13,20,13,12,11,10,11",m,False,main_files/trial_di/07_di_cross_150hz_75db_250ff-30p-120.wav,17.6639,25.0,di,30,p,120,150.0
1727,9.0,4.0,"10,9,8,9",l,True,main_files/trial_di/07_di_cross_150hz_75db_250ff-30n-250.wav,9.1121,25.0,di,30,n,250,140.0
1727,11.0,7.0,"12,10,15,14,13,12,11",m,False,main_files/trial_di/07_di_cross_150hz_75db_250ff-30p-60.wav,14.4556,25.0,di,30,p,60,150.0
1727,11.0,5.0,"20,10,11,10,11",m,False,main_files/trial_di/07_di_cross_150hz_75db_250ff-10p-100.wav,13.4784,25.0,di,10,p,100,150.0
1727,12.0,1.0,12,h,True,main_files/trial_di/07_di_cross_150hz_75db_250ff-40p-100.wav,2.7196,25.0,di,40,p,100,155.0
1727,11.0,4.0,"10,12,9,11",m,True,main_files/trial_di/07_di_cross_150hz_75db_250ff-000-80.wav,8.9461,25.0,di,0,0,0,150.0
1727,11.0,4.0,"20,14,12,11",m,True,main_files/trial_di/07_di_cross_150hz_75db_250ff-000-120.wav,8.6444,25.0,di,0,0,0,150.0
1727,11.0,3.0,"10,12,11",m,True,main_files/trial_di/07_di_cross_150hz_75db_250ff-000-60.wav,6.5529,25.0,di,0,0,0,150.0
1727,11.0,11.0,"1,8,10,5,11,10,13,12,11,12,11",m,False,main_files/trial_di/07_di_cross_150hz_75db_250ff-20p-80.wav,24.1625,25.0,di,20,p,80,150.0
1727,10.0,4.0,"9,10,8,10",l,True,main_files/trial_di/07_di_cross_150hz_75db_250ff-20n-100.wav,9.078,25.0,di,20,n,100,145.0
1727,10.0,2.0,"9,10",l,True,main_files/trial_di/07_di_cross_150hz_75db_250ff-10n-250.wav,4.1118,25.0,di,10,n,250,145.0
1727,11.0,4.0,"14,13,12,11",m,False,main_files/trial_di/07_di_cross_150hz_75db_250ff-40n-60.wav,8.3054,25.0,di,40,n,60,150.0
1727,11.0,4.0,"10,13,12,11",m,False,main_files/trial_di/07_di_cross_150hz_75db_250ff-40p-80.wav,9.4027,25.0,di,40,p,80,150.0
1727,10.0,1.0,10,l,True,main_files/trial_di/07_di_cross_150hz_75db_250ff-20n-60.wav,2.6114,25.0,di,20,n,60,145.0
1727,11.0,2.0,"10,11",m,False,main_files/trial_di/07_di_cross_150hz_75db_250ff-40n-80.wav,4.7729,25.0,di,40,n,80,150.0
1727,9.0,7.0,"9,7,8,10,9,10,9",l,False,main_files/trial_di/07_di_cross_150hz_75db_250ff-20p-250.wav,12.4444,25.0,di,20,p,250,140.0
1727,10.0,1.0,10,l,True,main_files/trial_di/07_di_cross_150hz_75db_250ff-10n-100.wav,2.6779,25.0,di,10,n,100,145.0
1727,9.0,4.0,"1,6,10,9",l,False,main_files/trial_i/07_i_150hz_75db_250ff-40p-80.wav,12.2611,25.0,i,40,p,80,140.0
1727,11.0,3.0,"12,10,11",m,False,main_files/trial_i/07_i_150hz_75db_250ff-30n-100.wav,6.4604,25.0,i,30,n,100,150.0
1727,13.0,2.0,"14,13",h,True,main_files/trial_i/07_i_150hz_75db_250ff-20p-250.wav,4.4621,25.0,i,20,p,250,160.0
1727,11.0,3.0,"10,12,11",m,False,main_files/trial_i/07_i_150hz_75db_250ff-10p-60.wav,6.1389,25.0,i,10,p,60,150.0
1727,9.0,12.0,"10,9,11,12,13,7,1,8,9,8,10,9",l,True,main_files/trial_i/07_i_150hz_75db_250ff-30n-250.wav,27.011,25.0,i,30,n,250,140.0
1727,10.0,3.0,"9,8,10",l,False,main_files/trial_i/07_i_150hz_75db_250ff-40p-120.wav,6.547,25.0,i,40,p,120,145.0
1727,11.0,3.0,"13,12,11",m,False,main_files/trial_i/07_i_150hz_75db_250ff-10p-40.wav,5.5974,25.0,i,10,p,40,150.0
1727,10.0,8.0,"10,9,10,11,12,11,9,10",l,True,main_files/trial_i/07_i_150hz_75db_250ff-30n-60.wav,19.8518,25.0,i,30,n,60,145.0
1727,11.0,0.0,,l,True,main_files/trial_i/07_i_150hz_75db_250ff-10n-40.wav,0.0,25.0,i,10,n,40,150.0
1727,12.0,3.0,"12,13,12",h,True,main_files/trial_i/07_i_150hz_75db_250ff-10p-250.wav,6.9373,25.0,i,10,p,250,155.0
1727,10.0,1.0,10,l,True,main_files/trial_i/07_i_150hz_75db_250ff-20n-60.wav,2.5022,25.0,i,20,n,60,145.0
1727,11.0,7.0,"10,20,1,11,10,12,11",m,False,main_files/trial_i/07_i_150hz_75db_250ff-20n-100.wav,18.1056,25.0,i,20,n,100,150.0
1727,10.0,1.0,10,l,True,main_files/trial_i/07_i_150hz_75db_250ff-10n-80.wav,2.6936,25.0,i,10,n,80,145.0
1727,13.0,10.0,"9,8,20,15,14,13,12,10,12,13",h,True,main_files/trial_i/07_i_150hz_75db_250ff-30p-60.wav,22.9887,25.0,i,30,p,60,160.0
1727,11.0,3.0,"10,12,11",m,True,main_files/trial_i/07_i_150hz_75db_250ff-000-80.wav,6.9782,25.0,i,0,0,0,150.0
1727,9.0,8.0,"10,9,8,7,10,9,8,9",l,True,main_files/trial_i/07_i_150hz_75db_250ff-30n-120.wav,15.4869,25.0,i,30,n,120,140.0
1727,13.0,2.0,"14,13",h,True,main_files/trial_i/07_i_150hz_75db_250ff-40p-100.wav,4.2126,25.0,i,40,p,100,160.0
1727,8.0,4.0,"8,7,9,8",l,True,main_files/trial_i/07_i_150hz_75db_250ff-40n-100.wav,8.1565,25.0,i,40,n,100,135.0
1727,12.0,2.0,"13,12",h,False,main_files/trial_i/07_i_150hz_75db_250ff-40n-120.wav,4.4719,25.0,i,40,n,120,155.0
1727,11.0,2.0,"10,11",m,False,main_files/trial_i/07_i_150hz_75db_250ff-20p-40.wav,6.7462,25.0,i,20,p,40,150.0
1727,11.0,11.0,"9,6,8,9,10,7,8,20,13,12,11",m,False,main_files/trial_i/07_i_150hz_75db_250ff-20p-120.wav,24.0189,25.0,i,20,p,120,150.0
1727,14.0,10.0,"8,9,6,15,14,16,15,14,13,14",h,True,main_files/trial_i/07_i_150hz_75db_250ff-40p-250.wav,20.8106,25.0,i,40,p,250,165.0
1727,11.0,2.0,"10,11",m,False,main_files/trial_i/07_i_150hz_75db_250ff-10p-120.wav,4.8806,25.0,i,10,p,120,150.0
1727,11.0,4.0,"12,11,10,11",m,False,main_files/trial_i/07_i_150hz_75db_250ff-40p-40.wav,7.8692,25.0,i,40,p,40,150.0
1727,10.0,2.0,"9,10",l,True,main_files/trial_i/07_i_150hz_75db_250ff-30n-40.wav,3.6987,25.0,i,30,n,40,145.0
1727,10.0,7.0,"9,10,11,10,12,9,10",l,True,main_files/trial_i/07_i_150hz_75db_250ff-10n-120.wav,13.3219,25.0,i,10,n,120,145.0
1727,10.0,3.0,"8,9,10",l,False,main_files/trial_i/07_i_150hz_75db_250ff-20p-100.wav,5.5943,25.0,i,20,p,100,145.0
1727,11.0,0.0,,l,False,main_files/trial_i/07_i_150hz_75db_250ff-000-120.wav,0.0,25.0,i,0,0,0,150.0
1727,8.0,2.0,"7,8",l,True,main_files/trial_i/07_i_150hz_75db_250ff-40n-250.wav,3.9794,25.0,i,40,n,250,135.0
1727,11.0,4.0,"9,10,12,11",m,False,main_files/trial_i/07_i_150hz_75db_250ff-20n-250.wav,8.989,25.0,i,20,n,250,150.0
1727,12.0,2.0,"13,12",h,True,main_files/trial_i/07_i_150hz_75db_250ff-30p-80.wav,4.5789,25.0,i,30,p,80,155.0
1727,9.0,2.0,"8,9",l,True,main_files/trial_i/07_i_150hz_75db_250ff-30n-80.wav,4.0224,25.0,i,30,n,80,140.0
1727,11.0,0.0,,l,True,main_files/trial_i/07_i_150hz_75db_250ff-10n-60.wav,0.0,25.0,i,10,n,60,150.0
1727,11.0,0.0,,l,True,main_files/trial_i/07_i_150hz_75db_250ff-20n-120.wav,0.0,25.0,i,20,n,120,150.0
1727,11.0,5.0,"20,12,11,12,11",m,False,main_files/trial_i/07_i_150hz_75db_250ff-20n-80.wav,10.4153,25.0,i,20,n,80,150.0
1727,10.0,3.0,"10,9,10",l,False,main_files/trial_i/07_i_150hz_75db_250ff-30p-120.wav,5.1805,25.0,i,30,p,120,145.0
1727,11.0,0.0,,l,False,main_files/trial_i/07_i_150hz_75db_250ff-20p-80.wav,0.0,25.0,i,20,p,80,150.0
1727,11.0,2.0,"10,11",m,False,main_files/trial_i/07_i_150hz_75db_250ff-30p-100.wav,4.0391,25.0,i,30,p,100,150.0
1727,12.0,2.0,"13,12",h,True,main_files/trial_i/07_i_150hz_75db_250ff-30p-250.wav,3.595,25.0,i,30,p,250,155.0
1727,11.0,2.0,"12,11",m,False,main_files/trial_i/07_i_150hz_75db_250ff-30p-40.wav,4.279,25.0,i,30,p,40,150.0
1727,10.0,1.0,10,l,False,main_files/trial_i/07_i_150hz_75db_250ff-10p-100.wav,2.4953,25.0,i,10,p,100,145.0
1727,9.0,3.0,"7,8,9",l,True,main_files/trial_i/07_i_150hz_75db_250ff-40n-80.wav,5.4281,25.0,i,40,n,80,140.0
1727,11.0,2.0,"10,11",m,True,main_files/trial_i/07_i_150hz_75db_250ff-000-60.wav,4.7228,25.0,i,0,0,0,150.0
1727,11.0,2.0,"12,11",m,True,main_files/trial_i/07_i_150hz_75db_250ff-000-100.wav,4.1204,25.0,i,0,0,0,150.0
1727,11.0,2.0,"10,11",m,True,main_files/trial_i/07_i_150hz_75db_250ff-000-40.wav,3.674,25.0,i,0,0,0,150.0
1727,12.0,4.0,"9,10,13,12",h,True,main_files/trial_i/07_i_150hz_75db_250ff-20p-60.wav,7.0222,25.0,i,20,p,60,155.0
1727,12.0,1.0,12,h,True,main_files/trial_i/07_i_150hz_75db_250ff-10p-80.wav,2.8034,25.0,i,10,p,80,155.0
1727,10.0,3.0,"10,9,10",l,True,main_files/trial_i/07_i_150hz_75db_250ff-10n-250.wav,5.1474,25.0,i,10,n,250,145.0
1727,12.0,1.0,12,h,False,main_files/trial_i/07_i_150hz_75db_250ff-40n-40.wav,2.4042,25.0,i,40,n,40,155.0
1727,12.0,5.0,"12,14,12,13,12",h,True,main_files/trial_i/07_i_150hz_75db_250ff-40p-60.wav,10.013,25.0,i,40,p,60,155.0
1727,11.0,2.0,"10,11",m,False,main_files/trial_i/07_i_150hz_75db_250ff-20n-40.wav,4.9142,25.0,i,20,n,40,150.0
1727,11.0,4.0,"10,11,12,11",m,False,main_files/trial_i/07_i_150hz_75db_250ff-40n-60.wav,6.9473,25.0,i,40,n,60,150.0
1727,11.0,0.0,,l,False,main_files/trial_i/07_i_150hz_75db_250ff-000-250.wav,0.0,25.0,i,0,0,0,150.0
1727,10.0,3.0,"10,11,10",l,True,main_files/trial_i/07_i_150hz_75db_250ff-10n-100.wav,6.3898,25.0,i,10,n,100,145.0
1727,12.0,4.0,"10,20,13,12",h,False,main_files/trial_tone/tone_150hz_75db_250ff-000-100.wav,10.9115,25.0,tone,0,0,0,155.0
1727,10.0,2.0,"9,10",l,True,main_files/trial_tone/tone_150hz_75db_250ff-30n-120.wav,3.6107,25.0,tone,30,n,120,145.0
1727,12.0,4.0,"10,9,13,12",h,True,main_files/trial_tone/tone_150hz_75db_250ff-10p-250.wav,8.2782,25.0,tone,10,p,250,155.0
1727,11.0,3.0,"10,12,11",m,False,main_files/trial_tone/tone_150hz_75db_250ff-10p-80.wav,6.8317,25.0,tone,10,p,80,150.0
1727,12.0,2.0,"13,12",h,True,main_files/trial_tone/tone_150hz_75db_250ff-30p-250.wav,6.2866,25.0,tone,30,p,250,155.0
1727,10.0,1.0,10,l,False,main_files/trial_tone/tone_150hz_75db_250ff-40p-40.wav,2.505,25.0,tone,40,p,40,145.0
1727,10.0,4.0,"10,11,9,10",l,False,main_files/trial_tone/tone_150hz_75db_250ff-10p-60.wav,8.6529,25.0,tone,10,p,60,145.0
1727,12.0,2.0,"13,12",h,False,main_files/trial_tone/tone_150hz_75db_250ff-30n-80.wav,3.5704,25.0,tone,30,n,80,155.0
1727,11.0,2.0,"10,11",m,False,main_files/trial_tone/tone_150hz_75db_250ff-10n-40.wav,4.1527,25.0,tone,10,n,40,150.0
1727,12.0,9.0,"12,13,12,10,11,10,12,11,12",h,True,main_files/trial_tone/tone_150hz_75db_250ff-10p-120.wav,19.812,25.0,tone,10,p,120,155.0
1727,10.0,1.0,10,l,True,main_files/trial_tone/tone_150hz_75db_250ff-20n-80.wav,2.1557,25.0,tone,20,n,80,145.0
1727,11.0,0.0,,l,True,main_files/trial_tone/tone_150hz_75db_250ff-20n-120.wav,0.0,25.0,tone,20,n,120,150.0
1727,11.0,0.0,,l,True,main_files/trial_tone/tone_150hz_75db_250ff-10n-80.wav,0.0,25.0,tone,10,n,80,150.0
1727,12.0,2.0,"13,12",h,True,main_files/trial_tone/tone_150hz_75db_250ff-30p-80.wav,3.9146,25.0,tone,30,p,80,155.0
1727,11.0,8.0,"12,10,11,10,1,9,10,11",m,True,main_files/trial_tone/tone_150hz_75db_250ff-000-250.wav,17.3858,25.0,tone,0,0,0,150.0
1727,12.0,1.0,12,h,False,main_files/trial_tone/tone_150hz_75db_250ff-30n-40.wav,1.9784,25.0,tone,30,n,40,155.0
1727,14.0,5.0,"12,13,14,15,14",h,True,main_files/trial_tone/tone_150hz_75db_250ff-40p-120.wav,9.1469,25.0,tone,40,p,120,165.0
1727,6.0,3.0,"8,5,6",l,True,main_files/trial_tone/tone_150hz_75db_250ff-40n-120.wav,5.9203,25.0,tone,40,n,120,125.0
1727,11.0,0.0,,l,True,main_files/trial_tone/tone_150hz_75db_250ff-40n-40.wav,0.0,25.0,tone,40,n,40,150.0
1727,13.0,2.0,"14,13",h,True,main_files/trial_tone/tone_150hz_75db_250ff-20p-60.wav,4.0777,25.0,tone,20,p,60,160.0
1727,12.0,2.0,"13,12",h,True,main_files/trial_tone/tone_150hz_75db_250ff-20p-40.wav,3.8367,25.0,tone,20,p,40,155.0
1727,4.0,4.0,"1,4,5,4",l,True,main_files/trial_tone/tone_150hz_75db_250ff-40n-250.wav,9.6226,25.0,tone,40,n,250,115.0
1727,11.0,2.0,"10,11",m,False,main_files/trial_tone/tone_150hz_75db_250ff-10p-40.wav,5.4034,25.0,tone,10,p,40,150.0
1727,13.0,5.0,"14,13,14,12,13",h,True,main_files/trial_tone/tone_150hz_75db_250ff-40p-60.wav,10.4366,25.0,tone,40,p,60,160.0
1727,9.0,6.0,"7,8,9,8,10,9",l,True,main_files/trial_tone/tone_150hz_75db_250ff-30n-60.wav,10.3644,25.0,tone,30,n,60,140.0
1727,13.0,9.0,"12,13,20,12,11,13,12,14,13",h,False,main_files/trial_tone/tone_150hz_75db_250ff-10n-120.wav,18.8606,25.0,tone,10,n,120,160.0
1727,10.0,5.0,"8,9,10,11,10",l,False,main_files/trial_tone/tone_150hz_75db_250ff-20p-120.wav,8.5697,25.0,tone,20,p,120,145.0
1727,11.0,0.0,,l,False,main_files/trial_tone/tone_150hz_75db_250ff-000-40.wav,0.0,25.0,tone,0,0,0,150.0
1727,14.0,4.0,"15,14,13,14",h,True,main_files/trial_tone/tone_150hz_75db_250ff-40p-250.wav,7.673,25.0,tone,40,p,250,165.0
1727,9.0,4.0,"8,9,10,9",l,True,main_files/trial_tone/tone_150hz_75db_250ff-20n-250.wav,7.0876,25.0,tone,20,n,250,140.0
1727,9.0,10.0,"14,13,11,8,9,10,20,7,8,9",l,True,main_files/trial_tone/tone_150hz_75db_250ff-40n-100.wav,22.3102,25.0,tone,40,n,100,140.0
1727,14.0,6.0,"15,14,13,12,15,14",h,True,main_files/trial_tone/tone_150hz_75db_250ff-30p-100.wav,14.5112,25.0,tone,30,p,100,165.0
1727,11.0,0.0,,l,True,main_files/trial_tone/tone_150hz_75db_250ff-10n-60.wav,0.0,25.0,tone,10,n,60,150.0
1727,11.0,0.0,,l,True,main_files/trial_tone/tone_150hz_75db_250ff-20n-40.wav,0.0,25.0,tone,20,n,40,150.0
1727,14.0,4.0,"14,13,15,14",h,True,main_files/trial_tone/tone_150hz_75db_250ff-20p-100.wav,7.3229,25.0,tone,20,p,100,165.0
1727,11.0,0.0,,l,False,main_files/trial_tone/tone_150hz_75db_250ff-30p-40.wav,0.0,25.0,tone,30,p,40,150.0
1727,9.0,4.0,"8,9,10,9",l,True,main_files/trial_tone/tone_150hz_75db_250ff-30n-100.wav,7.4448,25.0,tone,30,n,100,140.0
1727,14.0,5.0,"14,13,12,15,14",h,True,main_files/trial_tone/tone_150hz_75db_250ff-30p-120.wav,8.9808,25.0,tone,30,p,120,165.0
1727,6.0,2.0,"7,6",l,True,main_files/trial_tone/tone_150hz_75db_250ff-30n-250.wav,4.155,25.0,tone,30,n,250,125.0
1727,15.0,6.0,"17,16,15,14,16,15",h,True,main_files/trial_tone/tone_150hz_75db_250ff-30p-60.wav,11.6454,25.0,tone,30,p,60,170.0
1727,11.0,0.0,,l,False,main_files/trial_tone/tone_150hz_75db_250ff-10p-100.wav,0.0,25.0,tone,10,p,100,150.0
1727,12.0,2.0,"13,12",h,True,main_files/trial_tone/tone_150hz_75db_250ff-40p-100.wav,4.048,25.0,tone,40,p,100,155.0
1727,11.0,2.0,"10,11",m,True,main_files/trial_tone/tone_150hz_75db_250ff-000-80.wav,3.9393,25.0,tone,0,0,0,150.0
1727,11.0,2.0,"12,11",m,True,main_files/trial_tone/tone_150hz_75db_250ff-000-120.wav,5.7382,25.0,tone,0,0,0,150.0
1727,11.0,2.0,"10,11",m,True,main_files/trial_tone/tone_150hz_75db_250ff-000-60.wav,4.1644,25.0,tone,0,0,0,150.0
1727,14.0,9.0,"12,13,11,12,13,14,15,13,14",h,True,main_files/trial_tone/tone_150hz_75db_250ff-20p-80.wav,18.4377,25.0,tone,20,p,80,165.0
1727,9.0,2.0,"8,9",l,True,main_files/trial_tone/tone_150hz_75db_250ff-20n-100.wav,3.5379,25.0,tone,20,n,100,140.0
1727,15.0,7.0,"9,14,13,15,14,16,15",h,False,main_files/trial_tone/tone_150hz_75db_250ff-10n-250.wav,14.9187,25.0,tone,10,n,250,170.0
1727,9.0,5.0,"20,8,9,10,9",l,True,main_files/trial_tone/tone_150hz_75db_250ff-40n-60.wav,14.3437,25.0,tone,40,n,60,140.0
1727,16.0,10.0,"15,16,17,16,18,17,16,15,17,16",h,True,main_files/trial_tone/tone_150hz_75db_250ff-40p-80.wav,18.8314,25.0,tone,40,p,80,175.0
1727,11.0,4.0,"10,9,12,11",m,False,main_files/trial_tone/tone_150hz_75db_250ff-20n-60.wav,8.0787,25.0,tone,20,n,60,150.0
1727,11.0,10.0,"10,9,8,7,6,11,10,13,12,11",m,False,main_files/trial_tone/tone_150hz_75db_250ff-40n-80.wav,15.9388,25.0,tone,40,n,80,150.0
1727,9.0,2.0,"8,9",l,False,main_files/trial_tone/tone_150hz_75db_250ff-20p-250.wav,4.0475,25.0,tone,20,p,250,140.0
1727,11.0,0.0,,l,True,main_files/trial_tone/tone_150hz_75db_250ff-10n-100.wav,0.0,25.0,tone,10,n,100,150.0
1304,10.0,1.0,10,l,False,main_files/trial_i/07_i_150hz_75db_250ff-40p-80.wav,2.5626,40.0,i,40,p,80,145.0
1304,11.0,0.0,,l,True,main_files/trial_i/07_i_150hz_75db_250ff-30n-100.wav,0.0,40.0,i,30,n,100,150.0
1304,12.0,1.0,12,h,True,main_files/trial_i/07_i_150hz_75db_250ff-20p-250.wav,2.1793,40.0,i,20,p,250,155.0
1304,11.0,0.0,,l,False,main_files/trial_i/07_i_150hz_75db_250ff-10p-60.wav,0.0,40.0,i,10,p,60,150.0
1304,10.0,3.0,"8,9,10",l,True,main_files/trial_i/07_i_150hz_75db_250ff-30n-250.wav,8.1805,40.0,i,30,n,250,145.0
1304,14.0,1.0,14,h,True,main_files/trial_i/07_i_150hz_75db_250ff-40p-120.wav,2.014,40.0,i,40,p,120,165.0
1304,11.0,2.0,"12,11",m,False,main_files/trial_i/07_i_150hz_75db_250ff-10p-40.wav,6.2625,40.0,i,10,p,40,150.0
1304,11.0,0.0,,l,True,main_files/trial_i/07_i_150hz_75db_250ff-30n-60.wav,0.0,40.0,i,30,n,60,150.0
1304,11.0,0.0,,l,True,main_files/trial_i/07_i_150hz_75db_250ff-10n-40.wav,0.0,40.0,i,10,n,40,150.0
1304,12.0,1.0,12,h,True,main_files/trial_i/07_i_150hz_75db_250ff-10p-250.wav,2.1316,40.0,i,10,p,250,155.0
1304,11.0,0.0,,l,True,main_files/trial_i/07_i_150hz_75db_250ff-20n-60.wav,0.0,40.0,i,20,n,60,150.0
1304,11.0,0.0,,l,True,main_files/trial_i/07_i_150hz_75db_250ff-20n-100.wav,0.0,40.0,i,20,n,100,150.0
1304,11.0,0.0,,l,True,main_files/trial_i/07_i_150hz_75db_250ff-10n-80.wav,0.0,40.0,i,10,n,80,150.0
1304,12.0,1.0,12,h,True,main_files/trial_i/07_i_150hz_75db_250ff-30p-60.wav,3.1482,40.0,i,30,p,60,155.0
1304,11.0,0.0,,l,False,main_files/trial_i/07_i_150hz_75db_250ff-000-80.wav,0.0,40.0,i,0,0,0,150.0
1304,10.0,1.0,10,l,True,main_files/trial_i/07_i_150hz_75db_250ff-30n-120.wav,1.9811,40.0,i,30,n,120,145.0
1304,11.0,0.0,,l,False,main_files/trial_i/07_i_150hz_75db_250ff-40p-100.wav,0.0,40.0,i,40,p,100,150.0
1304,11.0,0.0,,l,True,main_files/trial_i/07_i_150hz_75db_250ff-40n-100.wav,0.0,40.0,i,40,n,100,150.0
1304,11.0,0.0,,l,True,main_files/trial_i/07_i_150hz_75db_250ff-40n-120.wav,0.0,40.0,i,40,n,120,150.0
1304,11.0,0.0,,l,False,main_files/trial_i/07_i_150hz_75db_250ff-20p-40.wav,0.0,40.0,i,20,p,40,150.0
1304,13.0,1.0,13,h,True,main_files/trial_i/07_i_150hz_75db_250ff-20p-120.wav,2.2986,40.0,i,20,p,120,160.0
1304,14.0,1.0,14,h,True,main_files/trial_i/07_i_150hz_75db_250ff-40p-250.wav,2.0642,40.0,i,40,p,250,165.0
1304,11.0,0.0,,l,False,main_files/trial_i/07_i_150hz_75db_250ff-10p-120.wav,0.0,40.0,i,10,p,120,150.0
1304,11.0,0.0,,l,False,main_files/trial_i/07_i_150hz_75db_250ff-40p-40.wav,0.0,40.0,i,40,p,40,150.0
1304,11.0,0.0,,l,True,main_files/trial_i/07_i_150hz_75db_250ff-30n-40.wav,0.0,40.0,i,30,n,40,150.0
1304,11.0,0.0,,l,True,main_files/trial_i/07_i_150hz_75db_250ff-10n-120.wav,0.0,40.0,i,10,n,120,150.0
1304,12.0,1.0,12,h,True,main_files/trial_i/07_i_150hz_75db_250ff-20p-100.wav,2.9633,40.0,i,20,p,100,155.0
1304,10.0,3.0,"10,11,10",l,False,main_files/trial_i/07_i_150hz_75db_250ff-000-120.wav,5.6137,40.0,i,0,0,0,145.0
1304,8.0,1.0,8,l,True,main_files/trial_i/07_i_150hz_75db_250ff-40n-250.wav,2.2457,40.0,i,40,n,250,135.0
1304,9.0,3.0,"9,11,9",l,True,main_files/trial_i/07_i_150hz_75db_250ff-20n-250.wav,5.0303,40.0,i,20,n,250,140.0
1304,12.0,1.0,12,h,True,main_files/trial_i/07_i_150hz_75db_250ff-30p-80.wav,1.8995,40.0,i,30,p,80,155.0
1304,10.0,1.0,10,l,True,main_files/trial_i/07_i_150hz_75db_250ff-30n-80.wav,3.2642,40.0,i,30,n,80,145.0
1304,11.0,0.0,,l,True,main_files/trial_i/07_i_150hz_75db_250ff-10n-60.wav,0.0,40.0,i,10,n,60,150.0
1304,11.0,0.0,,l,True,main_files/trial_i/07_i_150hz_75db_250ff-20n-120.wav,0.0,40.0,i,20,n,120,150.0
1304,11.0,0.0,,l,True,main_files/trial_i/07_i_150hz_75db_250ff-20n-80.wav,0.0,40.0,i,20,n,80,150.0
1304,12.0,1.0,12,h,True,main_files/trial_i/07_i_150hz_75db_250ff-30p-120.wav,2.7145,40.0,i,30,p,120,155.0
1304,11.0,0.0,,l,False,main_files/trial_i/07_i_150hz_75db_250ff-20p-80.wav,0.0,40.0,i,20,p,80,150.0
1304,14.0,1.0,14,h,True,main_files/trial_i/07_i_150hz_75db_250ff-30p-100.wav,2.1159,40.0,i,30,p,100,165.0
1304,10.0,2.0,"12,10",l,False,main_files/trial_i/07_i_150hz_75db_250ff-30p-250.wav,9.1816,40.0,i,30,p,250,145.0
1304,11.0,0.0,,l,False,main_files/trial_i/07_i_150hz_75db_250ff-30p-40.wav,0.0,40.0,i,30,p,40,150.0
1304,12.0,1.0,12,h,True,main_files/trial_i/07_i_150hz_75db_250ff-10p-100.wav,2.1626,40.0,i,10,p,100,155.0
1304,11.0,0.0,,l,True,main_files/trial_i/07_i_150hz_75db_250ff-40n-80.wav,0.0,40.0,i,40,n,80,150.0
1304,11.0,0.0,,l,False,main_files/trial_i/07_i_150hz_75db_250ff-000-60.wav,0.0,40.0,i,0,0,0,150.0
1304,10.0,1.0,10,l,False,main_files/trial_i/07_i_150hz_75db_250ff-000-100.wav,2.6527,40.0,i,0,0,0,145.0
1304,11.0,0.0,,l,False,main_files/trial_i/07_i_150hz_75db_250ff-000-40.wav,0.0,40.0,i,0,0,0,150.0
1304,12.0,1.0,12,h,True,main_files/trial_i/07_i_150hz_75db_250ff-20p-60.wav,2.3806,40.0,i,20,p,60,155.0
1304,11.0,2.0,"10,11",m,False,main_files/trial_i/07_i_150hz_75db_250ff-10p-80.wav,3.9498,40.0,i,10,p,80,150.0
1304,11.0,2.0,"8,11",m,False,main_files/trial_i/07_i_150hz_75db_250ff-10n-250.wav,8.0808,40.0,i,10,n,250,150.0
1304,12.0,1.0,12,h,False,main_files/trial_i/07_i_150hz_75db_250ff-40n-40.wav,2.8809,40.0,i,40,n,40,155.0
1304,11.0,0.0,,l,False,main_files/trial_i/07_i_150hz_75db_250ff-40p-60.wav,0.0,40.0,i,40,p,60,150.0
1304,9.0,1.0,9,l,True,main_files/trial_i/07_i_150hz_75db_250ff-20n-40.wav,3.0534,40.0,i,20,n,40,140.0
1304,11.0,0.0,,l,True,main_files/trial_i/07_i_150hz_75db_250ff-40n-60.wav,0.0,40.0,i,40,n,60,150.0
1304,11.0,0.0,,l,False,main_files/trial_i/07_i_150hz_75db_250ff-000-250.wav,0.0,40.0,i,0,0,0,150.0
1304,12.0,1.0,12,h,False,main_files/trial_i/07_i_150hz_75db_250ff-10n-100.wav,2.0979,40.0,i,10,n,100,155.0
1304,12.0,1.0,12,h,False,main_files/trial_tone/tone_150hz_75db_250ff-000-100.wav,3.3931,40.0,tone,0,0,0,155.0
1304,10.0,1.0,10,l,True,main_files/trial_tone/tone_150hz_75db_250ff-30n-120.wav,1.996,40.0,tone,30,n,120,145.0
1304,8.0,1.0,8,l,False,main_files/trial_tone/tone_150hz_75db_250ff-10p-250.wav,1.8639,40.0,tone,10,p,250,135.0
1304,11.0,0.0,,l,False,main_files/trial_tone/tone_150hz_75db_250ff-10p-80.wav,0.0,40.0,tone,10,p,80,150.0
1304,14.0,1.0,14,h,True,main_files/trial_tone/tone_150hz_75db_250ff-30p-250.wav,2.0144,40.0,tone,30,p,250,165.0
1304,11.0,0.0,,l,False,main_files/trial_tone/tone_150hz_75db_250ff-40p-40.wav,0.0,40.0,tone,40,p,40,150.0
1304,11.0,0.0,,l,False,main_files/trial_tone/tone_150hz_75db_250ff-10p-60.wav,0.0,40.0,tone,10,p,60,150.0
1304,12.0,1.0,12,h,False,main_files/trial_tone/tone_150hz_75db_250ff-30n-80.wav,2.3369,40.0,tone,30,n,80,155.0
1304,11.0,0.0,,l,True,main_files/trial_tone/tone_150hz_75db_250ff-10n-40.wav,0.0,40.0,tone,10,n,40,150.0
1304,11.0,0.0,,l,False,main_files/trial_tone/tone_150hz_75db_250ff-10p-120.wav,0.0,40.0,tone,10,p,120,150.0
1304,11.0,0.0,,l,True,main_files/trial_tone/tone_150hz_75db_250ff-20n-80.wav,0.0,40.0,tone,20,n,80,150.0
1304,11.0,0.0,,l,True,main_files/trial_tone/tone_150hz_75db_250ff-20n-120.wav,0.0,40.0,tone,20,n,120,150.0
1304,11.0,0.0,,l,True,main_files/trial_tone/tone_150hz_75db_250ff-10n-80.wav,0.0,40.0,tone,10,n,80,150.0
1304,13.0,1.0,13,h,True,main_files/trial_tone/tone_150hz_75db_250ff-30p-80.wav,2.4624,40.0,tone,30,p,80,160.0
1304,11.0,0.0,,l,False,main_files/trial_tone/tone_150hz_75db_250ff-000-250.wav,0.0,40.0,tone,0,0,0,150.0
1304,12.0,1.0,12,h,False,main_files/trial_tone/tone_150hz_75db_250ff-30n-40.wav,1.8959,40.0,tone,30,n,40,155.0
1304,13.0,2.0,"12,13",h,True,main_files/trial_tone/tone_150hz_75db_250ff-40p-120.wav,3.3145,40.0,tone,40,p,120,160.0
1304,11.0,0.0,,l,True,main_files/trial_tone/tone_150hz_75db_250ff-40n-120.wav,0.0,40.0,tone,40,n,120,150.0
1304,11.0,0.0,,l,True,main_files/trial_tone/tone_150hz_75db_250ff-40n-40.wav,0.0,40.0,tone,40,n,40,150.0
1304,11.0,0.0,,l,False,main_files/trial_tone/tone_150hz_75db_250ff-20p-60.wav,0.0,40.0,tone,20,p,60,150.0
1304,12.0,1.0,12,h,True,main_files/trial_tone/tone_150hz_75db_250ff-20p-40.wav,2.3696,40.0,tone,20,p,40,155.0
1304,8.0,1.0,8,l,True,main_files/trial_tone/tone_150hz_75db_250ff-40n-250.wav,1.915,40.0,tone,40,n,250,135.0
1304,12.0,1.0,12,h,True,main_files/trial_tone/tone_150hz_75db_250ff-10p-40.wav,2.3974,40.0,tone,10,p,40,155.0
1304,10.0,1.0,10,l,False,main_files/trial_tone/tone_150hz_75db_250ff-40p-60.wav,1.8966,40.0,tone,40,p,60,145.0
1304,11.0,0.0,,l,True,main_files/trial_tone/tone_150hz_75db_250ff-30n-60.wav,0.0,40.0,tone,30,n,60,150.0
1304,11.0,0.0,,l,True,main_files/trial_tone/tone_150hz_75db_250ff-10n-120.wav,0.0,40.0,tone,10,n,120,150.0
1304,12.0,1.0,12,h,True,main_files/trial_tone/tone_150hz_75db_250ff-20p-120.wav,1.8314,40.0,tone,20,p,120,155.0
1304,11.0,0.0,,l,False,main_files/trial_tone/tone_150hz_75db_250ff-000-40.wav,0.0,40.0,tone,0,0,0,150.0
1304,13.0,1.0,13,h,True,main_files/trial_tone/tone_150hz_75db_250ff-40p-250.wav,2.2636,40.0,tone,40,p,250,160.0
1304,11.0,0.0,,l,True,main_files/trial_tone/tone_150hz_75db_250ff-20n-250.wav,0.0,40.0,tone,20,n,250,150.0
1304,11.0,0.0,,l,True,main_files/trial_tone/tone_150hz_75db_250ff-40n-100.wav,0.0,40.0,tone,40,n,100,150.0
1304,10.0,1.0,10,l,False,main_files/trial_tone/tone_150hz_75db_250ff-30p-100.wav,3.0823,40.0,tone,30,p,100,145.0
1304,11.0,0.0,,l,True,main_files/trial_tone/tone_150hz_75db_250ff-10n-60.wav,0.0,40.0,tone,10,n,60,150.0
1304,11.0,0.0,,l,True,main_files/trial_tone/tone_150hz_75db_250ff-20n-40.wav,0.0,40.0,tone,20,n,40,150.0
1304,10.0,1.0,10,l,False,main_files/trial_tone/tone_150hz_75db_250ff-20p-100.wav,1.9472,40.0,tone,20,p,100,145.0
1304,12.0,1.0,12,h,True,main_files/trial_tone/tone_150hz_75db_250ff-30p-40.wav,2.1813,40.0,tone,30,p,40,155.0
1304,11.0,0.0,,l,True,main_files/trial_tone/tone_150hz_75db_250ff-30n-100.wav,0.0,40.0,tone,30,n,100,150.0
1304,12.0,1.0,12,h,True,main_files/trial_tone/tone_150hz_75db_250ff-30p-120.wav,1.7308,40.0,tone,30,p,120,155.0
1304,11.0,0.0,,l,True,main_files/trial_tone/tone_150hz_75db_250ff-30n-250.wav,0.0,40.0,tone,30,n,250,150.0
1304,11.0,0.0,,l,False,main_files/trial_tone/tone_150hz_75db_250ff-30p-60.wav,0.0,40.0,tone,30,p,60,150.0
1304,11.0,0.0,,l,False,main_files/trial_tone/tone_150hz_75db_250ff-10p-100.wav,0.0,40.0,tone,10,p,100,150.0
1304,12.0,1.0,12,h,True,main_files/trial_tone/tone_150hz_75db_250ff-40p-100.wav,1.78,40.0,tone,40,p,100,155.0
1304,10.0,3.0,"10,11,10",l,False,main_files/trial_tone/tone_150hz_75db_250ff-000-80.wav,6.3977,40.0,tone,0,0,0,145.0
1304,11.0,0.0,,l,False,main_files/trial_tone/tone_150hz_75db_250ff-000-120.wav,0.0,40.0,tone,0,0,0,150.0
1304,10.0,1.0,10,l,False,main_files/trial_tone/tone_150hz_75db_250ff-000-60.wav,1.7808,40.0,tone,0,0,0,145.0
1304,12.0,1.0,12,h,True,main_files/trial_tone/tone_150hz_75db_250ff-20p-80.wav,1.8144,40.0,tone,20,p,80,155.0
1304,11.0,0.0,,l,True,main_files/trial_tone/tone_150hz_75db_250ff-20n-100.wav,0.0,40.0,tone,20,n,100,150.0
1304,12.0,3.0,"13,11,12",h,False,main_files/trial_tone/tone_150hz_75db_250ff-10n-250.wav,5.6961,40.0,tone,10,n,250,155.0
1304,10.0,1.0,10,l,True,main_files/trial_tone/tone_150hz_75db_250ff-40n-60.wav,2.5298,40.0,tone,40,n,60,145.0
1304,8.0,1.0,8,l,False,main_files/trial_tone/tone_150hz_75db_250ff-40p-80.wav,2.1819,40.0,tone,40,p,80,135.0
1304,11.0,0.0,,l,True,main_files/trial_tone/tone_150hz_75db_250ff-20n-60.wav,0.0,40.0,tone,20,n,60,150.0
1304,11.0,0.0,,l,True,main_files/trial_tone/tone_150hz_75db_250ff-40n-80.wav,0.0,40.0,tone,40,n,80,150.0
1304,13.0,1.0,13,h,True,main_files/trial_tone/tone_150hz_75db_250ff-20p-250.wav,2.083,40.0,tone,20,p,250,160.0
1304,11.0,0.0,,l,True,main_files/trial_tone/tone_150hz_75db_250ff-10n-100.wav,0.0,40.0,tone,10,n,100,150.0
1304,12.0,1.0,12,h,False,main_files/trial_di/07_di_cross_150hz_75db_250ff-000-100.wav,4.0126,40.0,di,0,0,0,155.0
1304,11.0,0.0,,l,True,main_files/trial_di/07_di_cross_150hz_75db_250ff-30n-120.wav,0.0,40.0,di,30,n,120,150.0
1304,10.0,1.0,10,l,False,main_files/trial_di/07_di_cross_150hz_75db_250ff-10p-250.wav,1.8473,40.0,di,10,p,250,145.0
1304,13.0,1.0,13,h,True,main_files/trial_di/07_di_cross_150hz_75db_250ff-10p-80.wav,3.1304,40.0,di,10,p,80,160.0
1304,14.0,1.0,14,h,True,main_files/trial_di/07_di_cross_150hz_75db_250ff-30p-250.wav,2.3326,40.0,di,30,p,250,165.0
1304,11.0,0.0,,l,False,main_files/trial_di/07_di_cross_150hz_75db_250ff-40p-40.wav,0.0,40.0,di,40,p,40,150.0
1304,11.0,0.0,,l,False,main_files/trial_di/07_di_cross_150hz_75db_250ff-10p-60.wav,0.0,40.0,di,10,p,60,150.0
1304,10.0,1.0,10,l,True,main_files/trial_di/07_di_cross_150hz_75db_250ff-30n-80.wav,1.947,40.0,di,30,n,80,145.0
1304,11.0,0.0,,l,True,main_files/trial_di/07_di_cross_150hz_75db_250ff-10n-40.wav,0.0,40.0,di,10,n,40,150.0
1304,11.0,0.0,,l,False,main_files/trial_di/07_di_cross_150hz_75db_250ff-10p-120.wav,0.0,40.0,di,10,p,120,150.0
1304,11.0,0.0,,l,True,main_files/trial_di/07_di_cross_150hz_75db_250ff-20n-80.wav,0.0,40.0,di,20,n,80,150.0
1304,11.0,0.0,,l,True,main_files/trial_di/07_di_cross_150hz_75db_250ff-20n-120.wav,0.0,40.0,di,20,n,120,150.0
1304,11.0,0.0,,l,True,main_files/trial_di/07_di_cross_150hz_75db_250ff-10n-80.wav,0.0,40.0,di,10,n,80,150.0
1304,10.0,1.0,10,l,False,main_files/trial_di/07_di_cross_150hz_75db_250ff-30p-80.wav,1.9479,40.0,di,30,p,80,145.0
1304,11.0,0.0,,l,False,main_files/trial_di/07_di_cross_150hz_75db_250ff-000-250.wav,0.0,40.0,di,0,0,0,150.0
1304,11.0,0.0,,l,True,main_files/trial_di/07_di_cross_150hz_75db_250ff-30n-40.wav,0.0,40.0,di,30,n,40,150.0
1304,13.0,2.0,"12,13",h,True,main_files/trial_di/07_di_cross_150hz_75db_250ff-40p-120.wav,3.865,40.0,di,40,p,120,160.0
1304,11.0,0.0,,l,True,main_files/trial_di/07_di_cross_150hz_75db_250ff-40n-120.wav,0.0,40.0,di,40,n,120,150.0
1304,11.0,0.0,,l,True,main_files/trial_di/07_di_cross_150hz_75db_250ff-40n-40.wav,0.0,40.0,di,40,n,40,150.0
1304,11.0,0.0,,l,False,main_files/trial_di/07_di_cross_150hz_75db_250ff-20p-60.wav,0.0,40.0,di,20,p,60,150.0
1304,11.0,0.0,,l,False,main_files/trial_di/07_di_cross_150hz_75db_250ff-20p-40.wav,0.0,40.0,di,20,p,40,150.0
1304,8.0,1.0,8,l,True,main_files/trial_di/07_di_cross_150hz_75db_250ff-40n-250.wav,1.7966,40.0,di,40,n,250,135.0
1304,11.0,0.0,,l,False,main_files/trial_di/07_di_cross_150hz_75db_250ff-10p-40.wav,0.0,40.0,di,10,p,40,150.0
1304,11.0,0.0,,l,False,main_files/trial_di/07_di_cross_150hz_75db_250ff-40p-60.wav,0.0,40.0,di,40,p,60,150.0
1304,11.0,0.0,,l,True,main_files/trial_di/07_di_cross_150hz_75db_250ff-30n-60.wav,0.0,40.0,di,30,n,60,150.0
1304,11.0,0.0,,l,True,main_files/trial_di/07_di_cross_150hz_75db_250ff-10n-120.wav,0.0,40.0,di,10,n,120,150.0
1304,11.0,0.0,,l,False,main_files/trial_di/07_di_cross_150hz_75db_250ff-20p-120.wav,0.0,40.0,di,20,p,120,150.0
1304,11.0,0.0,,l,False,main_files/trial_di/07_di_cross_150hz_75db_250ff-000-40.wav,0.0,40.0,di,0,0,0,150.0
1304,13.0,1.0,13,h,True,main_files/trial_di/07_di_cross_150hz_75db_250ff-40p-250.wav,2.2045,40.0,di,40,p,250,160.0
1304,10.0,1.0,10,l,True,main_files/trial_di/07_di_cross_150hz_75db_250ff-20n-250.wav,1.9978,40.0,di,20,n,250,145.0
1304,10.0,1.0,10,l,True,main_files/trial_di/07_di_cross_150hz_75db_250ff-40n-100.wav,1.865,40.0,di,40,n,100,145.0
1304,11.0,0.0,,l,False,main_files/trial_di/07_di_cross_150hz_75db_250ff-30p-100.wav,0.0,40.0,di,30,p,100,150.0
1304,11.0,0.0,,l,True,main_files/trial_di/07_di_cross_150hz_75db_250ff-10n-60.wav,0.0,40.0,di,10,n,60,150.0
1304,11.0,0.0,,l,True,main_files/trial_di/07_di_cross_150hz_75db_250ff-20n-40.wav,0.0,40.0,di,20,n,40,150.0
1304,11.0,0.0,,l,False,main_files/trial_di/07_di_cross_150hz_75db_250ff-20p-100.wav,0.0,40.0,di,20,p,100,150.0
1304,11.0,0.0,,l,False,main_files/trial_di/07_di_cross_150hz_75db_250ff-30p-40.wav,0.0,40.0,di,30,p,40,150.0
1304,11.0,0.0,,l,True,main_files/trial_di/07_di_cross_150hz_75db_250ff-30n-100.wav,0.0,40.0,di,30,n,100,150.0
1304,12.0,1.0,12,h,True,main_files/trial_di/07_di_cross_150hz_75db_250ff-30p-120.wav,1.9312,40.0,di,30,p,120,155.0
1304,11.0,0.0,,l,True,main_files/trial_di/07_di_cross_150hz_75db_250ff-30n-250.wav,0.0,40.0,di,30,n,250,150.0
1304,11.0,0.0,,l,False,main_files/trial_di/07_di_cross_150hz_75db_250ff-30p-60.wav,0.0,40.0,di,30,p,60,150.0
1304,11.0,0.0,,l,False,main_files/trial_di/07_di_cross_150hz_75db_250ff-10p-100.wav,0.0,40.0,di,10,p,100,150.0
1304,12.0,1.0,12,h,True,main_files/trial_di/07_di_cross_150hz_75db_250ff-40p-100.wav,1.8143,40.0,di,40,p,100,155.0
1304,11.0,0.0,,l,False,main_files/trial_di/07_di_cross_150hz_75db_250ff-000-80.wav,0.0,40.0,di,0,0,0,150.0
1304,11.0,0.0,,l,False,main_files/trial_di/07_di_cross_150hz_75db_250ff-000-120.wav,0.0,40.0,di,0,0,0,150.0
1304,11.0,0.0,,l,False,main_files/trial_di/07_di_cross_150hz_75db_250ff-000-60.wav,0.0,40.0,di,0,0,0,150.0
1304,10.0,1.0,10,l,False,main_files/trial_di/07_di_cross_150hz_75db_250ff-20p-80.wav,2.3124,40.0,di,20,p,80,145.0
1304,8.0,1.0,8,l,True,main_files/trial_di/07_di_cross_150hz_75db_250ff-20n-100.wav,2.062,40.0,di,20,n,100,135.0
1304,11.0,0.0,,l,True,main_files/trial_di/07_di_cross_150hz_75db_250ff-10n-250.wav,0.0,40.0,di,10,n,250,150.0
1304,11.0,0.0,,l,True,main_files/trial_di/07_di_cross_150hz_75db_250ff-40n-60.wav,0.0,40.0,di,40,n,60,150.0
1304,12.0,1.0,12,h,True,main_files/trial_di/07_di_cross_150hz_75db_250ff-40p-80.wav,1.7151,40.0,di,40,p,80,155.0
1304,11.0,0.0,,l,True,main_files/trial_di/07_di_cross_150hz_75db_250ff-20n-60.wav,0.0,40.0,di,20,n,60,150.0
1304,11.0,0.0,,l,True,main_files/trial_di/07_di_cross_150hz_75db_250ff-40n-80.wav,0.0,40.0,di,40,n,80,150.0
1304,13.0,1.0,13,h,True,main_files/trial_di/07_di_cross_150hz_75db_250ff-20p-250.wav,1.7329,40.0,di,20,p,250,160.0
1304,11.0,0.0,,l,True,main_files/trial_di/07_di_cross_150hz_75db_250ff-10n-100.wav,0.0,40.0,di,10,n,100,150.0
2222,11.0,2.0,"10,11",m,True,main_files/trial_di/07_di_cross_150hz_75db_250ff-000-100.wav,7.683,25.0,di,0,0,0,150.0
2222,11.0,0.0,,m,False,main_files/trial_di/07_di_cross_150hz_75db_250ff-30n-120.wav,2.388,25.0,di,30,n,120,150.0
2222,8.0,2.0,"7,8",l,False,main_files/trial_di/07_di_cross_150hz_75db_250ff-10p-250.wav,4.18,25.0,di,10,p,250,135.0
2222,11.0,2.0,"10,11",m,False,main_files/trial_di/07_di_cross_150hz_75db_250ff-10p-80.wav,4.483,25.0,di,10,p,80,150.0
2222,11.0,0.0,,m,False,main_files/trial_di/07_di_cross_150hz_75db_250ff-30p-250.wav,2.142,25.0,di,30,p,250,150.0
2222,11.0,0.0,,l,False,main_files/trial_di/07_di_cross_150hz_75db_250ff-40p-40.wav,0.0,25.0,di,40,p,40,150.0
2222,11.0,0.0,,l,False,main_files/trial_di/07_di_cross_150hz_75db_250ff-10p-60.wav,0.0,25.0,di,10,p,60,150.0
2222,11.0,0.0,,l,True,main_files/trial_di/07_di_cross_150hz_75db_250ff-30n-80.wav,0.0,25.0,di,30,n,80,150.0
2222,11.0,0.0,,l,True,main_files/trial_di/07_di_cross_150hz_75db_250ff-10n-40.wav,0.0,25.0,di,10,n,40,150.0
2222,11.0,0.0,,l,False,main_files/trial_di/07_di_cross_150hz_75db_250ff-10p-120.wav,0.0,25.0,di,10,p,120,150.0
2222,11.0,0.0,,l,True,main_files/trial_di/07_di_cross_150hz_75db_250ff-20n-80.wav,0.0,25.0,di,20,n,80,150.0
2222,11.0,4.0,"8,9,10,11",m,False,main_files/trial_di/07_di_cross_150hz_75db_250ff-20n-120.wav,8.082,25.0,di,20,n,120,150.0
2222,11.0,0.0,,l,True,main_files/trial_di/07_di_cross_150hz_75db_250ff-10n-80.wav,0.0,25.0,di,10,n,80,150.0
2222,11.0,0.0,,l,False,main_files/trial_di/07_di_cross_150hz_75db_250ff-30p-80.wav,0.0,25.0,di,30,p,80,150.0
2222,11.0,0.0,,l,False,main_files/trial_di/07_di_cross_150hz_75db_250ff-000-250.wav,0.0,25.0,di,0,0,0,150.0
2222,10.0,1.0,10,l,True,main_files/trial_di/07_di_cross_150hz_75db_250ff-30n-40.wav,2.458,25.0,di,30,n,40,145.0
2222,11.0,0.0,,l,False,main_files/trial_di/07_di_cross_150hz_75db_250ff-40p-120.wav,0.0,25.0,di,40,p,120,150.0
2222,11.0,0.0,,l,True,main_files/trial_di/07_di_cross_150hz_75db_250ff-40n-120.wav,0.0,25.0,di,40,n,120,150.0
2222,11.0,0.0,,l,True,main_files/trial_di/07_di_cross_150hz_75db_250ff-40n-40.wav,0.0,25.0,di,40,n,40,150.0
2222,11.0,0.0,,l,False,main_files/trial_di/07_di_cross_150hz_75db_250ff-20p-60.wav,0.0,25.0,di,20,p,60,150.0
2222,11.0,0.0,,l,False,main_files/trial_di/07_di_cross_150hz_75db_250ff-20p-40.wav,0.0,25.0,di,20,p,40,150.0
2222,11.0,0.0,,l,True,main_files/trial_di/07_di_cross_150hz_75db_250ff-40n-250.wav,0.0,25.0,di,40,n,250,150.0
2222,11.0,0.0,,l,False,main_files/trial_di/07_di_cross_150hz_75db_250ff-10p-40.wav,0.0,25.0,di,10,p,40,150.0
2222,11.0,0.0,,l,False,main_files/trial_di/07_di_cross_150hz_75db_250ff-40p-60.wav,0.0,25.0,di,40,p,60,150.0
2222,12.0,3.0,"10,11,12",h,False,main_files/trial_di/07_di_cross_150hz_75db_250ff-30n-60.wav,6.218,25.0,di,30,n,60,155.0
2222,11.0,0.0,,l,True,main_files/trial_di/07_di_cross_150hz_75db_250ff-10n-120.wav,0.0,25.0,di,10,n,120,150.0
2222,11.0,0.0,,l,False,main_files/trial_di/07_di_cross_150hz_75db_250ff-20p-120.wav,0.0,25.0,di,20,p,120,150.0
2222,11.0,0.0,,l,False,main_files/trial_di/07_di_cross_150hz_75db_250ff-000-40.wav,0.0,25.0,di,0,0,0,150.0
2222,10.0,1.0,10,l,False,main_files/trial_di/07_di_cross_150hz_75db_250ff-40p-250.wav,2.634,25.0,di,40,p,250,145.0
2222,11.0,0.0,,l,True,main_files/trial_di/07_di_cross_150hz_75db_250ff-20n-250.wav,0.0,25.0,di,20,n,250,150.0
2222,12.0,3.0,"12,11,12",h,False,main_files/trial_di/07_di_cross_150hz_75db_250ff-40n-100.wav,6.296,25.0,di,40,n,100,155.0
2222,11.0,0.0,,l,False,main_files/trial_di/07_di_cross_150hz_75db_250ff-30p-100.wav,0.0,25.0,di,30,p,100,150.0
2222,11.0,0.0,,l,True,main_files/trial_di/07_di_cross_150hz_75db_250ff-10n-60.wav,0.0,25.0,di,10,n,60,150.0
2222,11.0,3.0,"12,10,11",m,False,main_files/trial_di/07_di_cross_150hz_75db_250ff-20n-40.wav,6.148,25.0,di,20,n,40,150.0
2222,11.0,0.0,,l,False,main_files/trial_di/07_di_cross_150hz_75db_250ff-20p-100.wav,0.0,25.0,di,20,p,100,150.0
2222,11.0,0.0,,l,False,main_files/trial_di/07_di_cross_150hz_75db_250ff-30p-40.wav,0.0,25.0,di,30,p,40,150.0
2222,10.0,1.0,10,l,True,main_files/trial_di/07_di_cross_150hz_75db_250ff-30n-100.wav,1.969,25.0,di,30,n,100,145.0
2222,11.0,0.0,,l,False,main_files/trial_di/07_di_cross_150hz_75db_250ff-30p-120.wav,0.0,25.0,di,30,p,120,150.0
2222,12.0,2.0,"9,12",h,False,main_files/trial_di/07_di_cross_150hz_75db_250ff-30n-250.wav,6.234,25.0,di,30,n,250,155.0
2222,11.0,0.0,,m,False,main_files/trial_di/07_di_cross_150hz_75db_250ff-30p-60.wav,3.085,25.0,di,30,p,60,150.0
2222,11.0,2.0,"12,11",m,False,main_files/trial_di/07_di_cross_150hz_75db_250ff-10p-100.wav,4.936,25.0,di,10,p,100,150.0
2222,11.0,0.0,,l,False,main_files/trial_di/07_di_cross_150hz_75db_250ff-40p-100.wav,0.0,25.0,di,40,p,100,150.0
2222,11.0,0.0,,l,False,main_files/trial_di/07_di_cross_150hz_75db_250ff-000-80.wav,0.0,25.0,di,0,0,0,150.0
2222,11.0,0.0,,l,False,main_files/trial_di/07_di_cross_150hz_75db_250ff-000-120.wav,0.0,25.0,di,0,0,0,150.0
2222,11.0,0.0,,l,False,main_files/trial_di/07_di_cross_150hz_75db_250ff-000-60.wav,0.0,25.0,di,0,0,0,150.0
2222,11.0,0.0,,l,False,main_files/trial_di/07_di_cross_150hz_75db_250ff-20p-80.wav,0.0,25.0,di,20,p,80,150.0
2222,11.0,0.0,,l,True,main_files/trial_di/07_di_cross_150hz_75db_250ff-20n-100.wav,0.0,25.0,di,20,n,100,150.0
2222,12.0,1.0,12,h,False,main_files/trial_di/07_di_cross_150hz_75db_250ff-10n-250.wav,3.952,25.0,di,10,n,250,155.0
2222,12.0,2.0,"10,12",h,False,main_files/trial_di/07_di_cross_150hz_75db_250ff-40n-60.wav,4.452,25.0,di,40,n,60,155.0
2222,12.0,1.0,12,h,True,main_files/trial_di/07_di_cross_150hz_75db_250ff-40p-80.wav,3.787,25.0,di,40,p,80,155.0
2222,11.0,0.0,,l,True,main_files/trial_di/07_di_cross_150hz_75db_250ff-20n-60.wav,0.0,25.0,di,20,n,60,150.0
2222,12.0,1.0,12,h,False,main_files/trial_di/07_di_cross_150hz_75db_250ff-40n-80.wav,2.674,25.0,di,40,n,80,155.0
2222,11.0,0.0,,l,False,main_files/trial_di/07_di_cross_150hz_75db_250ff-20p-250.wav,0.0,25.0,di,20,p,250,150.0
2222,11.0,0.0,,l,True,main_files/trial_di/07_di_cross_150hz_75db_250ff-10n-100.wav,0.0,25.0,di,10,n,100,150.0
2222,11.0,3.0,"10,12,11",m,True,main_files/trial_tone/tone_150hz_75db_250ff-000-100.wav,6.528,25.0,tone,0,0,0,150.0
2222,11.0,0.0,,l,True,main_files/trial_tone/tone_150hz_75db_250ff-30n-120.wav,0.0,25.0,tone,30,n,120,150.0
2222,10.0,2.0,"12,10",l,False,main_files/trial_tone/tone_150hz_75db_250ff-10p-250.wav,4.268,25.0,tone,10,p,250,145.0
2222,11.0,2.0,"10,11",m,False,main_files/trial_tone/tone_150hz_75db_250ff-10p-80.wav,4.291,25.0,tone,10,p,80,150.0
2222,10.0,1.0,10,l,False,main_files/trial_tone/tone_150hz_75db_250ff-30p-250.wav,2.085,25.0,tone,30,p,250,145.0
2222,11.0,0.0,,l,False,main_files/trial_tone/tone_150hz_75db_250ff-40p-40.wav,0.0,25.0,tone,40,p,40,150.0
2222,11.0,0.0,,l,False,main_files/trial_tone/tone_150hz_75db_250ff-10p-60.wav,0.0,25.0,tone,10,p,60,150.0
2222,11.0,0.0,,l,True,main_files/trial_tone/tone_150hz_75db_250ff-30n-80.wav,0.0,25.0,tone,30,n,80,150.0
2222,11.0,2.0,"10,11",m,False,main_files/trial_tone/tone_150hz_75db_250ff-10n-40.wav,3.553,25.0,tone,10,n,40,150.0
2222,11.0,0.0,,l,False,main_files/trial_tone/tone_150hz_75db_250ff-10p-120.wav,0.0,25.0,tone,10,p,120,150.0
2222,11.0,2.0,"12,11",m,False,main_files/trial_tone/tone_150hz_75db_250ff-20n-80.wav,4.567,25.0,tone,20,n,80,150.0
2222,11.0,0.0,,l,True,main_files/trial_tone/tone_150hz_75db_250ff-20n-120.wav,0.0,25.0,tone,20,n,120,150.0
2222,11.0,0.0,,l,True,main_files/trial_tone/tone_150hz_75db_250ff-10n-80.wav,0.0,25.0,tone,10,n,80,150.0
2222,11.0,0.0,,l,False,main_files/trial_tone/tone_150hz_75db_250ff-30p-80.wav,0.0,25.0,tone,30,p,80,150.0
2222,11.0,2.0,"12,11",m,True,main_files/trial_tone/tone_150hz_75db_250ff-000-250.wav,5.301,25.0,tone,0,0,0,150.0
2222,11.0,0.0,,l,True,main_files/trial_tone/tone_150hz_75db_250ff-30n-40.wav,0.0,25.0,tone,30,n,40,150.0
2222,10.0,1.0,10,l,False,main_files/trial_tone/tone_150hz_75db_250ff-40p-120.wav,3.249,25.0,tone,40,p,120,145.0
2222,11.0,0.0,,l,True,main_files/trial_tone/tone_150hz_75db_250ff-40n-120.wav,0.0,25.0,tone,40,n,120,150.0
2222,11.0,0.0,,l,True,main_files/trial_tone/tone_150hz_75db_250ff-40n-40.wav,0.0,25.0,tone,40,n,40,150.0
2222,12.0,2.0,"10,12",h,True,main_files/trial_tone/tone_150hz_75db_250ff-20p-60.wav,3.988,25.0,tone,20,p,60,155.0
2222,11.0,2.0,"12,11",m,False,main_files/trial_tone/tone_150hz_75db_250ff-20p-40.wav,3.804,25.0,tone,20,p,40,150.0
2222,12.0,1.0,12,h,False,main_files/trial_tone/tone_150hz_75db_250ff-40n-250.wav,4.324,25.0,tone,40,n,250,155.0
2222,11.0,0.0,,l,False,main_files/trial_tone/tone_150hz_75db_250ff-10p-40.wav,0.0,25.0,tone,10,p,40,150.0
2222,11.0,0.0,,l,False,main_files/trial_tone/tone_150hz_75db_250ff-40p-60.wav,0.0,25.0,tone,40,p,60,150.0
2222,10.0,1.0,10,l,True,main_files/trial_tone/tone_150hz_75db_250ff-30n-60.wav,2.315,25.0,tone,30,n,60,145.0
2222,11.0,0.0,,l,True,main_files/trial_tone/tone_150hz_75db_250ff-10n-120.wav,0.0,25.0,tone,10,n,120,150.0
2222,11.0,2.0,"12,11",m,False,main_files/trial_tone/tone_150hz_75db_250ff-20p-120.wav,4.336,25.0,tone,20,p,120,150.0
2222,11.0,0.0,,l,False,main_files/trial_tone/tone_150hz_75db_250ff-000-40.wav,0.0,25.0,tone,0,0,0,150.0
2222,10.0,1.0,10,l,False,main_files/trial_tone/tone_150hz_75db_250ff-40p-250.wav,2.512,25.0,tone,40,p,250,145.0
2222,11.0,0.0,,l,True,main_files/trial_tone/tone_150hz_75db_250ff-20n-250.wav,0.0,25.0,tone,20,n,250,150.0
2222,11.0,0.0,,l,True,main_files/trial_tone/tone_150hz_75db_250ff-40n-100.wav,0.0,25.0,tone,40,n,100,150.0
2222,10.0,1.0,10,l,False,main_files/trial_tone/tone_150hz_75db_250ff-30p-100.wav,1.868,25.0,tone,30,p,100,145.0
2222,11.0,0.0,,l,True,main_files/trial_tone/tone_150hz_75db_250ff-10n-60.wav,0.0,25.0,tone,10,n,60,150.0
2222,11.0,0.0,,l,True,main_files/trial_tone/tone_150hz_75db_250ff-20n-40.wav,0.0,25.0,tone,20,n,40,150.0
2222,11.0,0.0,,l,False,main_files/trial_tone/tone_150hz_75db_250ff-20p-100.wav,0.0,25.0,tone,20,p,100,150.0
2222,11.0,0.0,,l,False,main_files/trial_tone/tone_150hz_75db_250ff-30p-40.wav,0.0,25.0,tone,30,p,40,150.0
2222,11.0,0.0,,l,True,main_files/trial_tone/tone_150hz_75db_250ff-30n-100.wav,0.0,25.0,tone,30,n,100,150.0
2222,10.0,1.0,10,l,False,main_files/trial_tone/tone_150hz_75db_250ff-30p-120.wav,2.22,25.0,tone,30,p,120,145.0
2222,11.0,0.0,,l,True,main_files/trial_tone/tone_150hz_75db_250ff-30n-250.wav,0.0,25.0,tone,30,n,250,150.0
2222,11.0,0.0,,l,False,main_files/trial_tone/tone_150hz_75db_250ff-30p-60.wav,0.0,25.0,tone,30,p,60,150.0
2222,11.0,0.0,,l,False,main_files/trial_tone/tone_150hz_75db_250ff-10p-100.wav,0.0,25.0,tone,10,p,100,150.0
2222,10.0,1.0,10,l,False,main_files/trial_tone/tone_150hz_75db_250ff-40p-100.wav,1.87,25.0,tone,40,p,100,145.0
2222,11.0,0.0,,l,False,main_files/trial_tone/tone_150hz_75db_250ff-000-80.wav,0.0,25.0,tone,0,0,0,150.0
2222,11.0,0.0,,l,False,main_files/trial_tone/tone_150hz_75db_250ff-000-120.wav,0.0,25.0,tone,0,0,0,150.0
2222,11.0,0.0,,l,False,main_files/trial_tone/tone_150hz_75db_250ff-000-60.wav,0.0,25.0,tone,0,0,0,150.0
2222,10.0,1.0,10,l,False,main_files/trial_tone/tone_150hz_75db_250ff-20p-80.wav,2.647,25.0,tone,20,p,80,145.0
2222,11.0,0.0,,l,True,main_files/trial_tone/tone_150hz_75db_250ff-20n-100.wav,0.0,25.0,tone,20,n,100,150.0
2222,11.0,0.0,,l,True,main_files/trial_tone/tone_150hz_75db_250ff-10n-250.wav,0.0,25.0,tone,10,n,250,150.0
2222,11.0,0.0,,l,True,main_files/trial_tone/tone_150hz_75db_250ff-40n-60.wav,0.0,25.0,tone,40,n,60,150.0
2222,10.0,1.0,10,l,False,main_files/trial_tone/tone_150hz_75db_250ff-40p-80.wav,1.885,25.0,tone,40,p,80,145.0
2222,11.0,0.0,,l,True,main_files/trial_tone/tone_150hz_75db_250ff-20n-60.wav,0.0,25.0,tone,20,n,60,150.0
2222,11.0,0.0,,l,True,main_files/trial_tone/tone_150hz_75db_250ff-40n-80.wav,0.0,25.0,tone,40,n,80,150.0
2222,10.0,1.0,10,l,False,main_files/trial_tone/tone_150hz_75db_250ff-20p-250.wav,2.117,25.0,tone,20,p,250,145.0
2222,11.0,0.0,,l,True,main_files/trial_tone/tone_150hz_75db_250ff-10n-100.wav,0.0,25.0,tone,10,n,100,150.0
2222,11.0,2.0,"10,11",m,False,main_files/trial_i/07_i_150hz_75db_250ff-40p-80.wav,4.847,25.0,i,40,p,80,150.0
2222,11.0,0.0,,l,True,main_files/trial_i/07_i_150hz_75db_250ff-30n-100.wav,0.0,25.0,i,30,n,100,150.0
2222,10.0,1.0,10,l,False,main_files/trial_i/07_i_150hz_75db_250ff-20p-250.wav,1.82,25.0,i,20,p,250,145.0
2222,11.0,0.0,,l,False,main_files/trial_i/07_i_150hz_75db_250ff-10p-60.wav,0.0,25.0,i,10,p,60,150.0
2222,11.0,0.0,,l,True,main_files/trial_i/07_i_150hz_75db_250ff-30n-250.wav,0.0,25.0,i,30,n,250,150.0
2222,11.0,0.0,,l,False,main_files/trial_i/07_i_150hz_75db_250ff-40p-120.wav,0.0,25.0,i,40,p,120,150.0
2222,11.0,0.0,,l,False,main_files/trial_i/07_i_150hz_75db_250ff-10p-40.wav,0.0,25.0,i,10,p,40,150.0
2222,11.0,0.0,,l,True,main_files/trial_i/07_i_150hz_75db_250ff-30n-60.wav,0.0,25.0,i,30,n,60,150.0
2222,11.0,0.0,,l,True,main_files/trial_i/07_i_150hz_75db_250ff-10n-40.wav,0.0,25.0,i,10,n,40,150.0
2222,10.0,1.0,10,l,False,main_files/trial_i/07_i_150hz_75db_250ff-10p-250.wav,1.563,25.0,i,10,p,250,145.0
2222,11.0,0.0,,l,True,main_files/trial_i/07_i_150hz_75db_250ff-20n-60.wav,0.0,25.0,i,20,n,60,150.0
2222,11.0,0.0,,l,True,main_files/trial_i/07_i_150hz_75db_250ff-20n-100.wav,0.0,25.0,i,20,n,100,150.0
2222,11.0,0.0,,l,True,main_files/trial_i/07_i_150hz_75db_250ff-10n-80.wav,0.0,25.0,i,10,n,80,150.0
2222,11.0,0.0,,l,False,main_files/trial_i/07_i_150hz_75db_250ff-30p-60.wav,0.0,25.0,i,30,p,60,150.0
2222,11.0,0.0,,l,False,main_files/trial_i/07_i_150hz_75db_250ff-000-80.wav,0.0,25.0,i,0,0,0,150.0
2222,12.0,1.0,12,h,False,main_files/trial_i/07_i_150hz_75db_250ff-30n-120.wav,1.87,25.0,i,30,n,120,155.0
2222,11.0,0.0,,l,False,main_files/trial_i/07_i_150hz_75db_250ff-40p-100.wav,0.0,25.0,i,40,p,100,150.0
2222,10.0,1.0,10,l,True,main_files/trial_i/07_i_150hz_75db_250ff-40n-100.wav,1.971,25.0,i,40,n,100,145.0
2222,11.0,0.0,,l,True,main_files/trial_i/07_i_150hz_75db_250ff-40n-120.wav,0.0,25.0,i,40,n,120,150.0
2222,11.0,0.0,,l,False,main_files/trial_i/07_i_150hz_75db_250ff-20p-40.wav,0.0,25.0,i,20,p,40,150.0
2222,10.0,1.0,10,l,False,main_files/trial_i/07_i_150hz_75db_250ff-20p-120.wav,2.101,25.0,i,20,p,120,145.0
2222,11.0,0.0,,l,False,main_files/trial_i/07_i_150hz_75db_250ff-40p-250.wav,0.0,25.0,i,40,p,250,150.0
2222,11.0,0.0,,l,False,main_files/trial_i/07_i_150hz_75db_250ff-10p-120.wav,0.0,25.0,i,10,p,120,150.0
2222,11.0,0.0,,l,False,main_files/trial_i/07_i_150hz_75db_250ff-40p-40.wav,0.0,25.0,i,40,p,40,150.0
2222,11.0,0.0,,l,True,main_files/trial_i/07_i_150hz_75db_250ff-30n-40.wav,0.0,25.0,i,30,n,40,150.0
2222,11.0,0.0,,l,True,main_files/trial_i/07_i_150hz_75db_250ff-10n-120.wav,0.0,25.0,i,10,n,120,150.0
2222,10.0,1.0,10,l,False,main_files/trial_i/07_i_150hz_75db_250ff-20p-100.wav,2.6,25.0,i,20,p,100,145.0
2222,11.0,0.0,,l,False,main_files/trial_i/07_i_150hz_75db_250ff-000-120.wav,0.0,25.0,i,0,0,0,150.0
2222,12.0,1.0,12,h,False,main_files/trial_i/07_i_150hz_75db_250ff-40n-250.wav,1.834,25.0,i,40,n,250,155.0
2222,11.0,0.0,,l,True,main_files/trial_i/07_i_150hz_75db_250ff-20n-250.wav,0.0,25.0,i,20,n,250,150.0
2222,10.0,1.0,10,l,False,main_files/trial_i/07_i_150hz_75db_250ff-30p-80.wav,1.951,25.0,i,30,p,80,145.0
2222,11.0,0.0,,l,True,main_files/trial_i/07_i_150hz_75db_250ff-30n-80.wav,0.0,25.0,i,30,n,80,150.0
2222,11.0,0.0,,l,True,main_files/trial_i/07_i_150hz_75db_250ff-10n-60.wav,0.0,25.0,i,10,n,60,150.0
2222,11.0,0.0,,l,True,main_files/trial_i/07_i_150hz_75db_250ff-20n-120.wav,0.0,25.0,i,20,n,120,150.0
2222,11.0,0.0,,l,True,main_files/trial_i/07_i_150hz_75db_250ff-20n-80.wav,0.0,25.0,i,20,n,80,150.0
2222,11.0,0.0,,l,False,main_files/trial_i/07_i_150hz_75db_250ff-30p-120.wav,0.0,25.0,i,30,p,120,150.0
2222,11.0,0.0,,l,False,main_files/trial_i/07_i_150hz_75db_250ff-20p-80.wav,0.0,25.0,i,20,p,80,150.0
2222,11.0,0.0,,l,False,main_files/trial_i/07_i_150hz_75db_250ff-30p-100.wav,0.0,25.0,i,30,p,100,150.0
2222,10.0,1.0,10,l,False,main_files/trial_i/07_i_150hz_75db_250ff-30p-250.wav,2.085,25.0,i,30,p,250,145.0
2222,11.0,0.0,,l,False,main_files/trial_i/07_i_150hz_75db_250ff-30p-40.wav,0.0,25.0,i,30,p,40,150.0
2222,11.0,0.0,,l,False,main_files/trial_i/07_i_150hz_75db_250ff-10p-100.wav,0.0,25.0,i,10,p,100,150.0
2222,11.0,0.0,,l,True,main_files/trial_i/07_i_150hz_75db_250ff-40n-80.wav,0.0,25.0,i,40,n,80,150.0
2222,11.0,0.0,,l,False,main_files/trial_i/07_i_150hz_75db_250ff-000-60.wav,0.0,25.0,i,0,0,0,150.0
2222,11.0,0.0,,l,False,main_files/trial_i/07_i_150hz_75db_250ff-000-100.wav,0.0,25.0,i,0,0,0,150.0
2222,11.0,0.0,,l,False,main_files/trial_i/07_i_150hz_75db_250ff-000-40.wav,0.0,25.0,i,0,0,0,150.0
2222,11.0,0.0,,l,False,main_files/trial_i/07_i_150hz_75db_250ff-20p-60.wav,0.0,25.0,i,20,p,60,150.0
2222,11.0,0.0,,l,False,main_files/trial_i/07_i_150hz_75db_250ff-10p-80.wav,0.0,25.0,i,10,p,80,150.0
2222,12.0,1.0,12,h,False,main_files/trial_i/07_i_150hz_75db_250ff-10n-250.wav,1.918,25.0,i,10,n,250,155.0
2222,11.0,0.0,,l,True,main_files/trial_i/07_i_150hz_75db_250ff-40n-40.wav,0.0,25.0,i,40,n,40,150.0
2222,11.0,0.0,,l,False,main_files/trial_i/07_i_150hz_75db_250ff-40p-60.wav,0.0,25.0,i,40,p,60,150.0
2222,11.0,0.0,,l,True,main_files/trial_i/07_i_150hz_75db_250ff-20n-40.wav,0.0,25.0,i,20,n,40,150.0
2222,11.0,0.0,,l,True,main_files/trial_i/07_i_150hz_75db_250ff-40n-60.wav,0.0,25.0,i,40,n,60,150.0
2222,11.0,0.0,,l,False,main_files/trial_i/07_i_150hz_75db_250ff-000-250.wav,0.0,25.0,i,0,0,0,150.0
2222,11.0,0.0,,l,True,main_files/trial_i/07_i_150hz_75db_250ff-10n-100.wav,0.0,25.0,i,10,n,100,150.0
4757,12.0,1.0,12,h,True,main_files/trial_i/07_i_150hz_75db_250ff-40p-80.wav,3.9562,37.0,i,40,p,80,155.0
4757,11.0,3.0,"12,10,11",m,False,main_files/trial_i/07_i_150hz_75db_250ff-30n-100.wav,8.0384,37.0,i,30,n,100,150.0
4757,12.0,7.0,"12,13,12,11,10,11,12",h,True,main_files/trial_i/07_i_150hz_75db_250ff-20p-250.wav,17.3792,37.0,i,20,p,250,155.0
4757,12.0,5.0,"12,10,12,11,12",h,True,main_files/trial_i/07_i_150hz_75db_250ff-10p-60.wav,11.472,37.0,i,10,p,60,155.0
4757,9.0,3.0,"9,10,9",l,True,main_files/trial_i/07_i_150hz_75db_250ff-30n-250.wav,6.6427,37.0,i,30,n,250,140.0
4757,12.0,2.0,"10,12",h,True,main_files/trial_i/07_i_150hz_75db_250ff-40p-120.wav,5.345,37.0,i,40,p,120,155.0
4757,11.0,5.0,"12,10,11,12,11",m,False,main_files/trial_i/07_i_150hz_75db_250ff-10p-40.wav,10.1053,37.0,i,10,p,40,150.0
4757,11.0,3.0,"10,9,11",m,False,main_files/trial_i/07_i_150hz_75db_250ff-30n-60.wav,7.7139,37.0,i,30,n,60,150.0
4757,11.0,0.0,,l,True,main_files/trial_i/07_i_150hz_75db_250ff-10n-40.wav,0.0,37.0,i,10,n,40,150.0
4757,12.0,1.0,12,h,True,main_files/trial_i/07_i_150hz_75db_250ff-10p-250.wav,2.4768,37.0,i,10,p,250,155.0
4757,10.0,2.0,"9,10",l,True,main_files/trial_i/07_i_150hz_75db_250ff-20n-60.wav,4.4267,37.0,i,20,n,60,145.0
4757,12.0,2.0,"10,12",h,False,main_files/trial_i/07_i_150hz_75db_250ff-20n-100.wav,6.6547,37.0,i,20,n,100,155.0
4757,11.0,4.0,"12,11,10,11",m,False,main_files/trial_i/07_i_150hz_75db_250ff-10n-80.wav,8.1639,37.0,i,10,n,80,150.0
4757,11.0,3.0,"10,12,11",m,False,main_files/trial_i/07_i_150hz_75db_250ff-30p-60.wav,6.9216,37.0,i,30,p,60,150.0
4757,11.0,0.0,,l,False,main_files/trial_i/07_i_150hz_75db_250ff-000-80.wav,0.0,37.0,i,0,0,0,150.0
4757,12.0,4.0,"10,9,11,12",h,False,main_files/trial_i/07_i_150hz_75db_250ff-30n-120.wav,9.3924,37.0,i,30,n,120,155.0
4757,11.0,4.0,"12,13,12,11",m,False,main_files/trial_i/07_i_150hz_75db_250ff-40p-100.wav,10.7794,37.0,i,40,p,100,150.0
4757,12.0,4.0,"12,11,10,12",h,False,main_files/trial_i/07_i_150hz_75db_250ff-40n-100.wav,11.8093,37.0,i,40,n,100,155.0
4757,11.0,7.0,"12,13,11,12,11,10,11",m,False,main_files/trial_i/07_i_150hz_75db_250ff-40n-120.wav,14.1894,37.0,i,40,n,120,150.0
4757,11.0,5.0,"10,12,11,12,11",m,False,main_files/trial_i/07_i_150hz_75db_250ff-20p-40.wav,11.6435,37.0,i,20,p,40,150.0
4757,11.0,3.0,"10,9,11",m,False,main_files/trial_i/07_i_150hz_75db_250ff-20p-120.wav,7.789,37.0,i,20,p,120,150.0
4757,13.0,11.0,"13,14,15,16,17,16,15,14,13,12,13",h,True,main_files/trial_i/07_i_150hz_75db_250ff-40p-250.wav,25.1754,37.0,i,40,p,250,160.0
4757,11.0,4.0,"12,11,10,11",m,False,main_files/trial_i/07_i_150hz_75db_250ff-10p-120.wav,9.7217,37.0,i,10,p,120,150.0
4757,11.0,0.0,,l,False,main_files/trial_i/07_i_150hz_75db_250ff-40p-40.wav,0.0,37.0,i,40,p,40,150.0
4757,11.0,0.0,,l,True,main_files/trial_i/07_i_150hz_75db_250ff-30n-40.wav,0.0,37.0,i,30,n,40,150.0
4757,12.0,1.0,12,h,False,main_files/trial_i/07_i_150hz_75db_250ff-10n-120.wav,2.8586,37.0,i,10,n,120,155.0
4757,11.0,4.0,"10,11,12,11",m,False,main_files/trial_i/07_i_150hz_75db_250ff-20p-100.wav,11.2434,37.0,i,20,p,100,150.0
4757,11.0,2.0,"10,11",m,True,main_files/trial_i/07_i_150hz_75db_250ff-000-120.wav,4.7937,37.0,i,0,0,0,150.0
4757,13.0,6.0,"13,14,15,14,17,13",h,False,main_files/trial_i/07_i_150hz_75db_250ff-40n-250.wav,13.3423,37.0,i,40,n,250,160.0
4757,12.0,5.0,"12,13,12,11,12",h,False,main_files/trial_i/07_i_150hz_75db_250ff-20n-250.wav,12.0076,37.0,i,20,n,250,155.0
4757,11.0,2.0,"12,11",m,False,main_files/trial_i/07_i_150hz_75db_250ff-30p-80.wav,4.591,37.0,i,30,p,80,150.0
4757,10.0,3.0,"10,12,10",l,True,main_files/trial_i/07_i_150hz_75db_250ff-30n-80.wav,6.9292,37.0,i,30,n,80,145.0
4757,11.0,2.0,"12,11",m,False,main_files/trial_i/07_i_150hz_75db_250ff-10n-60.wav,5.4649,37.0,i,10,n,60,150.0
4757,11.0,0.0,,l,True,main_files/trial_i/07_i_150hz_75db_250ff-20n-120.wav,0.0,37.0,i,20,n,120,150.0
4757,11.0,4.0,"10,11,12,11",m,False,main_files/trial_i/07_i_150hz_75db_250ff-20n-80.wav,8.1302,37.0,i,20,n,80,150.0
4757,11.0,4.0,"10,11,12,11",m,False,main_files/trial_i/07_i_150hz_75db_250ff-30p-120.wav,8.4625,37.0,i,30,p,120,150.0
4757,11.0,0.0,,l,False,main_files/trial_i/07_i_150hz_75db_250ff-20p-80.wav,0.0,37.0,i,20,p,80,150.0
4757,11.0,2.0,"12,11",m,False,main_files/trial_i/07_i_150hz_75db_250ff-30p-100.wav,4.7131,37.0,i,30,p,100,150.0
4757,12.0,3.0,"10,11,12",h,True,main_files/trial_i/07_i_150hz_75db_250ff-30p-250.wav,7.4402,37.0,i,30,p,250,155.0
4757,12.0,1.0,12,h,True,main_files/trial_i/07_i_150hz_75db_250ff-30p-40.wav,3.0646,37.0,i,30,p,40,155.0
4757,12.0,1.0,12,h,True,main_files/trial_i/07_i_150hz_75db_250ff-10p-100.wav,4.5464,37.0,i,10,p,100,155.0
4757,10.0,3.0,"10,9,10",l,True,main_files/trial_i/07_i_150hz_75db_250ff-40n-80.wav,7.7216,37.0,i,40,n,80,145.0
4757,11.0,2.0,"10,11",m,True,main_files/trial_i/07_i_150hz_75db_250ff-000-60.wav,5.5771,37.0,i,0,0,0,150.0
4757,11.0,0.0,,l,False,main_files/trial_i/07_i_150hz_75db_250ff-000-100.wav,0.0,37.0,i,0,0,0,150.0
4757,11.0,4.0,"12,11,10,11",m,True,main_files/trial_i/07_i_150hz_75db_250ff-000-40.wav,8.7936,37.0,i,0,0,0,150.0
4757,11.0,0.0,,l,False,main_files/trial_i/07_i_150hz_75db_250ff-20p-60.wav,0.0,37.0,i,20,p,60,150.0
4757,11.0,0.0,,l,False,main_files/trial_i/07_i_150hz_75db_250ff-10p-80.wav,0.0,37.0,i,10,p,80,150.0
4757,10.0,4.0,"9,10,11,10",l,True,main_files/trial_i/07_i_150hz_75db_250ff-10n-250.wav,8.2087,37.0,i,10,n,250,145.0
4757,9.0,4.0,"10,11,10,9",l,True,main_files/trial_i/07_i_150hz_75db_250ff-40n-40.wav,10.4904,37.0,i,40,n,40,140.0
4757,10.0,2.0,"9,10",l,False,main_files/trial_i/07_i_150hz_75db_250ff-40p-60.wav,5.5219,37.0,i,40,p,60,145.0
4757,11.0,4.0,"12,11,10,11",m,False,main_files/trial_i/07_i_150hz_75db_250ff-20n-40.wav,8.0887,37.0,i,20,n,40,150.0
4757,11.0,2.0,"10,11",m,False,main_files/trial_i/07_i_150hz_75db_250ff-40n-60.wav,5.7049,37.0,i,40,n,60,150.0
4757,11.0,4.0,"12,11,10,11",m,True,main_files/trial_i/07_i_150hz_75db_250ff-000-250.wav,8.8434,37.0,i,0,0,0,150.0
4757,11.0,2.0,"10,11",m,False,main_files/trial_i/07_i_150hz_75db_250ff-10n-100.wav,4.6309,37.0,i,10,n,100,150.0
4757,11.0,0.0,,l,False,main_files/trial_di/07_di_cross_150hz_75db_250ff-000-100.wav,0.0,37.0,di,0,0,0,150.0
4757,11.0,4.0,"10,11,12,11",m,False,main_files/trial_di/07_di_cross_150hz_75db_250ff-30n-120.wav,10.4258,37.0,di,30,n,120,150.0
4757,12.0,3.0,"12,13,12",h,True,main_files/trial_di/07_di_cross_150hz_75db_250ff-10p-250.wav,6.4716,37.0,di,10,p,250,155.0
4757,12.0,1.0,12,h,True,main_files/trial_di/07_di_cross_150hz_75db_250ff-10p-80.wav,3.7155,37.0,di,10,p,80,155.0
4757,12.0,2.0,"13,12",h,True,main_files/trial_di/07_di_cross_150hz_75db_250ff-30p-250.wav,4.5079,37.0,di,30,p,250,155.0
4757,11.0,0.0,,l,False,main_files/trial_di/07_di_cross_150hz_75db_250ff-40p-40.wav,0.0,37.0,di,40,p,40,150.0
4757,11.0,0.0,,l,False,main_files/trial_di/07_di_cross_150hz_75db_250ff-10p-60.wav,0.0,37.0,di,10,p,60,150.0
4757,11.0,0.0,,l,True,main_files/trial_di/07_di_cross_150hz_75db_250ff-30n-80.wav,0.0,37.0,di,30,n,80,150.0
4757,11.0,0.0,,l,True,main_files/trial_di/07_di_cross_150hz_75db_250ff-10n-40.wav,0.0,37.0,di,10,n,40,150.0
4757,11.0,0.0,,l,False,main_files/trial_di/07_di_cross_150hz_75db_250ff-10p-120.wav,0.0,37.0,di,10,p,120,150.0
4757,12.0,5.0,"10,11,12,11,12",h,False,main_files/trial_di/07_di_cross_150hz_75db_250ff-20n-80.wav,10.1621,37.0,di,20,n,80,155.0
4757,11.0,0.0,,l,True,main_files/trial_di/07_di_cross_150hz_75db_250ff-20n-120.wav,0.0,37.0,di,20,n,120,150.0
4757,12.0,1.0,12,h,False,main_files/trial_di/07_di_cross_150hz_75db_250ff-10n-80.wav,3.0601,37.0,di,10,n,80,155.0
4757,10.0,1.0,10,l,False,main_files/trial_di/07_di_cross_150hz_75db_250ff-30p-80.wav,2.6755,37.0,di,30,p,80,145.0
4757,11.0,3.0,"10,12,11",m,True,main_files/trial_di/07_di_cross_150hz_75db_250ff-000-250.wav,6.5497,37.0,di,0,0,0,150.0
4757,12.0,1.0,12,h,False,main_files/trial_di/07_di_cross_150hz_75db_250ff-30n-40.wav,2.945,37.0,di,30,n,40,155.0
4757,11.0,2.0,"10,11",m,False,main_files/trial_di/07_di_cross_150hz_75db_250ff-40p-120.wav,6.7976,37.0,di,40,p,120,150.0
4757,11.0,0.0,,l,True,main_files/trial_di/07_di_cross_150hz_75db_250ff-40n-120.wav,0.0,37.0,di,40,n,120,150.0
4757,11.0,0.0,,l,True,main_files/trial_di/07_di_cross_150hz_75db_250ff-40n-40.wav,0.0,37.0,di,40,n,40,150.0
4757,11.0,0.0,,l,False,main_files/trial_di/07_di_cross_150hz_75db_250ff-20p-60.wav,0.0,37.0,di,20,p,60,150.0
4757,11.0,2.0,"12,11",m,False,main_files/trial_di/07_di_cross_150hz_75db_250ff-20p-40.wav,5.3638,37.0,di,20,p,40,150.0
4757,10.0,2.0,"9,10",l,True,main_files/trial_di/07_di_cross_150hz_75db_250ff-40n-250.wav,3.9086,37.0,di,40,n,250,145.0
4757,11.0,0.0,,l,False,main_files/trial_di/07_di_cross_150hz_75db_250ff-10p-40.wav,0.0,37.0,di,10,p,40,150.0
4757,11.0,0.0,,l,False,main_files/trial_di/07_di_cross_150hz_75db_250ff-40p-60.wav,0.0,37.0,di,40,p,60,150.0
4757,11.0,0.0,,l,True,main_files/trial_di/07_di_cross_150hz_75db_250ff-30n-60.wav,0.0,37.0,di,30,n,60,150.0
4757,11.0,0.0,,l,True,main_files/trial_di/07_di_cross_150hz_75db_250ff-10n-120.wav,0.0,37.0,di,10,n,120,150.0
4757,12.0,1.0,12,h,True,main_files/trial_di/07_di_cross_150hz_75db_250ff-20p-120.wav,2.5925,37.0,di,20,p,120,155.0
4757,11.0,0.0,,l,False,main_files/trial_di/07_di_cross_150hz_75db_250ff-000-40.wav,0.0,37.0,di,0,0,0,150.0
4757,13.0,5.0,"13,12,13,12,13",h,True,main_files/trial_di/07_di_cross_150hz_75db_250ff-40p-250.wav,10.9444,37.0,di,40,p,250,160.0
4757,11.0,0.0,,l,True,main_files/trial_di/07_di_cross_150hz_75db_250ff-20n-250.wav,0.0,37.0,di,20,n,250,150.0
4757,11.0,2.0,"12,11",m,False,main_files/trial_di/07_di_cross_150hz_75db_250ff-40n-100.wav,5.4584,37.0,di,40,n,100,150.0
4757,10.0,1.0,10,l,False,main_files/trial_di/07_di_cross_150hz_75db_250ff-30p-100.wav,2.0587,37.0,di,30,p,100,145.0
4757,11.0,0.0,,l,True,main_files/trial_di/07_di_cross_150hz_75db_250ff-10n-60.wav,0.0,37.0,di,10,n,60,150.0
4757,11.0,0.0,,l,True,main_files/trial_di/07_di_cross_150hz_75db_250ff-20n-40.wav,0.0,37.0,di,20,n,40,150.0
4757,11.0,0.0,,l,False,main_files/trial_di/07_di_cross_150hz_75db_250ff-20p-100.wav,0.0,37.0,di,20,p,100,150.0
4757,11.0,0.0,,l,False,main_files/trial_di/07_di_cross_150hz_75db_250ff-30p-40.wav,0.0,37.0,di,30,p,40,150.0
4757,10.0,1.0,10,l,True,main_files/trial_di/07_di_cross_150hz_75db_250ff-30n-100.wav,2.3041,37.0,di,30,n,100,145.0
4757,12.0,1.0,12,h,True,main_files/trial_di/07_di_cross_150hz_75db_250ff-30p-120.wav,2.0874,37.0,di,30,p,120,155.0
4757,9.0,1.0,9,l,True,main_files/trial_di/07_di_cross_150hz_75db_250ff-30n-250.wav,2.2256,37.0,di,30,n,250,140.0
4757,11.0,2.0,"10,11",m,False,main_files/trial_di/07_di_cross_150hz_75db_250ff-30p-60.wav,5.3474,37.0,di,30,p,60,150.0
4757,11.0,0.0,,l,False,main_files/trial_di/07_di_cross_150hz_75db_250ff-10p-100.wav,0.0,37.0,di,10,p,100,150.0
4757,11.0,0.0,,l,False,main_files/trial_di/07_di_cross_150hz_75db_250ff-40p-100.wav,0.0,37.0,di,40,p,100,150.0
4757,11.0,0.0,,l,False,main_files/trial_di/07_di_cross_150hz_75db_250ff-000-80.wav,0.0,37.0,di,0,0,0,150.0
4757,11.0,0.0,,l,False,main_files/trial_di/07_di_cross_150hz_75db_250ff-000-120.wav,0.0,37.0,di,0,0,0,150.0
4757,11.0,0.0,,l,False,main_files/trial_di/07_di_cross_150hz_75db_250ff-000-60.wav,0.0,37.0,di,0,0,0,150.0
4757,11.0,0.0,,l,False,main_files/trial_di/07_di_cross_150hz_75db_250ff-20p-80.wav,0.0,37.0,di,20,p,80,150.0
4757,11.0,4.0,"10,11,12,11",m,False,main_files/trial_di/07_di_cross_150hz_75db_250ff-20n-100.wav,8.2297,37.0,di,20,n,100,150.0
4757,11.0,0.0,,l,True,main_files/trial_di/07_di_cross_150hz_75db_250ff-10n-250.wav,0.0,37.0,di,10,n,250,150.0
4757,10.0,1.0,10,l,True,main_files/trial_di/07_di_cross_150hz_75db_250ff-40n-60.wav,1.9456,37.0,di,40,n,60,145.0
4757,12.0,1.0,12,h,True,main_files/trial_di/07_di_cross_150hz_75db_250ff-40p-80.wav,2.1211,37.0,di,40,p,80,155.0
4757,11.0,0.0,,l,True,main_files/trial_di/07_di_cross_150hz_75db_250ff-20n-60.wav,0.0,37.0,di,20,n,60,150.0
4757,11.0,0.0,,l,True,main_files/trial_di/07_di_cross_150hz_75db_250ff-40n-80.wav,0.0,37.0,di,40,n,80,150.0
4757,13.0,1.0,13,h,True,main_files/trial_di/07_di_cross_150hz_75db_250ff-20p-250.wav,1.7728,37.0,di,20,p,250,160.0
4757,11.0,0.0,,l,True,main_files/trial_di/07_di_cross_150hz_75db_250ff-10n-100.wav,0.0,37.0,di,10,n,100,150.0
4757,11.0,2.0,"10,11",m,True,main_files/trial_tone/tone_150hz_75db_250ff-000-100.wav,6.2704,37.0,tone,0,0,0,150.0
4757,12.0,1.0,12,h,False,main_files/trial_tone/tone_150hz_75db_250ff-30n-120.wav,1.9041,37.0,tone,30,n,120,155.0
4757,10.0,1.0,10,l,False,main_files/trial_tone/tone_150hz_75db_250ff-10p-250.wav,2.4894,37.0,tone,10,p,250,145.0
4757,11.0,0.0,,l,False,main_files/trial_tone/tone_150hz_75db_250ff-10p-80.wav,0.0,37.0,tone,10,p,80,150.0
4757,12.0,1.0,12,h,True,main_files/trial_tone/tone_150hz_75db_250ff-30p-250.wav,2.0402,37.0,tone,30,p,250,155.0
4757,10.0,1.0,10,l,False,main_files/trial_tone/tone_150hz_75db_250ff-40p-40.wav,2.1728,37.0,tone,40,p,40,145.0
4757,11.0,0.0,,l,False,main_files/trial_tone/tone_150hz_75db_250ff-10p-60.wav,0.0,37.0,tone,10,p,60,150.0
4757,11.0,0.0,,l,True,main_files/trial_tone/tone_150hz_75db_250ff-30n-80.wav,0.0,37.0,tone,30,n,80,150.0
4757,11.0,0.0,,l,True,main_files/trial_tone/tone_150hz_75db_250ff-10n-40.wav,0.0,37.0,tone,10,n,40,150.0
4757,10.0,1.0,10,l,False,main_files/trial_tone/tone_150hz_75db_250ff-10p-120.wav,2.2218,37.0,tone,10,p,120,145.0
4757,11.0,0.0,,l,True,main_files/trial_tone/tone_150hz_75db_250ff-20n-80.wav,0.0,37.0,tone,20,n,80,150.0
4757,11.0,0.0,,l,True,main_files/trial_tone/tone_150hz_75db_250ff-20n-120.wav,0.0,37.0,tone,20,n,120,150.0
4757,11.0,0.0,,l,True,main_files/trial_tone/tone_150hz_75db_250ff-10n-80.wav,0.0,37.0,tone,10,n,80,150.0
4757,10.0,1.0,10,l,False,main_files/trial_tone/tone_150hz_75db_250ff-30p-80.wav,2.0453,37.0,tone,30,p,80,145.0
4757,11.0,0.0,,l,False,main_files/trial_tone/tone_150hz_75db_250ff-000-250.wav,0.0,37.0,tone,0,0,0,150.0
4757,11.0,0.0,,l,True,main_files/trial_tone/tone_150hz_75db_250ff-30n-40.wav,0.0,37.0,tone,30,n,40,150.0
4757,9.0,1.0,9,l,False,main_files/trial_tone/tone_150hz_75db_250ff-40p-120.wav,1.9159,37.0,tone,40,p,120,140.0
4757,11.0,0.0,,l,True,main_files/trial_tone/tone_150hz_75db_250ff-40n-120.wav,0.0,37.0,tone,40,n,120,150.0
4757,11.0,0.0,,l,True,main_files/trial_tone/tone_150hz_75db_250ff-40n-40.wav,0.0,37.0,tone,40,n,40,150.0
4757,10.0,1.0,10,l,False,main_files/trial_tone/tone_150hz_75db_250ff-20p-60.wav,2.1983,37.0,tone,20,p,60,145.0
4757,11.0,4.0,"10,11,12,11",m,False,main_files/trial_tone/tone_150hz_75db_250ff-20p-40.wav,9.255,37.0,tone,20,p,40,150.0
4757,8.0,3.0,"8,9,8",l,True,main_files/trial_tone/tone_150hz_75db_250ff-40n-250.wav,6.106,37.0,tone,40,n,250,135.0
4757,11.0,3.0,"10,12,11",m,False,main_files/trial_tone/tone_150hz_75db_250ff-10p-40.wav,7.9814,37.0,tone,10,p,40,150.0
4757,9.0,3.0,"10,8,9",l,False,main_files/trial_tone/tone_150hz_75db_250ff-40p-60.wav,5.2224,37.0,tone,40,p,60,140.0
4757,11.0,0.0,,l,True,main_files/trial_tone/tone_150hz_75db_250ff-30n-60.wav,0.0,37.0,tone,30,n,60,150.0
4757,11.0,0.0,,l,True,main_files/trial_tone/tone_150hz_75db_250ff-10n-120.wav,0.0,37.0,tone,10,n,120,150.0
4757,10.0,4.0,"10,9,11,10",l,False,main_files/trial_tone/tone_150hz_75db_250ff-20p-120.wav,7.1402,37.0,tone,20,p,120,145.0
4757,11.0,0.0,,l,False,main_files/trial_tone/tone_150hz_75db_250ff-000-40.wav,0.0,37.0,tone,0,0,0,150.0
4757,10.0,3.0,"10,9,10",l,False,main_files/trial_tone/tone_150hz_75db_250ff-40p-250.wav,4.8578,37.0,tone,40,p,250,145.0
4757,11.0,2.0,"12,11",m,False,main_files/trial_tone/tone_150hz_75db_250ff-20n-250.wav,4.8798,37.0,tone,20,n,250,150.0
4757,11.0,0.0,,l,True,main_files/trial_tone/tone_150hz_75db_250ff-40n-100.wav,0.0,37.0,tone,40,n,100,150.0
4757,10.0,3.0,"10,9,10",l,False,main_files/trial_tone/tone_150hz_75db_250ff-30p-100.wav,5.5885,37.0,tone,30,p,100,145.0
4757,11.0,0.0,,l,True,main_files/trial_tone/tone_150hz_75db_250ff-10n-60.wav,0.0,37.0,tone,10,n,60,150.0
4757,11.0,0.0,,l,True,main_files/trial_tone/tone_150hz_75db_250ff-20n-40.wav,0.0,37.0,tone,20,n,40,150.0
4757,10.0,3.0,"10,9,10",l,False,main_files/trial_tone/tone_150hz_75db_250ff-20p-100.wav,5.4308,37.0,tone,20,p,100,145.0
4757,11.0,0.0,,l,False,main_files/trial_tone/tone_150hz_75db_250ff-30p-40.wav,0.0,37.0,tone,30,p,40,150.0
4757,12.0,1.0,12,h,False,main_files/trial_tone/tone_150hz_75db_250ff-30n-100.wav,2.2959,37.0,tone,30,n,100,155.0
4757,11.0,0.0,,l,False,main_files/trial_tone/tone_150hz_75db_250ff-30p-120.wav,0.0,37.0,tone,30,p,120,150.0
4757,10.0,1.0,10,l,True,main_files/trial_tone/tone_150hz_75db_250ff-30n-250.wav,2.9202,37.0,tone,30,n,250,145.0
4757,11.0,0.0,,l,False,main_files/trial_tone/tone_150hz_75db_250ff-30p-60.wav,0.0,37.0,tone,30,p,60,150.0
4757,11.0,0.0,,l,False,main_files/trial_tone/tone_150hz_75db_250ff-10p-100.wav,0.0,37.0,tone,10,p,100,150.0
4757,11.0,0.0,,l,False,main_files/trial_tone/tone_150hz_75db_250ff-40p-100.wav,0.0,37.0,tone,40,p,100,150.0
4757,11.0,0.0,,l,False,main_files/trial_tone/tone_150hz_75db_250ff-000-80.wav,0.0,37.0,tone,0,0,0,150.0
4757,11.0,0.0,,l,False,main_files/trial_tone/tone_150hz_75db_250ff-000-120.wav,0.0,37.0,tone,0,0,0,150.0
4757,11.0,0.0,,l,False,main_files/trial_tone/tone_150hz_75db_250ff-000-60.wav,0.0,37.0,tone,0,0,0,150.0
4757,12.0,1.0,12,h,True,main_files/trial_tone/tone_150hz_75db_250ff-20p-80.wav,2.2451,37.0,tone,20,p,80,155.0
4757,11.0,0.0,,l,True,main_files/trial_tone/tone_150hz_75db_250ff-20n-100.wav,0.0,37.0,tone,20,n,100,150.0
4757,11.0,0.0,,l,True,main_files/trial_tone/tone_150hz_75db_250ff-10n-250.wav,0.0,37.0,tone,10,n,250,150.0
4757,11.0,0.0,,l,True,main_files/trial_tone/tone_150hz_75db_250ff-40n-60.wav,0.0,37.0,tone,40,n,60,150.0
4757,10.0,2.0,"9,10",l,False,main_files/trial_tone/tone_150hz_75db_250ff-40p-80.wav,3.5651,37.0,tone,40,p,80,145.0
4757,11.0,0.0,,l,True,main_files/trial_tone/tone_150hz_75db_250ff-20n-60.wav,0.0,37.0,tone,20,n,60,150.0
4757,10.0,1.0,10,l,True,main_files/trial_tone/tone_150hz_75db_250ff-40n-80.wav,2.4575,37.0,tone,40,n,80,145.0
4757,11.0,2.0,"12,11",m,False,main_files/trial_tone/tone_150hz_75db_250ff-20p-250.wav,5.3383,37.0,tone,20,p,250,150.0
4757,11.0,0.0,,l,True,main_files/trial_tone/tone_150hz_75db_250ff-10n-100.wav,0.0,37.0,tone,10,n,100,150.0
3608,11.0,0.0,,l,False,main_files/trial_di/07_di_cross_150hz_75db_250ff-000-100.wav,0.0,33.0,di,0,0,0,150.0
3608,11.0,0.0,,l,True,main_files/trial_di/07_di_cross_150hz_75db_250ff-30n-120.wav,0.0,33.0,di,30,n,120,150.0
3608,13.0,1.0,13,h,True,main_files/trial_di/07_di_cross_150hz_75db_250ff-10p-250.wav,2.4817,33.0,di,10,p,250,160.0
3608,11.0,0.0,,l,False,main_files/trial_di/07_di_cross_150hz_75db_250ff-10p-80.wav,0.0,33.0,di,10,p,80,150.0
3608,15.0,1.0,15,h,True,main_files/trial_di/07_di_cross_150hz_75db_250ff-30p-250.wav,2.6813,33.0,di,30,p,250,170.0
3608,11.0,0.0,,l,False,main_files/trial_di/07_di_cross_150hz_75db_250ff-40p-40.wav,0.0,33.0,di,40,p,40,150.0
3608,10.0,1.0,10,l,False,main_files/trial_di/07_di_cross_150hz_75db_250ff-10p-60.wav,2.74,33.0,di,10,p,60,145.0
3608,8.0,1.0,8,l,True,main_files/trial_di/07_di_cross_150hz_75db_250ff-30n-80.wav,3.3612,33.0,di,30,n,80,135.0
3608,10.0,2.0,"8,10",l,True,main_files/trial_di/07_di_cross_150hz_75db_250ff-10n-40.wav,6.4532,33.0,di,10,n,40,145.0
3608,9.0,1.0,9,l,False,main_files/trial_di/07_di_cross_150hz_75db_250ff-10p-120.wav,2.6918,33.0,di,10,p,120,140.0
3608,9.0,1.0,9,l,True,main_files/trial_di/07_di_cross_150hz_75db_250ff-20n-80.wav,3.557,33.0,di,20,n,80,140.0
3608,11.0,0.0,,l,True,main_files/trial_di/07_di_cross_150hz_75db_250ff-20n-120.wav,0.0,33.0,di,20,n,120,150.0
3608,12.0,1.0,12,h,False,main_files/trial_di/07_di_cross_150hz_75db_250ff-10n-80.wav,2.2476,33.0,di,10,n,80,155.0
3608,10.0,2.0,"13,10",l,False,main_files/trial_di/07_di_cross_150hz_75db_250ff-30p-80.wav,4.1384,33.0,di,30,p,80,145.0
3608,11.0,0.0,,l,False,main_files/trial_di/07_di_cross_150hz_75db_250ff-000-250.wav,0.0,33.0,di,0,0,0,150.0
3608,11.0,0.0,,l,True,main_files/trial_di/07_di_cross_150hz_75db_250ff-30n-40.wav,0.0,33.0,di,30,n,40,150.0
3608,14.0,1.0,14,h,True,main_files/trial_di/07_di_cross_150hz_75db_250ff-40p-120.wav,2.1912,33.0,di,40,p,120,165.0
3608,11.0,0.0,,l,True,main_files/trial_di/07_di_cross_150hz_75db_250ff-40n-120.wav,0.0,33.0,di,40,n,120,150.0
3608,11.0,0.0,,l,True,main_files/trial_di/07_di_cross_150hz_75db_250ff-40n-40.wav,0.0,33.0,di,40,n,40,150.0
3608,12.0,1.0,12,h,True,main_files/trial_di/07_di_cross_150hz_75db_250ff-20p-60.wav,3.321,33.0,di,20,p,60,155.0
3608,11.0,0.0,,l,False,main_files/trial_di/07_di_cross_150hz_75db_250ff-20p-40.wav,0.0,33.0,di,20,p,40,150.0
3608,8.0,1.0,8,l,True,main_files/trial_di/07_di_cross_150hz_75db_250ff-40n-250.wav,2.6046,33.0,di,40,n,250,135.0
3608,11.0,0.0,,l,False,main_files/trial_di/07_di_cross_150hz_75db_250ff-10p-40.wav,0.0,33.0,di,10,p,40,150.0
3608,13.0,1.0,13,h,True,main_files/trial_di/07_di_cross_150hz_75db_250ff-40p-60.wav,2.1808,33.0,di,40,p,60,160.0
3608,12.0,1.0,12,h,False,main_files/trial_di/07_di_cross_150hz_75db_250ff-30n-60.wav,2.2905,33.0,di,30,n,60,155.0
3608,10.0,1.0,10,l,True,main_files/trial_di/07_di_cross_150hz_75db_250ff-10n-120.wav,2.7736,33.0,di,10,n,120,145.0
3608,12.0,4.0,"12,10,9,12",h,True,main_files/trial_di/07_di_cross_150hz_75db_250ff-20p-120.wav,11.1057,33.0,di,20,p,120,155.0
3608,11.0,0.0,,l,False,main_files/trial_di/07_di_cross_150hz_75db_250ff-000-40.wav,0.0,33.0,di,0,0,0,150.0
3608,13.0,1.0,13,h,True,main_files/trial_di/07_di_cross_150hz_75db_250ff-40p-250.wav,2.0045,33.0,di,40,p,250,160.0
3608,11.0,0.0,,l,True,main_files/trial_di/07_di_cross_150hz_75db_250ff-20n-250.wav,0.0,33.0,di,20,n,250,150.0
3608,8.0,1.0,8,l,True,main_files/trial_di/07_di_cross_150hz_75db_250ff-40n-100.wav,2.0714,33.0,di,40,n,100,135.0
3608,7.0,1.0,7,l,False,main_files/trial_di/07_di_cross_150hz_75db_250ff-30p-100.wav,2.5044,33.0,di,30,p,100,130.0
3608,11.0,0.0,,l,True,main_files/trial_di/07_di_cross_150hz_75db_250ff-10n-60.wav,0.0,33.0,di,10,n,60,150.0
3608,11.0,0.0,,l,True,main_files/trial_di/07_di_cross_150hz_75db_250ff-20n-40.wav,0.0,33.0,di,20,n,40,150.0
3608,13.0,1.0,13,h,True,main_files/trial_di/07_di_cross_150hz_75db_250ff-20p-100.wav,2.7371,33.0,di,20,p,100,160.0
3608,12.0,2.0,"13,12",h,True,main_files/trial_di/07_di_cross_150hz_75db_250ff-30p-40.wav,6.1049,33.0,di,30,p,40,155.0
3608,8.0,1.0,8,l,True,main_files/trial_di/07_di_cross_150hz_75db_250ff-30n-100.wav,2.6873,33.0,di,30,n,100,135.0
3608,11.0,0.0,,l,False,main_files/trial_di/07_di_cross_150hz_75db_250ff-30p-120.wav,0.0,33.0,di,30,p,120,150.0
3608,7.0,1.0,7,l,True,main_files/trial_di/07_di_cross_150hz_75db_250ff-30n-250.wav,2.0638,33.0,di,30,n,250,130.0
3608,11.0,0.0,,l,False,main_files/trial_di/07_di_cross_150hz_75db_250ff-30p-60.wav,0.0,33.0,di,30,p,60,150.0
3608,11.0,0.0,,l,False,main_files/trial_di/07_di_cross_150hz_75db_250ff-10p-100.wav,0.0,33.0,di,10,p,100,150.0
3608,13.0,1.0,13,h,True,main_files/trial_di/07_di_cross_150hz_75db_250ff-40p-100.wav,2.174,33.0,di,40,p,100,160.0
3608,11.0,2.0,"13,11",m,True,main_files/trial_di/07_di_cross_150hz_75db_250ff-000-80.wav,4.423,33.0,di,0,0,0,150.0
3608,11.0,0.0,,l,False,main_files/trial_di/07_di_cross_150hz_75db_250ff-000-120.wav,0.0,33.0,di,0,0,0,150.0
3608,11.0,0.0,,l,False,main_files/trial_di/07_di_cross_150hz_75db_250ff-000-60.wav,0.0,33.0,di,0,0,0,150.0
3608,13.0,1.0,13,h,True,main_files/trial_di/07_di_cross_150hz_75db_250ff-20p-80.wav,2.0074,33.0,di,20,p,80,160.0
3608,8.0,3.0,"13,7,8",l,True,main_files/trial_di/07_di_cross_150hz_75db_250ff-20n-100.wav,8.3141,33.0,di,20,n,100,135.0
3608,9.0,1.0,9,l,True,main_files/trial_di/07_di_cross_150hz_75db_250ff-10n-250.wav,3.6044,33.0,di,10,n,250,140.0
3608,10.0,1.0,10,l,True,main_files/trial_di/07_di_cross_150hz_75db_250ff-40n-60.wav,2.4552,33.0,di,40,n,60,145.0
3608,12.0,1.0,12,h,True,main_files/trial_di/07_di_cross_150hz_75db_250ff-40p-80.wav,3.0027,33.0,di,40,p,80,155.0
3608,11.0,0.0,,l,True,main_files/trial_di/07_di_cross_150hz_75db_250ff-20n-60.wav,0.0,33.0,di,20,n,60,150.0
3608,8.0,1.0,8,l,True,main_files/trial_di/07_di_cross_150hz_75db_250ff-40n-80.wav,2.1282,33.0,di,40,n,80,135.0
3608,11.0,0.0,,l,False,main_files/trial_di/07_di_cross_150hz_75db_250ff-20p-250.wav,0.0,33.0,di,20,p,250,150.0
3608,11.0,0.0,,l,True,main_files/trial_di/07_di_cross_150hz_75db_250ff-10n-100.wav,0.0,33.0,di,10,n,100,150.0
3608,11.0,0.0,,l,False,main_files/trial_tone/tone_150hz_75db_250ff-000-100.wav,0.0,33.0,tone,0,0,0,150.0
3608,10.0,1.0,10,l,True,main_files/trial_tone/tone_150hz_75db_250ff-30n-120.wav,2.1286,33.0,tone,30,n,120,145.0
3608,11.0,0.0,,l,False,main_files/trial_tone/tone_150hz_75db_250ff-10p-250.wav,0.0,33.0,tone,10,p,250,150.0
3608,11.0,0.0,,l,False,main_files/trial_tone/tone_150hz_75db_250ff-10p-80.wav,0.0,33.0,tone,10,p,80,150.0
3608,13.0,1.0,13,h,True,main_files/trial_tone/tone_150hz_75db_250ff-30p-250.wav,3.4368,33.0,tone,30,p,250,160.0
3608,12.0,1.0,12,h,True,main_files/trial_tone/tone_150hz_75db_250ff-40p-40.wav,1.9207,33.0,tone,40,p,40,155.0
3608,11.0,0.0,,l,False,main_files/trial_tone/tone_150hz_75db_250ff-10p-60.wav,0.0,33.0,tone,10,p,60,150.0
3608,10.0,1.0,10,l,True,main_files/trial_tone/tone_150hz_75db_250ff-30n-80.wav,3.0301,33.0,tone,30,n,80,145.0
3608,11.0,0.0,,l,True,main_files/trial_tone/tone_150hz_75db_250ff-10n-40.wav,0.0,33.0,tone,10,n,40,150.0
3608,11.0,0.0,,l,False,main_files/trial_tone/tone_150hz_75db_250ff-10p-120.wav,0.0,33.0,tone,10,p,120,150.0
3608,12.0,1.0,12,h,False,main_files/trial_tone/tone_150hz_75db_250ff-20n-80.wav,2.2126,33.0,tone,20,n,80,155.0
3608,9.0,1.0,9,l,True,main_files/trial_tone/tone_150hz_75db_250ff-20n-120.wav,2.5129,33.0,tone,20,n,120,140.0
3608,11.0,0.0,,l,True,main_files/trial_tone/tone_150hz_75db_250ff-10n-80.wav,0.0,33.0,tone,10,n,80,150.0
3608,10.0,1.0,10,l,False,main_files/trial_tone/tone_150hz_75db_250ff-30p-80.wav,3.5077,33.0,tone,30,p,80,145.0
3608,11.0,0.0,,l,False,main_files/trial_tone/tone_150hz_75db_250ff-000-250.wav,0.0,33.0,tone,0,0,0,150.0
3608,12.0,2.0,"10,12",h,False,main_files/trial_tone/tone_150hz_75db_250ff-30n-40.wav,5.0717,33.0,tone,30,n,40,155.0
3608,12.0,1.0,12,h,True,main_files/trial_tone/tone_150hz_75db_250ff-40p-120.wav,3.088,33.0,tone,40,p,120,155.0
3608,10.0,1.0,10,l,True,main_files/trial_tone/tone_150hz_75db_250ff-40n-120.wav,2.5408,33.0,tone,40,n,120,145.0
3608,11.0,2.0,"12,11",m,False,main_files/trial_tone/tone_150hz_75db_250ff-40n-40.wav,4.5634,33.0,tone,40,n,40,150.0
3608,12.0,1.0,12,h,True,main_files/trial_tone/tone_150hz_75db_250ff-20p-60.wav,1.8975,33.0,tone,20,p,60,155.0
3608,11.0,0.0,,l,False,main_files/trial_tone/tone_150hz_75db_250ff-20p-40.wav,0.0,33.0,tone,20,p,40,150.0
3608,8.0,1.0,8,l,True,main_files/trial_tone/tone_150hz_75db_250ff-40n-250.wav,2.2234,33.0,tone,40,n,250,135.0
3608,11.0,0.0,,l,False,main_files/trial_tone/tone_150hz_75db_250ff-10p-40.wav,0.0,33.0,tone,10,p,40,150.0
3608,13.0,1.0,13,h,True,main_files/trial_tone/tone_150hz_75db_250ff-40p-60.wav,2.405,33.0,tone,40,p,60,160.0
3608,11.0,0.0,,l,True,main_files/trial_tone/tone_150hz_75db_250ff-30n-60.wav,0.0,33.0,tone,30,n,60,150.0
3608,11.0,0.0,,l,True,main_files/trial_tone/tone_150hz_75db_250ff-10n-120.wav,0.0,33.0,tone,10,n,120,150.0
3608,12.0,1.0,12,h,True,main_files/trial_tone/tone_150hz_75db_250ff-20p-120.wav,1.8214,33.0,tone,20,p,120,155.0
3608,11.0,0.0,,l,False,main_files/trial_tone/tone_150hz_75db_250ff-000-40.wav,0.0,33.0,tone,0,0,0,150.0
3608,13.0,1.0,13,h,True,main_files/trial_tone/tone_150hz_75db_250ff-40p-250.wav,1.8793,33.0,tone,40,p,250,160.0
3608,9.0,1.0,9,l,True,main_files/trial_tone/tone_150hz_75db_250ff-20n-250.wav,2.0566,33.0,tone,20,n,250,140.0
3608,9.0,3.0,"9,10,9",l,True,main_files/trial_tone/tone_150hz_75db_250ff-40n-100.wav,6.2535,33.0,tone,40,n,100,140.0
3608,9.0,2.0,"10,9",l,False,main_files/trial_tone/tone_150hz_75db_250ff-30p-100.wav,4.5662,33.0,tone,30,p,100,140.0
3608,11.0,0.0,,l,True,main_files/trial_tone/tone_150hz_75db_250ff-10n-60.wav,0.0,33.0,tone,10,n,60,150.0
3608,11.0,0.0,,l,True,main_files/trial_tone/tone_150hz_75db_250ff-20n-40.wav,0.0,33.0,tone,20,n,40,150.0
3608,13.0,1.0,13,h,True,main_files/trial_tone/tone_150hz_75db_250ff-20p-100.wav,3.1312,33.0,tone,20,p,100,160.0
3608,13.0,1.0,13,h,True,main_files/trial_tone/tone_150hz_75db_250ff-30p-40.wav,2.9944,33.0,tone,30,p,40,160.0
3608,11.0,0.0,,l,True,main_files/trial_tone/tone_150hz_75db_250ff-30n-100.wav,0.0,33.0,tone,30,n,100,150.0
3608,12.0,1.0,12,h,True,main_files/trial_tone/tone_150hz_75db_250ff-30p-120.wav,2.1282,33.0,tone,30,p,120,155.0
3608,9.0,1.0,9,l,True,main_files/trial_tone/tone_150hz_75db_250ff-30n-250.wav,2.1881,33.0,tone,30,n,250,140.0
3608,12.0,1.0,12,h,True,main_files/trial_tone/tone_150hz_75db_250ff-30p-60.wav,1.9216,33.0,tone,30,p,60,155.0
3608,11.0,0.0,,l,False,main_files/trial_tone/tone_150hz_75db_250ff-10p-100.wav,0.0,33.0,tone,10,p,100,150.0
3608,11.0,0.0,,l,False,main_files/trial_tone/tone_150hz_75db_250ff-40p-100.wav,0.0,33.0,tone,40,p,100,150.0
3608,11.0,0.0,,l,False,main_files/trial_tone/tone_150hz_75db_250ff-000-80.wav,0.0,33.0,tone,0,0,0,150.0
3608,11.0,0.0,,l,False,main_files/trial_tone/tone_150hz_75db_250ff-000-120.wav,0.0,33.0,tone,0,0,0,150.0
3608,11.0,0.0,,l,False,main_files/trial_tone/tone_150hz_75db_250ff-000-60.wav,0.0,33.0,tone,0,0,0,150.0
3608,13.0,1.0,13,h,True,main_files/trial_tone/tone_150hz_75db_250ff-20p-80.wav,1.8048,33.0,tone,20,p,80,160.0
3608,11.0,0.0,,l,True,main_files/trial_tone/tone_150hz_75db_250ff-20n-100.wav,0.0,33.0,tone,20,n,100,150.0
3608,8.0,1.0,8,l,True,main_files/trial_tone/tone_150hz_75db_250ff-10n-250.wav,1.9869,33.0,tone,10,n,250,135.0
3608,11.0,0.0,,l,True,main_files/trial_tone/tone_150hz_75db_250ff-40n-60.wav,0.0,33.0,tone,40,n,60,150.0
3608,13.0,1.0,13,h,True,main_files/trial_tone/tone_150hz_75db_250ff-40p-80.wav,2.8876,33.0,tone,40,p,80,160.0
3608,9.0,1.0,9,l,True,main_files/trial_tone/tone_150hz_75db_250ff-20n-60.wav,2.5091,33.0,tone,20,n,60,140.0
3608,9.0,1.0,9,l,True,main_files/trial_tone/tone_150hz_75db_250ff-40n-80.wav,2.2562,33.0,tone,40,n,80,140.0
3608,14.0,2.0,"13,14",h,True,main_files/trial_tone/tone_150hz_75db_250ff-20p-250.wav,3.7551,33.0,tone,20,p,250,165.0
3608,11.0,0.0,,l,True,main_files/trial_tone/tone_150hz_75db_250ff-10n-100.wav,0.0,33.0,tone,10,n,100,150.0
3608,13.0,1.0,13,h,True,main_files/trial_i/07_i_150hz_75db_250ff-40p-80.wav,4.3699,33.0,i,40,p,80,160.0
3608,11.0,2.0,"13,11",m,False,main_files/trial_i/07_i_150hz_75db_250ff-30n-100.wav,5.2532,33.0,i,30,n,100,150.0
3608,13.0,1.0,13,h,True,main_files/trial_i/07_i_150hz_75db_250ff-20p-250.wav,3.4438,33.0,i,20,p,250,160.0
3608,11.0,0.0,,l,False,main_files/trial_i/07_i_150hz_75db_250ff-10p-60.wav,0.0,33.0,i,10,p,60,150.0
3608,8.0,1.0,8,l,True,main_files/trial_i/07_i_150hz_75db_250ff-30n-250.wav,1.9629,33.0,i,30,n,250,135.0
3608,13.0,1.0,13,h,True,main_files/trial_i/07_i_150hz_75db_250ff-40p-120.wav,2.0624,33.0,i,40,p,120,160.0
3608,11.0,0.0,,l,False,main_files/trial_i/07_i_150hz_75db_250ff-10p-40.wav,0.0,33.0,i,10,p,40,150.0
3608,12.0,1.0,12,h,False,main_files/trial_i/07_i_150hz_75db_250ff-30n-60.wav,1.9919,33.0,i,30,n,60,155.0
3608,11.0,0.0,,l,True,main_files/trial_i/07_i_150hz_75db_250ff-10n-40.wav,0.0,33.0,i,10,n,40,150.0
3608,12.0,1.0,12,h,True,main_files/trial_i/07_i_150hz_75db_250ff-10p-250.wav,2.8543,33.0,i,10,p,250,155.0
3608,11.0,0.0,,l,True,main_files/trial_i/07_i_150hz_75db_250ff-20n-60.wav,0.0,33.0,i,20,n,60,150.0
3608,11.0,0.0,,l,True,main_files/trial_i/07_i_150hz_75db_250ff-20n-100.wav,0.0,33.0,i,20,n,100,150.0
3608,11.0,0.0,,l,True,main_files/trial_i/07_i_150hz_75db_250ff-10n-80.wav,0.0,33.0,i,10,n,80,150.0
3608,13.0,1.0,13,h,True,main_files/trial_i/07_i_150hz_75db_250ff-30p-60.wav,1.8949,33.0,i,30,p,60,160.0
3608,11.0,0.0,,l,False,main_files/trial_i/07_i_150hz_75db_250ff-000-80.wav,0.0,33.0,i,0,0,0,150.0
3608,8.0,1.0,8,l,True,main_files/trial_i/07_i_150hz_75db_250ff-30n-120.wav,2.5564,33.0,i,30,n,120,135.0
3608,11.0,0.0,,l,False,main_files/trial_i/07_i_150hz_75db_250ff-40p-100.wav,0.0,33.0,i,40,p,100,150.0
3608,9.0,1.0,9,l,True,main_files/trial_i/07_i_150hz_75db_250ff-40n-100.wav,2.7365,33.0,i,40,n,100,140.0
3608,11.0,0.0,,l,True,main_files/trial_i/07_i_150hz_75db_250ff-40n-120.wav,0.0,33.0,i,40,n,120,150.0
3608,11.0,0.0,,l,False,main_files/trial_i/07_i_150hz_75db_250ff-20p-40.wav,0.0,33.0,i,20,p,40,150.0
3608,13.0,1.0,13,h,True,main_files/trial_i/07_i_150hz_75db_250ff-20p-120.wav,2.5413,33.0,i,20,p,120,160.0
3608,14.0,1.0,14,h,True,main_files/trial_i/07_i_150hz_75db_250ff-40p-250.wav,2.8731,33.0,i,40,p,250,165.0
3608,11.0,0.0,,l,False,main_files/trial_i/07_i_150hz_75db_250ff-10p-120.wav,0.0,33.0,i,10,p,120,150.0
3608,12.0,2.0,"10,12",h,True,main_files/trial_i/07_i_150hz_75db_250ff-40p-40.wav,5.6486,33.0,i,40,p,40,155.0
3608,11.0,0.0,,l,True,main_files/trial_i/07_i_150hz_75db_250ff-30n-40.wav,0.0,33.0,i,30,n,40,150.0
3608,10.0,1.0,10,l,True,main_files/trial_i/07_i_150hz_75db_250ff-10n-120.wav,2.4755,33.0,i,10,n,120,145.0
3608,11.0,0.0,,l,False,main_files/trial_i/07_i_150hz_75db_250ff-20p-100.wav,0.0,33.0,i,20,p,100,150.0
3608,11.0,0.0,,l,False,main_files/trial_i/07_i_150hz_75db_250ff-000-120.wav,0.0,33.0,i,0,0,0,150.0
3608,8.0,1.0,8,l,True,main_files/trial_i/07_i_150hz_75db_250ff-40n-250.wav,1.7434,33.0,i,40,n,250,135.0
3608,11.0,0.0,,l,True,main_files/trial_i/07_i_150hz_75db_250ff-20n-250.wav,0.0,33.0,i,20,n,250,150.0
3608,11.0,0.0,,l,False,main_files/trial_i/07_i_150hz_75db_250ff-30p-80.wav,0.0,33.0,i,30,p,80,150.0
3608,11.0,0.0,,l,True,main_files/trial_i/07_i_150hz_75db_250ff-30n-80.wav,0.0,33.0,i,30,n,80,150.0
3608,11.0,0.0,,l,True,main_files/trial_i/07_i_150hz_75db_250ff-10n-60.wav,0.0,33.0,i,10,n,60,150.0
3608,9.0,1.0,9,l,True,main_files/trial_i/07_i_150hz_75db_250ff-20n-120.wav,1.9538,33.0,i,20,n,120,140.0
3608,11.0,0.0,,l,True,main_files/trial_i/07_i_150hz_75db_250ff-20n-80.wav,0.0,33.0,i,20,n,80,150.0
3608,13.0,3.0,"13,11,13",h,True,main_files/trial_i/07_i_150hz_75db_250ff-30p-120.wav,4.9751,33.0,i,30,p,120,160.0
3608,11.0,0.0,,l,False,main_files/trial_i/07_i_150hz_75db_250ff-20p-80.wav,0.0,33.0,i,20,p,80,150.0
3608,13.0,1.0,13,h,True,main_files/trial_i/07_i_150hz_75db_250ff-30p-100.wav,2.3106,33.0,i,30,p,100,160.0
3608,13.0,1.0,13,h,True,main_files/trial_i/07_i_150hz_75db_250ff-30p-250.wav,3.1041,33.0,i,30,p,250,160.0
3608,11.0,0.0,,l,False,main_files/trial_i/07_i_150hz_75db_250ff-30p-40.wav,0.0,33.0,i,30,p,40,150.0
3608,11.0,0.0,,l,False,main_files/trial_i/07_i_150hz_75db_250ff-10p-100.wav,0.0,33.0,i,10,p,100,150.0
3608,8.0,1.0,8,l,True,main_files/trial_i/07_i_150hz_75db_250ff-40n-80.wav,2.0454,33.0,i,40,n,80,135.0
3608,11.0,0.0,,l,False,main_files/trial_i/07_i_150hz_75db_250ff-000-60.wav,0.0,33.0,i,0,0,0,150.0
3608,11.0,0.0,,l,False,main_files/trial_i/07_i_150hz_75db_250ff-000-100.wav,0.0,33.0,i,0,0,0,150.0
3608,11.0,0.0,,l,False,main_files/trial_i/07_i_150hz_75db_250ff-000-40.wav,0.0,33.0,i,0,0,0,150.0
3608,11.0,0.0,,l,False,main_files/trial_i/07_i_150hz_75db_250ff-20p-60.wav,0.0,33.0,i,20,p,60,150.0
3608,11.0,0.0,,l,False,main_files/trial_i/07_i_150hz_75db_250ff-10p-80.wav,0.0,33.0,i,10,p,80,150.0
3608,8.0,1.0,8,l,True,main_files/trial_i/07_i_150hz_75db_250ff-10n-250.wav,2.0959,33.0,i,10,n,250,135.0
3608,11.0,0.0,,l,True,main_files/trial_i/07_i_150hz_75db_250ff-40n-40.wav,0.0,33.0,i,40,n,40,150.0
3608,13.0,1.0,13,h,True,main_files/trial_i/07_i_150hz_75db_250ff-40p-60.wav,1.9141,33.0,i,40,p,60,160.0
3608,11.0,0.0,,l,True,main_files/trial_i/07_i_150hz_75db_250ff-20n-40.wav,0.0,33.0,i,20,n,40,150.0
3608,11.0,0.0,,l,True,main_files/trial_i/07_i_150hz_75db_250ff-40n-60.wav,0.0,33.0,i,40,n,60,150.0
3608,11.0,0.0,,l,False,main_files/trial_i/07_i_150hz_75db_250ff-000-250.wav,0.0,33.0,i,0,0,0,150.0
3608,11.0,0.0,,l,True,main_files/trial_i/07_i_150hz_75db_250ff-10n-100.wav,0.0,33.0,i,10,n,100,150.0
3297,11.0,3.0,"10,12,11",m,True,main_files/trial_di/07_di_cross_150hz_75db_250ff-000-100.wav,7.0103,33.0,di,0,0,0,150.0
3297,11.0,3.0,"12,13,11",m,False,main_files/trial_di/07_di_cross_150hz_75db_250ff-30n-120.wav,8.4008,33.0,di,30,n,120,150.0
3297,12.0,1.0,12,h,True,main_files/trial_di/07_di_cross_150hz_75db_250ff-10p-250.wav,2.7685,33.0,di,10,p,250,155.0
3297,12.0,1.0,12,h,True,main_files/trial_di/07_di_cross_150hz_75db_250ff-10p-80.wav,5.7457,33.0,di,10,p,80,155.0
3297,10.0,3.0,"10,9,10",l,False,main_files/trial_di/07_di_cross_150hz_75db_250ff-30p-250.wav,16.8194,33.0,di,30,p,250,145.0
3297,11.0,0.0,,l,False,main_files/trial_di/07_di_cross_150hz_75db_250ff-40p-40.wav,0.0,33.0,di,40,p,40,150.0
3297,11.0,4.0,"12,11,10,11",m,False,main_files/trial_di/07_di_cross_150hz_75db_250ff-10p-60.wav,30.8427,33.0,di,10,p,60,150.0
3297,9.0,2.0,"10,9",l,True,main_files/trial_di/07_di_cross_150hz_75db_250ff-30n-80.wav,5.6874,33.0,di,30,n,80,140.0
3297,11.0,2.0,"10,11",m,False,main_files/trial_di/07_di_cross_150hz_75db_250ff-10n-40.wav,5.4349,33.0,di,10,n,40,150.0
3297,11.0,0.0,,l,False,main_files/trial_di/07_di_cross_150hz_75db_250ff-10p-120.wav,0.0,33.0,di,10,p,120,150.0
3297,12.0,3.0,"12,13,12",h,False,main_files/trial_di/07_di_cross_150hz_75db_250ff-20n-80.wav,8.7669,33.0,di,20,n,80,155.0
3297,11.0,0.0,,l,True,main_files/trial_di/07_di_cross_150hz_75db_250ff-20n-120.wav,0.0,33.0,di,20,n,120,150.0
3297,9.0,2.0,"10,9",l,True,main_files/trial_di/07_di_cross_150hz_75db_250ff-10n-80.wav,5.5637,33.0,di,10,n,80,140.0
3297,13.0,9.0,"12,13,14,20,17,14,13,12,13",h,True,main_files/trial_di/07_di_cross_150hz_75db_250ff-30p-80.wav,22.5995,33.0,di,30,p,80,160.0
3297,12.0,1.0,12,h,False,main_files/trial_di/07_di_cross_150hz_75db_250ff-000-250.wav,3.1444,33.0,di,0,0,0,155.0
3297,11.0,0.0,,l,True,main_files/trial_di/07_di_cross_150hz_75db_250ff-30n-40.wav,0.0,33.0,di,30,n,40,150.0
3297,12.0,2.0,"13,12",h,True,main_files/trial_di/07_di_cross_150hz_75db_250ff-40p-120.wav,5.2966,33.0,di,40,p,120,155.0
3297,9.0,2.0,"10,9",l,True,main_files/trial_di/07_di_cross_150hz_75db_250ff-40n-120.wav,5.0462,33.0,di,40,n,120,140.0
3297,9.0,7.0,"10,9,8,6,7,8,9",l,True,main_files/trial_di/07_di_cross_150hz_75db_250ff-40n-40.wav,17.2794,33.0,di,40,n,40,140.0
3297,11.0,0.0,,l,False,main_files/trial_di/07_di_cross_150hz_75db_250ff-20p-60.wav,0.0,33.0,di,20,p,60,150.0
3297,11.0,0.0,,l,False,main_files/trial_di/07_di_cross_150hz_75db_250ff-20p-40.wav,0.0,33.0,di,20,p,40,150.0
3297,7.0,2.0,"6,7",l,True,main_files/trial_di/07_di_cross_150hz_75db_250ff-40n-250.wav,5.2125,33.0,di,40,n,250,130.0
3297,11.0,0.0,,l,False,main_files/trial_di/07_di_cross_150hz_75db_250ff-10p-40.wav,0.0,33.0,di,10,p,40,150.0
3297,9.0,5.0,"13,12,14,15,9",l,False,main_files/trial_di/07_di_cross_150hz_75db_250ff-40p-60.wav,11.5037,33.0,di,40,p,60,140.0
3297,9.0,2.0,"10,9",l,True,main_files/trial_di/07_di_cross_150hz_75db_250ff-30n-60.wav,5.0969,33.0,di,30,n,60,140.0
3297,9.0,2.0,"10,9",l,True,main_files/trial_di/07_di_cross_150hz_75db_250ff-10n-120.wav,4.4991,33.0,di,10,n,120,140.0
3297,11.0,5.0,"13,10,11,10,11",m,False,main_files/trial_di/07_di_cross_150hz_75db_250ff-20p-120.wav,12.7718,33.0,di,20,p,120,150.0
3297,10.0,3.0,"12,9,10",l,False,main_files/trial_di/07_di_cross_150hz_75db_250ff-000-40.wav,7.7055,33.0,di,0,0,0,145.0
3297,13.0,2.0,"14,13",h,True,main_files/trial_di/07_di_cross_150hz_75db_250ff-40p-250.wav,4.6486,33.0,di,40,p,250,160.0
3297,10.0,10.0,"10,11,13,11,13,10,11,10,11,10",l,True,main_files/trial_di/07_di_cross_150hz_75db_250ff-20n-250.wav,48.0472,33.0,di,20,n,250,145.0
3297,11.0,2.0,"10,11",m,False,main_files/trial_di/07_di_cross_150hz_75db_250ff-40n-100.wav,7.1145,33.0,di,40,n,100,150.0
3297,11.0,4.0,"12,13,10,11",m,False,main_files/trial_di/07_di_cross_150hz_75db_250ff-30p-100.wav,9.3848,33.0,di,30,p,100,150.0
3297,11.0,0.0,,l,True,main_files/trial_di/07_di_cross_150hz_75db_250ff-10n-60.wav,0.0,33.0,di,10,n,60,150.0
3297,11.0,0.0,,l,True,main_files/trial_di/07_di_cross_150hz_75db_250ff-20n-40.wav,0.0,33.0,di,20,n,40,150.0
3297,12.0,3.0,"12,11,12",h,True,main_files/trial_di/07_di_cross_150hz_75db_250ff-20p-100.wav,7.4875,33.0,di,20,p,100,155.0
3297,11.0,0.0,,l,False,main_files/trial_di/07_di_cross_150hz_75db_250ff-30p-40.wav,0.0,33.0,di,30,p,40,150.0
3297,10.0,3.0,"10,9,10",l,True,main_files/trial_di/07_di_cross_150hz_75db_250ff-30n-100.wav,6.7197,33.0,di,30,n,100,145.0
3297,12.0,1.0,12,h,True,main_files/trial_di/07_di_cross_150hz_75db_250ff-30p-120.wav,2.2263,33.0,di,30,p,120,155.0
3297,8.0,2.0,"9,8",l,True,main_files/trial_di/07_di_cross_150hz_75db_250ff-30n-250.wav,4.3955,33.0,di,30,n,250,135.0
3297,12.0,6.0,"12,14,13,12,13,12",h,True,main_files/trial_di/07_di_cross_150hz_75db_250ff-30p-60.wav,13.7243,33.0,di,30,p,60,155.0
3297,12.0,1.0,12,h,True,main_files/trial_di/07_di_cross_150hz_75db_250ff-10p-100.wav,2.8602,33.0,di,10,p,100,155.0
3297,11.0,0.0,,l,False,main_files/trial_di/07_di_cross_150hz_75db_250ff-40p-100.wav,0.0,33.0,di,40,p,100,150.0
3297,11.0,0.0,,l,False,main_files/trial_di/07_di_cross_150hz_75db_250ff-000-80.wav,0.0,33.0,di,0,0,0,150.0
3297,11.0,2.0,"12,11",m,True,main_files/trial_di/07_di_cross_150hz_75db_250ff-000-120.wav,4.1455,33.0,di,0,0,0,150.0
3297,11.0,0.0,,l,False,main_files/trial_di/07_di_cross_150hz_75db_250ff-000-60.wav,0.0,33.0,di,0,0,0,150.0
3297,11.0,3.0,"10,12,11",m,False,main_files/trial_di/07_di_cross_150hz_75db_250ff-20p-80.wav,6.3707,33.0,di,20,p,80,150.0
3297,11.0,4.0,"10,9,12,11",m,False,main_files/trial_di/07_di_cross_150hz_75db_250ff-20n-100.wav,9.3086,33.0,di,20,n,100,150.0
3297,11.0,0.0,,l,True,main_files/trial_di/07_di_cross_150hz_75db_250ff-10n-250.wav,0.0,33.0,di,10,n,250,150.0
3297,9.0,5.0,"10,9,8,10,9",l,True,main_files/trial_di/07_di_cross_150hz_75db_250ff-40n-60.wav,10.7775,33.0,di,40,n,60,140.0
3297,15.0,4.0,"13,12,14,15",h,True,main_files/trial_di/07_di_cross_150hz_75db_250ff-40p-80.wav,8.6171,33.0,di,40,p,80,170.0
3297,11.0,0.0,,l,True,main_files/trial_di/07_di_cross_150hz_75db_250ff-20n-60.wav,0.0,33.0,di,20,n,60,150.0
3297,11.0,0.0,,l,True,main_files/trial_di/07_di_cross_150hz_75db_250ff-40n-80.wav,0.0,33.0,di,40,n,80,150.0
3297,14.0,2.0,"13,14",h,True,main_files/trial_di/07_di_cross_150hz_75db_250ff-20p-250.wav,4.1795,33.0,di,20,p,250,165.0
3297,11.0,0.0,,l,True,main_files/trial_di/07_di_cross_150hz_75db_250ff-10n-100.wav,0.0,33.0,di,10,n,100,150.0
3297,11.0,5.0,"13,12,11,12,11",m,True,main_files/trial_tone/tone_150hz_75db_250ff-000-100.wav,13.0696,33.0,tone,0,0,0,150.0
3297,11.0,4.0,"10,9,10,11",m,False,main_files/trial_tone/tone_150hz_75db_250ff-30n-120.wav,8.4351,33.0,tone,30,n,120,150.0
3297,12.0,5.0,"12,13,12,11,12",h,True,main_files/trial_tone/tone_150hz_75db_250ff-10p-250.wav,10.8529,33.0,tone,10,p,250,155.0
3297,11.0,0.0,,l,False,main_files/trial_tone/tone_150hz_75db_250ff-10p-80.wav,0.0,33.0,tone,10,p,80,150.0
3297,14.0,9.0,"13,12,14,15,14,12,14,13,14",h,True,main_files/trial_tone/tone_150hz_75db_250ff-30p-250.wav,20.0625,33.0,tone,30,p,250,165.0
3297,11.0,0.0,,l,False,main_files/trial_tone/tone_150hz_75db_250ff-40p-40.wav,0.0,33.0,tone,40,p,40,150.0
3297,11.0,0.0,,l,False,main_files/trial_tone/tone_150hz_75db_250ff-10p-60.wav,0.0,33.0,tone,10,p,60,150.0
3297,11.0,4.0,"12,11,10,11",m,False,main_files/trial_tone/tone_150hz_75db_250ff-30n-80.wav,9.2504,33.0,tone,30,n,80,150.0
3297,11.0,3.0,"10,12,11",m,False,main_files/trial_tone/tone_150hz_75db_250ff-10n-40.wav,6.364,33.0,tone,10,n,40,150.0
3297,11.0,3.0,"12,10,11",m,False,main_files/trial_tone/tone_150hz_75db_250ff-10p-120.wav,6.6492,33.0,tone,10,p,120,150.0
3297,11.0,3.0,"12,10,11",m,False,main_files/trial_tone/tone_150hz_75db_250ff-20n-80.wav,6.2484,33.0,tone,20,n,80,150.0
3297,9.0,6.0,"12,10,9,10,8,9",l,True,main_files/trial_tone/tone_150hz_75db_250ff-20n-120.wav,12.7552,33.0,tone,20,n,120,140.0
3297,9.0,6.0,"10,9,12,13,10,9",l,True,main_files/trial_tone/tone_150hz_75db_250ff-10n-80.wav,12.2211,33.0,tone,10,n,80,140.0
3297,13.0,4.0,"12,13,14,13",h,True,main_files/trial_tone/tone_150hz_75db_250ff-30p-80.wav,8.1995,33.0,tone,30,p,80,160.0
3297,11.0,0.0,,l,False,main_files/trial_tone/tone_150hz_75db_250ff-000-250.wav,0.0,33.0,tone,0,0,0,150.0
3297,10.0,3.0,"10,9,10",l,True,main_files/trial_tone/tone_150hz_75db_250ff-30n-40.wav,6.6552,33.0,tone,30,n,40,145.0
3297,12.0,7.0,"12,13,14,13,12,11,12",h,True,main_files/trial_tone/tone_150hz_75db_250ff-40p-120.wav,19.1602,33.0,tone,40,p,120,155.0
3297,9.0,8.0,"10,9,8,7,8,9,10,9",l,True,main_files/trial_tone/tone_150hz_75db_250ff-40n-120.wav,17.4826,33.0,tone,40,n,120,140.0
3297,11.0,0.0,,l,True,main_files/trial_tone/tone_150hz_75db_250ff-40n-40.wav,0.0,33.0,tone,40,n,40,150.0
3297,10.0,6.0,"12,13,14,15,9,10",l,False,main_files/trial_tone/tone_150hz_75db_250ff-20p-60.wav,16.7398,33.0,tone,20,p,60,145.0
3297,11.0,0.0,,l,False,main_files/trial_tone/tone_150hz_75db_250ff-20p-40.wav,0.0,33.0,tone,20,p,40,150.0
3297,8.0,2.0,"9,8",l,True,main_files/trial_tone/tone_150hz_75db_250ff-40n-250.wav,4.9142,33.0,tone,40,n,250,135.0
3297,11.0,3.0,"12,10,11",m,False,main_files/trial_tone/tone_150hz_75db_250ff-10p-40.wav,7.6988,33.0,tone,10,p,40,150.0
3297,11.0,3.0,"10,12,11",m,False,main_files/trial_tone/tone_150hz_75db_250ff-40p-60.wav,7.083,33.0,tone,40,p,60,150.0
3297,10.0,5.0,"10,13,12,11,10",l,True,main_files/trial_tone/tone_150hz_75db_250ff-30n-60.wav,14.3906,33.0,tone,30,n,60,145.0
3297,11.0,0.0,,l,True,main_files/trial_tone/tone_150hz_75db_250ff-10n-120.wav,0.0,33.0,tone,10,n,120,150.0
3297,12.0,3.0,"12,13,12",h,True,main_files/trial_tone/tone_150hz_75db_250ff-20p-120.wav,8.2067,33.0,tone,20,p,120,155.0
3297,11.0,0.0,,l,False,main_files/trial_tone/tone_150hz_75db_250ff-000-40.wav,0.0,33.0,tone,0,0,0,150.0
3297,12.0,4.0,"9,10,13,12",h,True,main_files/trial_tone/tone_150hz_75db_250ff-40p-250.wav,10.3569,33.0,tone,40,p,250,155.0
3297,11.0,0.0,,l,True,main_files/trial_tone/tone_150hz_75db_250ff-20n-250.wav,0.0,33.0,tone,20,n,250,150.0
3297,11.0,3.0,"10,12,11",m,False,main_files/trial_tone/tone_150hz_75db_250ff-40n-100.wav,8.0741,33.0,tone,40,n,100,150.0
3297,11.0,0.0,,l,False,main_files/trial_tone/tone_150hz_75db_250ff-30p-100.wav,0.0,33.0,tone,30,p,100,150.0
3297,11.0,0.0,,l,True,main_files/trial_tone/tone_150hz_75db_250ff-10n-60.wav,0.0,33.0,tone,10,n,60,150.0
3297,11.0,3.0,"12,10,11",m,False,main_files/trial_tone/tone_150hz_75db_250ff-20n-40.wav,8.1805,33.0,tone,20,n,40,150.0
3297,12.0,5.0,"12,13,14,13,12",h,True,main_files/trial_tone/tone_150hz_75db_250ff-20p-100.wav,13.7757,33.0,tone,20,p,100,155.0
3297,11.0,0.0,,l,False,main_files/trial_tone/tone_150hz_75db_250ff-30p-40.wav,0.0,33.0,tone,30,p,40,150.0
3297,12.0,5.0,"10,9,12,11,12",h,False,main_files/trial_tone/tone_150hz_75db_250ff-30n-100.wav,12.9061,33.0,tone,30,n,100,155.0
3297,11.0,0.0,,l,False,main_files/trial_tone/tone_150hz_75db_250ff-30p-120.wav,0.0,33.0,tone,30,p,120,150.0
3297,10.0,1.0,10,l,True,main_files/trial_tone/tone_150hz_75db_250ff-30n-250.wav,2.2327,33.0,tone,30,n,250,145.0
3297,11.0,0.0,,l,False,main_files/trial_tone/tone_150hz_75db_250ff-30p-60.wav,0.0,33.0,tone,30,p,60,150.0
3297,11.0,0.0,,l,False,main_files/trial_tone/tone_150hz_75db_250ff-10p-100.wav,0.0,33.0,tone,10,p,100,150.0
3297,12.0,1.0,12,h,True,main_files/trial_tone/tone_150hz_75db_250ff-40p-100.wav,2.1575,33.0,tone,40,p,100,155.0
3297,11.0,0.0,,l,False,main_files/trial_tone/tone_150hz_75db_250ff-000-80.wav,0.0,33.0,tone,0,0,0,150.0
3297,11.0,0.0,,l,False,main_files/trial_tone/tone_150hz_75db_250ff-000-120.wav,0.0,33.0,tone,0,0,0,150.0
3297,11.0,2.0,"10,11",m,True,main_files/trial_tone/tone_150hz_75db_250ff-000-60.wav,4.1623,33.0,tone,0,0,0,150.0
3297,12.0,1.0,12,h,True,main_files/trial_tone/tone_150hz_75db_250ff-20p-80.wav,2.3071,33.0,tone,20,p,80,155.0
3297,10.0,1.0,10,l,True,main_files/trial_tone/tone_150hz_75db_250ff-20n-100.wav,2.1909,33.0,tone,20,n,100,145.0
3297,11.0,0.0,,l,True,main_files/trial_tone/tone_150hz_75db_250ff-10n-250.wav,0.0,33.0,tone,10,n,250,150.0
3297,12.0,1.0,12,h,False,main_files/trial_tone/tone_150hz_75db_250ff-40n-60.wav,2.6909,33.0,tone,40,n,60,155.0
3297,13.0,1.0,13,h,True,main_files/trial_tone/tone_150hz_75db_250ff-40p-80.wav,2.3934,33.0,tone,40,p,80,160.0
3297,11.0,0.0,,l,True,main_files/trial_tone/tone_150hz_75db_250ff-20n-60.wav,0.0,33.0,tone,20,n,60,150.0
3297,11.0,0.0,,l,True,main_files/trial_tone/tone_150hz_75db_250ff-40n-80.wav,0.0,33.0,tone,40,n,80,150.0
3297,12.0,3.0,"12,13,12",h,True,main_files/trial_tone/tone_150hz_75db_250ff-20p-250.wav,5.778,33.0,tone,20,p,250,155.0
3297,11.0,0.0,,l,True,main_files/trial_tone/tone_150hz_75db_250ff-10n-100.wav,0.0,33.0,tone,10,n,100,150.0
3297,12.0,3.0,"12,11,12",h,True,main_files/trial_i/07_i_150hz_75db_250ff-40p-80.wav,6.9192,33.0,i,40,p,80,155.0
3297,11.0,0.0,,l,True,main_files/trial_i/07_i_150hz_75db_250ff-30n-100.wav,0.0,33.0,i,30,n,100,150.0
3297,12.0,1.0,12,h,True,main_files/trial_i/07_i_150hz_75db_250ff-20p-250.wav,3.2168,33.0,i,20,p,250,155.0
3297,12.0,6.0,"10,9,10,12,11,12",h,True,main_files/trial_i/07_i_150hz_75db_250ff-10p-60.wav,14.9429,33.0,i,10,p,60,155.0
3297,11.0,0.0,,l,True,main_files/trial_i/07_i_150hz_75db_250ff-30n-250.wav,0.0,33.0,i,30,n,250,150.0
3297,11.0,3.0,"10,12,11",m,False,main_files/trial_i/07_i_150hz_75db_250ff-40p-120.wav,7.0625,33.0,i,40,p,120,150.0
3297,12.0,1.0,12,h,True,main_files/trial_i/07_i_150hz_75db_250ff-10p-40.wav,3.2267,33.0,i,10,p,40,155.0
3297,11.0,3.0,"10,9,11",m,False,main_files/trial_i/07_i_150hz_75db_250ff-30n-60.wav,6.0048,33.0,i,30,n,60,150.0
3297,11.0,0.0,,l,True,main_files/trial_i/07_i_150hz_75db_250ff-10n-40.wav,0.0,33.0,i,10,n,40,150.0
3297,12.0,1.0,12,h,True,main_files/trial_i/07_i_150hz_75db_250ff-10p-250.wav,2.2962,33.0,i,10,p,250,155.0
3297,11.0,3.0,"12,10,11",m,False,main_files/trial_i/07_i_150hz_75db_250ff-20n-60.wav,6.6211,33.0,i,20,n,60,150.0
3297,11.0,0.0,,l,True,main_files/trial_i/07_i_150hz_75db_250ff-20n-100.wav,0.0,33.0,i,20,n,100,150.0
3297,12.0,1.0,12,h,False,main_files/trial_i/07_i_150hz_75db_250ff-10n-80.wav,2.3907,33.0,i,10,n,80,155.0
3297,11.0,0.0,,l,False,main_files/trial_i/07_i_150hz_75db_250ff-30p-60.wav,0.0,33.0,i,30,p,60,150.0
3297,11.0,0.0,,l,False,main_files/trial_i/07_i_150hz_75db_250ff-000-80.wav,0.0,33.0,i,0,0,0,150.0
3297,11.0,3.0,"10,12,11",m,False,main_files/trial_i/07_i_150hz_75db_250ff-30n-120.wav,6.8696,33.0,i,30,n,120,150.0
3297,12.0,11.0,"12,11,10,11,12,13,14,13,12,11,12",h,True,main_files/trial_i/07_i_150hz_75db_250ff-40p-100.wav,23.1132,33.0,i,40,p,100,155.0
3297,11.0,0.0,,l,True,main_files/trial_i/07_i_150hz_75db_250ff-40n-100.wav,0.0,33.0,i,40,n,100,150.0
3297,11.0,2.0,"10,11",m,False,main_files/trial_i/07_i_150hz_75db_250ff-40n-120.wav,4.23,33.0,i,40,n,120,150.0
3297,12.0,1.0,12,h,True,main_files/trial_i/07_i_150hz_75db_250ff-20p-40.wav,4.2536,33.0,i,20,p,40,155.0
3297,11.0,2.0,"10,11",m,False,main_files/trial_i/07_i_150hz_75db_250ff-20p-120.wav,5.4022,33.0,i,20,p,120,150.0
3297,13.0,2.0,"12,13",h,True,main_files/trial_i/07_i_150hz_75db_250ff-40p-250.wav,4.1154,33.0,i,40,p,250,160.0
3297,12.0,1.0,12,h,True,main_files/trial_i/07_i_150hz_75db_250ff-10p-120.wav,2.1403,33.0,i,10,p,120,155.0
3297,11.0,0.0,,l,False,main_files/trial_i/07_i_150hz_75db_250ff-40p-40.wav,0.0,33.0,i,40,p,40,150.0
3297,11.0,0.0,,l,True,main_files/trial_i/07_i_150hz_75db_250ff-30n-40.wav,0.0,33.0,i,30,n,40,150.0
3297,11.0,3.0,"12,10,11",m,False,main_files/trial_i/07_i_150hz_75db_250ff-10n-120.wav,6.5505,33.0,i,10,n,120,150.0
3297,11.0,3.0,"10,12,11",m,False,main_files/trial_i/07_i_150hz_75db_250ff-20p-100.wav,7.3337,33.0,i,20,p,100,150.0
3297,13.0,3.0,"10,12,13",h,False,main_files/trial_i/07_i_150hz_75db_250ff-000-120.wav,7.8154,33.0,i,0,0,0,160.0
3297,8.0,3.0,"10,9,8",l,True,main_files/trial_i/07_i_150hz_75db_250ff-40n-250.wav,6.9459,33.0,i,40,n,250,135.0
3297,10.0,1.0,10,l,True,main_files/trial_i/07_i_150hz_75db_250ff-20n-250.wav,3.5143,33.0,i,20,n,250,145.0
3297,11.0,0.0,,l,False,main_files/trial_i/07_i_150hz_75db_250ff-30p-80.wav,0.0,33.0,i,30,p,80,150.0
3297,11.0,0.0,,l,True,main_files/trial_i/07_i_150hz_75db_250ff-30n-80.wav,0.0,33.0,i,30,n,80,150.0
3297,12.0,3.0,"12,13,12",h,False,main_files/trial_i/07_i_150hz_75db_250ff-10n-60.wav,8.4577,33.0,i,10,n,60,155.0
3297,11.0,0.0,,l,True,main_files/trial_i/07_i_150hz_75db_250ff-20n-120.wav,0.0,33.0,i,20,n,120,150.0
3297,11.0,0.0,,l,True,main_files/trial_i/07_i_150hz_75db_250ff-20n-80.wav,0.0,33.0,i,20,n,80,150.0
3297,12.0,2.0,"10,12",h,True,main_files/trial_i/07_i_150hz_75db_250ff-30p-120.wav,5.1104,33.0,i,30,p,120,155.0
3297,11.0,0.0,,l,False,main_files/trial_i/07_i_150hz_75db_250ff-20p-80.wav,0.0,33.0,i,20,p,80,150.0
3297,11.0,0.0,,l,False,main_files/trial_i/07_i_150hz_75db_250ff-30p-100.wav,0.0,33.0,i,30,p,100,150.0
3297,13.0,2.0,"12,13",h,True,main_files/trial_i/07_i_150hz_75db_250ff-30p-250.wav,4.6149,33.0,i,30,p,250,160.0
3297,11.0,0.0,,l,False,main_files/trial_i/07_i_150hz_75db_250ff-30p-40.wav,0.0,33.0,i,30,p,40,150.0
3297,11.0,0.0,,l,False,main_files/trial_i/07_i_150hz_75db_250ff-10p-100.wav,0.0,33.0,i,10,p,100,150.0
3297,9.0,2.0,"10,9",l,True,main_files/trial_i/07_i_150hz_75db_250ff-40n-80.wav,4.5825,33.0,i,40,n,80,140.0
3297,11.0,0.0,,l,False,main_files/trial_i/07_i_150hz_75db_250ff-000-60.wav,0.0,33.0,i,0,0,0,150.0
3297,11.0,0.0,,l,False,main_files/trial_i/07_i_150hz_75db_250ff-000-100.wav,0.0,33.0,i,0,0,0,150.0
3297,11.0,3.0,"12,13,11",m,True,main_files/trial_i/07_i_150hz_75db_250ff-000-40.wav,8.8667,33.0,i,0,0,0,150.0
3297,11.0,0.0,,l,False,main_files/trial_i/07_i_150hz_75db_250ff-20p-60.wav,0.0,33.0,i,20,p,60,150.0
3297,11.0,0.0,,l,False,main_files/trial_i/07_i_150hz_75db_250ff-10p-80.wav,0.0,33.0,i,10,p,80,150.0
3297,9.0,2.0,"10,9",l,True,main_files/trial_i/07_i_150hz_75db_250ff-10n-250.wav,5.9653,33.0,i,10,n,250,140.0
3297,11.0,0.0,,l,True,main_files/trial_i/07_i_150hz_75db_250ff-40n-40.wav,0.0,33.0,i,40,n,40,150.0
3297,13.0,2.0,"12,13",h,True,main_files/trial_i/07_i_150hz_75db_250ff-40p-60.wav,4.8348,33.0,i,40,p,60,160.0
3297,11.0,0.0,,l,True,main_files/trial_i/07_i_150hz_75db_250ff-20n-40.wav,0.0,33.0,i,20,n,40,150.0
3297,12.0,2.0,"10,12",h,False,main_files/trial_i/07_i_150hz_75db_250ff-40n-60.wav,5.0606,33.0,i,40,n,60,155.0
3297,11.0,0.0,,l,False,main_files/trial_i/07_i_150hz_75db_250ff-000-250.wav,0.0,33.0,i,0,0,0,150.0
3297,11.0,0.0,,l,True,main_files/trial_i/07_i_150hz_75db_250ff-10n-100.wav,0.0,33.0,i,10,n,100,150.0
8770,12.0,3.0,"12,13,12",h,True,main_files/trial_i/07_i_150hz_75db_250ff-40p-80.wav,7.2265,30.0,i,40,p,80,155.0
8770,11.0,0.0,,l,True,main_files/trial_i/07_i_150hz_75db_250ff-30n-100.wav,0.0,30.0,i,30,n,100,150.0
8770,10.0,16.0,"10,12,13,12,10,12,7,5,7,15,7,9,10,11,12,10",l,False,main_files/trial_i/07_i_150hz_75db_250ff-20p-250.wav,37.2169,30.0,i,20,p,250,145.0
8770,11.0,0.0,,l,False,main_files/trial_i/07_i_150hz_75db_250ff-10p-60.wav,0.0,30.0,i,10,p,60,150.0
8770,14.0,6.0,"7,8,15,14,13,14",h,False,main_files/trial_i/07_i_150hz_75db_250ff-30n-250.wav,12.2089,30.0,i,30,n,250,165.0
8770,13.0,4.0,"13,14,12,13",h,True,main_files/trial_i/07_i_150hz_75db_250ff-40p-120.wav,8.0866,30.0,i,40,p,120,160.0
8770,11.0,0.0,,l,False,main_files/trial_i/07_i_150hz_75db_250ff-10p-40.wav,0.0,30.0,i,10,p,40,150.0
8770,11.0,0.0,,l,True,main_files/trial_i/07_i_150hz_75db_250ff-30n-60.wav,0.0,30.0,i,30,n,60,150.0
8770,11.0,0.0,,l,True,main_files/trial_i/07_i_150hz_75db_250ff-10n-40.wav,0.0,30.0,i,10,n,40,150.0
8770,10.0,2.0,"12,10",l,False,main_files/trial_i/07_i_150hz_75db_250ff-10p-250.wav,5.0365,30.0,i,10,p,250,145.0
8770,11.0,0.0,,l,True,main_files/trial_i/07_i_150hz_75db_250ff-20n-60.wav,0.0,30.0,i,20,n,60,150.0
8770,11.0,0.0,,l,True,main_files/trial_i/07_i_150hz_75db_250ff-20n-100.wav,0.0,30.0,i,20,n,100,150.0
8770,11.0,0.0,,l,True,main_files/trial_i/07_i_150hz_75db_250ff-10n-80.wav,0.0,30.0,i,10,n,80,150.0
8770,11.0,0.0,,l,False,main_files/trial_i/07_i_150hz_75db_250ff-30p-60.wav,0.0,30.0,i,30,p,60,150.0
8770,11.0,0.0,,l,False,main_files/trial_i/07_i_150hz_75db_250ff-000-80.wav,0.0,30.0,i,0,0,0,150.0
8770,11.0,5.0,"9,10,11,12,11",m,False,main_files/trial_i/07_i_150hz_75db_250ff-30n-120.wav,11.1593,30.0,i,30,n,120,150.0
8770,10.0,2.0,"12,10",l,False,main_files/trial_i/07_i_150hz_75db_250ff-40p-100.wav,6.266,30.0,i,40,p,100,145.0
8770,10.0,2.0,"12,10",l,True,main_files/trial_i/07_i_150hz_75db_250ff-40n-100.wav,4.4423,30.0,i,40,n,100,145.0
8770,10.0,4.0,"12,10,9,10",l,True,main_files/trial_i/07_i_150hz_75db_250ff-40n-120.wav,7.1851,30.0,i,40,n,120,145.0
8770,11.0,4.0,"12,11,10,11",m,False,main_files/trial_i/07_i_150hz_75db_250ff-20p-40.wav,10.2019,30.0,i,20,p,40,150.0
8770,10.0,3.0,"10,12,10",l,False,main_files/trial_i/07_i_150hz_75db_250ff-20p-120.wav,5.9368,30.0,i,20,p,120,145.0
8770,12.0,2.0,"13,12",h,True,main_files/trial_i/07_i_150hz_75db_250ff-40p-250.wav,4.0102,30.0,i,40,p,250,155.0
8770,11.0,0.0,,l,False,main_files/trial_i/07_i_150hz_75db_250ff-10p-120.wav,0.0,30.0,i,10,p,120,150.0
8770,11.0,0.0,,l,False,main_files/trial_i/07_i_150hz_75db_250ff-40p-40.wav,0.0,30.0,i,40,p,40,150.0
8770,11.0,0.0,,l,True,main_files/trial_i/07_i_150hz_75db_250ff-30n-40.wav,0.0,30.0,i,30,n,40,150.0
8770,11.0,0.0,,l,True,main_files/trial_i/07_i_150hz_75db_250ff-10n-120.wav,0.0,30.0,i,10,n,120,150.0
8770,11.0,0.0,,l,False,main_files/trial_i/07_i_150hz_75db_250ff-20p-100.wav,0.0,30.0,i,20,p,100,150.0
8770,11.0,0.0,,l,False,main_files/trial_i/07_i_150hz_75db_250ff-000-120.wav,0.0,30.0,i,0,0,0,150.0
8770,10.0,8.0,"9,10,7,11,10,12,11,10",l,True,main_files/trial_i/07_i_150hz_75db_250ff-40n-250.wav,15.2097,30.0,i,40,n,250,145.0
8770,10.0,5.0,"10,11,10,11,10",l,True,main_files/trial_i/07_i_150hz_75db_250ff-20n-250.wav,12.5867,30.0,i,20,n,250,145.0
8770,12.0,7.0,"12,13,12,9,12,13,12",h,True,main_files/trial_i/07_i_150hz_75db_250ff-30p-80.wav,14.0173,30.0,i,30,p,80,155.0
8770,10.0,5.0,"10,12,10,9,10",l,True,main_files/trial_i/07_i_150hz_75db_250ff-30n-80.wav,10.1192,30.0,i,30,n,80,145.0
8770,10.0,3.0,"10,12,10",l,True,main_files/trial_i/07_i_150hz_75db_250ff-10n-60.wav,6.9191,30.0,i,10,n,60,145.0
8770,10.0,2.0,"12,10",l,True,main_files/trial_i/07_i_150hz_75db_250ff-20n-120.wav,4.9909,30.0,i,20,n,120,145.0
8770,11.0,3.0,"12,10,11",m,False,main_files/trial_i/07_i_150hz_75db_250ff-20n-80.wav,6.8001,30.0,i,20,n,80,150.0
8770,11.0,5.0,"10,12,11,12,11",m,False,main_files/trial_i/07_i_150hz_75db_250ff-30p-120.wav,10.7944,30.0,i,30,p,120,150.0
8770,11.0,3.0,"10,12,11",m,False,main_files/trial_i/07_i_150hz_75db_250ff-20p-80.wav,7.0499,30.0,i,20,p,80,150.0
8770,11.0,0.0,,l,False,main_files/trial_i/07_i_150hz_75db_250ff-30p-100.wav,0.0,30.0,i,30,p,100,150.0
8770,12.0,1.0,12,h,True,main_files/trial_i/07_i_150hz_75db_250ff-30p-250.wav,2.5705,30.0,i,30,p,250,155.0
8770,11.0,2.0,"10,11",m,False,main_files/trial_i/07_i_150hz_75db_250ff-30p-40.wav,4.4032,30.0,i,30,p,40,150.0
8770,11.0,0.0,,l,False,main_files/trial_i/07_i_150hz_75db_250ff-10p-100.wav,0.0,30.0,i,10,p,100,150.0
8770,11.0,5.0,"10,9,11,12,11",m,False,main_files/trial_i/07_i_150hz_75db_250ff-40n-80.wav,9.9059,30.0,i,40,n,80,150.0
8770,11.0,2.0,"12,11",m,True,main_files/trial_i/07_i_150hz_75db_250ff-000-60.wav,65.8376,30.0,i,0,0,0,150.0
8770,11.0,0.0,,l,False,main_files/trial_i/07_i_150hz_75db_250ff-000-100.wav,0.0,30.0,i,0,0,0,150.0
8770,11.0,0.0,,l,False,main_files/trial_i/07_i_150hz_75db_250ff-000-40.wav,0.0,30.0,i,0,0,0,150.0
8770,11.0,0.0,,l,False,main_files/trial_i/07_i_150hz_75db_250ff-20p-60.wav,0.0,30.0,i,20,p,60,150.0
8770,11.0,0.0,,l,False,main_files/trial_i/07_i_150hz_75db_250ff-10p-80.wav,0.0,30.0,i,10,p,80,150.0
8770,10.0,1.0,10,l,True,main_files/trial_i/07_i_150hz_75db_250ff-10n-250.wav,2.1304,30.0,i,10,n,250,145.0
8770,10.0,11.0,"9,10,8,4,2,7,9,1,9,11,10",l,True,main_files/trial_i/07_i_150hz_75db_250ff-40n-40.wav,18.7038,30.0,i,40,n,40,145.0
8770,10.0,5.0,"12,10,12,11,10",l,False,main_files/trial_i/07_i_150hz_75db_250ff-40p-60.wav,9.9259,30.0,i,40,p,60,145.0
8770,11.0,0.0,,l,True,main_files/trial_i/07_i_150hz_75db_250ff-20n-40.wav,0.0,30.0,i,20,n,40,150.0
8770,12.0,1.0,12,h,False,main_files/trial_i/07_i_150hz_75db_250ff-40n-60.wav,3.8029,30.0,i,40,n,60,155.0
8770,11.0,0.0,,l,False,main_files/trial_i/07_i_150hz_75db_250ff-000-250.wav,0.0,30.0,i,0,0,0,150.0
8770,11.0,0.0,,l,True,main_files/trial_i/07_i_150hz_75db_250ff-10n-100.wav,0.0,30.0,i,10,n,100,150.0
8770,11.0,3.0,"10,12,11",m,True,main_files/trial_di/07_di_cross_150hz_75db_250ff-000-100.wav,7.2072,30.0,di,0,0,0,150.0
8770,12.0,2.0,"10,12",h,False,main_files/trial_di/07_di_cross_150hz_75db_250ff-30n-120.wav,7.1687,30.0,di,30,n,120,155.0
8770,11.0,2.0,"12,11",m,False,main_files/trial_di/07_di_cross_150hz_75db_250ff-10p-250.wav,4.4865,30.0,di,10,p,250,150.0
8770,11.0,0.0,,l,False,main_files/trial_di/07_di_cross_150hz_75db_250ff-10p-80.wav,0.0,30.0,di,10,p,80,150.0
8770,12.0,3.0,"12,13,12",h,True,main_files/trial_di/07_di_cross_150hz_75db_250ff-30p-250.wav,5.8432,30.0,di,30,p,250,155.0
8770,11.0,3.0,"10,12,11",m,False,main_files/trial_di/07_di_cross_150hz_75db_250ff-40p-40.wav,5.9093,30.0,di,40,p,40,150.0
8770,11.0,0.0,,m,False,main_files/trial_di/07_di_cross_150hz_75db_250ff-10p-60.wav,6.4083,30.0,di,10,p,60,150.0
8770,10.0,3.0,"10,9,10",l,True,main_files/trial_di/07_di_cross_150hz_75db_250ff-30n-80.wav,52.6371,30.0,di,30,n,80,145.0
8770,11.0,5.0,"9,10,11,12,11",m,False,main_files/trial_di/07_di_cross_150hz_75db_250ff-10n-40.wav,10.5361,30.0,di,10,n,40,150.0
8770,11.0,0.0,,l,False,main_files/trial_di/07_di_cross_150hz_75db_250ff-10p-120.wav,0.0,30.0,di,10,p,120,150.0
8770,10.0,1.0,10,l,True,main_files/trial_di/07_di_cross_150hz_75db_250ff-20n-80.wav,2.6052,30.0,di,20,n,80,145.0
8770,10.0,1.0,10,l,True,main_files/trial_di/07_di_cross_150hz_75db_250ff-20n-120.wav,2.1036,30.0,di,20,n,120,145.0
8770,12.0,1.0,12,h,False,main_files/trial_di/07_di_cross_150hz_75db_250ff-10n-80.wav,3.0115,30.0,di,10,n,80,155.0
8770,11.0,4.0,"12,10,1,11",m,False,main_files/trial_di/07_di_cross_150hz_75db_250ff-30p-80.wav,9.701,30.0,di,30,p,80,150.0
8770,11.0,2.0,"10,11",m,True,main_files/trial_di/07_di_cross_150hz_75db_250ff-000-250.wav,4.1972,30.0,di,0,0,0,150.0
8770,10.0,3.0,"10,11,10",l,True,main_files/trial_di/07_di_cross_150hz_75db_250ff-30n-40.wav,7.8297,30.0,di,30,n,40,145.0
8770,10.0,3.0,"10,12,10",l,False,main_files/trial_di/07_di_cross_150hz_75db_250ff-40p-120.wav,7.5691,30.0,di,40,p,120,145.0
8770,10.0,1.0,10,l,True,main_files/trial_di/07_di_cross_150hz_75db_250ff-40n-120.wav,2.2284,30.0,di,40,n,120,145.0
8770,11.0,3.0,"10,12,11",m,False,main_files/trial_di/07_di_cross_150hz_75db_250ff-40n-40.wav,9.6615,30.0,di,40,n,40,150.0
8770,11.0,0.0,,l,False,main_files/trial_di/07_di_cross_150hz_75db_250ff-20p-60.wav,0.0,30.0,di,20,p,60,150.0
8770,11.0,0.0,,l,False,main_files/trial_di/07_di_cross_150hz_75db_250ff-20p-40.wav,0.0,30.0,di,20,p,40,150.0
8770,9.0,6.0,"9,8,9,7,8,9",l,True,main_files/trial_di/07_di_cross_150hz_75db_250ff-40n-250.wav,9.4742,30.0,di,40,n,250,140.0
8770,12.0,1.0,12,h,True,main_files/trial_di/07_di_cross_150hz_75db_250ff-10p-40.wav,2.5944,30.0,di,10,p,40,155.0
8770,10.0,1.0,10,l,False,main_files/trial_di/07_di_cross_150hz_75db_250ff-40p-60.wav,3.8799,30.0,di,40,p,60,145.0
8770,11.0,0.0,,m,False,main_files/trial_di/07_di_cross_150hz_75db_250ff-30n-60.wav,2.9532,30.0,di,30,n,60,150.0
8770,11.0,0.0,,m,False,main_files/trial_di/07_di_cross_150hz_75db_250ff-10n-120.wav,3.1479,30.0,di,10,n,120,150.0
8770,10.0,2.0,"12,10",l,False,main_files/trial_di/07_di_cross_150hz_75db_250ff-20p-120.wav,4.7538,30.0,di,20,p,120,145.0
8770,11.0,0.0,,l,False,main_files/trial_di/07_di_cross_150hz_75db_250ff-000-40.wav,0.0,30.0,di,0,0,0,150.0
8770,12.0,2.0,"10,12",h,True,main_files/trial_di/07_di_cross_150hz_75db_250ff-40p-250.wav,7.1755,30.0,di,40,p,250,155.0
8770,9.0,1.0,9,l,True,main_files/trial_di/07_di_cross_150hz_75db_250ff-20n-250.wav,2.3681,30.0,di,20,n,250,140.0
8770,10.0,2.0,"9,10",l,True,main_files/trial_di/07_di_cross_150hz_75db_250ff-40n-100.wav,4.2531,30.0,di,40,n,100,145.0
8770,10.0,1.0,10,l,False,main_files/trial_di/07_di_cross_150hz_75db_250ff-30p-100.wav,2.61,30.0,di,30,p,100,145.0
8770,11.0,0.0,,l,True,main_files/trial_di/07_di_cross_150hz_75db_250ff-10n-60.wav,0.0,30.0,di,10,n,60,150.0
8770,11.0,0.0,,l,True,main_files/trial_di/07_di_cross_150hz_75db_250ff-20n-40.wav,0.0,30.0,di,20,n,40,150.0
8770,12.0,1.0,12,h,True,main_files/trial_di/07_di_cross_150hz_75db_250ff-20p-100.wav,2.7849,30.0,di,20,p,100,155.0
8770,11.0,0.0,,l,False,main_files/trial_di/07_di_cross_150hz_75db_250ff-30p-40.wav,0.0,30.0,di,30,p,40,150.0
8770,12.0,1.0,12,h,False,main_files/trial_di/07_di_cross_150hz_75db_250ff-30n-100.wav,5.0035,30.0,di,30,n,100,155.0
8770,10.0,1.0,10,l,False,main_files/trial_di/07_di_cross_150hz_75db_250ff-30p-120.wav,2.8872,30.0,di,30,p,120,145.0
8770,10.0,1.0,10,l,True,main_files/trial_di/07_di_cross_150hz_75db_250ff-30n-250.wav,4.0343,30.0,di,30,n,250,145.0
8770,12.0,1.0,12,h,True,main_files/trial_di/07_di_cross_150hz_75db_250ff-30p-60.wav,2.4277,30.0,di,30,p,60,155.0
8770,11.0,0.0,,l,False,main_files/trial_di/07_di_cross_150hz_75db_250ff-10p-100.wav,0.0,30.0,di,10,p,100,150.0
8770,11.0,0.0,,l,False,main_files/trial_di/07_di_cross_150hz_75db_250ff-40p-100.wav,0.0,30.0,di,40,p,100,150.0
8770,11.0,0.0,,l,False,main_files/trial_di/07_di_cross_150hz_75db_250ff-000-80.wav,0.0,30.0,di,0,0,0,150.0
8770,11.0,0.0,,l,False,main_files/trial_di/07_di_cross_150hz_75db_250ff-000-120.wav,0.0,30.0,di,0,0,0,150.0
8770,11.0,0.0,,l,False,main_files/trial_di/07_di_cross_150hz_75db_250ff-000-60.wav,0.0,30.0,di,0,0,0,150.0
8770,11.0,0.0,,l,False,main_files/trial_di/07_di_cross_150hz_75db_250ff-20p-80.wav,0.0,30.0,di,20,p,80,150.0
8770,10.0,1.0,10,l,True,main_files/trial_di/07_di_cross_150hz_75db_250ff-20n-100.wav,2.68,30.0,di,20,n,100,145.0
8770,11.0,0.0,,l,True,main_files/trial_di/07_di_cross_150hz_75db_250ff-10n-250.wav,0.0,30.0,di,10,n,250,150.0
8770,11.0,0.0,,l,True,main_files/trial_di/07_di_cross_150hz_75db_250ff-40n-60.wav,0.0,30.0,di,40,n,60,150.0
8770,10.0,1.0,10,l,False,main_files/trial_di/07_di_cross_150hz_75db_250ff-40p-80.wav,3.651,30.0,di,40,p,80,145.0
8770,11.0,0.0,,l,True,main_files/trial_di/07_di_cross_150hz_75db_250ff-20n-60.wav,0.0,30.0,di,20,n,60,150.0
8770,11.0,0.0,,l,True,main_files/trial_di/07_di_cross_150hz_75db_250ff-40n-80.wav,0.0,30.0,di,40,n,80,150.0
8770,10.0,1.0,10,l,False,main_files/trial_di/07_di_cross_150hz_75db_250ff-20p-250.wav,2.9276,30.0,di,20,p,250,145.0
8770,10.0,1.0,10,l,True,main_files/trial_di/07_di_cross_150hz_75db_250ff-10n-100.wav,3.3204,30.0,di,10,n,100,145.0
8770,11.0,0.0,,l,False,main_files/trial_tone/tone_150hz_75db_250ff-000-100.wav,0.0,30.0,tone,0,0,0,150.0
8770,11.0,0.0,,l,True,main_files/trial_tone/tone_150hz_75db_250ff-30n-120.wav,0.0,30.0,tone,30,n,120,150.0
8770,10.0,1.0,10,l,False,main_files/trial_tone/tone_150hz_75db_250ff-10p-250.wav,4.4196,30.0,tone,10,p,250,145.0
8770,11.0,0.0,,l,False,main_files/trial_tone/tone_150hz_75db_250ff-10p-80.wav,0.0,30.0,tone,10,p,80,150.0
8770,12.0,1.0,12,h,True,main_files/trial_tone/tone_150hz_75db_250ff-30p-250.wav,2.4697,30.0,tone,30,p,250,155.0
8770,12.0,1.0,12,h,True,main_files/trial_tone/tone_150hz_75db_250ff-40p-40.wav,1.9864,30.0,tone,40,p,40,155.0
8770,11.0,0.0,,l,False,main_files/trial_tone/tone_150hz_75db_250ff-10p-60.wav,0.0,30.0,tone,10,p,60,150.0
8770,10.0,1.0,10,l,True,main_files/trial_tone/tone_150hz_75db_250ff-30n-80.wav,3.0865,30.0,tone,30,n,80,145.0
8770,10.0,1.0,10,l,True,main_files/trial_tone/tone_150hz_75db_250ff-10n-40.wav,2.6366,30.0,tone,10,n,40,145.0
8770,11.0,0.0,,l,False,main_files/trial_tone/tone_150hz_75db_250ff-10p-120.wav,0.0,30.0,tone,10,p,120,150.0
8770,11.0,0.0,,l,True,main_files/trial_tone/tone_150hz_75db_250ff-20n-80.wav,0.0,30.0,tone,20,n,80,150.0
8770,11.0,0.0,,l,True,main_files/trial_tone/tone_150hz_75db_250ff-20n-120.wav,0.0,30.0,tone,20,n,120,150.0
8770,11.0,0.0,,l,True,main_files/trial_tone/tone_150hz_75db_250ff-10n-80.wav,0.0,30.0,tone,10,n,80,150.0
8770,10.0,1.0,10,l,False,main_files/trial_tone/tone_150hz_75db_250ff-30p-80.wav,2.4037,30.0,tone,30,p,80,145.0
8770,11.0,0.0,,l,False,main_files/trial_tone/tone_150hz_75db_250ff-000-250.wav,0.0,30.0,tone,0,0,0,150.0
8770,11.0,0.0,,l,True,main_files/trial_tone/tone_150hz_75db_250ff-30n-40.wav,0.0,30.0,tone,30,n,40,150.0
8770,10.0,1.0,10,l,False,main_files/trial_tone/tone_150hz_75db_250ff-40p-120.wav,2.6956,30.0,tone,40,p,120,145.0
8770,12.0,1.0,12,h,False,main_files/trial_tone/tone_150hz_75db_250ff-40n-120.wav,1.8187,30.0,tone,40,n,120,155.0
8770,11.0,2.0,"10,11",m,False,main_files/trial_tone/tone_150hz_75db_250ff-40n-40.wav,38.0752,30.0,tone,40,n,40,150.0
8770,10.0,2.0,"12,10",l,False,main_files/trial_tone/tone_150hz_75db_250ff-20p-60.wav,5.741,30.0,tone,20,p,60,145.0
8770,11.0,0.0,,l,False,main_files/trial_tone/tone_150hz_75db_250ff-20p-40.wav,0.0,30.0,tone,20,p,40,150.0
8770,13.0,2.0,"12,13",h,False,main_files/trial_tone/tone_150hz_75db_250ff-40n-250.wav,4.0863,30.0,tone,40,n,250,160.0
8770,11.0,0.0,,m,False,main_files/trial_tone/tone_150hz_75db_250ff-10p-40.wav,3.77,30.0,tone,10,p,40,150.0
8770,11.0,0.0,,l,False,main_files/trial_tone/tone_150hz_75db_250ff-40p-60.wav,0.0,30.0,tone,40,p,60,150.0
8770,11.0,0.0,,l,True,main_files/trial_tone/tone_150hz_75db_250ff-30n-60.wav,0.0,30.0,tone,30,n,60,150.0
8770,11.0,0.0,,l,True,main_files/trial_tone/tone_150hz_75db_250ff-10n-120.wav,0.0,30.0,tone,10,n,120,150.0
8770,11.0,0.0,,l,False,main_files/trial_tone/tone_150hz_75db_250ff-20p-120.wav,0.0,30.0,tone,20,p,120,150.0
8770,11.0,0.0,,l,False,main_files/trial_tone/tone_150hz_75db_250ff-000-40.wav,0.0,30.0,tone,0,0,0,150.0
8770,13.0,4.0,"12,13,18,13",h,True,main_files/trial_tone/tone_150hz_75db_250ff-40p-250.wav,6.9112,30.0,tone,40,p,250,160.0
8770,11.0,0.0,,l,True,main_files/trial_tone/tone_150hz_75db_250ff-20n-250.wav,0.0,30.0,tone,20,n,250,150.0
8770,12.0,1.0,12,h,False,main_files/trial_tone/tone_150hz_75db_250ff-40n-100.wav,4.0385,30.0,tone,40,n,100,155.0
8770,12.0,1.0,12,h,True,main_files/trial_tone/tone_150hz_75db_250ff-30p-100.wav,3.353,30.0,tone,30,p,100,155.0
8770,11.0,0.0,,l,True,main_files/trial_tone/tone_150hz_75db_250ff-10n-60.wav,0.0,30.0,tone,10,n,60,150.0
8770,11.0,0.0,,l,True,main_files/trial_tone/tone_150hz_75db_250ff-20n-40.wav,0.0,30.0,tone,20,n,40,150.0
8770,11.0,0.0,,l,False,main_files/trial_tone/tone_150hz_75db_250ff-20p-100.wav,0.0,30.0,tone,20,p,100,150.0
8770,11.0,0.0,,l,False,main_files/trial_tone/tone_150hz_75db_250ff-30p-40.wav,0.0,30.0,tone,30,p,40,150.0
8770,12.0,1.0,12,h,False,main_files/trial_tone/tone_150hz_75db_250ff-30n-100.wav,2.404,30.0,tone,30,n,100,155.0
8770,11.0,2.0,"12,11",m,False,main_files/trial_tone/tone_150hz_75db_250ff-30p-120.wav,5.0712,30.0,tone,30,p,120,150.0
8770,12.0,1.0,12,h,False,main_files/trial_tone/tone_150hz_75db_250ff-30n-250.wav,4.2746,30.0,tone,30,n,250,155.0
8770,11.0,0.0,,l,False,main_files/trial_tone/tone_150hz_75db_250ff-30p-60.wav,0.0,30.0,tone,30,p,60,150.0
8770,11.0,0.0,,l,False,main_files/trial_tone/tone_150hz_75db_250ff-10p-100.wav,0.0,30.0,tone,10,p,100,150.0
8770,10.0,1.0,10,l,False,main_files/trial_tone/tone_150hz_75db_250ff-40p-100.wav,2.7043,30.0,tone,40,p,100,145.0
8770,11.0,0.0,,l,False,main_files/trial_tone/tone_150hz_75db_250ff-000-80.wav,0.0,30.0,tone,0,0,0,150.0
8770,11.0,0.0,,l,False,main_files/trial_tone/tone_150hz_75db_250ff-000-120.wav,0.0,30.0,tone,0,0,0,150.0
8770,11.0,0.0,,l,False,main_files/trial_tone/tone_150hz_75db_250ff-000-60.wav,0.0,30.0,tone,0,0,0,150.0
8770,11.0,0.0,,l,False,main_files/trial_tone/tone_150hz_75db_250ff-20p-80.wav,0.0,30.0,tone,20,p,80,150.0
8770,10.0,1.0,10,l,True,main_files/trial_tone/tone_150hz_75db_250ff-20n-100.wav,2.9869,30.0,tone,20,n,100,145.0
8770,11.0,0.0,,l,True,main_files/trial_tone/tone_150hz_75db_250ff-10n-250.wav,0.0,30.0,tone,10,n,250,150.0
8770,10.0,2.0,"12,10",l,True,main_files/trial_tone/tone_150hz_75db_250ff-40n-60.wav,4.8831,30.0,tone,40,n,60,145.0
8770,10.0,1.0,10,l,False,main_files/trial_tone/tone_150hz_75db_250ff-40p-80.wav,2.0204,30.0,tone,40,p,80,145.0
8770,10.0,1.0,10,l,True,main_files/trial_tone/tone_150hz_75db_250ff-20n-60.wav,2.9419,30.0,tone,20,n,60,145.0
8770,10.0,1.0,10,l,True,main_files/trial_tone/tone_150hz_75db_250ff-40n-80.wav,3.198,30.0,tone,40,n,80,145.0
8770,12.0,1.0,12,h,True,main_files/trial_tone/tone_150hz_75db_250ff-20p-250.wav,2.8706,30.0,tone,20,p,250,155.0
8770,11.0,0.0,,l,True,main_files/trial_tone/tone_150hz_75db_250ff-10n-100.wav,0.0,30.0,tone,10,n,100,150.0
3358,11.0,0.0,,l,False,main_files/trial_di/07_di_cross_150hz_75db_250ff-000-100.wav,0.0,0.0,di,0,0,0,150.0
3358,11.0,0.0,,l,True,main_files/trial_di/07_di_cross_150hz_75db_250ff-30n-120.wav,0.0,0.0,di,30,n,120,150.0
3358,11.0,0.0,,l,False,main_files/trial_di/07_di_cross_150hz_75db_250ff-10p-250.wav,0.0,0.0,di,10,p,250,150.0
3358,11.0,0.0,,l,False,main_files/trial_di/07_di_cross_150hz_75db_250ff-10p-80.wav,0.0,0.0,di,10,p,80,150.0
3358,9.0,2.0,"10,9",l,False,main_files/trial_di/07_di_cross_150hz_75db_250ff-30p-250.wav,4.1828,0.0,di,30,p,250,140.0
3358,11.0,0.0,,l,False,main_files/trial_di/07_di_cross_150hz_75db_250ff-40p-40.wav,0.0,0.0,di,40,p,40,150.0
3358,11.0,0.0,,l,False,main_files/trial_di/07_di_cross_150hz_75db_250ff-10p-60.wav,0.0,0.0,di,10,p,60,150.0
3358,11.0,0.0,,l,True,main_files/trial_di/07_di_cross_150hz_75db_250ff-30n-80.wav,0.0,0.0,di,30,n,80,150.0
3358,11.0,0.0,,l,True,main_files/trial_di/07_di_cross_150hz_75db_250ff-10n-40.wav,0.0,0.0,di,10,n,40,150.0
3358,11.0,0.0,,l,False,main_files/trial_di/07_di_cross_150hz_75db_250ff-10p-120.wav,0.0,0.0,di,10,p,120,150.0
3358,11.0,0.0,,l,True,main_files/trial_di/07_di_cross_150hz_75db_250ff-20n-80.wav,0.0,0.0,di,20,n,80,150.0
3358,11.0,0.0,,l,True,main_files/trial_di/07_di_cross_150hz_75db_250ff-20n-120.wav,0.0,0.0,di,20,n,120,150.0
3358,11.0,0.0,,l,True,main_files/trial_di/07_di_cross_150hz_75db_250ff-10n-80.wav,0.0,0.0,di,10,n,80,150.0
3358,11.0,0.0,,l,False,main_files/trial_di/07_di_cross_150hz_75db_250ff-30p-80.wav,0.0,0.0,di,30,p,80,150.0
3358,11.0,0.0,,l,False,main_files/trial_di/07_di_cross_150hz_75db_250ff-000-250.wav,0.0,0.0,di,0,0,0,150.0
3358,11.0,0.0,,l,True,main_files/trial_di/07_di_cross_150hz_75db_250ff-30n-40.wav,0.0,0.0,di,30,n,40,150.0
3358,12.0,1.0,12,h,True,main_files/trial_di/07_di_cross_150hz_75db_250ff-40p-120.wav,1.9234,0.0,di,40,p,120,155.0
3358,11.0,0.0,,l,True,main_files/trial_di/07_di_cross_150hz_75db_250ff-40n-120.wav,0.0,0.0,di,40,n,120,150.0
3358,11.0,0.0,,l,True,main_files/trial_di/07_di_cross_150hz_75db_250ff-40n-40.wav,0.0,0.0,di,40,n,40,150.0
3358,11.0,0.0,,l,False,main_files/trial_di/07_di_cross_150hz_75db_250ff-20p-60.wav,0.0,0.0,di,20,p,60,150.0
3358,11.0,0.0,,l,False,main_files/trial_di/07_di_cross_150hz_75db_250ff-20p-40.wav,0.0,0.0,di,20,p,40,150.0
3358,7.0,3.0,"10,8,7",l,True,main_files/trial_di/07_di_cross_150hz_75db_250ff-40n-250.wav,5.8938,0.0,di,40,n,250,130.0
3358,11.0,0.0,,l,False,main_files/trial_di/07_di_cross_150hz_75db_250ff-10p-40.wav,0.0,0.0,di,10,p,40,150.0
3358,11.0,0.0,,l,False,main_files/trial_di/07_di_cross_150hz_75db_250ff-40p-60.wav,0.0,0.0,di,40,p,60,150.0
3358,11.0,0.0,,l,True,main_files/trial_di/07_di_cross_150hz_75db_250ff-30n-60.wav,0.0,0.0,di,30,n,60,150.0
3358,11.0,0.0,,l,True,main_files/trial_di/07_di_cross_150hz_75db_250ff-10n-120.wav,0.0,0.0,di,10,n,120,150.0
3358,11.0,0.0,,l,False,main_files/trial_di/07_di_cross_150hz_75db_250ff-20p-120.wav,0.0,0.0,di,20,p,120,150.0
3358,11.0,0.0,,l,False,main_files/trial_di/07_di_cross_150hz_75db_250ff-000-40.wav,0.0,0.0,di,0,0,0,150.0
3358,11.0,0.0,,l,False,main_files/trial_di/07_di_cross_150hz_75db_250ff-40p-250.wav,0.0,0.0,di,40,p,250,150.0
3358,11.0,0.0,,l,True,main_files/trial_di/07_di_cross_150hz_75db_250ff-20n-250.wav,0.0,0.0,di,20,n,250,150.0
3358,11.0,0.0,,l,True,main_files/trial_di/07_di_cross_150hz_75db_250ff-40n-100.wav,0.0,0.0,di,40,n,100,150.0
3358,11.0,0.0,,l,False,main_files/trial_di/07_di_cross_150hz_75db_250ff-30p-100.wav,0.0,0.0,di,30,p,100,150.0
3358,11.0,0.0,,l,True,main_files/trial_di/07_di_cross_150hz_75db_250ff-10n-60.wav,0.0,0.0,di,10,n,60,150.0
3358,11.0,0.0,,l,True,main_files/trial_di/07_di_cross_150hz_75db_250ff-20n-40.wav,0.0,0.0,di,20,n,40,150.0
3358,11.0,0.0,,l,False,main_files/trial_di/07_di_cross_150hz_75db_250ff-20p-100.wav,0.0,0.0,di,20,p,100,150.0
3358,11.0,0.0,,l,False,main_files/trial_di/07_di_cross_150hz_75db_250ff-30p-40.wav,0.0,0.0,di,30,p,40,150.0
3358,11.0,0.0,,l,True,main_files/trial_di/07_di_cross_150hz_75db_250ff-30n-100.wav,0.0,0.0,di,30,n,100,150.0
3358,11.0,0.0,,l,False,main_files/trial_di/07_di_cross_150hz_75db_250ff-30p-120.wav,0.0,0.0,di,30,p,120,150.0
3358,11.0,0.0,,l,True,main_files/trial_di/07_di_cross_150hz_75db_250ff-30n-250.wav,0.0,0.0,di,30,n,250,150.0
3358,11.0,0.0,,l,False,main_files/trial_di/07_di_cross_150hz_75db_250ff-30p-60.wav,0.0,0.0,di,30,p,60,150.0
3358,11.0,0.0,,l,False,main_files/trial_di/07_di_cross_150hz_75db_250ff-10p-100.wav,0.0,0.0,di,10,p,100,150.0
3358,11.0,0.0,,l,False,main_files/trial_di/07_di_cross_150hz_75db_250ff-40p-100.wav,0.0,0.0,di,40,p,100,150.0
3358,11.0,0.0,,l,False,main_files/trial_di/07_di_cross_150hz_75db_250ff-000-80.wav,0.0,0.0,di,0,0,0,150.0
3358,11.0,0.0,,l,False,main_files/trial_di/07_di_cross_150hz_75db_250ff-000-120.wav,0.0,0.0,di,0,0,0,150.0
3358,11.0,0.0,,l,False,main_files/trial_di/07_di_cross_150hz_75db_250ff-000-60.wav,0.0,0.0,di,0,0,0,150.0
3358,11.0,0.0,,l,False,main_files/trial_di/07_di_cross_150hz_75db_250ff-20p-80.wav,0.0,0.0,di,20,p,80,150.0
3358,11.0,0.0,,l,True,main_files/trial_di/07_di_cross_150hz_75db_250ff-20n-100.wav,0.0,0.0,di,20,n,100,150.0
3358,11.0,0.0,,l,True,main_files/trial_di/07_di_cross_150hz_75db_250ff-10n-250.wav,0.0,0.0,di,10,n,250,150.0
3358,11.0,0.0,,l,True,main_files/trial_di/07_di_cross_150hz_75db_250ff-40n-60.wav,0.0,0.0,di,40,n,60,150.0
3358,11.0,0.0,,l,False,main_files/trial_di/07_di_cross_150hz_75db_250ff-40p-80.wav,0.0,0.0,di,40,p,80,150.0
3358,11.0,0.0,,l,True,main_files/trial_di/07_di_cross_150hz_75db_250ff-20n-60.wav,0.0,0.0,di,20,n,60,150.0
3358,11.0,0.0,,l,True,main_files/trial_di/07_di_cross_150hz_75db_250ff-40n-80.wav,0.0,0.0,di,40,n,80,150.0
3358,11.0,0.0,,l,False,main_files/trial_di/07_di_cross_150hz_75db_250ff-20p-250.wav,0.0,0.0,di,20,p,250,150.0
3358,11.0,0.0,,l,True,main_files/trial_di/07_di_cross_150hz_75db_250ff-10n-100.wav,0.0,0.0,di,10,n,100,150.0
3358,11.0,0.0,,l,False,main_files/trial_i/07_i_150hz_75db_250ff-40p-80.wav,0.0,0.0,i,40,p,80,150.0
3358,11.0,0.0,,l,True,main_files/trial_i/07_i_150hz_75db_250ff-30n-100.wav,0.0,0.0,i,30,n,100,150.0
3358,11.0,0.0,,l,False,main_files/trial_i/07_i_150hz_75db_250ff-20p-250.wav,0.0,0.0,i,20,p,250,150.0
3358,11.0,0.0,,l,False,main_files/trial_i/07_i_150hz_75db_250ff-10p-60.wav,0.0,0.0,i,10,p,60,150.0
3358,11.0,0.0,,l,True,main_files/trial_i/07_i_150hz_75db_250ff-30n-250.wav,0.0,0.0,i,30,n,250,150.0
3358,11.0,0.0,,l,False,main_files/trial_i/07_i_150hz_75db_250ff-40p-120.wav,0.0,0.0,i,40,p,120,150.0
3358,11.0,0.0,,l,False,main_files/trial_i/07_i_150hz_75db_250ff-10p-40.wav,0.0,0.0,i,10,p,40,150.0
3358,11.0,0.0,,l,True,main_files/trial_i/07_i_150hz_75db_250ff-30n-60.wav,0.0,0.0,i,30,n,60,150.0
3358,11.0,0.0,,l,True,main_files/trial_i/07_i_150hz_75db_250ff-10n-40.wav,0.0,0.0,i,10,n,40,150.0
3358,11.0,0.0,,l,False,main_files/trial_i/07_i_150hz_75db_250ff-10p-250.wav,0.0,0.0,i,10,p,250,150.0
3358,11.0,0.0,,l,True,main_files/trial_i/07_i_150hz_75db_250ff-20n-60.wav,0.0,0.0,i,20,n,60,150.0
3358,11.0,0.0,,l,True,main_files/trial_i/07_i_150hz_75db_250ff-20n-100.wav,0.0,0.0,i,20,n,100,150.0
3358,11.0,0.0,,l,True,main_files/trial_i/07_i_150hz_75db_250ff-10n-80.wav,0.0,0.0,i,10,n,80,150.0
3358,11.0,0.0,,l,False,main_files/trial_i/07_i_150hz_75db_250ff-30p-60.wav,0.0,0.0,i,30,p,60,150.0
3358,11.0,0.0,,l,False,main_files/trial_i/07_i_150hz_75db_250ff-000-80.wav,0.0,0.0,i,0,0,0,150.0
3358,11.0,0.0,,l,True,main_files/trial_i/07_i_150hz_75db_250ff-30n-120.wav,0.0,0.0,i,30,n,120,150.0
3358,11.0,0.0,,l,False,main_files/trial_i/07_i_150hz_75db_250ff-40p-100.wav,0.0,0.0,i,40,p,100,150.0
3358,11.0,0.0,,l,True,main_files/trial_i/07_i_150hz_75db_250ff-40n-100.wav,0.0,0.0,i,40,n,100,150.0
3358,11.0,0.0,,l,True,main_files/trial_i/07_i_150hz_75db_250ff-40n-120.wav,0.0,0.0,i,40,n,120,150.0
3358,11.0,0.0,,l,False,main_files/trial_i/07_i_150hz_75db_250ff-20p-40.wav,0.0,0.0,i,20,p,40,150.0
3358,11.0,0.0,,l,False,main_files/trial_i/07_i_150hz_75db_250ff-20p-120.wav,0.0,0.0,i,20,p,120,150.0
3358,11.0,0.0,,l,False,main_files/trial_i/07_i_150hz_75db_250ff-40p-250.wav,0.0,0.0,i,40,p,250,150.0
3358,11.0,0.0,,l,False,main_files/trial_i/07_i_150hz_75db_250ff-10p-120.wav,0.0,0.0,i,10,p,120,150.0
3358,11.0,0.0,,l,False,main_files/trial_i/07_i_150hz_75db_250ff-40p-40.wav,0.0,0.0,i,40,p,40,150.0
3358,11.0,0.0,,l,True,main_files/trial_i/07_i_150hz_75db_250ff-30n-40.wav,0.0,0.0,i,30,n,40,150.0
3358,11.0,0.0,,l,True,main_files/trial_i/07_i_150hz_75db_250ff-10n-120.wav,0.0,0.0,i,10,n,120,150.0
3358,11.0,0.0,,l,False,main_files/trial_i/07_i_150hz_75db_250ff-20p-100.wav,0.0,0.0,i,20,p,100,150.0
3358,11.0,0.0,,l,False,main_files/trial_i/07_i_150hz_75db_250ff-000-120.wav,0.0,0.0,i,0,0,0,150.0
3358,11.0,0.0,,l,True,main_files/trial_i/07_i_150hz_75db_250ff-40n-250.wav,0.0,0.0,i,40,n,250,150.0
3358,11.0,0.0,,l,True,main_files/trial_i/07_i_150hz_75db_250ff-20n-250.wav,0.0,0.0,i,20,n,250,150.0
3358,11.0,0.0,,l,False,main_files/trial_i/07_i_150hz_75db_250ff-30p-80.wav,0.0,0.0,i,30,p,80,150.0
3358,11.0,0.0,,l,True,main_files/trial_i/07_i_150hz_75db_250ff-30n-80.wav,0.0,0.0,i,30,n,80,150.0
3358,11.0,0.0,,l,True,main_files/trial_i/07_i_150hz_75db_250ff-10n-60.wav,0.0,0.0,i,10,n,60,150.0
3358,11.0,0.0,,l,True,main_files/trial_i/07_i_150hz_75db_250ff-20n-120.wav,0.0,0.0,i,20,n,120,150.0
3358,11.0,0.0,,l,True,main_files/trial_i/07_i_150hz_75db_250ff-20n-80.wav,0.0,0.0,i,20,n,80,150.0
3358,11.0,0.0,,l,False,main_files/trial_i/07_i_150hz_75db_250ff-30p-120.wav,0.0,0.0,i,30,p,120,150.0
3358,11.0,0.0,,l,False,main_files/trial_i/07_i_150hz_75db_250ff-20p-80.wav,0.0,0.0,i,20,p,80,150.0
3358,11.0,0.0,,l,False,main_files/trial_i/07_i_150hz_75db_250ff-30p-100.wav,0.0,0.0,i,30,p,100,150.0
3358,11.0,0.0,,l,False,main_files/trial_i/07_i_150hz_75db_250ff-30p-250.wav,0.0,0.0,i,30,p,250,150.0
3358,11.0,0.0,,l,False,main_files/trial_i/07_i_150hz_75db_250ff-30p-40.wav,0.0,0.0,i,30,p,40,150.0
3358,11.0,0.0,,l,False,main_files/trial_i/07_i_150hz_75db_250ff-10p-100.wav,0.0,0.0,i,10,p,100,150.0
3358,11.0,0.0,,l,True,main_files/trial_i/07_i_150hz_75db_250ff-40n-80.wav,0.0,0.0,i,40,n,80,150.0
3358,11.0,0.0,,l,False,main_files/trial_i/07_i_150hz_75db_250ff-000-60.wav,0.0,0.0,i,0,0,0,150.0
3358,11.0,0.0,,l,False,main_files/trial_i/07_i_150hz_75db_250ff-000-100.wav,0.0,0.0,i,0,0,0,150.0
3358,11.0,0.0,,l,False,main_files/trial_i/07_i_150hz_75db_250ff-000-40.wav,0.0,0.0,i,0,0,0,150.0
3358,11.0,0.0,,l,False,main_files/trial_i/07_i_150hz_75db_250ff-20p-60.wav,0.0,0.0,i,20,p,60,150.0
3358,11.0,0.0,,l,False,main_files/trial_i/07_i_150hz_75db_250ff-10p-80.wav,0.0,0.0,i,10,p,80,150.0
3358,11.0,0.0,,l,True,main_files/trial_i/07_i_150hz_75db_250ff-10n-250.wav,0.0,0.0,i,10,n,250,150.0
3358,11.0,0.0,,l,True,main_files/trial_i/07_i_150hz_75db_250ff-40n-40.wav,0.0,0.0,i,40,n,40,150.0
3358,11.0,0.0,,l,False,main_files/trial_i/07_i_150hz_75db_250ff-40p-60.wav,0.0,0.0,i,40,p,60,150.0
3358,11.0,0.0,,l,True,main_files/trial_i/07_i_150hz_75db_250ff-20n-40.wav,0.0,0.0,i,20,n,40,150.0
3358,11.0,0.0,,l,True,main_files/trial_i/07_i_150hz_75db_250ff-40n-60.wav,0.0,0.0,i,40,n,60,150.0
3358,11.0,0.0,,l,False,main_files/trial_i/07_i_150hz_75db_250ff-000-250.wav,0.0,0.0,i,0,0,0,150.0
3358,11.0,0.0,,l,True,main_files/trial_i/07_i_150hz_75db_250ff-10n-100.wav,0.0,0.0,i,10,n,100,150.0
3358,11.0,0.0,,l,False,main_files/trial_tone/tone_150hz_75db_250ff-000-100.wav,0.0,0.0,tone,0,0,0,150.0
3358,11.0,0.0,,l,True,main_files/trial_tone/tone_150hz_75db_250ff-30n-120.wav,0.0,0.0,tone,30,n,120,150.0
3358,11.0,0.0,,l,False,main_files/trial_tone/tone_150hz_75db_250ff-10p-250.wav,0.0,0.0,tone,10,p,250,150.0
3358,11.0,0.0,,l,False,main_files/trial_tone/tone_150hz_75db_250ff-10p-80.wav,0.0,0.0,tone,10,p,80,150.0
3358,11.0,0.0,,l,False,main_files/trial_tone/tone_150hz_75db_250ff-30p-250.wav,0.0,0.0,tone,30,p,250,150.0
3358,11.0,0.0,,l,False,main_files/trial_tone/tone_150hz_75db_250ff-40p-40.wav,0.0,0.0,tone,40,p,40,150.0
3358,11.0,0.0,,l,False,main_files/trial_tone/tone_150hz_75db_250ff-10p-60.wav,0.0,0.0,tone,10,p,60,150.0
3358,11.0,0.0,,l,True,main_files/trial_tone/tone_150hz_75db_250ff-30n-80.wav,0.0,0.0,tone,30,n,80,150.0
3358,11.0,0.0,,l,True,main_files/trial_tone/tone_150hz_75db_250ff-10n-40.wav,0.0,0.0,tone,10,n,40,150.0
3358,11.0,0.0,,l,False,main_files/trial_tone/tone_150hz_75db_250ff-10p-120.wav,0.0,0.0,tone,10,p,120,150.0
3358,11.0,0.0,,l,True,main_files/trial_tone/tone_150hz_75db_250ff-20n-80.wav,0.0,0.0,tone,20,n,80,150.0
3358,11.0,0.0,,l,True,main_files/trial_tone/tone_150hz_75db_250ff-20n-120.wav,0.0,0.0,tone,20,n,120,150.0
3358,11.0,0.0,,l,True,main_files/trial_tone/tone_150hz_75db_250ff-10n-80.wav,0.0,0.0,tone,10,n,80,150.0
3358,11.0,0.0,,l,False,main_files/trial_tone/tone_150hz_75db_250ff-30p-80.wav,0.0,0.0,tone,30,p,80,150.0
3358,11.0,0.0,,l,False,main_files/trial_tone/tone_150hz_75db_250ff-000-250.wav,0.0,0.0,tone,0,0,0,150.0
3358,11.0,0.0,,l,True,main_files/trial_tone/tone_150hz_75db_250ff-30n-40.wav,0.0,0.0,tone,30,n,40,150.0
3358,11.0,0.0,,l,False,main_files/trial_tone/tone_150hz_75db_250ff-40p-120.wav,0.0,0.0,tone,40,p,120,150.0
3358,11.0,0.0,,l,True,main_files/trial_tone/tone_150hz_75db_250ff-40n-120.wav,0.0,0.0,tone,40,n,120,150.0
3358,11.0,0.0,,l,True,main_files/trial_tone/tone_150hz_75db_250ff-40n-40.wav,0.0,0.0,tone,40,n,40,150.0
3358,11.0,0.0,,l,False,main_files/trial_tone/tone_150hz_75db_250ff-20p-60.wav,0.0,0.0,tone,20,p,60,150.0
3358,11.0,0.0,,l,False,main_files/trial_tone/tone_150hz_75db_250ff-20p-40.wav,0.0,0.0,tone,20,p,40,150.0
3358,11.0,0.0,,l,True,main_files/trial_tone/tone_150hz_75db_250ff-40n-250.wav,0.0,0.0,tone,40,n,250,150.0
3358,11.0,0.0,,l,False,main_files/trial_tone/tone_150hz_75db_250ff-10p-40.wav,0.0,0.0,tone,10,p,40,150.0
3358,11.0,0.0,,l,False,main_files/trial_tone/tone_150hz_75db_250ff-40p-60.wav,0.0,0.0,tone,40,p,60,150.0
3358,11.0,0.0,,l,True,main_files/trial_tone/tone_150hz_75db_250ff-30n-60.wav,0.0,0.0,tone,30,n,60,150.0
3358,11.0,0.0,,l,True,main_files/trial_tone/tone_150hz_75db_250ff-10n-120.wav,0.0,0.0,tone,10,n,120,150.0
3358,11.0,0.0,,l,False,main_files/trial_tone/tone_150hz_75db_250ff-20p-120.wav,0.0,0.0,tone,20,p,120,150.0
3358,11.0,0.0,,l,False,main_files/trial_tone/tone_150hz_75db_250ff-000-40.wav,0.0,0.0,tone,0,0,0,150.0
3358,11.0,0.0,,l,False,main_files/trial_tone/tone_150hz_75db_250ff-40p-250.wav,0.0,0.0,tone,40,p,250,150.0
3358,11.0,0.0,,l,True,main_files/trial_tone/tone_150hz_75db_250ff-20n-250.wav,0.0,0.0,tone,20,n,250,150.0
3358,11.0,0.0,,l,True,main_files/trial_tone/tone_150hz_75db_250ff-40n-100.wav,0.0,0.0,tone,40,n,100,150.0
3358,11.0,0.0,,l,False,main_files/trial_tone/tone_150hz_75db_250ff-30p-100.wav,0.0,0.0,tone,30,p,100,150.0
3358,11.0,0.0,,l,True,main_files/trial_tone/tone_150hz_75db_250ff-10n-60.wav,0.0,0.0,tone,10,n,60,150.0
3358,11.0,0.0,,l,True,main_files/trial_tone/tone_150hz_75db_250ff-20n-40.wav,0.0,0.0,tone,20,n,40,150.0
3358,11.0,0.0,,l,False,main_files/trial_tone/tone_150hz_75db_250ff-20p-100.wav,0.0,0.0,tone,20,p,100,150.0
3358,11.0,0.0,,l,False,main_files/trial_tone/tone_150hz_75db_250ff-30p-40.wav,0.0,0.0,tone,30,p,40,150.0
3358,11.0,0.0,,l,True,main_files/trial_tone/tone_150hz_75db_250ff-30n-100.wav,0.0,0.0,tone,30,n,100,150.0
3358,11.0,0.0,,l,False,main_files/trial_tone/tone_150hz_75db_250ff-30p-120.wav,0.0,0.0,tone,30,p,120,150.0
3358,11.0,0.0,,l,True,main_files/trial_tone/tone_150hz_75db_250ff-30n-250.wav,0.0,0.0,tone,30,n,250,150.0
3358,11.0,0.0,,l,False,main_files/trial_tone/tone_150hz_75db_250ff-30p-60.wav,0.0,0.0,tone,30,p,60,150.0
3358,11.0,0.0,,l,False,main_files/trial_tone/tone_150hz_75db_250ff-10p-100.wav,0.0,0.0,tone,10,p,100,150.0
3358,11.0,0.0,,l,False,main_files/trial_tone/tone_150hz_75db_250ff-40p-100.wav,0.0,0.0,tone,40,p,100,150.0
3358,11.0,0.0,,l,False,main_files/trial_tone/tone_150hz_75db_250ff-000-80.wav,0.0,0.0,tone,0,0,0,150.0
3358,11.0,0.0,,l,False,main_files/trial_tone/tone_150hz_75db_250ff-000-120.wav,0.0,0.0,tone,0,0,0,150.0
3358,11.0,0.0,,l,False,main_files/trial_tone/tone_150hz_75db_250ff-000-60.wav,0.0,0.0,tone,0,0,0,150.0
3358,11.0,0.0,,l,False,main_files/trial_tone/tone_150hz_75db_250ff-20p-80.wav,0.0,0.0,tone,20,p,80,150.0
3358,11.0,0.0,,l,True,main_files/trial_tone/tone_150hz_75db_250ff-20n-100.wav,0.0,0.0,tone,20,n,100,150.0
3358,11.0,0.0,,l,True,main_files/trial_tone/tone_150hz_75db_250ff-10n-250.wav,0.0,0.0,tone,10,n,250,150.0
3358,11.0,0.0,,l,True,main_files/trial_tone/tone_150hz_75db_250ff-40n-60.wav,0.0,0.0,tone,40,n,60,150.0
3358,11.0,0.0,,l,False,main_files/trial_tone/tone_150hz_75db_250ff-40p-80.wav,0.0,0.0,tone,40,p,80,150.0
3358,11.0,0.0,,l,True,main_files/trial_tone/tone_150hz_75db_250ff-20n-60.wav,0.0,0.0,tone,20,n,60,150.0
3358,11.0,0.0,,l,True,main_files/trial_tone/tone_150hz_75db_250ff-40n-80.wav,0.0,0.0,tone,40,n,80,150.0
3358,11.0,0.0,,l,False,main_files/trial_tone/tone_150hz_75db_250ff-20p-250.wav,0.0,0.0,tone,20,p,250,150.0
3358,11.0,0.0,,l,True,main_files/trial_tone/tone_150hz_75db_250ff-10n-100.wav,0.0,0.0,tone,10,n,100,150.0
8989,17.0,9.0,"13,14,15,16,17,16,17,16,17",h,True,main_files/trial_i/07_i_150hz_75db_250ff-40p-80.wav,19.8114,41.0,i,40,p,80,180.0
8989,4.0,1.0,4,l,True,main_files/trial_i/07_i_150hz_75db_250ff-30n-100.wav,1.7956,41.0,i,30,n,100,115.0
8989,13.0,8.0,"14,15,13,12,13,10,11,13",h,True,main_files/trial_i/07_i_150hz_75db_250ff-20p-250.wav,18.5008,41.0,i,20,p,250,160.0
8989,11.0,4.0,"10,11,12,11",m,False,main_files/trial_i/07_i_150hz_75db_250ff-10p-60.wav,7.9396,41.0,i,10,p,60,150.0
8989,4.0,6.0,"7,6,5,4,5,4",l,True,main_files/trial_i/07_i_150hz_75db_250ff-30n-250.wav,12.7337,41.0,i,30,n,250,115.0
8989,17.0,4.0,"18,17,16,17",h,True,main_files/trial_i/07_i_150hz_75db_250ff-40p-120.wav,7.5699,41.0,i,40,p,120,180.0
8989,11.0,0.0,,l,False,main_files/trial_i/07_i_150hz_75db_250ff-10p-40.wav,0.0,41.0,i,10,p,40,150.0
8989,4.0,1.0,4,l,True,main_files/trial_i/07_i_150hz_75db_250ff-30n-60.wav,2.4121,41.0,i,30,n,60,115.0
8989,11.0,0.0,,l,True,main_files/trial_i/07_i_150hz_75db_250ff-10n-40.wav,0.0,41.0,i,10,n,40,150.0
8989,13.0,1.0,13,h,True,main_files/trial_i/07_i_150hz_75db_250ff-10p-250.wav,1.7737,41.0,i,10,p,250,160.0
8989,4.0,5.0,"4,11,4,10,4",l,True,main_files/trial_i/07_i_150hz_75db_250ff-20n-60.wav,11.5348,41.0,i,20,n,60,115.0
8989,8.0,5.0,"10,11,8,11,8",l,True,main_files/trial_i/07_i_150hz_75db_250ff-20n-100.wav,10.2689,41.0,i,20,n,100,135.0
8989,11.0,4.0,"10,9,8,11",m,False,main_files/trial_i/07_i_150hz_75db_250ff-10n-80.wav,8.4209,41.0,i,10,n,80,150.0
8989,13.0,9.0,"18,17,10,13,11,12,13,11,13",h,True,main_files/trial_i/07_i_150hz_75db_250ff-30p-60.wav,19.2194,41.0,i,30,p,60,160.0
8989,11.0,0.0,,l,False,main_files/trial_i/07_i_150hz_75db_250ff-000-80.wav,0.0,41.0,i,0,0,0,150.0
8989,4.0,1.0,4,l,True,main_files/trial_i/07_i_150hz_75db_250ff-30n-120.wav,2.0563,41.0,i,30,n,120,115.0
8989,17.0,2.0,"18,17",h,True,main_files/trial_i/07_i_150hz_75db_250ff-40p-100.wav,2.9896,41.0,i,40,p,100,180.0
8989,4.0,1.0,4,l,True,main_files/trial_i/07_i_150hz_75db_250ff-40n-100.wav,1.8282,41.0,i,40,n,100,115.0
8989,4.0,1.0,4,l,True,main_files/trial_i/07_i_150hz_75db_250ff-40n-120.wav,1.9738,41.0,i,40,n,120,115.0
8989,11.0,2.0,"13,11",m,False,main_files/trial_i/07_i_150hz_75db_250ff-20p-40.wav,4.1138,41.0,i,20,p,40,150.0
8989,13.0,3.0,"13,11,13",h,True,main_files/trial_i/07_i_150hz_75db_250ff-20p-120.wav,7.82,41.0,i,20,p,120,160.0
8989,17.0,2.0,"18,17",h,True,main_files/trial_i/07_i_150hz_75db_250ff-40p-250.wav,3.1391,41.0,i,40,p,250,180.0
8989,11.0,4.0,"12,11,12,11",m,False,main_files/trial_i/07_i_150hz_75db_250ff-10p-120.wav,9.353,41.0,i,10,p,120,150.0
8989,13.0,1.0,13,h,True,main_files/trial_i/07_i_150hz_75db_250ff-40p-40.wav,2.4625,41.0,i,40,p,40,160.0
8989,4.0,1.0,4,l,True,main_files/trial_i/07_i_150hz_75db_250ff-30n-40.wav,1.9062,41.0,i,30,n,40,115.0
8989,10.0,2.0,"9,10",l,True,main_files/trial_i/07_i_150hz_75db_250ff-10n-120.wav,4.9716,41.0,i,10,n,120,145.0
8989,13.0,2.0,"12,13",h,True,main_files/trial_i/07_i_150hz_75db_250ff-20p-100.wav,5.6211,41.0,i,20,p,100,160.0
8989,11.0,0.0,,l,False,main_files/trial_i/07_i_150hz_75db_250ff-000-120.wav,0.0,41.0,i,0,0,0,150.0
8989,4.0,1.0,4,l,True,main_files/trial_i/07_i_150hz_75db_250ff-40n-250.wav,2.793,41.0,i,40,n,250,115.0
8989,8.0,11.0,"6,7,8,9,10,9,11,9,11,9,8",l,True,main_files/trial_i/07_i_150hz_75db_250ff-20n-250.wav,19.9468,41.0,i,20,n,250,135.0
8989,17.0,2.0,"18,17",h,True,main_files/trial_i/07_i_150hz_75db_250ff-30p-80.wav,4.2556,41.0,i,30,p,80,180.0
8989,4.0,2.0,"3,4",l,True,main_files/trial_i/07_i_150hz_75db_250ff-30n-80.wav,3.3094,41.0,i,30,n,80,115.0
8989,11.0,0.0,,l,True,main_files/trial_i/07_i_150hz_75db_250ff-10n-60.wav,0.0,41.0,i,10,n,60,150.0
8989,8.0,1.0,8,l,True,main_files/trial_i/07_i_150hz_75db_250ff-20n-120.wav,2.8105,41.0,i,20,n,120,135.0
8989,11.0,0.0,,l,True,main_files/trial_i/07_i_150hz_75db_250ff-20n-80.wav,0.0,41.0,i,20,n,80,150.0
8989,17.0,2.0,"18,17",h,True,main_files/trial_i/07_i_150hz_75db_250ff-30p-120.wav,2.8763,41.0,i,30,p,120,180.0
8989,13.0,2.0,"14,13",h,True,main_files/trial_i/07_i_150hz_75db_250ff-20p-80.wav,3.9777,41.0,i,20,p,80,160.0
8989,15.0,1.0,15,h,True,main_files/trial_i/07_i_150hz_75db_250ff-30p-100.wav,1.8399,41.0,i,30,p,100,170.0
8989,14.0,9.0,"12,11,10,11,15,11,15,11,14",h,True,main_files/trial_i/07_i_150hz_75db_250ff-30p-250.wav,22.9121,41.0,i,30,p,250,165.0
8989,12.0,1.0,12,h,True,main_files/trial_i/07_i_150hz_75db_250ff-30p-40.wav,2.7225,41.0,i,30,p,40,155.0
8989,11.0,0.0,,l,False,main_files/trial_i/07_i_150hz_75db_250ff-10p-100.wav,0.0,41.0,i,10,p,100,150.0
8989,4.0,1.0,4,l,True,main_files/trial_i/07_i_150hz_75db_250ff-40n-80.wav,2.1393,41.0,i,40,n,80,115.0
8989,11.0,0.0,,l,False,main_files/trial_i/07_i_150hz_75db_250ff-000-60.wav,0.0,41.0,i,0,0,0,150.0
8989,11.0,0.0,,l,False,main_files/trial_i/07_i_150hz_75db_250ff-000-100.wav,0.0,41.0,i,0,0,0,150.0
8989,11.0,0.0,,l,False,main_files/trial_i/07_i_150hz_75db_250ff-000-40.wav,0.0,41.0,i,0,0,0,150.0
8989,13.0,1.0,13,h,True,main_files/trial_i/07_i_150hz_75db_250ff-20p-60.wav,2.7465,41.0,i,20,p,60,160.0
8989,11.0,2.0,"13,11",m,False,main_files/trial_i/07_i_150hz_75db_250ff-10p-80.wav,7.4267,41.0,i,10,p,80,150.0
8989,8.0,1.0,8,l,True,main_files/trial_i/07_i_150hz_75db_250ff-10n-250.wav,1.8735,41.0,i,10,n,250,135.0
8989,4.0,2.0,"3,4",l,True,main_files/trial_i/07_i_150hz_75db_250ff-40n-40.wav,3.7224,41.0,i,40,n,40,115.0
8989,17.0,2.0,"18,17",h,True,main_files/trial_i/07_i_150hz_75db_250ff-40p-60.wav,3.6766,41.0,i,40,p,60,180.0
8989,4.0,1.0,4,l,True,main_files/trial_i/07_i_150hz_75db_250ff-20n-40.wav,1.7739,41.0,i,20,n,40,115.0
8989,4.0,1.0,4,l,True,main_files/trial_i/07_i_150hz_75db_250ff-40n-60.wav,1.7135,41.0,i,40,n,60,115.0
8989,11.0,0.0,,l,False,main_files/trial_i/07_i_150hz_75db_250ff-000-250.wav,0.0,41.0,i,0,0,0,150.0
8989,8.0,2.0,"7,8",l,True,main_files/trial_i/07_i_150hz_75db_250ff-10n-100.wav,3.7551,41.0,i,10,n,100,135.0
8989,11.0,2.0,"10,11",m,True,main_files/trial_di/07_di_cross_150hz_75db_250ff-000-100.wav,5.3506,41.0,di,0,0,0,150.0
8989,4.0,1.0,4,l,True,main_files/trial_di/07_di_cross_150hz_75db_250ff-30n-120.wav,3.243,41.0,di,30,n,120,115.0
8989,13.0,1.0,13,h,True,main_files/trial_di/07_di_cross_150hz_75db_250ff-10p-250.wav,1.5741,41.0,di,10,p,250,160.0
8989,11.0,0.0,,l,False,main_files/trial_di/07_di_cross_150hz_75db_250ff-10p-80.wav,0.0,41.0,di,10,p,80,150.0
8989,17.0,4.0,"18,17,10,17",h,True,main_files/trial_di/07_di_cross_150hz_75db_250ff-30p-250.wav,6.4215,41.0,di,30,p,250,180.0
8989,11.0,0.0,,l,False,main_files/trial_di/07_di_cross_150hz_75db_250ff-40p-40.wav,0.0,41.0,di,40,p,40,150.0
8989,11.0,0.0,,l,False,main_files/trial_di/07_di_cross_150hz_75db_250ff-10p-60.wav,0.0,41.0,di,10,p,60,150.0
8989,4.0,1.0,4,l,True,main_files/trial_di/07_di_cross_150hz_75db_250ff-30n-80.wav,1.7607,41.0,di,30,n,80,115.0
8989,11.0,0.0,,l,True,main_files/trial_di/07_di_cross_150hz_75db_250ff-10n-40.wav,0.0,41.0,di,10,n,40,150.0
8989,11.0,2.0,"13,11",m,False,main_files/trial_di/07_di_cross_150hz_75db_250ff-10p-120.wav,3.7461,41.0,di,10,p,120,150.0
8989,4.0,1.0,4,l,True,main_files/trial_di/07_di_cross_150hz_75db_250ff-20n-80.wav,1.7792,41.0,di,20,n,80,115.0
8989,4.0,1.0,4,l,True,main_files/trial_di/07_di_cross_150hz_75db_250ff-20n-120.wav,2.477,41.0,di,20,n,120,115.0
8989,11.0,2.0,"10,11",m,False,main_files/trial_di/07_di_cross_150hz_75db_250ff-10n-80.wav,4.2137,41.0,di,10,n,80,150.0
8989,14.0,6.0,"13,14,11,14,11,14",h,True,main_files/trial_di/07_di_cross_150hz_75db_250ff-30p-80.wav,11.4577,41.0,di,30,p,80,165.0
8989,11.0,0.0,,l,False,main_files/trial_di/07_di_cross_150hz_75db_250ff-000-250.wav,0.0,41.0,di,0,0,0,150.0
8989,4.0,1.0,4,l,True,main_files/trial_di/07_di_cross_150hz_75db_250ff-30n-40.wav,1.8912,41.0,di,30,n,40,115.0
8989,17.0,1.0,17,h,True,main_files/trial_di/07_di_cross_150hz_75db_250ff-40p-120.wav,2.129,41.0,di,40,p,120,180.0
8989,4.0,1.0,4,l,True,main_files/trial_di/07_di_cross_150hz_75db_250ff-40n-120.wav,1.6928,41.0,di,40,n,120,115.0
8989,4.0,1.0,4,l,True,main_files/trial_di/07_di_cross_150hz_75db_250ff-40n-40.wav,2.4586,41.0,di,40,n,40,115.0
8989,11.0,8.0,"8,11,14,15,14,11,14,11",m,False,main_files/trial_di/07_di_cross_150hz_75db_250ff-20p-60.wav,14.7344,41.0,di,20,p,60,150.0
8989,11.0,0.0,,l,False,main_files/trial_di/07_di_cross_150hz_75db_250ff-20p-40.wav,0.0,41.0,di,20,p,40,150.0
8989,4.0,1.0,4,l,True,main_files/trial_di/07_di_cross_150hz_75db_250ff-40n-250.wav,1.8404,41.0,di,40,n,250,115.0
8989,11.0,0.0,,l,False,main_files/trial_di/07_di_cross_150hz_75db_250ff-10p-40.wav,0.0,41.0,di,10,p,40,150.0
8989,17.0,2.0,"18,17",h,True,main_files/trial_di/07_di_cross_150hz_75db_250ff-40p-60.wav,3.2727,41.0,di,40,p,60,180.0
8989,4.0,3.0,"4,11,4",l,True,main_files/trial_di/07_di_cross_150hz_75db_250ff-30n-60.wav,5.9565,41.0,di,30,n,60,115.0
8989,8.0,1.0,8,l,True,main_files/trial_di/07_di_cross_150hz_75db_250ff-10n-120.wav,1.7247,41.0,di,10,n,120,135.0
8989,14.0,7.0,"14,15,11,14,11,13,14",h,True,main_files/trial_di/07_di_cross_150hz_75db_250ff-20p-120.wav,14.4208,41.0,di,20,p,120,165.0
8989,11.0,0.0,,l,False,main_files/trial_di/07_di_cross_150hz_75db_250ff-000-40.wav,0.0,41.0,di,0,0,0,150.0
8989,17.0,1.0,17,h,True,main_files/trial_di/07_di_cross_150hz_75db_250ff-40p-250.wav,2.4772,41.0,di,40,p,250,180.0
8989,8.0,7.0,"7,6,8,10,8,11,8",l,True,main_files/trial_di/07_di_cross_150hz_75db_250ff-20n-250.wav,13.186,41.0,di,20,n,250,135.0
8989,4.0,1.0,4,l,True,main_files/trial_di/07_di_cross_150hz_75db_250ff-40n-100.wav,2.2097,41.0,di,40,n,100,115.0
8989,15.0,9.0,"17,11,15,14,15,11,15,11,15",h,True,main_files/trial_di/07_di_cross_150hz_75db_250ff-30p-100.wav,19.7713,41.0,di,30,p,100,170.0
8989,8.0,1.0,8,l,True,main_files/trial_di/07_di_cross_150hz_75db_250ff-10n-60.wav,2.0069,41.0,di,10,n,60,135.0
8989,8.0,1.0,8,l,True,main_files/trial_di/07_di_cross_150hz_75db_250ff-20n-40.wav,2.5561,41.0,di,20,n,40,135.0
8989,15.0,1.0,15,h,True,main_files/trial_di/07_di_cross_150hz_75db_250ff-20p-100.wav,1.7585,41.0,di,20,p,100,170.0
8989,11.0,0.0,,l,False,main_files/trial_di/07_di_cross_150hz_75db_250ff-30p-40.wav,0.0,41.0,di,30,p,40,150.0
8989,4.0,1.0,4,l,True,main_files/trial_di/07_di_cross_150hz_75db_250ff-30n-100.wav,1.925,41.0,di,30,n,100,115.0
8989,15.0,3.0,"15,11,15",h,True,main_files/trial_di/07_di_cross_150hz_75db_250ff-30p-120.wav,6.2387,41.0,di,30,p,120,170.0
8989,8.0,13.0,"7,3,4,11,4,11,7,11,6,11,8,11,8",l,True,main_files/trial_di/07_di_cross_150hz_75db_250ff-30n-250.wav,22.5818,41.0,di,30,n,250,135.0
8989,17.0,2.0,"18,17",h,True,main_files/trial_di/07_di_cross_150hz_75db_250ff-30p-60.wav,2.5408,41.0,di,30,p,60,180.0
8989,13.0,5.0,"12,11,10,11,13",h,True,main_files/trial_di/07_di_cross_150hz_75db_250ff-10p-100.wav,10.5692,41.0,di,10,p,100,160.0
8989,17.0,3.0,"15,16,17",h,True,main_files/trial_di/07_di_cross_150hz_75db_250ff-40p-100.wav,5.954,41.0,di,40,p,100,180.0
8989,11.0,0.0,,l,False,main_files/trial_di/07_di_cross_150hz_75db_250ff-000-80.wav,0.0,41.0,di,0,0,0,150.0
8989,11.0,0.0,,l,False,main_files/trial_di/07_di_cross_150hz_75db_250ff-000-120.wav,0.0,41.0,di,0,0,0,150.0
8989,11.0,0.0,,l,False,main_files/trial_di/07_di_cross_150hz_75db_250ff-000-60.wav,0.0,41.0,di,0,0,0,150.0
8989,13.0,8.0,"13,15,16,14,13,12,11,13",h,True,main_files/trial_di/07_di_cross_150hz_75db_250ff-20p-80.wav,13.0193,41.0,di,20,p,80,160.0
8989,4.0,1.0,4,l,True,main_files/trial_di/07_di_cross_150hz_75db_250ff-20n-100.wav,2.0579,41.0,di,20,n,100,115.0
8989,9.0,1.0,9,l,True,main_files/trial_di/07_di_cross_150hz_75db_250ff-10n-250.wav,1.8915,41.0,di,10,n,250,140.0
8989,8.0,3.0,"8,11,8",l,True,main_files/trial_di/07_di_cross_150hz_75db_250ff-40n-60.wav,7.9054,41.0,di,40,n,60,135.0
8989,17.0,2.0,"14,17",h,True,main_files/trial_di/07_di_cross_150hz_75db_250ff-40p-80.wav,3.5742,41.0,di,40,p,80,180.0
8989,8.0,2.0,"7,8",l,True,main_files/trial_di/07_di_cross_150hz_75db_250ff-20n-60.wav,3.5969,41.0,di,20,n,60,135.0
8989,8.0,1.0,8,l,True,main_files/trial_di/07_di_cross_150hz_75db_250ff-40n-80.wav,1.8252,41.0,di,40,n,80,135.0
8989,14.0,3.0,"14,15,14",h,True,main_files/trial_di/07_di_cross_150hz_75db_250ff-20p-250.wav,7.0872,41.0,di,20,p,250,165.0
8989,8.0,2.0,"7,8",l,True,main_files/trial_di/07_di_cross_150hz_75db_250ff-10n-100.wav,3.8405,41.0,di,10,n,100,135.0
8989,11.0,2.0,"10,11",m,True,main_files/trial_tone/tone_150hz_75db_250ff-000-100.wav,4.8339,41.0,tone,0,0,0,150.0
8989,8.0,3.0,"8,11,8",l,True,main_files/trial_tone/tone_150hz_75db_250ff-30n-120.wav,4.9125,41.0,tone,30,n,120,135.0
8989,13.0,2.0,"14,13",h,True,main_files/trial_tone/tone_150hz_75db_250ff-10p-250.wav,3.2061,41.0,tone,10,p,250,160.0
8989,11.0,6.0,"12,11,12,11,13,11",m,False,main_files/trial_tone/tone_150hz_75db_250ff-10p-80.wav,10.4019,41.0,tone,10,p,80,150.0
8989,17.0,12.0,"18,17,10,11,17,11,17,15,11,12,11,17",h,True,main_files/trial_tone/tone_150hz_75db_250ff-30p-250.wav,24.4278,41.0,tone,30,p,250,180.0
8989,12.0,10.0,"12,11,12,11,12,11,13,12,11,12",h,True,main_files/trial_tone/tone_150hz_75db_250ff-40p-40.wav,18.5806,41.0,tone,40,p,40,155.0
8989,11.0,0.0,,l,False,main_files/trial_tone/tone_150hz_75db_250ff-10p-60.wav,0.0,41.0,tone,10,p,60,150.0
8989,8.0,3.0,"8,11,8",l,True,main_files/trial_tone/tone_150hz_75db_250ff-30n-80.wav,5.7732,41.0,tone,30,n,80,135.0
8989,11.0,0.0,,l,True,main_files/trial_tone/tone_150hz_75db_250ff-10n-40.wav,0.0,41.0,tone,10,n,40,150.0
8989,13.0,1.0,13,h,True,main_files/trial_tone/tone_150hz_75db_250ff-10p-120.wav,1.8407,41.0,tone,10,p,120,160.0
8989,8.0,1.0,8,l,True,main_files/trial_tone/tone_150hz_75db_250ff-20n-80.wav,1.873,41.0,tone,20,n,80,135.0
8989,8.0,1.0,8,l,True,main_files/trial_tone/tone_150hz_75db_250ff-20n-120.wav,1.957,41.0,tone,20,n,120,135.0
8989,11.0,0.0,,l,True,main_files/trial_tone/tone_150hz_75db_250ff-10n-80.wav,0.0,41.0,tone,10,n,80,150.0
8989,17.0,16.0,"15,14,11,14,13,11,13,11,12,11,18,17,18,17,11,17",h,True,main_files/trial_tone/tone_150hz_75db_250ff-30p-80.wav,27.1933,41.0,tone,30,p,80,180.0
8989,11.0,0.0,,l,False,main_files/trial_tone/tone_150hz_75db_250ff-000-250.wav,0.0,41.0,tone,0,0,0,150.0
8989,8.0,1.0,8,l,True,main_files/trial_tone/tone_150hz_75db_250ff-30n-40.wav,1.6951,41.0,tone,30,n,40,135.0
8989,17.0,1.0,17,h,True,main_files/trial_tone/tone_150hz_75db_250ff-40p-120.wav,2.3897,41.0,tone,40,p,120,180.0
8989,4.0,5.0,"6,5,4,11,4",l,True,main_files/trial_tone/tone_150hz_75db_250ff-40n-120.wav,8.7068,41.0,tone,40,n,120,115.0
8989,8.0,3.0,"8,11,8",l,True,main_files/trial_tone/tone_150hz_75db_250ff-40n-40.wav,6.4055,41.0,tone,40,n,40,135.0
8989,11.0,6.0,"14,11,14,11,14,11",m,False,main_files/trial_tone/tone_150hz_75db_250ff-20p-60.wav,12.6012,41.0,tone,20,p,60,150.0
8989,13.0,5.0,"12,11,13,11,13",h,True,main_files/trial_tone/tone_150hz_75db_250ff-20p-40.wav,10.1423,41.0,tone,20,p,40,160.0
8989,4.0,7.0,"3,5,4,11,4,11,4",l,True,main_files/trial_tone/tone_150hz_75db_250ff-40n-250.wav,11.388,41.0,tone,40,n,250,115.0
8989,11.0,0.0,,l,False,main_files/trial_tone/tone_150hz_75db_250ff-10p-40.wav,0.0,41.0,tone,10,p,40,150.0
8989,17.0,2.0,"18,17",h,True,main_files/trial_tone/tone_150hz_75db_250ff-40p-60.wav,3.3547,41.0,tone,40,p,60,180.0
8989,8.0,13.0,"8,11,8,11,8,4,11,5,11,4,8,11,8",l,True,main_files/trial_tone/tone_150hz_75db_250ff-30n-60.wav,23.9794,41.0,tone,30,n,60,135.0
8989,9.0,7.0,"9,11,9,11,10,11,9",l,True,main_files/trial_tone/tone_150hz_75db_250ff-10n-120.wav,14.1874,41.0,tone,10,n,120,140.0
8989,15.0,1.0,15,h,True,main_files/trial_tone/tone_150hz_75db_250ff-20p-120.wav,1.8287,41.0,tone,20,p,120,170.0
8989,11.0,0.0,,l,False,main_files/trial_tone/tone_150hz_75db_250ff-000-40.wav,0.0,41.0,tone,0,0,0,150.0
8989,17.0,2.0,"18,17",h,True,main_files/trial_tone/tone_150hz_75db_250ff-40p-250.wav,2.99,41.0,tone,40,p,250,180.0
8989,8.0,9.0,"8,11,8,9,10,11,8,9,8",l,True,main_files/trial_tone/tone_150hz_75db_250ff-20n-250.wav,18.1312,41.0,tone,20,n,250,135.0
8989,4.0,1.0,4,l,True,main_files/trial_tone/tone_150hz_75db_250ff-40n-100.wav,1.9248,41.0,tone,40,n,100,115.0
8989,17.0,3.0,"17,11,17",h,True,main_files/trial_tone/tone_150hz_75db_250ff-30p-100.wav,6.7589,41.0,tone,30,p,100,180.0
8989,8.0,3.0,"8,11,8",l,True,main_files/trial_tone/tone_150hz_75db_250ff-10n-60.wav,4.9578,41.0,tone,10,n,60,135.0
8989,8.0,1.0,8,l,True,main_files/trial_tone/tone_150hz_75db_250ff-20n-40.wav,1.9309,41.0,tone,20,n,40,135.0
8989,15.0,31.0,"14,15,11,15,11,15,11,12,13,14,11,14,10,11,14,15,14,11,14,11,14,11,15,11,15,11,15,11,14,11,15",h,True,main_files/trial_tone/tone_150hz_75db_250ff-20p-100.wav,52.6149,41.0,tone,20,p,100,170.0
8989,11.0,4.0,"10,11,12,11",m,False,main_files/trial_tone/tone_150hz_75db_250ff-30p-40.wav,6.1755,41.0,tone,30,p,40,150.0
8989,4.0,8.0,"3,4,10,11,3,4,11,4",l,True,main_files/trial_tone/tone_150hz_75db_250ff-30n-100.wav,14.3688,41.0,tone,30,n,100,115.0
8989,17.0,2.0,"15,17",h,True,main_files/trial_tone/tone_150hz_75db_250ff-30p-120.wav,3.3922,41.0,tone,30,p,120,180.0
8989,11.0,4.0,"8,11,8,11",m,False,main_files/trial_tone/tone_150hz_75db_250ff-30n-250.wav,7.2222,41.0,tone,30,n,250,150.0
8989,17.0,5.0,"17,11,17,11,17",h,True,main_files/trial_tone/tone_150hz_75db_250ff-30p-60.wav,12.7869,41.0,tone,30,p,60,180.0
8989,11.0,6.0,"9,11,10,11,12,11",m,False,main_files/trial_tone/tone_150hz_75db_250ff-10p-100.wav,11.5566,41.0,tone,10,p,100,150.0
8989,17.0,1.0,17,h,True,main_files/trial_tone/tone_150hz_75db_250ff-40p-100.wav,1.9915,41.0,tone,40,p,100,180.0
8989,11.0,0.0,,l,False,main_files/trial_tone/tone_150hz_75db_250ff-000-80.wav,0.0,41.0,tone,0,0,0,150.0
8989,11.0,0.0,,l,False,main_files/trial_tone/tone_150hz_75db_250ff-000-120.wav,0.0,41.0,tone,0,0,0,150.0
8989,11.0,0.0,,l,False,main_files/trial_tone/tone_150hz_75db_250ff-000-60.wav,0.0,41.0,tone,0,0,0,150.0
8989,15.0,5.0,"14,11,15,11,15",h,True,main_files/trial_tone/tone_150hz_75db_250ff-20p-80.wav,9.6375,41.0,tone,20,p,80,170.0
8989,8.0,3.0,"8,11,8",l,True,main_files/trial_tone/tone_150hz_75db_250ff-20n-100.wav,7.0056,41.0,tone,20,n,100,135.0
8989,9.0,5.0,"9,11,9,11,9",l,True,main_files/trial_tone/tone_150hz_75db_250ff-10n-250.wav,10.8235,41.0,tone,10,n,250,140.0
8989,4.0,4.0,"4,10,11,4",l,True,main_files/trial_tone/tone_150hz_75db_250ff-40n-60.wav,7.2726,41.0,tone,40,n,60,115.0
8989,17.0,1.0,17,h,True,main_files/trial_tone/tone_150hz_75db_250ff-40p-80.wav,2.2914,41.0,tone,40,p,80,180.0
8989,8.0,1.0,8,l,True,main_files/trial_tone/tone_150hz_75db_250ff-20n-60.wav,1.8129,41.0,tone,20,n,60,135.0
8989,8.0,5.0,"8,11,8,11,8",l,True,main_files/trial_tone/tone_150hz_75db_250ff-40n-80.wav,11.0693,41.0,tone,40,n,80,135.0
8989,13.0,17.0,"15,14,11,14,11,14,15,11,15,11,15,11,13,11,13,11,13",h,True,main_files/trial_tone/tone_150hz_75db_250ff-20p-250.wav,34.927,41.0,tone,20,p,250,160.0
8989,8.0,3.0,"8,11,8",l,True,main_files/trial_tone/tone_150hz_75db_250ff-10n-100.wav,4.7237,41.0,tone,10,n,100,135.0
80,11.0,3.0,"5,9,11",m,True,main_files/trial_tone/tone_150hz_75db_250ff-000-100.wav,7.372,38.0,tone,0,0,0,150.0
80,11.0,2.0,"10,11",m,False,main_files/trial_tone/tone_150hz_75db_250ff-30n-120.wav,4.41,38.0,tone,30,n,120,150.0
80,11.0,5.0,"5,9,12,13,11",m,False,main_files/trial_tone/tone_150hz_75db_250ff-10p-250.wav,11.081,38.0,tone,10,p,250,150.0
80,11.0,2.0,"10,11",m,False,main_files/trial_tone/tone_150hz_75db_250ff-10p-80.wav,4.998,38.0,tone,10,p,80,150.0
80,11.0,2.0,"10,11",m,False,main_files/trial_tone/tone_150hz_75db_250ff-30p-250.wav,4.248,38.0,tone,30,p,250,150.0
80,11.0,2.0,"10,11",m,False,main_files/trial_tone/tone_150hz_75db_250ff-40p-40.wav,4.38,38.0,tone,40,p,40,150.0
80,11.0,3.0,"8,12,11",m,False,main_files/trial_tone/tone_150hz_75db_250ff-10p-60.wav,6.515,38.0,tone,10,p,60,150.0
80,11.0,2.0,"10,11",m,False,main_files/trial_tone/tone_150hz_75db_250ff-30n-80.wav,4.647,38.0,tone,30,n,80,150.0
80,11.0,0.0,,m,False,main_files/trial_tone/tone_150hz_75db_250ff-10n-40.wav,2.98,38.0,tone,10,n,40,150.0
80,11.0,2.0,"12,11",m,False,main_files/trial_tone/tone_150hz_75db_250ff-10p-120.wav,4.21,38.0,tone,10,p,120,150.0
80,11.0,3.0,"13,12,11",m,False,main_files/trial_tone/tone_150hz_75db_250ff-20n-80.wav,6.382,38.0,tone,20,n,80,150.0
80,11.0,2.0,"12,11",m,False,main_files/trial_tone/tone_150hz_75db_250ff-20n-120.wav,4.548,38.0,tone,20,n,120,150.0
80,11.0,0.0,,l,True,main_files/trial_tone/tone_150hz_75db_250ff-10n-80.wav,0.0,38.0,tone,10,n,80,150.0
80,11.0,3.0,"8,10,11",m,False,main_files/trial_tone/tone_150hz_75db_250ff-30p-80.wav,6.677,38.0,tone,30,p,80,150.0
80,11.0,2.0,"12,11",m,True,main_files/trial_tone/tone_150hz_75db_250ff-000-250.wav,4.479,38.0,tone,0,0,0,150.0
80,11.0,0.0,,l,True,main_files/trial_tone/tone_150hz_75db_250ff-30n-40.wav,0.0,38.0,tone,30,n,40,150.0
80,11.0,3.0,"9,13,11",m,False,main_files/trial_tone/tone_150hz_75db_250ff-40p-120.wav,6.943,38.0,tone,40,p,120,150.0
80,12.0,3.0,"12,10,12",h,False,main_files/trial_tone/tone_150hz_75db_250ff-40n-120.wav,6.775,38.0,tone,40,n,120,155.0
80,11.0,2.0,"12,11",m,False,main_files/trial_tone/tone_150hz_75db_250ff-40n-40.wav,4.71,38.0,tone,40,n,40,150.0
80,11.0,2.0,"12,11",m,False,main_files/trial_tone/tone_150hz_75db_250ff-20p-60.wav,4.579,38.0,tone,20,p,60,150.0
80,11.0,3.0,"10,12,11",m,False,main_files/trial_tone/tone_150hz_75db_250ff-20p-40.wav,6.214,38.0,tone,20,p,40,150.0
80,12.0,4.0,"9,10,11,12",h,False,main_files/trial_tone/tone_150hz_75db_250ff-40n-250.wav,8.997,38.0,tone,40,n,250,155.0
80,11.0,4.0,"9,13,12,11",m,False,main_files/trial_tone/tone_150hz_75db_250ff-10p-40.wav,9.565,38.0,tone,10,p,40,150.0
80,11.0,4.0,"9,14,12,11",m,False,main_files/trial_tone/tone_150hz_75db_250ff-40p-60.wav,9.098,38.0,tone,40,p,60,150.0
80,11.0,4.0,"10,11,12,11",m,False,main_files/trial_tone/tone_150hz_75db_250ff-30n-60.wav,7.642,38.0,tone,30,n,60,150.0
80,11.0,0.0,,l,True,main_files/trial_tone/tone_150hz_75db_250ff-10n-120.wav,0.0,38.0,tone,10,n,120,150.0
80,11.0,2.0,"9,11",m,False,main_files/trial_tone/tone_150hz_75db_250ff-20p-120.wav,4.781,38.0,tone,20,p,120,150.0
80,11.0,0.0,,l,False,main_files/trial_tone/tone_150hz_75db_250ff-000-40.wav,0.0,38.0,tone,0,0,0,150.0
80,11.0,2.0,"7,11",m,False,main_files/trial_tone/tone_150hz_75db_250ff-40p-250.wav,4.809,38.0,tone,40,p,250,150.0
80,11.0,3.0,"10,12,11",m,False,main_files/trial_tone/tone_150hz_75db_250ff-20n-250.wav,6.445,38.0,tone,20,n,250,150.0
80,9.0,1.0,9,l,True,main_files/trial_tone/tone_150hz_75db_250ff-40n-100.wav,5.014,38.0,tone,40,n,100,140.0
80,11.0,2.0,"10,11",m,False,main_files/trial_tone/tone_150hz_75db_250ff-30p-100.wav,5.029,38.0,tone,30,p,100,150.0
80,10.0,8.0,"9,5,11,13,12,10,11,10",l,True,main_files/trial_tone/tone_150hz_75db_250ff-10n-60.wav,17.45,38.0,tone,10,n,60,145.0
80,11.0,2.0,"10,11",m,False,main_files/trial_tone/tone_150hz_75db_250ff-20n-40.wav,5.049,38.0,tone,20,n,40,150.0
80,11.0,0.0,,l,False,main_files/trial_tone/tone_150hz_75db_250ff-20p-100.wav,0.0,38.0,tone,20,p,100,150.0
80,11.0,0.0,,l,False,main_files/trial_tone/tone_150hz_75db_250ff-30p-40.wav,0.0,38.0,tone,30,p,40,150.0
80,11.0,0.0,,l,True,main_files/trial_tone/tone_150hz_75db_250ff-30n-100.wav,0.0,38.0,tone,30,n,100,150.0
80,11.0,0.0,,l,False,main_files/trial_tone/tone_150hz_75db_250ff-30p-120.wav,0.0,38.0,tone,30,p,120,150.0
80,10.0,1.0,10,l,True,main_files/trial_tone/tone_150hz_75db_250ff-30n-250.wav,3.281,38.0,tone,30,n,250,145.0
80,10.0,2.0,"9,10",l,False,main_files/trial_tone/tone_150hz_75db_250ff-30p-60.wav,4.546,38.0,tone,30,p,60,145.0
80,11.0,3.0,"9,10,11",m,False,main_files/trial_tone/tone_150hz_75db_250ff-10p-100.wav,6.148,38.0,tone,10,p,100,150.0
80,11.0,3.0,"12,10,11",m,False,main_files/trial_tone/tone_150hz_75db_250ff-40p-100.wav,7.743,38.0,tone,40,p,100,150.0
80,11.0,0.0,,l,False,main_files/trial_tone/tone_150hz_75db_250ff-000-80.wav,0.0,38.0,tone,0,0,0,150.0
80,11.0,3.0,"8,10,11",m,True,main_files/trial_tone/tone_150hz_75db_250ff-000-120.wav,7.313,38.0,tone,0,0,0,150.0
80,11.0,0.0,,l,False,main_files/trial_tone/tone_150hz_75db_250ff-000-60.wav,0.0,38.0,tone,0,0,0,150.0
80,11.0,0.0,,l,False,main_files/trial_tone/tone_150hz_75db_250ff-20p-80.wav,0.0,38.0,tone,20,p,80,150.0
80,10.0,1.0,10,l,True,main_files/trial_tone/tone_150hz_75db_250ff-20n-100.wav,2.646,38.0,tone,20,n,100,145.0
80,9.0,2.0,"12,9",l,True,main_files/trial_tone/tone_150hz_75db_250ff-10n-250.wav,4.896,38.0,tone,10,n,250,140.0
80,11.0,0.0,,l,True,main_files/trial_tone/tone_150hz_75db_250ff-40n-60.wav,0.0,38.0,tone,40,n,60,150.0
80,10.0,1.0,10,l,False,main_files/trial_tone/tone_150hz_75db_250ff-40p-80.wav,2.847,38.0,tone,40,p,80,145.0
80,11.0,0.0,,l,True,main_files/trial_tone/tone_150hz_75db_250ff-20n-60.wav,0.0,38.0,tone,20,n,60,150.0
80,11.0,0.0,,l,True,main_files/trial_tone/tone_150hz_75db_250ff-40n-80.wav,0.0,38.0,tone,40,n,80,150.0
80,10.0,1.0,10,l,False,main_files/trial_tone/tone_150hz_75db_250ff-20p-250.wav,1.998,38.0,tone,20,p,250,145.0
80,11.0,0.0,,l,True,main_files/trial_tone/tone_150hz_75db_250ff-10n-100.wav,0.0,38.0,tone,10,n,100,150.0
80,11.0,2.0,"10,11",m,True,main_files/trial_di/07_di_cross_150hz_75db_250ff-000-100.wav,4.274,38.0,di,0,0,0,150.0
80,11.0,2.0,"12,11",m,False,main_files/trial_di/07_di_cross_150hz_75db_250ff-30n-120.wav,5.181,38.0,di,30,n,120,150.0
80,9.0,3.0,"8,1,9",l,False,main_files/trial_di/07_di_cross_150hz_75db_250ff-10p-250.wav,8.48,38.0,di,10,p,250,140.0
80,9.0,1.0,9,l,False,main_files/trial_di/07_di_cross_150hz_75db_250ff-10p-80.wav,2.378,38.0,di,10,p,80,140.0
80,9.0,6.0,"15,13,12,11,10,9",l,False,main_files/trial_di/07_di_cross_150hz_75db_250ff-30p-250.wav,13.011,38.0,di,30,p,250,140.0
80,12.0,2.0,"10,12",h,True,main_files/trial_di/07_di_cross_150hz_75db_250ff-40p-40.wav,6.109,38.0,di,40,p,40,155.0
80,12.0,5.0,"12,13,14,13,12",h,True,main_files/trial_di/07_di_cross_150hz_75db_250ff-10p-60.wav,11.48,38.0,di,10,p,60,155.0
80,10.0,1.0,10,l,True,main_files/trial_di/07_di_cross_150hz_75db_250ff-30n-80.wav,2.748,38.0,di,30,n,80,145.0
80,12.0,1.0,12,h,False,main_files/trial_di/07_di_cross_150hz_75db_250ff-10n-40.wav,3.065,38.0,di,10,n,40,155.0
80,12.0,2.0,"10,12",h,True,main_files/trial_di/07_di_cross_150hz_75db_250ff-10p-120.wav,4.745,38.0,di,10,p,120,155.0
80,11.0,0.0,,l,True,main_files/trial_di/07_di_cross_150hz_75db_250ff-20n-80.wav,0.0,38.0,di,20,n,80,150.0
80,11.0,0.0,,l,True,main_files/trial_di/07_di_cross_150hz_75db_250ff-20n-120.wav,0.0,38.0,di,20,n,120,150.0
80,13.0,2.0,"12,13",h,False,main_files/trial_di/07_di_cross_150hz_75db_250ff-10n-80.wav,7.381,38.0,di,10,n,80,160.0
80,13.0,2.0,"10,13",h,True,main_files/trial_di/07_di_cross_150hz_75db_250ff-30p-80.wav,4.847,38.0,di,30,p,80,160.0
80,12.0,1.0,12,h,False,main_files/trial_di/07_di_cross_150hz_75db_250ff-000-250.wav,2.612,38.0,di,0,0,0,155.0
80,10.0,3.0,"10,11,10",l,True,main_files/trial_di/07_di_cross_150hz_75db_250ff-30n-40.wav,6.348,38.0,di,30,n,40,145.0
80,9.0,3.0,"12,10,9",l,False,main_files/trial_di/07_di_cross_150hz_75db_250ff-40p-120.wav,7.363,38.0,di,40,p,120,140.0
80,11.0,0.0,,l,True,main_files/trial_di/07_di_cross_150hz_75db_250ff-40n-120.wav,0.0,38.0,di,40,n,120,150.0
80,12.0,2.0,"14,12",h,False,main_files/trial_di/07_di_cross_150hz_75db_250ff-40n-40.wav,4.332,38.0,di,40,n,40,155.0
80,10.0,1.0,10,l,False,main_files/trial_di/07_di_cross_150hz_75db_250ff-20p-60.wav,2.584,38.0,di,20,p,60,145.0
80,10.0,1.0,10,l,False,main_files/trial_di/07_di_cross_150hz_75db_250ff-20p-40.wav,2.664,38.0,di,20,p,40,145.0
80,14.0,7.0,"4,6,8,9,14,15,14",h,False,main_files/trial_di/07_di_cross_150hz_75db_250ff-40n-250.wav,14.844,38.0,di,40,n,250,165.0
80,11.0,0.0,,l,False,main_files/trial_di/07_di_cross_150hz_75db_250ff-10p-40.wav,0.0,38.0,di,10,p,40,150.0
80,11.0,0.0,,l,False,main_files/trial_di/07_di_cross_150hz_75db_250ff-40p-60.wav,0.0,38.0,di,40,p,60,150.0
80,11.0,0.0,,l,True,main_files/trial_di/07_di_cross_150hz_75db_250ff-30n-60.wav,0.0,38.0,di,30,n,60,150.0
80,11.0,0.0,,l,True,main_files/trial_di/07_di_cross_150hz_75db_250ff-10n-120.wav,0.0,38.0,di,10,n,120,150.0
80,11.0,2.0,"9,11",m,False,main_files/trial_di/07_di_cross_150hz_75db_250ff-20p-120.wav,5.115,38.0,di,20,p,120,150.0
80,13.0,2.0,"12,13",h,False,main_files/trial_di/07_di_cross_150hz_75db_250ff-000-40.wav,5.079,38.0,di,0,0,0,160.0
80,11.0,2.0,"9,11",m,False,main_files/trial_di/07_di_cross_150hz_75db_250ff-40p-250.wav,4.644,38.0,di,40,p,250,150.0
80,11.0,0.0,,l,True,main_files/trial_di/07_di_cross_150hz_75db_250ff-20n-250.wav,0.0,38.0,di,20,n,250,150.0
80,13.0,1.0,13,h,False,main_files/trial_di/07_di_cross_150hz_75db_250ff-40n-100.wav,2.948,38.0,di,40,n,100,160.0
80,8.0,1.0,8,l,False,main_files/trial_di/07_di_cross_150hz_75db_250ff-30p-100.wav,1.93,38.0,di,30,p,100,135.0
80,13.0,1.0,13,h,False,main_files/trial_di/07_di_cross_150hz_75db_250ff-10n-60.wav,2.031,38.0,di,10,n,60,160.0
80,11.0,0.0,,l,True,main_files/trial_di/07_di_cross_150hz_75db_250ff-20n-40.wav,0.0,38.0,di,20,n,40,150.0
80,13.0,1.0,13,h,True,main_files/trial_di/07_di_cross_150hz_75db_250ff-20p-100.wav,4.009,38.0,di,20,p,100,160.0
80,11.0,0.0,,l,False,main_files/trial_di/07_di_cross_150hz_75db_250ff-30p-40.wav,0.0,38.0,di,30,p,40,150.0
80,14.0,1.0,14,h,False,main_files/trial_di/07_di_cross_150hz_75db_250ff-30n-100.wav,3.814,38.0,di,30,n,100,165.0
80,13.0,1.0,13,h,True,main_files/trial_di/07_di_cross_150hz_75db_250ff-30p-120.wav,2.649,38.0,di,30,p,120,160.0
80,12.0,1.0,12,h,False,main_files/trial_di/07_di_cross_150hz_75db_250ff-30n-250.wav,2.748,38.0,di,30,n,250,155.0
80,13.0,1.0,13,h,True,main_files/trial_di/07_di_cross_150hz_75db_250ff-30p-60.wav,2.181,38.0,di,30,p,60,160.0
80,11.0,0.0,,l,False,main_files/trial_di/07_di_cross_150hz_75db_250ff-10p-100.wav,0.0,38.0,di,10,p,100,150.0
80,10.0,3.0,"13,9,10",l,False,main_files/trial_di/07_di_cross_150hz_75db_250ff-40p-100.wav,7.629,38.0,di,40,p,100,145.0
80,13.0,1.0,13,h,False,main_files/trial_di/07_di_cross_150hz_75db_250ff-000-80.wav,2.449,38.0,di,0,0,0,160.0
80,11.0,0.0,,l,False,main_files/trial_di/07_di_cross_150hz_75db_250ff-000-120.wav,0.0,38.0,di,0,0,0,150.0
80,13.0,2.0,"14,13",h,False,main_files/trial_di/07_di_cross_150hz_75db_250ff-000-60.wav,4.677,38.0,di,0,0,0,160.0
80,10.0,1.0,10,l,False,main_files/trial_di/07_di_cross_150hz_75db_250ff-20p-80.wav,1.915,38.0,di,20,p,80,145.0
80,12.0,1.0,12,h,False,main_files/trial_di/07_di_cross_150hz_75db_250ff-20n-100.wav,2.03,38.0,di,20,n,100,155.0
80,11.0,0.0,,l,True,main_files/trial_di/07_di_cross_150hz_75db_250ff-10n-250.wav,0.0,38.0,di,10,n,250,150.0
80,13.0,1.0,13,h,False,main_files/trial_di/07_di_cross_150hz_75db_250ff-40n-60.wav,1.944,38.0,di,40,n,60,160.0
80,10.0,1.0,10,l,False,main_files/trial_di/07_di_cross_150hz_75db_250ff-40p-80.wav,1.611,38.0,di,40,p,80,145.0
80,14.0,1.0,14,h,False,main_files/trial_di/07_di_cross_150hz_75db_250ff-20n-60.wav,3.981,38.0,di,20,n,60,165.0
80,12.0,2.0,"9,12",h,False,main_files/trial_di/07_di_cross_150hz_75db_250ff-40n-80.wav,5.372,38.0,di,40,n,80,155.0
80,8.0,2.0,"12,8",l,False,main_files/trial_di/07_di_cross_150hz_75db_250ff-20p-250.wav,5.848,38.0,di,20,p,250,135.0
80,10.0,3.0,"13,15,10",l,True,main_files/trial_di/07_di_cross_150hz_75db_250ff-10n-100.wav,8.997,38.0,di,10,n,100,145.0
80,12.0,3.0,"9,8,12",h,True,main_files/trial_i/07_i_150hz_75db_250ff-40p-80.wav,9.641,38.0,i,40,p,80,155.0
80,11.0,3.0,"14,12,11",m,False,main_files/trial_i/07_i_150hz_75db_250ff-30n-100.wav,7.042,38.0,i,30,n,100,150.0
80,9.0,3.0,"8,16,9",l,False,main_files/trial_i/07_i_150hz_75db_250ff-20p-250.wav,7.883,38.0,i,20,p,250,140.0
80,11.0,0.0,,l,False,main_files/trial_i/07_i_150hz_75db_250ff-10p-60.wav,0.0,38.0,i,10,p,60,150.0
80,10.0,3.0,"8,12,10",l,True,main_files/trial_i/07_i_150hz_75db_250ff-30n-250.wav,8.465,38.0,i,30,n,250,145.0
80,12.0,2.0,"13,12",h,True,main_files/trial_i/07_i_150hz_75db_250ff-40p-120.wav,4.746,38.0,i,40,p,120,155.0
80,11.0,3.0,"9,10,11",m,False,main_files/trial_i/07_i_150hz_75db_250ff-10p-40.wav,5.947,38.0,i,10,p,40,150.0
80,11.0,0.0,,l,True,main_files/trial_i/07_i_150hz_75db_250ff-30n-60.wav,0.0,38.0,i,30,n,60,150.0
80,11.0,2.0,"13,11",m,False,main_files/trial_i/07_i_150hz_75db_250ff-10n-40.wav,6.381,38.0,i,10,n,40,150.0
80,10.0,2.0,"14,10",l,False,main_files/trial_i/07_i_150hz_75db_250ff-10p-250.wav,5.41,38.0,i,10,p,250,145.0
80,10.0,3.0,"13,12,10",l,True,main_files/trial_i/07_i_150hz_75db_250ff-20n-60.wav,7.511,38.0,i,20,n,60,145.0
80,12.0,1.0,12,h,False,main_files/trial_i/07_i_150hz_75db_250ff-20n-100.wav,2.482,38.0,i,20,n,100,155.0
80,10.0,1.0,10,l,True,main_files/trial_i/07_i_150hz_75db_250ff-10n-80.wav,2.115,38.0,i,10,n,80,145.0
80,11.0,0.0,,l,False,main_files/trial_i/07_i_150hz_75db_250ff-30p-60.wav,0.0,38.0,i,30,p,60,150.0
80,10.0,1.0,10,l,False,main_files/trial_i/07_i_150hz_75db_250ff-000-80.wav,2.277,38.0,i,0,0,0,145.0
80,9.0,2.0,"14,9",l,True,main_files/trial_i/07_i_150hz_75db_250ff-30n-120.wav,5.197,38.0,i,30,n,120,140.0
80,11.0,0.0,,l,False,main_files/trial_i/07_i_150hz_75db_250ff-40p-100.wav,0.0,38.0,i,40,p,100,150.0
80,10.0,2.0,"8,10",l,True,main_files/trial_i/07_i_150hz_75db_250ff-40n-100.wav,4.445,38.0,i,40,n,100,145.0
80,12.0,1.0,12,h,False,main_files/trial_i/07_i_150hz_75db_250ff-40n-120.wav,2.41,38.0,i,40,n,120,155.0
80,12.0,2.0,"16,12",h,True,main_files/trial_i/07_i_150hz_75db_250ff-20p-40.wav,5.081,38.0,i,20,p,40,155.0
80,12.0,4.0,"7,9,10,12",h,True,main_files/trial_i/07_i_150hz_75db_250ff-20p-120.wav,10.097,38.0,i,20,p,120,155.0
80,10.0,1.0,10,l,False,main_files/trial_i/07_i_150hz_75db_250ff-40p-250.wav,3.097,38.0,i,40,p,250,145.0
80,14.0,3.0,"13,12,14",h,True,main_files/trial_i/07_i_150hz_75db_250ff-10p-120.wav,7.715,38.0,i,10,p,120,165.0
80,10.0,4.0,"14,13,12,10",l,False,main_files/trial_i/07_i_150hz_75db_250ff-40p-40.wav,8.343,38.0,i,40,p,40,145.0
80,10.0,1.0,10,l,True,main_files/trial_i/07_i_150hz_75db_250ff-30n-40.wav,2.512,38.0,i,30,n,40,145.0
80,12.0,1.0,12,h,False,main_files/trial_i/07_i_150hz_75db_250ff-10n-120.wav,2.549,38.0,i,10,n,120,155.0
80,10.0,1.0,10,l,False,main_files/trial_i/07_i_150hz_75db_250ff-20p-100.wav,2.645,38.0,i,20,p,100,145.0
80,10.0,3.0,"13,12,10",l,False,main_files/trial_i/07_i_150hz_75db_250ff-000-120.wav,7.114,38.0,i,0,0,0,145.0
80,9.0,1.0,9,l,True,main_files/trial_i/07_i_150hz_75db_250ff-40n-250.wav,2.316,38.0,i,40,n,250,140.0
80,12.0,1.0,12,h,False,main_files/trial_i/07_i_150hz_75db_250ff-20n-250.wav,2.315,38.0,i,20,n,250,155.0
80,9.0,3.0,"9,10,9",l,False,main_files/trial_i/07_i_150hz_75db_250ff-30p-80.wav,6.05,38.0,i,30,p,80,140.0
80,10.0,3.0,"8,9,10",l,True,main_files/trial_i/07_i_150hz_75db_250ff-30n-80.wav,6.882,38.0,i,30,n,80,145.0
80,10.0,4.0,"13,12,9,10",l,True,main_files/trial_i/07_i_150hz_75db_250ff-10n-60.wav,8.444,38.0,i,10,n,60,145.0
80,10.0,1.0,10,l,True,main_files/trial_i/07_i_150hz_75db_250ff-20n-120.wav,2.083,38.0,i,20,n,120,145.0
80,10.0,2.0,"9,10",l,True,main_files/trial_i/07_i_150hz_75db_250ff-20n-80.wav,5.513,38.0,i,20,n,80,145.0
80,11.0,3.0,"13,12,11",m,False,main_files/trial_i/07_i_150hz_75db_250ff-30p-120.wav,7.414,38.0,i,30,p,120,150.0
80,11.0,3.0,"12,10,11",m,False,main_files/trial_i/07_i_150hz_75db_250ff-20p-80.wav,6.897,38.0,i,20,p,80,150.0
80,11.0,0.0,,l,False,main_files/trial_i/07_i_150hz_75db_250ff-30p-100.wav,0.0,38.0,i,30,p,100,150.0
80,12.0,2.0,"13,12",h,True,main_files/trial_i/07_i_150hz_75db_250ff-30p-250.wav,4.045,38.0,i,30,p,250,155.0
80,11.0,3.0,"9,10,11",m,False,main_files/trial_i/07_i_150hz_75db_250ff-30p-40.wav,5.711,38.0,i,30,p,40,150.0
80,10.0,2.0,"9,10",l,False,main_files/trial_i/07_i_150hz_75db_250ff-10p-100.wav,4.913,38.0,i,10,p,100,145.0
80,12.0,3.0,"15,13,12",h,False,main_files/trial_i/07_i_150hz_75db_250ff-40n-80.wav,6.98,38.0,i,40,n,80,155.0
80,10.0,1.0,10,l,False,main_files/trial_i/07_i_150hz_75db_250ff-000-60.wav,2.082,38.0,i,0,0,0,145.0
80,9.0,1.0,9,l,False,main_files/trial_i/07_i_150hz_75db_250ff-000-100.wav,2.448,38.0,i,0,0,0,140.0
80,11.0,0.0,,l,False,main_files/trial_i/07_i_150hz_75db_250ff-000-40.wav,0.0,38.0,i,0,0,0,150.0
80,12.0,2.0,"13,12",h,True,main_files/trial_i/07_i_150hz_75db_250ff-20p-60.wav,4.35,38.0,i,20,p,60,155.0
80,10.0,1.0,10,l,False,main_files/trial_i/07_i_150hz_75db_250ff-10p-80.wav,2.613,38.0,i,10,p,80,145.0
80,9.0,1.0,9,l,True,main_files/trial_i/07_i_150hz_75db_250ff-10n-250.wav,2.43,38.0,i,10,n,250,140.0
80,10.0,3.0,"8,9,10",l,True,main_files/trial_i/07_i_150hz_75db_250ff-40n-40.wav,7.664,38.0,i,40,n,40,145.0
80,10.0,1.0,10,l,False,main_files/trial_i/07_i_150hz_75db_250ff-40p-60.wav,2.377,38.0,i,40,p,60,145.0
80,12.0,1.0,12,h,False,main_files/trial_i/07_i_150hz_75db_250ff-20n-40.wav,2.446,38.0,i,20,n,40,155.0
80,10.0,2.0,"13,10",l,True,main_files/trial_i/07_i_150hz_75db_250ff-40n-60.wav,5.246,38.0,i,40,n,60,145.0
80,11.0,2.0,"8,11",m,True,main_files/trial_i/07_i_150hz_75db_250ff-000-250.wav,4.743,38.0,i,0,0,0,150.0
80,11.0,0.0,,l,True,main_files/trial_i/07_i_150hz_75db_250ff-10n-100.wav,0.0,38.0,i,10,n,100,150.0
4911,11.0,0.0,,l,False,main_files/trial_di/07_di_cross_150hz_75db_250ff-000-100.wav,0.0,34.0,di,0,0,0,150.0
4911,11.0,0.0,,l,True,main_files/trial_di/07_di_cross_150hz_75db_250ff-30n-120.wav,0.0,34.0,di,30,n,120,150.0
4911,11.0,0.0,,l,False,main_files/trial_di/07_di_cross_150hz_75db_250ff-10p-250.wav,0.0,34.0,di,10,p,250,150.0
4911,11.0,0.0,,l,False,main_files/trial_di/07_di_cross_150hz_75db_250ff-10p-80.wav,0.0,34.0,di,10,p,80,150.0
4911,10.0,3.0,"10,9,10",l,False,main_files/trial_di/07_di_cross_150hz_75db_250ff-30p-250.wav,6.4763,34.0,di,30,p,250,145.0
4911,11.0,0.0,,l,False,main_files/trial_di/07_di_cross_150hz_75db_250ff-40p-40.wav,0.0,34.0,di,40,p,40,150.0
4911,12.0,2.0,"13,12",h,True,main_files/trial_di/07_di_cross_150hz_75db_250ff-10p-60.wav,4.0988,34.0,di,10,p,60,155.0
4911,8.0,1.0,8,l,True,main_files/trial_di/07_di_cross_150hz_75db_250ff-30n-80.wav,2.7351,34.0,di,30,n,80,135.0
4911,11.0,0.0,,l,True,main_files/trial_di/07_di_cross_150hz_75db_250ff-10n-40.wav,0.0,34.0,di,10,n,40,150.0
4911,11.0,0.0,,l,False,main_files/trial_di/07_di_cross_150hz_75db_250ff-10p-120.wav,0.0,34.0,di,10,p,120,150.0
4911,11.0,0.0,,m,False,main_files/trial_di/07_di_cross_150hz_75db_250ff-20n-80.wav,11.2073,34.0,di,20,n,80,150.0
4911,8.0,1.0,8,l,True,main_files/trial_di/07_di_cross_150hz_75db_250ff-20n-120.wav,2.0419,34.0,di,20,n,120,135.0
4911,11.0,0.0,,l,True,main_files/trial_di/07_di_cross_150hz_75db_250ff-10n-80.wav,0.0,34.0,di,10,n,80,150.0
4911,15.0,1.0,15,h,True,main_files/trial_di/07_di_cross_150hz_75db_250ff-30p-80.wav,1.9704,34.0,di,30,p,80,170.0
4911,11.0,0.0,,l,False,main_files/trial_di/07_di_cross_150hz_75db_250ff-000-250.wav,0.0,34.0,di,0,0,0,150.0
4911,12.0,3.0,"6,8,12",h,False,main_files/trial_di/07_di_cross_150hz_75db_250ff-30n-40.wav,5.5387,34.0,di,30,n,40,155.0
4911,11.0,0.0,,l,False,main_files/trial_di/07_di_cross_150hz_75db_250ff-40p-120.wav,0.0,34.0,di,40,p,120,150.0
4911,11.0,0.0,,l,True,main_files/trial_di/07_di_cross_150hz_75db_250ff-40n-120.wav,0.0,34.0,di,40,n,120,150.0
4911,11.0,0.0,,l,True,main_files/trial_di/07_di_cross_150hz_75db_250ff-40n-40.wav,0.0,34.0,di,40,n,40,150.0
4911,11.0,0.0,,l,False,main_files/trial_di/07_di_cross_150hz_75db_250ff-20p-60.wav,0.0,34.0,di,20,p,60,150.0
4911,11.0,0.0,,l,False,main_files/trial_di/07_di_cross_150hz_75db_250ff-20p-40.wav,0.0,34.0,di,20,p,40,150.0
4911,5.0,2.0,"15,5",l,True,main_files/trial_di/07_di_cross_150hz_75db_250ff-40n-250.wav,4.4734,34.0,di,40,n,250,120.0
4911,11.0,0.0,,l,False,main_files/trial_di/07_di_cross_150hz_75db_250ff-10p-40.wav,0.0,34.0,di,10,p,40,150.0
4911,15.0,4.0,"8,9,5,15",h,True,main_files/trial_di/07_di_cross_150hz_75db_250ff-40p-60.wav,10.796,34.0,di,40,p,60,170.0
4911,11.0,0.0,,l,True,main_files/trial_di/07_di_cross_150hz_75db_250ff-30n-60.wav,0.0,34.0,di,30,n,60,150.0
4911,11.0,0.0,,l,True,main_files/trial_di/07_di_cross_150hz_75db_250ff-10n-120.wav,0.0,34.0,di,10,n,120,150.0
4911,14.0,1.0,14,h,True,main_files/trial_di/07_di_cross_150hz_75db_250ff-20p-120.wav,2.1069,34.0,di,20,p,120,165.0
4911,11.0,0.0,,l,False,main_files/trial_di/07_di_cross_150hz_75db_250ff-000-40.wav,0.0,34.0,di,0,0,0,150.0
4911,11.0,0.0,,l,False,main_files/trial_di/07_di_cross_150hz_75db_250ff-40p-250.wav,0.0,34.0,di,40,p,250,150.0
4911,10.0,2.0,"8,10",l,True,main_files/trial_di/07_di_cross_150hz_75db_250ff-20n-250.wav,7.9421,34.0,di,20,n,250,145.0
4911,11.0,0.0,,l,True,main_files/trial_di/07_di_cross_150hz_75db_250ff-40n-100.wav,0.0,34.0,di,40,n,100,150.0
4911,11.0,0.0,,l,False,main_files/trial_di/07_di_cross_150hz_75db_250ff-30p-100.wav,0.0,34.0,di,30,p,100,150.0
4911,11.0,0.0,,l,True,main_files/trial_di/07_di_cross_150hz_75db_250ff-10n-60.wav,0.0,34.0,di,10,n,60,150.0
4911,11.0,0.0,,l,True,main_files/trial_di/07_di_cross_150hz_75db_250ff-20n-40.wav,0.0,34.0,di,20,n,40,150.0
4911,8.0,1.0,8,l,False,main_files/trial_di/07_di_cross_150hz_75db_250ff-20p-100.wav,1.6398,34.0,di,20,p,100,135.0
4911,11.0,0.0,,l,False,main_files/trial_di/07_di_cross_150hz_75db_250ff-30p-40.wav,0.0,34.0,di,30,p,40,150.0
4911,11.0,0.0,,l,True,main_files/trial_di/07_di_cross_150hz_75db_250ff-30n-100.wav,0.0,34.0,di,30,n,100,150.0
4911,11.0,0.0,,l,False,main_files/trial_di/07_di_cross_150hz_75db_250ff-30p-120.wav,0.0,34.0,di,30,p,120,150.0
4911,11.0,0.0,,l,True,main_files/trial_di/07_di_cross_150hz_75db_250ff-30n-250.wav,0.0,34.0,di,30,n,250,150.0
4911,11.0,0.0,,l,False,main_files/trial_di/07_di_cross_150hz_75db_250ff-30p-60.wav,0.0,34.0,di,30,p,60,150.0
4911,11.0,0.0,,l,False,main_files/trial_di/07_di_cross_150hz_75db_250ff-10p-100.wav,0.0,34.0,di,10,p,100,150.0
4911,11.0,0.0,,l,False,main_files/trial_di/07_di_cross_150hz_75db_250ff-40p-100.wav,0.0,34.0,di,40,p,100,150.0
4911,11.0,0.0,,l,False,main_files/trial_di/07_di_cross_150hz_75db_250ff-000-80.wav,0.0,34.0,di,0,0,0,150.0
4911,11.0,0.0,,l,False,main_files/trial_di/07_di_cross_150hz_75db_250ff-000-120.wav,0.0,34.0,di,0,0,0,150.0
4911,11.0,0.0,,l,False,main_files/trial_di/07_di_cross_150hz_75db_250ff-000-60.wav,0.0,34.0,di,0,0,0,150.0
4911,11.0,0.0,,l,False,main_files/trial_di/07_di_cross_150hz_75db_250ff-20p-80.wav,0.0,34.0,di,20,p,80,150.0
4911,14.0,1.0,14,h,False,main_files/trial_di/07_di_cross_150hz_75db_250ff-20n-100.wav,2.1512,34.0,di,20,n,100,165.0
4911,11.0,0.0,,l,True,main_files/trial_di/07_di_cross_150hz_75db_250ff-10n-250.wav,0.0,34.0,di,10,n,250,150.0
4911,11.0,0.0,,l,True,main_files/trial_di/07_di_cross_150hz_75db_250ff-40n-60.wav,0.0,34.0,di,40,n,60,150.0
4911,11.0,0.0,,l,False,main_files/trial_di/07_di_cross_150hz_75db_250ff-40p-80.wav,0.0,34.0,di,40,p,80,150.0
4911,11.0,0.0,,l,True,main_files/trial_di/07_di_cross_150hz_75db_250ff-20n-60.wav,0.0,34.0,di,20,n,60,150.0
4911,11.0,0.0,,l,True,main_files/trial_di/07_di_cross_150hz_75db_250ff-40n-80.wav,0.0,34.0,di,40,n,80,150.0
4911,11.0,0.0,,l,False,main_files/trial_di/07_di_cross_150hz_75db_250ff-20p-250.wav,0.0,34.0,di,20,p,250,150.0
4911,11.0,0.0,,l,True,main_files/trial_di/07_di_cross_150hz_75db_250ff-10n-100.wav,0.0,34.0,di,10,n,100,150.0
4911,13.0,2.0,"10,13",h,False,main_files/trial_tone/tone_150hz_75db_250ff-000-100.wav,8.1376,34.0,tone,0,0,0,160.0
4911,8.0,1.0,8,l,True,main_files/trial_tone/tone_150hz_75db_250ff-30n-120.wav,2.3419,34.0,tone,30,n,120,135.0
4911,12.0,1.0,12,h,True,main_files/trial_tone/tone_150hz_75db_250ff-10p-250.wav,4.3616,34.0,tone,10,p,250,155.0
4911,10.0,2.0,"12,10",l,False,main_files/trial_tone/tone_150hz_75db_250ff-10p-80.wav,7.2377,34.0,tone,10,p,80,145.0
4911,14.0,2.0,"8,14",h,True,main_files/trial_tone/tone_150hz_75db_250ff-30p-250.wav,4.5975,34.0,tone,30,p,250,165.0
4911,14.0,1.0,14,h,True,main_files/trial_tone/tone_150hz_75db_250ff-40p-40.wav,2.0629,34.0,tone,40,p,40,165.0
4911,11.0,0.0,,l,False,main_files/trial_tone/tone_150hz_75db_250ff-10p-60.wav,0.0,34.0,tone,10,p,60,150.0
4911,14.0,1.0,14,h,False,main_files/trial_tone/tone_150hz_75db_250ff-30n-80.wav,2.1936,34.0,tone,30,n,80,165.0
4911,15.0,3.0,"12,9,15",h,False,main_files/trial_tone/tone_150hz_75db_250ff-10n-40.wav,18.3399,34.0,tone,10,n,40,170.0
4911,11.0,0.0,,l,False,main_files/trial_tone/tone_150hz_75db_250ff-10p-120.wav,0.0,34.0,tone,10,p,120,150.0
4911,8.0,4.0,"12,11,7,8",l,True,main_files/trial_tone/tone_150hz_75db_250ff-20n-80.wav,45.5368,34.0,tone,20,n,80,135.0
4911,9.0,1.0,9,l,True,main_files/trial_tone/tone_150hz_75db_250ff-20n-120.wav,2.1869,34.0,tone,20,n,120,140.0
4911,10.0,1.0,10,l,True,main_files/trial_tone/tone_150hz_75db_250ff-10n-80.wav,2.8121,34.0,tone,10,n,80,145.0
4911,14.0,2.0,"10,14",h,True,main_files/trial_tone/tone_150hz_75db_250ff-30p-80.wav,4.5392,34.0,tone,30,p,80,165.0
4911,11.0,0.0,,l,False,main_files/trial_tone/tone_150hz_75db_250ff-000-250.wav,0.0,34.0,tone,0,0,0,150.0
4911,12.0,2.0,"13,12",h,False,main_files/trial_tone/tone_150hz_75db_250ff-30n-40.wav,7.2932,34.0,tone,30,n,40,155.0
4911,12.0,1.0,12,h,True,main_files/trial_tone/tone_150hz_75db_250ff-40p-120.wav,1.7446,34.0,tone,40,p,120,155.0
4911,9.0,2.0,"7,9",l,True,main_files/trial_tone/tone_150hz_75db_250ff-40n-120.wav,5.1274,34.0,tone,40,n,120,140.0
4911,15.0,1.0,15,h,False,main_files/trial_tone/tone_150hz_75db_250ff-40n-40.wav,1.7531,34.0,tone,40,n,40,170.0
4911,11.0,0.0,,l,False,main_files/trial_tone/tone_150hz_75db_250ff-20p-60.wav,0.0,34.0,tone,20,p,60,150.0
4911,13.0,1.0,13,h,True,main_files/trial_tone/tone_150hz_75db_250ff-20p-40.wav,1.9704,34.0,tone,20,p,40,160.0
4911,14.0,2.0,"9,14",h,False,main_files/trial_tone/tone_150hz_75db_250ff-40n-250.wav,4.6636,34.0,tone,40,n,250,165.0
4911,11.0,0.0,,l,False,main_files/trial_tone/tone_150hz_75db_250ff-10p-40.wav,0.0,34.0,tone,10,p,40,150.0
4911,11.0,0.0,,l,False,main_files/trial_tone/tone_150hz_75db_250ff-40p-60.wav,0.0,34.0,tone,40,p,60,150.0
4911,9.0,2.0,"7,9",l,True,main_files/trial_tone/tone_150hz_75db_250ff-30n-60.wav,4.811,34.0,tone,30,n,60,140.0
4911,14.0,1.0,14,h,False,main_files/trial_tone/tone_150hz_75db_250ff-10n-120.wav,2.1056,34.0,tone,10,n,120,165.0
4911,11.0,0.0,,l,False,main_files/trial_tone/tone_150hz_75db_250ff-20p-120.wav,0.0,34.0,tone,20,p,120,150.0
4911,9.0,1.0,9,l,False,main_files/trial_tone/tone_150hz_75db_250ff-000-40.wav,2.5782,34.0,tone,0,0,0,140.0
4911,15.0,1.0,15,h,True,main_files/trial_tone/tone_150hz_75db_250ff-40p-250.wav,1.8487,34.0,tone,40,p,250,170.0
4911,6.0,2.0,"15,6",l,True,main_files/trial_tone/tone_150hz_75db_250ff-20n-250.wav,4.7872,34.0,tone,20,n,250,125.0
4911,11.0,0.0,,l,True,main_files/trial_tone/tone_150hz_75db_250ff-40n-100.wav,0.0,34.0,tone,40,n,100,150.0
4911,12.0,2.0,"7,12",h,True,main_files/trial_tone/tone_150hz_75db_250ff-30p-100.wav,3.7094,34.0,tone,30,p,100,155.0
4911,12.0,1.0,12,h,False,main_files/trial_tone/tone_150hz_75db_250ff-10n-60.wav,2.25,34.0,tone,10,n,60,155.0
4911,9.0,2.0,"8,9",l,True,main_files/trial_tone/tone_150hz_75db_250ff-20n-40.wav,4.0053,34.0,tone,20,n,40,140.0
4911,7.0,1.0,7,l,False,main_files/trial_tone/tone_150hz_75db_250ff-20p-100.wav,5.1059,34.0,tone,20,p,100,130.0
4911,11.0,0.0,,l,False,main_files/trial_tone/tone_150hz_75db_250ff-30p-40.wav,0.0,34.0,tone,30,p,40,150.0
4911,15.0,1.0,15,h,False,main_files/trial_tone/tone_150hz_75db_250ff-30n-100.wav,2.2518,34.0,tone,30,n,100,170.0
4911,8.0,1.0,8,l,False,main_files/trial_tone/tone_150hz_75db_250ff-30p-120.wav,1.6209,34.0,tone,30,p,120,135.0
4911,14.0,1.0,14,h,False,main_files/trial_tone/tone_150hz_75db_250ff-30n-250.wav,1.6922,34.0,tone,30,n,250,165.0
4911,8.0,1.0,8,l,False,main_files/trial_tone/tone_150hz_75db_250ff-30p-60.wav,1.6886,34.0,tone,30,p,60,135.0
4911,15.0,1.0,15,h,True,main_files/trial_tone/tone_150hz_75db_250ff-10p-100.wav,1.4947,34.0,tone,10,p,100,170.0
4911,7.0,1.0,7,l,False,main_files/trial_tone/tone_150hz_75db_250ff-40p-100.wav,1.4637,34.0,tone,40,p,100,130.0
4911,14.0,1.0,14,h,False,main_files/trial_tone/tone_150hz_75db_250ff-000-80.wav,1.1151,34.0,tone,0,0,0,165.0
4911,8.0,1.0,8,l,False,main_files/trial_tone/tone_150hz_75db_250ff-000-120.wav,1.8336,34.0,tone,0,0,0,135.0
4911,15.0,1.0,15,h,False,main_files/trial_tone/tone_150hz_75db_250ff-000-60.wav,1.1108,34.0,tone,0,0,0,170.0
4911,7.0,1.0,7,l,False,main_files/trial_tone/tone_150hz_75db_250ff-20p-80.wav,2.171,34.0,tone,20,p,80,130.0
4911,14.0,1.0,14,h,False,main_files/trial_tone/tone_150hz_75db_250ff-20n-100.wav,1.9784,34.0,tone,20,n,100,165.0
4911,8.0,1.0,8,l,True,main_files/trial_tone/tone_150hz_75db_250ff-10n-250.wav,2.1286,34.0,tone,10,n,250,135.0
4911,14.0,1.0,14,h,False,main_files/trial_tone/tone_150hz_75db_250ff-40n-60.wav,1.5035,34.0,tone,40,n,60,165.0
4911,8.0,1.0,8,l,False,main_files/trial_tone/tone_150hz_75db_250ff-40p-80.wav,1.4799,34.0,tone,40,p,80,135.0
4911,8.0,1.0,8,l,True,main_files/trial_tone/tone_150hz_75db_250ff-20n-60.wav,1.4194,34.0,tone,20,n,60,135.0
4911,8.0,1.0,8,l,True,main_files/trial_tone/tone_150hz_75db_250ff-40n-80.wav,1.0201,34.0,tone,40,n,80,135.0
4911,8.0,1.0,8,l,False,main_files/trial_tone/tone_150hz_75db_250ff-20p-250.wav,1.088,34.0,tone,20,p,250,135.0
4911,8.0,1.0,8,l,True,main_files/trial_tone/tone_150hz_75db_250ff-10n-100.wav,2.1438,34.0,tone,10,n,100,135.0
4911,9.0,1.0,9,l,False,main_files/trial_i/07_i_150hz_75db_250ff-40p-80.wav,1.8755,34.0,i,40,p,80,140.0
4911,8.0,1.0,8,l,True,main_files/trial_i/07_i_150hz_75db_250ff-30n-100.wav,1.9543,34.0,i,30,n,100,135.0
4911,11.0,0.0,,l,False,main_files/trial_i/07_i_150hz_75db_250ff-20p-250.wav,0.0,34.0,i,20,p,250,150.0
4911,11.0,0.0,,l,False,main_files/trial_i/07_i_150hz_75db_250ff-10p-60.wav,0.0,34.0,i,10,p,60,150.0
4911,11.0,0.0,,l,True,main_files/trial_i/07_i_150hz_75db_250ff-30n-250.wav,0.0,34.0,i,30,n,250,150.0
4911,11.0,0.0,,l,False,main_files/trial_i/07_i_150hz_75db_250ff-40p-120.wav,0.0,34.0,i,40,p,120,150.0
4911,11.0,0.0,,l,False,main_files/trial_i/07_i_150hz_75db_250ff-10p-40.wav,0.0,34.0,i,10,p,40,150.0
4911,11.0,0.0,,l,True,main_files/trial_i/07_i_150hz_75db_250ff-30n-60.wav,0.0,34.0,i,30,n,60,150.0
4911,11.0,0.0,,l,True,main_files/trial_i/07_i_150hz_75db_250ff-10n-40.wav,0.0,34.0,i,10,n,40,150.0
4911,11.0,0.0,,l,False,main_files/trial_i/07_i_150hz_75db_250ff-10p-250.wav,0.0,34.0,i,10,p,250,150.0
4911,11.0,0.0,,l,True,main_files/trial_i/07_i_150hz_75db_250ff-20n-60.wav,0.0,34.0,i,20,n,60,150.0
4911,11.0,0.0,,l,True,main_files/trial_i/07_i_150hz_75db_250ff-20n-100.wav,0.0,34.0,i,20,n,100,150.0
4911,11.0,0.0,,l,True,main_files/trial_i/07_i_150hz_75db_250ff-10n-80.wav,0.0,34.0,i,10,n,80,150.0
4911,11.0,0.0,,l,False,main_files/trial_i/07_i_150hz_75db_250ff-30p-60.wav,0.0,34.0,i,30,p,60,150.0
4911,11.0,0.0,,l,False,main_files/trial_i/07_i_150hz_75db_250ff-000-80.wav,0.0,34.0,i,0,0,0,150.0
4911,11.0,0.0,,l,True,main_files/trial_i/07_i_150hz_75db_250ff-30n-120.wav,0.0,34.0,i,30,n,120,150.0
4911,11.0,0.0,,l,False,main_files/trial_i/07_i_150hz_75db_250ff-40p-100.wav,0.0,34.0,i,40,p,100,150.0
4911,11.0,0.0,,l,True,main_files/trial_i/07_i_150hz_75db_250ff-40n-100.wav,0.0,34.0,i,40,n,100,150.0
4911,11.0,0.0,,l,True,main_files/trial_i/07_i_150hz_75db_250ff-40n-120.wav,0.0,34.0,i,40,n,120,150.0
4911,11.0,0.0,,l,False,main_files/trial_i/07_i_150hz_75db_250ff-20p-40.wav,0.0,34.0,i,20,p,40,150.0
4911,11.0,0.0,,l,False,main_files/trial_i/07_i_150hz_75db_250ff-20p-120.wav,0.0,34.0,i,20,p,120,150.0
4911,11.0,0.0,,l,False,main_files/trial_i/07_i_150hz_75db_250ff-40p-250.wav,0.0,34.0,i,40,p,250,150.0
4911,11.0,0.0,,l,False,main_files/trial_i/07_i_150hz_75db_250ff-10p-120.wav,0.0,34.0,i,10,p,120,150.0
4911,11.0,0.0,,l,False,main_files/trial_i/07_i_150hz_75db_250ff-40p-40.wav,0.0,34.0,i,40,p,40,150.0
4911,11.0,0.0,,l,True,main_files/trial_i/07_i_150hz_75db_250ff-30n-40.wav,0.0,34.0,i,30,n,40,150.0
4911,11.0,0.0,,l,True,main_files/trial_i/07_i_150hz_75db_250ff-10n-120.wav,0.0,34.0,i,10,n,120,150.0
4911,11.0,0.0,,l,False,main_files/trial_i/07_i_150hz_75db_250ff-20p-100.wav,0.0,34.0,i,20,p,100,150.0
4911,11.0,0.0,,l,False,main_files/trial_i/07_i_150hz_75db_250ff-000-120.wav,0.0,34.0,i,0,0,0,150.0
4911,11.0,0.0,,l,True,main_files/trial_i/07_i_150hz_75db_250ff-40n-250.wav,0.0,34.0,i,40,n,250,150.0
4911,11.0,0.0,,l,True,main_files/trial_i/07_i_150hz_75db_250ff-20n-250.wav,0.0,34.0,i,20,n,250,150.0
4911,11.0,0.0,,l,False,main_files/trial_i/07_i_150hz_75db_250ff-30p-80.wav,0.0,34.0,i,30,p,80,150.0
4911,11.0,0.0,,l,True,main_files/trial_i/07_i_150hz_75db_250ff-30n-80.wav,0.0,34.0,i,30,n,80,150.0
4911,11.0,0.0,,l,True,main_files/trial_i/07_i_150hz_75db_250ff-10n-60.wav,0.0,34.0,i,10,n,60,150.0
4911,11.0,0.0,,l,True,main_files/trial_i/07_i_150hz_75db_250ff-20n-120.wav,0.0,34.0,i,20,n,120,150.0
4911,11.0,0.0,,l,True,main_files/trial_i/07_i_150hz_75db_250ff-20n-80.wav,0.0,34.0,i,20,n,80,150.0
4911,11.0,0.0,,l,False,main_files/trial_i/07_i_150hz_75db_250ff-30p-120.wav,0.0,34.0,i,30,p,120,150.0
4911,11.0,0.0,,l,False,main_files/trial_i/07_i_150hz_75db_250ff-20p-80.wav,0.0,34.0,i,20,p,80,150.0
4911,11.0,0.0,,l,False,main_files/trial_i/07_i_150hz_75db_250ff-30p-100.wav,0.0,34.0,i,30,p,100,150.0
4911,11.0,0.0,,l,False,main_files/trial_i/07_i_150hz_75db_250ff-30p-250.wav,0.0,34.0,i,30,p,250,150.0
4911,11.0,0.0,,l,False,main_files/trial_i/07_i_150hz_75db_250ff-30p-40.wav,0.0,34.0,i,30,p,40,150.0
4911,11.0,0.0,,l,False,main_files/trial_i/07_i_150hz_75db_250ff-10p-100.wav,0.0,34.0,i,10,p,100,150.0
4911,11.0,0.0,,l,True,main_files/trial_i/07_i_150hz_75db_250ff-40n-80.wav,0.0,34.0,i,40,n,80,150.0
4911,11.0,0.0,,l,False,main_files/trial_i/07_i_150hz_75db_250ff-000-60.wav,0.0,34.0,i,0,0,0,150.0
4911,11.0,0.0,,l,False,main_files/trial_i/07_i_150hz_75db_250ff-000-100.wav,0.0,34.0,i,0,0,0,150.0
4911,11.0,0.0,,l,False,main_files/trial_i/07_i_150hz_75db_250ff-000-40.wav,0.0,34.0,i,0,0,0,150.0
4911,11.0,0.0,,l,False,main_files/trial_i/07_i_150hz_75db_250ff-20p-60.wav,0.0,34.0,i,20,p,60,150.0
4911,11.0,0.0,,l,False,main_files/trial_i/07_i_150hz_75db_250ff-10p-80.wav,0.0,34.0,i,10,p,80,150.0
4911,11.0,0.0,,l,True,main_files/trial_i/07_i_150hz_75db_250ff-10n-250.wav,0.0,34.0,i,10,n,250,150.0
4911,11.0,0.0,,l,True,main_files/trial_i/07_i_150hz_75db_250ff-40n-40.wav,0.0,34.0,i,40,n,40,150.0
4911,11.0,0.0,,l,False,main_files/trial_i/07_i_150hz_75db_250ff-40p-60.wav,0.0,34.0,i,40,p,60,150.0
4911,11.0,0.0,,l,True,main_files/trial_i/07_i_150hz_75db_250ff-20n-40.wav,0.0,34.0,i,20,n,40,150.0
4911,11.0,0.0,,l,True,main_files/trial_i/07_i_150hz_75db_250ff-40n-60.wav,0.0,34.0,i,40,n,60,150.0
4911,11.0,0.0,,l,False,main_files/trial_i/07_i_150hz_75db_250ff-000-250.wav,0.0,34.0,i,0,0,0,150.0
4911,11.0,0.0,,l,True,main_files/trial_i/07_i_150hz_75db_250ff-10n-100.wav,0.0,34.0,i,10,n,100,150.0
3911,11.0,2.0,"12,11",m,True,main_files/trial_tone/tone_150hz_75db_250ff-000-100.wav,6.7778,28.0,tone,0,0,0,150.0
3911,11.0,0.0,,l,True,main_files/trial_tone/tone_150hz_75db_250ff-30n-120.wav,0.0,28.0,tone,30,n,120,150.0
3911,12.0,3.0,"10,11,12",h,True,main_files/trial_tone/tone_150hz_75db_250ff-10p-250.wav,7.0484,28.0,tone,10,p,250,155.0
3911,11.0,2.0,"12,11",m,False,main_files/trial_tone/tone_150hz_75db_250ff-10p-80.wav,5.3707,28.0,tone,10,p,80,150.0
3911,11.0,23.0,"10,11,12,11,12,11,12,11,10,11,12,1,11,12,11,12,11,12,11,13,15,12,11",m,False,main_files/trial_tone/tone_150hz_75db_250ff-30p-250.wav,55.2472,28.0,tone,30,p,250,150.0
3911,11.0,2.0,"12,11",m,False,main_files/trial_tone/tone_150hz_75db_250ff-40p-40.wav,7.2374,28.0,tone,40,p,40,150.0
3911,11.0,0.0,,l,False,main_files/trial_tone/tone_150hz_75db_250ff-10p-60.wav,0.0,28.0,tone,10,p,60,150.0
3911,11.0,6.0,"10,11,12,11,12,11",m,False,main_files/trial_tone/tone_150hz_75db_250ff-30n-80.wav,12.8791,28.0,tone,30,n,80,150.0
3911,11.0,0.0,,l,True,main_files/trial_tone/tone_150hz_75db_250ff-10n-40.wav,0.0,28.0,tone,10,n,40,150.0
3911,11.0,0.0,,l,False,main_files/trial_tone/tone_150hz_75db_250ff-10p-120.wav,0.0,28.0,tone,10,p,120,150.0
3911,11.0,0.0,,l,True,main_files/trial_tone/tone_150hz_75db_250ff-20n-80.wav,0.0,28.0,tone,20,n,80,150.0
3911,11.0,2.0,"10,11",m,False,main_files/trial_tone/tone_150hz_75db_250ff-20n-120.wav,4.1948,28.0,tone,20,n,120,150.0
3911,11.0,0.0,,l,True,main_files/trial_tone/tone_150hz_75db_250ff-10n-80.wav,0.0,28.0,tone,10,n,80,150.0
3911,11.0,0.0,,l,False,main_files/trial_tone/tone_150hz_75db_250ff-30p-80.wav,0.0,28.0,tone,30,p,80,150.0
3911,11.0,0.0,,l,False,main_files/trial_tone/tone_150hz_75db_250ff-000-250.wav,0.0,28.0,tone,0,0,0,150.0
3911,11.0,0.0,,l,True,main_files/trial_tone/tone_150hz_75db_250ff-30n-40.wav,0.0,28.0,tone,30,n,40,150.0
3911,11.0,2.0,"12,11",m,False,main_files/trial_tone/tone_150hz_75db_250ff-40p-120.wav,4.7951,28.0,tone,40,p,120,150.0
3911,11.0,4.0,"10,11,12,11",m,False,main_files/trial_tone/tone_150hz_75db_250ff-40n-120.wav,10.1126,28.0,tone,40,n,120,150.0
3911,11.0,0.0,,m,False,main_files/trial_tone/tone_150hz_75db_250ff-40n-40.wav,3.2976,28.0,tone,40,n,40,150.0
3911,11.0,0.0,,l,False,main_files/trial_tone/tone_150hz_75db_250ff-20p-60.wav,0.0,28.0,tone,20,p,60,150.0
3911,11.0,0.0,,l,False,main_files/trial_tone/tone_150hz_75db_250ff-20p-40.wav,0.0,28.0,tone,20,p,40,150.0
3911,10.0,1.0,10,l,True,main_files/trial_tone/tone_150hz_75db_250ff-40n-250.wav,2.2658,28.0,tone,40,n,250,145.0
3911,11.0,2.0,"10,11",m,False,main_files/trial_tone/tone_150hz_75db_250ff-10p-40.wav,5.296,28.0,tone,10,p,40,150.0
3911,11.0,0.0,,l,False,main_files/trial_tone/tone_150hz_75db_250ff-40p-60.wav,0.0,28.0,tone,40,p,60,150.0
3911,11.0,0.0,,l,True,main_files/trial_tone/tone_150hz_75db_250ff-30n-60.wav,0.0,28.0,tone,30,n,60,150.0
3911,11.0,0.0,,l,True,main_files/trial_tone/tone_150hz_75db_250ff-10n-120.wav,0.0,28.0,tone,10,n,120,150.0
3911,11.0,0.0,,l,False,main_files/trial_tone/tone_150hz_75db_250ff-20p-120.wav,0.0,28.0,tone,20,p,120,150.0
3911,11.0,0.0,,l,False,main_files/trial_tone/tone_150hz_75db_250ff-000-40.wav,0.0,28.0,tone,0,0,0,150.0
3911,10.0,3.0,"10,11,10",l,False,main_files/trial_tone/tone_150hz_75db_250ff-40p-250.wav,8.7147,28.0,tone,40,p,250,145.0
3911,10.0,1.0,10,l,True,main_files/trial_tone/tone_150hz_75db_250ff-20n-250.wav,2.1457,28.0,tone,20,n,250,145.0
3911,10.0,1.0,10,l,True,main_files/trial_tone/tone_150hz_75db_250ff-40n-100.wav,2.3646,28.0,tone,40,n,100,145.0
3911,11.0,2.0,"10,11",m,False,main_files/trial_tone/tone_150hz_75db_250ff-30p-100.wav,4.3813,28.0,tone,30,p,100,150.0
3911,11.0,0.0,,l,True,main_files/trial_tone/tone_150hz_75db_250ff-10n-60.wav,0.0,28.0,tone,10,n,60,150.0
3911,11.0,0.0,,l,True,main_files/trial_tone/tone_150hz_75db_250ff-20n-40.wav,0.0,28.0,tone,20,n,40,150.0
3911,11.0,0.0,,l,False,main_files/trial_tone/tone_150hz_75db_250ff-20p-100.wav,0.0,28.0,tone,20,p,100,150.0
3911,11.0,2.0,"10,11",m,False,main_files/trial_tone/tone_150hz_75db_250ff-30p-40.wav,4.6482,28.0,tone,30,p,40,150.0
3911,11.0,0.0,,l,True,main_files/trial_tone/tone_150hz_75db_250ff-30n-100.wav,0.0,28.0,tone,30,n,100,150.0
3911,11.0,0.0,,l,False,main_files/trial_tone/tone_150hz_75db_250ff-30p-120.wav,0.0,28.0,tone,30,p,120,150.0
3911,10.0,1.0,10,l,True,main_files/trial_tone/tone_150hz_75db_250ff-30n-250.wav,2.0947,28.0,tone,30,n,250,145.0
3911,11.0,0.0,,l,False,main_files/trial_tone/tone_150hz_75db_250ff-30p-60.wav,0.0,28.0,tone,30,p,60,150.0
3911,11.0,0.0,,l,False,main_files/trial_tone/tone_150hz_75db_250ff-10p-100.wav,0.0,28.0,tone,10,p,100,150.0
3911,11.0,0.0,,l,False,main_files/trial_tone/tone_150hz_75db_250ff-40p-100.wav,0.0,28.0,tone,40,p,100,150.0
3911,11.0,2.0,"10,11",m,True,main_files/trial_tone/tone_150hz_75db_250ff-000-80.wav,3.9321,28.0,tone,0,0,0,150.0
3911,9.0,7.0,"9,10,9,8,7,6,9",l,False,main_files/trial_tone/tone_150hz_75db_250ff-000-120.wav,14.312,28.0,tone,0,0,0,140.0
3911,11.0,4.0,"8,9,10,11",m,True,main_files/trial_tone/tone_150hz_75db_250ff-000-60.wav,8.1141,28.0,tone,0,0,0,150.0
3911,11.0,0.0,,l,False,main_files/trial_tone/tone_150hz_75db_250ff-20p-80.wav,0.0,28.0,tone,20,p,80,150.0
3911,11.0,6.0,"10,9,10,11,10,11",m,False,main_files/trial_tone/tone_150hz_75db_250ff-20n-100.wav,15.395,28.0,tone,20,n,100,150.0
3911,11.0,0.0,,l,True,main_files/trial_tone/tone_150hz_75db_250ff-10n-250.wav,0.0,28.0,tone,10,n,250,150.0
3911,11.0,0.0,,l,True,main_files/trial_tone/tone_150hz_75db_250ff-40n-60.wav,0.0,28.0,tone,40,n,60,150.0
3911,11.0,0.0,,l,False,main_files/trial_tone/tone_150hz_75db_250ff-40p-80.wav,0.0,28.0,tone,40,p,80,150.0
3911,11.0,0.0,,l,True,main_files/trial_tone/tone_150hz_75db_250ff-20n-60.wav,0.0,28.0,tone,20,n,60,150.0
3911,11.0,0.0,,l,True,main_files/trial_tone/tone_150hz_75db_250ff-40n-80.wav,0.0,28.0,tone,40,n,80,150.0
3911,11.0,0.0,,l,False,main_files/trial_tone/tone_150hz_75db_250ff-20p-250.wav,0.0,28.0,tone,20,p,250,150.0
3911,11.0,0.0,,l,True,main_files/trial_tone/tone_150hz_75db_250ff-10n-100.wav,0.0,28.0,tone,10,n,100,150.0
3911,11.0,12.0,"10,11,8,7,10,13,12,11,12,11,12,11",m,True,main_files/trial_di/07_di_cross_150hz_75db_250ff-000-100.wav,26.8063,28.0,di,0,0,0,150.0
3911,11.0,2.0,"10,11",m,False,main_files/trial_di/07_di_cross_150hz_75db_250ff-30n-120.wav,3.9823,28.0,di,30,n,120,150.0
3911,11.0,0.0,,l,False,main_files/trial_di/07_di_cross_150hz_75db_250ff-10p-250.wav,0.0,28.0,di,10,p,250,150.0
3911,11.0,0.0,,l,False,main_files/trial_di/07_di_cross_150hz_75db_250ff-10p-80.wav,0.0,28.0,di,10,p,80,150.0
3911,12.0,5.0,"10,11,12,11,12",h,True,main_files/trial_di/07_di_cross_150hz_75db_250ff-30p-250.wav,11.6484,28.0,di,30,p,250,155.0
3911,10.0,1.0,10,l,False,main_files/trial_di/07_di_cross_150hz_75db_250ff-40p-40.wav,3.6809,28.0,di,40,p,40,145.0
3911,11.0,0.0,,l,False,main_files/trial_di/07_di_cross_150hz_75db_250ff-10p-60.wav,0.0,28.0,di,10,p,60,150.0
3911,11.0,0.0,,l,True,main_files/trial_di/07_di_cross_150hz_75db_250ff-30n-80.wav,0.0,28.0,di,30,n,80,150.0
3911,11.0,0.0,,l,True,main_files/trial_di/07_di_cross_150hz_75db_250ff-10n-40.wav,0.0,28.0,di,10,n,40,150.0
3911,11.0,0.0,,l,False,main_files/trial_di/07_di_cross_150hz_75db_250ff-10p-120.wav,0.0,28.0,di,10,p,120,150.0
3911,11.0,0.0,,l,True,main_files/trial_di/07_di_cross_150hz_75db_250ff-20n-80.wav,0.0,28.0,di,20,n,80,150.0
3911,11.0,0.0,,l,True,main_files/trial_di/07_di_cross_150hz_75db_250ff-20n-120.wav,0.0,28.0,di,20,n,120,150.0
3911,11.0,0.0,,l,True,main_files/trial_di/07_di_cross_150hz_75db_250ff-10n-80.wav,0.0,28.0,di,10,n,80,150.0
3911,11.0,2.0,"10,11",m,False,main_files/trial_di/07_di_cross_150hz_75db_250ff-30p-80.wav,4.048,28.0,di,30,p,80,150.0
3911,11.0,0.0,,l,False,main_files/trial_di/07_di_cross_150hz_75db_250ff-000-250.wav,0.0,28.0,di,0,0,0,150.0
3911,11.0,0.0,,l,True,main_files/trial_di/07_di_cross_150hz_75db_250ff-30n-40.wav,0.0,28.0,di,30,n,40,150.0
3911,11.0,2.0,"12,11",m,False,main_files/trial_di/07_di_cross_150hz_75db_250ff-40p-120.wav,4.1782,28.0,di,40,p,120,150.0
3911,11.0,8.0,"10,11,10,11,10,11,12,11",m,False,main_files/trial_di/07_di_cross_150hz_75db_250ff-40n-120.wav,17.7624,28.0,di,40,n,120,150.0
3911,11.0,0.0,,l,True,main_files/trial_di/07_di_cross_150hz_75db_250ff-40n-40.wav,0.0,28.0,di,40,n,40,150.0
3911,11.0,0.0,,l,False,main_files/trial_di/07_di_cross_150hz_75db_250ff-20p-60.wav,0.0,28.0,di,20,p,60,150.0
3911,11.0,0.0,,l,False,main_files/trial_di/07_di_cross_150hz_75db_250ff-20p-40.wav,0.0,28.0,di,20,p,40,150.0
3911,11.0,0.0,,l,True,main_files/trial_di/07_di_cross_150hz_75db_250ff-40n-250.wav,0.0,28.0,di,40,n,250,150.0
3911,11.0,0.0,,l,False,main_files/trial_di/07_di_cross_150hz_75db_250ff-10p-40.wav,0.0,28.0,di,10,p,40,150.0
3911,11.0,0.0,,l,False,main_files/trial_di/07_di_cross_150hz_75db_250ff-40p-60.wav,0.0,28.0,di,40,p,60,150.0
3911,11.0,0.0,,l,True,main_files/trial_di/07_di_cross_150hz_75db_250ff-30n-60.wav,0.0,28.0,di,30,n,60,150.0
3911,11.0,0.0,,l,True,main_files/trial_di/07_di_cross_150hz_75db_250ff-10n-120.wav,0.0,28.0,di,10,n,120,150.0
3911,11.0,0.0,,l,False,main_files/trial_di/07_di_cross_150hz_75db_250ff-20p-120.wav,0.0,28.0,di,20,p,120,150.0
3911,11.0,2.0,"10,11",m,True,main_files/trial_di/07_di_cross_150hz_75db_250ff-000-40.wav,3.2122,28.0,di,0,0,0,150.0
3911,12.0,1.0,12,h,True,main_files/trial_di/07_di_cross_150hz_75db_250ff-40p-250.wav,2.0146,28.0,di,40,p,250,155.0
3911,11.0,0.0,,l,True,main_files/trial_di/07_di_cross_150hz_75db_250ff-20n-250.wav,0.0,28.0,di,20,n,250,150.0
3911,11.0,0.0,,l,True,main_files/trial_di/07_di_cross_150hz_75db_250ff-40n-100.wav,0.0,28.0,di,40,n,100,150.0
3911,12.0,1.0,12,h,True,main_files/trial_di/07_di_cross_150hz_75db_250ff-30p-100.wav,1.7823,28.0,di,30,p,100,155.0
3911,11.0,0.0,,l,True,main_files/trial_di/07_di_cross_150hz_75db_250ff-10n-60.wav,0.0,28.0,di,10,n,60,150.0
3911,11.0,0.0,,l,True,main_files/trial_di/07_di_cross_150hz_75db_250ff-20n-40.wav,0.0,28.0,di,20,n,40,150.0
3911,11.0,0.0,,l,False,main_files/trial_di/07_di_cross_150hz_75db_250ff-20p-100.wav,0.0,28.0,di,20,p,100,150.0
3911,11.0,0.0,,l,False,main_files/trial_di/07_di_cross_150hz_75db_250ff-30p-40.wav,0.0,28.0,di,30,p,40,150.0
3911,11.0,2.0,"10,11",m,False,main_files/trial_di/07_di_cross_150hz_75db_250ff-30n-100.wav,4.5979,28.0,di,30,n,100,150.0
3911,11.0,2.0,"10,11",m,False,main_files/trial_di/07_di_cross_150hz_75db_250ff-30p-120.wav,4.3457,28.0,di,30,p,120,150.0
3911,10.0,1.0,10,l,True,main_files/trial_di/07_di_cross_150hz_75db_250ff-30n-250.wav,1.916,28.0,di,30,n,250,145.0
3911,11.0,0.0,,l,False,main_files/trial_di/07_di_cross_150hz_75db_250ff-30p-60.wav,0.0,28.0,di,30,p,60,150.0
3911,11.0,0.0,,l,False,main_files/trial_di/07_di_cross_150hz_75db_250ff-10p-100.wav,0.0,28.0,di,10,p,100,150.0
3911,11.0,0.0,,l,False,main_files/trial_di/07_di_cross_150hz_75db_250ff-40p-100.wav,0.0,28.0,di,40,p,100,150.0
3911,11.0,0.0,,l,False,main_files/trial_di/07_di_cross_150hz_75db_250ff-000-80.wav,0.0,28.0,di,0,0,0,150.0
3911,11.0,0.0,,l,False,main_files/trial_di/07_di_cross_150hz_75db_250ff-000-120.wav,0.0,28.0,di,0,0,0,150.0
3911,11.0,0.0,,l,False,main_files/trial_di/07_di_cross_150hz_75db_250ff-000-60.wav,0.0,28.0,di,0,0,0,150.0
3911,11.0,0.0,,l,False,main_files/trial_di/07_di_cross_150hz_75db_250ff-20p-80.wav,0.0,28.0,di,20,p,80,150.0
3911,10.0,1.0,10,l,True,main_files/trial_di/07_di_cross_150hz_75db_250ff-20n-100.wav,1.8117,28.0,di,20,n,100,145.0
3911,11.0,0.0,,l,True,main_files/trial_di/07_di_cross_150hz_75db_250ff-10n-250.wav,0.0,28.0,di,10,n,250,150.0
3911,11.0,0.0,,l,True,main_files/trial_di/07_di_cross_150hz_75db_250ff-40n-60.wav,0.0,28.0,di,40,n,60,150.0
3911,11.0,0.0,,l,False,main_files/trial_di/07_di_cross_150hz_75db_250ff-40p-80.wav,0.0,28.0,di,40,p,80,150.0
3911,11.0,0.0,,l,True,main_files/trial_di/07_di_cross_150hz_75db_250ff-20n-60.wav,0.0,28.0,di,20,n,60,150.0
3911,11.0,0.0,,l,True,main_files/trial_di/07_di_cross_150hz_75db_250ff-40n-80.wav,0.0,28.0,di,40,n,80,150.0
3911,12.0,1.0,12,h,True,main_files/trial_di/07_di_cross_150hz_75db_250ff-20p-250.wav,2.0453,28.0,di,20,p,250,155.0
3911,11.0,0.0,,l,True,main_files/trial_di/07_di_cross_150hz_75db_250ff-10n-100.wav,0.0,28.0,di,10,n,100,150.0
3911,11.0,0.0,,l,False,main_files/trial_i/07_i_150hz_75db_250ff-40p-80.wav,0.0,28.0,i,40,p,80,150.0
3911,11.0,0.0,,l,True,main_files/trial_i/07_i_150hz_75db_250ff-30n-100.wav,0.0,28.0,i,30,n,100,150.0
3911,10.0,1.0,10,l,False,main_files/trial_i/07_i_150hz_75db_250ff-20p-250.wav,2.1952,28.0,i,20,p,250,145.0
3911,11.0,0.0,,l,False,main_files/trial_i/07_i_150hz_75db_250ff-10p-60.wav,0.0,28.0,i,10,p,60,150.0
3911,10.0,1.0,10,l,True,main_files/trial_i/07_i_150hz_75db_250ff-30n-250.wav,1.9212,28.0,i,30,n,250,145.0
3911,11.0,2.0,"12,11",m,False,main_files/trial_i/07_i_150hz_75db_250ff-40p-120.wav,4.9798,28.0,i,40,p,120,150.0
3911,11.0,0.0,,l,False,main_files/trial_i/07_i_150hz_75db_250ff-10p-40.wav,0.0,28.0,i,10,p,40,150.0
3911,11.0,0.0,,l,True,main_files/trial_i/07_i_150hz_75db_250ff-30n-60.wav,0.0,28.0,i,30,n,60,150.0
3911,11.0,0.0,,l,True,main_files/trial_i/07_i_150hz_75db_250ff-10n-40.wav,0.0,28.0,i,10,n,40,150.0
3911,12.0,1.0,12,h,True,main_files/trial_i/07_i_150hz_75db_250ff-10p-250.wav,1.9462,28.0,i,10,p,250,155.0
3911,11.0,0.0,,l,True,main_files/trial_i/07_i_150hz_75db_250ff-20n-60.wav,0.0,28.0,i,20,n,60,150.0
3911,11.0,0.0,,l,True,main_files/trial_i/07_i_150hz_75db_250ff-20n-100.wav,0.0,28.0,i,20,n,100,150.0
3911,11.0,0.0,,l,True,main_files/trial_i/07_i_150hz_75db_250ff-10n-80.wav,0.0,28.0,i,10,n,80,150.0
3911,11.0,2.0,"10,11",m,False,main_files/trial_i/07_i_150hz_75db_250ff-30p-60.wav,4.7623,28.0,i,30,p,60,150.0
3911,11.0,0.0,,l,False,main_files/trial_i/07_i_150hz_75db_250ff-000-80.wav,0.0,28.0,i,0,0,0,150.0
3911,11.0,0.0,,l,True,main_files/trial_i/07_i_150hz_75db_250ff-30n-120.wav,0.0,28.0,i,30,n,120,150.0
3911,11.0,2.0,"10,11",m,False,main_files/trial_i/07_i_150hz_75db_250ff-40p-100.wav,3.6816,28.0,i,40,p,100,150.0
3911,11.0,0.0,,l,True,main_files/trial_i/07_i_150hz_75db_250ff-40n-100.wav,0.0,28.0,i,40,n,100,150.0
3911,11.0,0.0,,l,True,main_files/trial_i/07_i_150hz_75db_250ff-40n-120.wav,0.0,28.0,i,40,n,120,150.0
3911,11.0,0.0,,l,False,main_files/trial_i/07_i_150hz_75db_250ff-20p-40.wav,0.0,28.0,i,20,p,40,150.0
3911,11.0,0.0,,l,False,main_files/trial_i/07_i_150hz_75db_250ff-20p-120.wav,0.0,28.0,i,20,p,120,150.0
3911,12.0,1.0,12,h,True,main_files/trial_i/07_i_150hz_75db_250ff-40p-250.wav,1.8532,28.0,i,40,p,250,155.0
3911,11.0,0.0,,l,False,main_files/trial_i/07_i_150hz_75db_250ff-10p-120.wav,0.0,28.0,i,10,p,120,150.0
3911,11.0,2.0,"10,11",m,False,main_files/trial_i/07_i_150hz_75db_250ff-40p-40.wav,4.6318,28.0,i,40,p,40,150.0
3911,11.0,0.0,,l,True,main_files/trial_i/07_i_150hz_75db_250ff-30n-40.wav,0.0,28.0,i,30,n,40,150.0
3911,11.0,0.0,,l,True,main_files/trial_i/07_i_150hz_75db_250ff-10n-120.wav,0.0,28.0,i,10,n,120,150.0
3911,11.0,2.0,"12,11",m,False,main_files/trial_i/07_i_150hz_75db_250ff-20p-100.wav,4.9322,28.0,i,20,p,100,150.0
3911,11.0,0.0,,l,False,main_files/trial_i/07_i_150hz_75db_250ff-000-120.wav,0.0,28.0,i,0,0,0,150.0
3911,10.0,1.0,10,l,True,main_files/trial_i/07_i_150hz_75db_250ff-40n-250.wav,1.7982,28.0,i,40,n,250,145.0
3911,9.0,1.0,9,l,True,main_files/trial_i/07_i_150hz_75db_250ff-20n-250.wav,2.033,28.0,i,20,n,250,140.0
3911,11.0,0.0,,l,False,main_files/trial_i/07_i_150hz_75db_250ff-30p-80.wav,0.0,28.0,i,30,p,80,150.0
3911,11.0,0.0,,l,True,main_files/trial_i/07_i_150hz_75db_250ff-30n-80.wav,0.0,28.0,i,30,n,80,150.0
3911,11.0,0.0,,l,True,main_files/trial_i/07_i_150hz_75db_250ff-10n-60.wav,0.0,28.0,i,10,n,60,150.0
3911,11.0,0.0,,l,True,main_files/trial_i/07_i_150hz_75db_250ff-20n-120.wav,0.0,28.0,i,20,n,120,150.0
3911,11.0,0.0,,l,True,main_files/trial_i/07_i_150hz_75db_250ff-20n-80.wav,0.0,28.0,i,20,n,80,150.0
3911,11.0,0.0,,l,False,main_files/trial_i/07_i_150hz_75db_250ff-30p-120.wav,0.0,28.0,i,30,p,120,150.0
3911,11.0,0.0,,l,False,main_files/trial_i/07_i_150hz_75db_250ff-20p-80.wav,0.0,28.0,i,20,p,80,150.0
3911,11.0,0.0,,l,False,main_files/trial_i/07_i_150hz_75db_250ff-30p-100.wav,0.0,28.0,i,30,p,100,150.0
3911,10.0,1.0,10,l,False,main_files/trial_i/07_i_150hz_75db_250ff-30p-250.wav,1.9781,28.0,i,30,p,250,145.0
3911,11.0,0.0,,l,False,main_files/trial_i/07_i_150hz_75db_250ff-30p-40.wav,0.0,28.0,i,30,p,40,150.0
3911,11.0,0.0,,l,False,main_files/trial_i/07_i_150hz_75db_250ff-10p-100.wav,0.0,28.0,i,10,p,100,150.0
3911,11.0,0.0,,l,True,main_files/trial_i/07_i_150hz_75db_250ff-40n-80.wav,0.0,28.0,i,40,n,80,150.0
3911,11.0,0.0,,l,False,main_files/trial_i/07_i_150hz_75db_250ff-000-60.wav,0.0,28.0,i,0,0,0,150.0
3911,11.0,0.0,,l,False,main_files/trial_i/07_i_150hz_75db_250ff-000-100.wav,0.0,28.0,i,0,0,0,150.0
3911,11.0,0.0,,l,False,main_files/trial_i/07_i_150hz_75db_250ff-000-40.wav,0.0,28.0,i,0,0,0,150.0
3911,11.0,0.0,,l,False,main_files/trial_i/07_i_150hz_75db_250ff-20p-60.wav,0.0,28.0,i,20,p,60,150.0
3911,11.0,0.0,,l,False,main_files/trial_i/07_i_150hz_75db_250ff-10p-80.wav,0.0,28.0,i,10,p,80,150.0
3911,10.0,1.0,10,l,True,main_files/trial_i/07_i_150hz_75db_250ff-10n-250.wav,2.1305,28.0,i,10,n,250,145.0
3911,11.0,2.0,"10,11",m,False,main_files/trial_i/07_i_150hz_75db_250ff-40n-40.wav,4.1996,28.0,i,40,n,40,150.0
3911,11.0,0.0,,l,False,main_files/trial_i/07_i_150hz_75db_250ff-40p-60.wav,0.0,28.0,i,40,p,60,150.0
3911,11.0,0.0,,l,True,main_files/trial_i/07_i_150hz_75db_250ff-20n-40.wav,0.0,28.0,i,20,n,40,150.0
3911,11.0,0.0,,l,True,main_files/trial_i/07_i_150hz_75db_250ff-40n-60.wav,0.0,28.0,i,40,n,60,150.0
3911,11.0,0.0,,l,False,main_files/trial_i/07_i_150hz_75db_250ff-000-250.wav,0.0,28.0,i,0,0,0,150.0
3911,11.0,0.0,,l,True,main_files/trial_i/07_i_150hz_75db_250ff-10n-100.wav,0.0,28.0,i,10,n,100,150.0
1304,12.0,1.0,12,h,False,main_files/trial_di/07_di_cross_150hz_75db_250ff-000-100.wav,3.9599,0.0,di,0,0,0,155.0
1304,12.0,1.0,12,h,False,main_files/trial_di/07_di_cross_150hz_75db_250ff-30n-120.wav,6.9345,0.0,di,30,n,120,155.0
1304,12.0,1.0,12,h,True,main_files/trial_di/07_di_cross_150hz_75db_250ff-10p-250.wav,12.7738,0.0,di,10,p,250,155.0
1304,12.0,1.0,12,h,True,main_files/trial_di/07_di_cross_150hz_75db_250ff-10p-80.wav,2.9057,0.0,di,10,p,80,155.0
1304,10.0,2.0,"9,10",l,False,main_files/trial_di/07_di_cross_150hz_75db_250ff-30p-250.wav,13.1609,0.0,di,30,p,250,145.0
1304,10.0,1.0,10,l,False,main_files/trial_di/07_di_cross_150hz_75db_250ff-40p-40.wav,2.598,0.0,di,40,p,40,145.0
1304,11.0,2.0,"12,11",m,False,main_files/trial_di/07_di_cross_150hz_75db_250ff-10p-60.wav,5.6023,0.0,di,10,p,60,150.0
1304,10.0,5.0,"10,11,10,11,10",l,True,main_files/trial_di/07_di_cross_150hz_75db_250ff-30n-80.wav,27.3804,0.0,di,30,n,80,145.0
1304,10.0,1.0,10,l,True,main_files/trial_di/07_di_cross_150hz_75db_250ff-10n-40.wav,6.0271,0.0,di,10,n,40,145.0
1304,12.0,1.0,12,h,True,main_files/trial_di/07_di_cross_150hz_75db_250ff-10p-120.wav,2.4983,0.0,di,10,p,120,155.0
1304,12.0,1.0,12,h,False,main_files/trial_di/07_di_cross_150hz_75db_250ff-20n-80.wav,15.7518,0.0,di,20,n,80,155.0
1304,12.0,1.0,12,h,False,main_files/trial_di/07_di_cross_150hz_75db_250ff-20n-120.wav,4.1488,0.0,di,20,n,120,155.0
1304,12.0,1.0,12,h,False,main_files/trial_di/07_di_cross_150hz_75db_250ff-10n-80.wav,4.8772,0.0,di,10,n,80,155.0
1304,12.0,1.0,12,h,True,main_files/trial_di/07_di_cross_150hz_75db_250ff-30p-80.wav,6.5438,0.0,di,30,p,80,155.0
1304,12.0,1.0,12,h,False,main_files/trial_di/07_di_cross_150hz_75db_250ff-000-250.wav,6.0802,0.0,di,0,0,0,155.0
1304,10.0,1.0,10,l,True,main_files/trial_di/07_di_cross_150hz_75db_250ff-30n-40.wav,2.4475,0.0,di,30,n,40,145.0
1304,12.0,1.0,12,h,True,main_files/trial_di/07_di_cross_150hz_75db_250ff-40p-120.wav,2.2603,0.0,di,40,p,120,155.0
1304,10.0,1.0,10,l,True,main_files/trial_di/07_di_cross_150hz_75db_250ff-40n-120.wav,1.8438,0.0,di,40,n,120,145.0
1304,10.0,1.0,10,l,True,main_files/trial_di/07_di_cross_150hz_75db_250ff-40n-40.wav,2.1188,0.0,di,40,n,40,145.0
1304,12.0,1.0,12,h,True,main_files/trial_di/07_di_cross_150hz_75db_250ff-20p-60.wav,1.9821,0.0,di,20,p,60,155.0
1304,12.0,3.0,"12,11,12",h,True,main_files/trial_di/07_di_cross_150hz_75db_250ff-20p-40.wav,16.5488,0.0,di,20,p,40,155.0
1304,9.0,1.0,9,l,True,main_files/trial_di/07_di_cross_150hz_75db_250ff-40n-250.wav,2.3353,0.0,di,40,n,250,140.0
1304,10.0,1.0,10,l,False,main_files/trial_di/07_di_cross_150hz_75db_250ff-10p-40.wav,4.2983,0.0,di,10,p,40,145.0
1304,9.0,1.0,9,l,False,main_files/trial_di/07_di_cross_150hz_75db_250ff-40p-60.wav,3.0642,0.0,di,40,p,60,140.0
1304,9.0,1.0,9,l,True,main_files/trial_di/07_di_cross_150hz_75db_250ff-30n-60.wav,4.3072,0.0,di,30,n,60,140.0
1304,10.0,1.0,10,l,True,main_files/trial_di/07_di_cross_150hz_75db_250ff-10n-120.wav,2.5645,0.0,di,10,n,120,145.0
1304,12.0,1.0,12,h,True,main_files/trial_di/07_di_cross_150hz_75db_250ff-20p-120.wav,2.5439,0.0,di,20,p,120,155.0
1304,11.0,0.0,,l,False,main_files/trial_di/07_di_cross_150hz_75db_250ff-000-40.wav,0.0,0.0,di,0,0,0,150.0
1304,13.0,1.0,13,h,True,main_files/trial_di/07_di_cross_150hz_75db_250ff-40p-250.wav,3.9402,0.0,di,40,p,250,160.0
1304,11.0,2.0,"10,11",m,False,main_files/trial_di/07_di_cross_150hz_75db_250ff-20n-250.wav,4.6099,0.0,di,20,n,250,150.0
1304,9.0,1.0,9,l,True,main_files/trial_di/07_di_cross_150hz_75db_250ff-40n-100.wav,3.2891,0.0,di,40,n,100,140.0
1304,12.0,1.0,12,h,True,main_files/trial_di/07_di_cross_150hz_75db_250ff-30p-100.wav,2.4933,0.0,di,30,p,100,155.0
1304,11.0,0.0,,l,True,main_files/trial_di/07_di_cross_150hz_75db_250ff-10n-60.wav,0.0,0.0,di,10,n,60,150.0
1304,11.0,0.0,,l,True,main_files/trial_di/07_di_cross_150hz_75db_250ff-20n-40.wav,0.0,0.0,di,20,n,40,150.0
1304,12.0,5.0,"12,13,11,13,12",h,True,main_files/trial_di/07_di_cross_150hz_75db_250ff-20p-100.wav,13.9101,0.0,di,20,p,100,155.0
1304,10.0,1.0,10,l,False,main_files/trial_di/07_di_cross_150hz_75db_250ff-30p-40.wav,2.1936,0.0,di,30,p,40,145.0
1304,9.0,1.0,9,l,True,main_files/trial_di/07_di_cross_150hz_75db_250ff-30n-100.wav,1.9772,0.0,di,30,n,100,140.0
1304,12.0,1.0,12,h,True,main_files/trial_di/07_di_cross_150hz_75db_250ff-30p-120.wav,2.2605,0.0,di,30,p,120,155.0
1304,12.0,1.0,12,h,False,main_files/trial_di/07_di_cross_150hz_75db_250ff-30n-250.wav,3.4607,0.0,di,30,n,250,155.0
1304,9.0,3.0,"12,10,9",l,False,main_files/trial_di/07_di_cross_150hz_75db_250ff-30p-60.wav,13.9355,0.0,di,30,p,60,140.0
1304,10.0,1.0,10,l,False,main_files/trial_di/07_di_cross_150hz_75db_250ff-10p-100.wav,3.306,0.0,di,10,p,100,145.0
1304,10.0,1.0,10,l,False,main_files/trial_di/07_di_cross_150hz_75db_250ff-40p-100.wav,3.9443,0.0,di,40,p,100,145.0
1304,12.0,1.0,12,h,False,main_files/trial_di/07_di_cross_150hz_75db_250ff-000-80.wav,1.8187,0.0,di,0,0,0,155.0
1304,11.0,0.0,,l,False,main_files/trial_di/07_di_cross_150hz_75db_250ff-000-120.wav,0.0,0.0,di,0,0,0,150.0
1304,11.0,0.0,,l,False,main_files/trial_di/07_di_cross_150hz_75db_250ff-000-60.wav,0.0,0.0,di,0,0,0,150.0
1304,12.0,1.0,12,h,True,main_files/trial_di/07_di_cross_150hz_75db_250ff-20p-80.wav,4.9605,0.0,di,20,p,80,155.0
1304,9.0,1.0,9,l,True,main_files/trial_di/07_di_cross_150hz_75db_250ff-20n-100.wav,2.0356,0.0,di,20,n,100,140.0
1304,10.0,1.0,10,l,True,main_files/trial_di/07_di_cross_150hz_75db_250ff-10n-250.wav,2.4808,0.0,di,10,n,250,145.0
1304,9.0,1.0,9,l,True,main_files/trial_di/07_di_cross_150hz_75db_250ff-40n-60.wav,2.032,0.0,di,40,n,60,140.0
1304,12.0,1.0,12,h,True,main_files/trial_di/07_di_cross_150hz_75db_250ff-40p-80.wav,4.3687,0.0,di,40,p,80,155.0
1304,10.0,1.0,10,l,True,main_files/trial_di/07_di_cross_150hz_75db_250ff-20n-60.wav,3.1187,0.0,di,20,n,60,145.0
1304,9.0,1.0,9,l,True,main_files/trial_di/07_di_cross_150hz_75db_250ff-40n-80.wav,2.5353,0.0,di,40,n,80,140.0
1304,13.0,1.0,13,h,True,main_files/trial_di/07_di_cross_150hz_75db_250ff-20p-250.wav,2.5565,0.0,di,20,p,250,160.0
1304,10.0,1.0,10,l,True,main_files/trial_di/07_di_cross_150hz_75db_250ff-10n-100.wav,3.0601,0.0,di,10,n,100,145.0
1304,9.0,1.0,9,l,False,main_files/trial_i/07_i_150hz_75db_250ff-40p-80.wav,2.322,0.0,i,40,p,80,140.0
1304,13.0,1.0,13,h,False,main_files/trial_i/07_i_150hz_75db_250ff-30n-100.wav,3.3021,0.0,i,30,n,100,160.0
1304,10.0,1.0,10,l,False,main_files/trial_i/07_i_150hz_75db_250ff-20p-250.wav,2.1597,0.0,i,20,p,250,145.0
1304,10.0,1.0,10,l,False,main_files/trial_i/07_i_150hz_75db_250ff-10p-60.wav,3.8118,0.0,i,10,p,60,145.0
1304,12.0,2.0,"13,12",h,False,main_files/trial_i/07_i_150hz_75db_250ff-30n-250.wav,10.7813,0.0,i,30,n,250,155.0
1304,9.0,2.0,"10,9",l,False,main_files/trial_i/07_i_150hz_75db_250ff-40p-120.wav,8.286,0.0,i,40,p,120,140.0
1304,10.0,1.0,10,l,False,main_files/trial_i/07_i_150hz_75db_250ff-10p-40.wav,1.9271,0.0,i,10,p,40,145.0
1304,9.0,1.0,9,l,True,main_files/trial_i/07_i_150hz_75db_250ff-30n-60.wav,2.0435,0.0,i,30,n,60,140.0
1304,11.0,0.0,,l,True,main_files/trial_i/07_i_150hz_75db_250ff-10n-40.wav,0.0,0.0,i,10,n,40,150.0
1304,12.0,1.0,12,h,True,main_files/trial_i/07_i_150hz_75db_250ff-10p-250.wav,3.8186,0.0,i,10,p,250,155.0
1304,10.0,1.0,10,l,True,main_files/trial_i/07_i_150hz_75db_250ff-20n-60.wav,1.7438,0.0,i,20,n,60,145.0
1304,10.0,1.0,10,l,True,main_files/trial_i/07_i_150hz_75db_250ff-20n-100.wav,1.9939,0.0,i,20,n,100,145.0
1304,10.0,1.0,10,l,True,main_files/trial_i/07_i_150hz_75db_250ff-10n-80.wav,1.6985,0.0,i,10,n,80,145.0
1304,10.0,1.0,10,l,False,main_files/trial_i/07_i_150hz_75db_250ff-30p-60.wav,8.9231,0.0,i,30,p,60,145.0
1304,12.0,1.0,12,h,False,main_files/trial_i/07_i_150hz_75db_250ff-000-80.wav,2.1476,0.0,i,0,0,0,155.0
1304,9.0,1.0,9,l,True,main_files/trial_i/07_i_150hz_75db_250ff-30n-120.wav,1.7811,0.0,i,30,n,120,140.0
1304,12.0,1.0,12,h,True,main_files/trial_i/07_i_150hz_75db_250ff-40p-100.wav,1.9474,0.0,i,40,p,100,155.0
1304,9.0,1.0,9,l,True,main_files/trial_i/07_i_150hz_75db_250ff-40n-100.wav,1.7141,0.0,i,40,n,100,140.0
1304,9.0,1.0,9,l,True,main_files/trial_i/07_i_150hz_75db_250ff-40n-120.wav,1.6063,0.0,i,40,n,120,140.0
1304,12.0,1.0,12,h,True,main_files/trial_i/07_i_150hz_75db_250ff-20p-40.wav,2.1061,0.0,i,20,p,40,155.0
1304,12.0,1.0,12,h,True,main_files/trial_i/07_i_150hz_75db_250ff-20p-120.wav,2.2305,0.0,i,20,p,120,155.0
1304,13.0,1.0,13,h,True,main_files/trial_i/07_i_150hz_75db_250ff-40p-250.wav,8.3264,0.0,i,40,p,250,160.0
1304,11.0,0.0,,l,False,main_files/trial_i/07_i_150hz_75db_250ff-10p-120.wav,0.0,0.0,i,10,p,120,150.0
1304,9.0,2.0,"10,9",l,False,main_files/trial_i/07_i_150hz_75db_250ff-40p-40.wav,12.2486,0.0,i,40,p,40,140.0
1304,10.0,1.0,10,l,True,main_files/trial_i/07_i_150hz_75db_250ff-30n-40.wav,6.3809,0.0,i,30,n,40,145.0
1304,11.0,0.0,,l,True,main_files/trial_i/07_i_150hz_75db_250ff-10n-120.wav,0.0,0.0,i,10,n,120,150.0
1304,10.0,1.0,10,l,False,main_files/trial_i/07_i_150hz_75db_250ff-20p-100.wav,1.7437,0.0,i,20,p,100,145.0
1304,11.0,0.0,,l,False,main_files/trial_i/07_i_150hz_75db_250ff-000-120.wav,0.0,0.0,i,0,0,0,150.0
1304,9.0,1.0,9,l,True,main_files/trial_i/07_i_150hz_75db_250ff-40n-250.wav,2.4195,0.0,i,40,n,250,140.0
1304,10.0,1.0,10,l,True,main_files/trial_i/07_i_150hz_75db_250ff-20n-250.wav,3.7968,0.0,i,20,n,250,145.0
1304,9.0,1.0,9,l,False,main_files/trial_i/07_i_150hz_75db_250ff-30p-80.wav,1.952,0.0,i,30,p,80,140.0
1304,10.0,1.0,10,l,True,main_files/trial_i/07_i_150hz_75db_250ff-30n-80.wav,1.6398,0.0,i,30,n,80,145.0
1304,11.0,0.0,,l,True,main_files/trial_i/07_i_150hz_75db_250ff-10n-60.wav,0.0,0.0,i,10,n,60,150.0
1304,11.0,0.0,,l,True,main_files/trial_i/07_i_150hz_75db_250ff-20n-120.wav,0.0,0.0,i,20,n,120,150.0
1304,11.0,0.0,,l,True,main_files/trial_i/07_i_150hz_75db_250ff-20n-80.wav,0.0,0.0,i,20,n,80,150.0
1304,9.0,1.0,9,l,False,main_files/trial_i/07_i_150hz_75db_250ff-30p-120.wav,2.107,0.0,i,30,p,120,140.0
1304,10.0,1.0,10,l,False,main_files/trial_i/07_i_150hz_75db_250ff-20p-80.wav,3.8901,0.0,i,20,p,80,145.0
1304,10.0,1.0,10,l,False,main_files/trial_i/07_i_150hz_75db_250ff-30p-100.wav,2.757,0.0,i,30,p,100,145.0
1304,12.0,1.0,12,h,True,main_files/trial_i/07_i_150hz_75db_250ff-30p-250.wav,1.9159,0.0,i,30,p,250,155.0
1304,10.0,1.0,10,l,False,main_files/trial_i/07_i_150hz_75db_250ff-30p-40.wav,2.0806,0.0,i,30,p,40,145.0
1304,11.0,0.0,,l,False,main_files/trial_i/07_i_150hz_75db_250ff-10p-100.wav,0.0,0.0,i,10,p,100,150.0
1304,9.0,1.0,9,l,True,main_files/trial_i/07_i_150hz_75db_250ff-40n-80.wav,1.7355,0.0,i,40,n,80,140.0
1304,10.0,1.0,10,l,False,main_files/trial_i/07_i_150hz_75db_250ff-000-60.wav,6.4806,0.0,i,0,0,0,145.0
1304,10.0,1.0,10,l,False,main_files/trial_i/07_i_150hz_75db_250ff-000-100.wav,2.7474,0.0,i,0,0,0,145.0
1304,10.0,1.0,10,l,False,main_files/trial_i/07_i_150hz_75db_250ff-000-40.wav,1.7231,0.0,i,0,0,0,145.0
1304,10.0,1.0,10,l,False,main_files/trial_i/07_i_150hz_75db_250ff-20p-60.wav,2.1982,0.0,i,20,p,60,145.0
1304,10.0,1.0,10,l,False,main_files/trial_i/07_i_150hz_75db_250ff-10p-80.wav,1.8073,0.0,i,10,p,80,145.0
1304,10.0,1.0,10,l,True,main_files/trial_i/07_i_150hz_75db_250ff-10n-250.wav,1.607,0.0,i,10,n,250,145.0
1304,9.0,1.0,9,l,True,main_files/trial_i/07_i_150hz_75db_250ff-40n-40.wav,2.0814,0.0,i,40,n,40,140.0
1304,9.0,1.0,9,l,False,main_files/trial_i/07_i_150hz_75db_250ff-40p-60.wav,1.5573,0.0,i,40,p,60,140.0
1304,10.0,1.0,10,l,True,main_files/trial_i/07_i_150hz_75db_250ff-20n-40.wav,4.2165,0.0,i,20,n,40,145.0
1304,9.0,1.0,9,l,True,main_files/trial_i/07_i_150hz_75db_250ff-40n-60.wav,1.6393,0.0,i,40,n,60,140.0
1304,10.0,1.0,10,l,False,main_files/trial_i/07_i_150hz_75db_250ff-000-250.wav,1.9437,0.0,i,0,0,0,145.0
1304,10.0,1.0,10,l,True,main_files/trial_i/07_i_150hz_75db_250ff-10n-100.wav,1.4021,0.0,i,10,n,100,145.0
1304,11.0,3.0,"10,12,11",m,True,main_files/trial_tone/tone_150hz_75db_250ff-000-100.wav,13.2154,0.0,tone,0,0,0,150.0
1304,9.0,1.0,9,l,True,main_files/trial_tone/tone_150hz_75db_250ff-30n-120.wav,3.9346,0.0,tone,30,n,120,140.0
1304,12.0,1.0,12,h,True,main_files/trial_tone/tone_150hz_75db_250ff-10p-250.wav,2.9106,0.0,tone,10,p,250,155.0
1304,10.0,1.0,10,l,False,main_files/trial_tone/tone_150hz_75db_250ff-10p-80.wav,2.9177,0.0,tone,10,p,80,145.0
1304,13.0,3.0,"13,11,13",h,True,main_files/trial_tone/tone_150hz_75db_250ff-30p-250.wav,12.7356,0.0,tone,30,p,250,160.0
1304,10.0,1.0,10,l,False,main_files/trial_tone/tone_150hz_75db_250ff-40p-40.wav,2.0687,0.0,tone,40,p,40,145.0
1304,11.0,0.0,,l,False,main_files/trial_tone/tone_150hz_75db_250ff-10p-60.wav,0.0,0.0,tone,10,p,60,150.0
1304,9.0,1.0,9,l,True,main_files/trial_tone/tone_150hz_75db_250ff-30n-80.wav,5.4186,0.0,tone,30,n,80,140.0
1304,11.0,0.0,,l,True,main_files/trial_tone/tone_150hz_75db_250ff-10n-40.wav,0.0,0.0,tone,10,n,40,150.0
1304,10.0,1.0,10,l,False,main_files/trial_tone/tone_150hz_75db_250ff-10p-120.wav,2.8436,0.0,tone,10,p,120,145.0
1304,11.0,0.0,,l,True,main_files/trial_tone/tone_150hz_75db_250ff-20n-80.wav,0.0,0.0,tone,20,n,80,150.0
1304,11.0,0.0,,l,True,main_files/trial_tone/tone_150hz_75db_250ff-20n-120.wav,0.0,0.0,tone,20,n,120,150.0
1304,12.0,1.0,12,h,False,main_files/trial_tone/tone_150hz_75db_250ff-10n-80.wav,2.9108,0.0,tone,10,n,80,155.0
1304,9.0,1.0,9,l,False,main_files/trial_tone/tone_150hz_75db_250ff-30p-80.wav,4.9752,0.0,tone,30,p,80,140.0
1304,11.0,0.0,,l,False,main_files/trial_tone/tone_150hz_75db_250ff-000-250.wav,0.0,0.0,tone,0,0,0,150.0
1304,10.0,1.0,10,l,True,main_files/trial_tone/tone_150hz_75db_250ff-30n-40.wav,2.1852,0.0,tone,30,n,40,145.0
1304,12.0,1.0,12,h,True,main_files/trial_tone/tone_150hz_75db_250ff-40p-120.wav,2.0479,0.0,tone,40,p,120,155.0
1304,10.0,1.0,10,l,True,main_files/trial_tone/tone_150hz_75db_250ff-40n-120.wav,1.5689,0.0,tone,40,n,120,145.0
1304,11.0,0.0,,l,True,main_files/trial_tone/tone_150hz_75db_250ff-40n-40.wav,0.0,0.0,tone,40,n,40,150.0
1304,10.0,1.0,10,l,False,main_files/trial_tone/tone_150hz_75db_250ff-20p-60.wav,7.9512,0.0,tone,20,p,60,145.0
1304,11.0,0.0,,l,False,main_files/trial_tone/tone_150hz_75db_250ff-20p-40.wav,0.0,0.0,tone,20,p,40,150.0
1304,9.0,1.0,9,l,True,main_files/trial_tone/tone_150hz_75db_250ff-40n-250.wav,1.9819,0.0,tone,40,n,250,140.0
1304,11.0,0.0,,l,False,main_files/trial_tone/tone_150hz_75db_250ff-10p-40.wav,0.0,0.0,tone,10,p,40,150.0
1304,9.0,1.0,9,l,False,main_files/trial_tone/tone_150hz_75db_250ff-40p-60.wav,2.4653,0.0,tone,40,p,60,140.0
1304,11.0,0.0,,l,True,main_files/trial_tone/tone_150hz_75db_250ff-30n-60.wav,0.0,0.0,tone,30,n,60,150.0
1304,12.0,1.0,12,h,False,main_files/trial_tone/tone_150hz_75db_250ff-10n-120.wav,1.9691,0.0,tone,10,n,120,155.0
1304,12.0,1.0,12,h,True,main_files/trial_tone/tone_150hz_75db_250ff-20p-120.wav,1.931,0.0,tone,20,p,120,155.0
1304,11.0,0.0,,l,False,main_files/trial_tone/tone_150hz_75db_250ff-000-40.wav,0.0,0.0,tone,0,0,0,150.0
1304,13.0,1.0,13,h,True,main_files/trial_tone/tone_150hz_75db_250ff-40p-250.wav,1.8687,0.0,tone,40,p,250,160.0
1304,10.0,1.0,10,l,True,main_files/trial_tone/tone_150hz_75db_250ff-20n-250.wav,2.0809,0.0,tone,20,n,250,145.0
1304,11.0,0.0,,l,True,main_files/trial_tone/tone_150hz_75db_250ff-40n-100.wav,0.0,0.0,tone,40,n,100,150.0
1304,12.0,1.0,12,h,True,main_files/trial_tone/tone_150hz_75db_250ff-30p-100.wav,2.7108,0.0,tone,30,p,100,155.0
1304,10.0,1.0,10,l,True,main_files/trial_tone/tone_150hz_75db_250ff-10n-60.wav,1.794,0.0,tone,10,n,60,145.0
1304,11.0,0.0,,l,True,main_files/trial_tone/tone_150hz_75db_250ff-20n-40.wav,0.0,0.0,tone,20,n,40,150.0
1304,12.0,1.0,12,h,True,main_files/trial_tone/tone_150hz_75db_250ff-20p-100.wav,2.0521,0.0,tone,20,p,100,155.0
1304,11.0,0.0,,l,False,main_files/trial_tone/tone_150hz_75db_250ff-30p-40.wav,0.0,0.0,tone,30,p,40,150.0
1304,11.0,0.0,,l,True,main_files/trial_tone/tone_150hz_75db_250ff-30n-100.wav,0.0,0.0,tone,30,n,100,150.0
1304,12.0,1.0,12,h,True,main_files/trial_tone/tone_150hz_75db_250ff-30p-120.wav,2.5024,0.0,tone,30,p,120,155.0
1304,9.0,1.0,9,l,True,main_files/trial_tone/tone_150hz_75db_250ff-30n-250.wav,2.7565,0.0,tone,30,n,250,140.0
1304,11.0,0.0,,l,False,main_files/trial_tone/tone_150hz_75db_250ff-30p-60.wav,0.0,0.0,tone,30,p,60,150.0
1304,12.0,1.0,12,h,True,main_files/trial_tone/tone_150hz_75db_250ff-10p-100.wav,2.1863,0.0,tone,10,p,100,155.0
1304,12.0,1.0,12,h,True,main_files/trial_tone/tone_150hz_75db_250ff-40p-100.wav,2.3233,0.0,tone,40,p,100,155.0
1304,11.0,0.0,,l,False,main_files/trial_tone/tone_150hz_75db_250ff-000-80.wav,0.0,0.0,tone,0,0,0,150.0
1304,11.0,0.0,,l,False,main_files/trial_tone/tone_150hz_75db_250ff-000-120.wav,0.0,0.0,tone,0,0,0,150.0
1304,11.0,0.0,,l,False,main_files/trial_tone/tone_150hz_75db_250ff-000-60.wav,0.0,0.0,tone,0,0,0,150.0
1304,11.0,0.0,,l,False,main_files/trial_tone/tone_150hz_75db_250ff-20p-80.wav,0.0,0.0,tone,20,p,80,150.0
1304,10.0,1.0,10,l,True,main_files/trial_tone/tone_150hz_75db_250ff-20n-100.wav,1.9563,0.0,tone,20,n,100,145.0
1304,11.0,0.0,,l,True,main_files/trial_tone/tone_150hz_75db_250ff-10n-250.wav,0.0,0.0,tone,10,n,250,150.0
1304,10.0,1.0,10,l,True,main_files/trial_tone/tone_150hz_75db_250ff-40n-60.wav,2.3686,0.0,tone,40,n,60,145.0
1304,12.0,1.0,12,h,True,main_files/trial_tone/tone_150hz_75db_250ff-40p-80.wav,2.6611,0.0,tone,40,p,80,155.0
1304,10.0,1.0,10,l,True,main_files/trial_tone/tone_150hz_75db_250ff-20n-60.wav,1.9069,0.0,tone,20,n,60,145.0
1304,11.0,0.0,,l,True,main_files/trial_tone/tone_150hz_75db_250ff-40n-80.wav,0.0,0.0,tone,40,n,80,150.0
1304,13.0,1.0,13,h,True,main_files/trial_tone/tone_150hz_75db_250ff-20p-250.wav,1.8441,0.0,tone,20,p,250,160.0
1304,11.0,0.0,,l,True,main_files/trial_tone/tone_150hz_75db_250ff-10n-100.wav,0.0,0.0,tone,10,n,100,150.0
3661,14.0,4.0,"12,13,12,14",h,True,main_files/trial_i/07_i_150hz_75db_250ff-40p-80.wav,10.9239,26.0,i,40,p,80,165.0
3661,6.0,1.0,6,l,True,main_files/trial_i/07_i_150hz_75db_250ff-30n-100.wav,1.9929,26.0,i,30,n,100,125.0
3661,14.0,1.0,14,h,True,main_files/trial_i/07_i_150hz_75db_250ff-20p-250.wav,2.2096,26.0,i,20,p,250,165.0
3661,12.0,3.0,"12,11,12",h,True,main_files/trial_i/07_i_150hz_75db_250ff-10p-60.wav,6.0654,26.0,i,10,p,60,155.0
3661,5.0,1.0,5,l,True,main_files/trial_i/07_i_150hz_75db_250ff-30n-250.wav,1.7945,26.0,i,30,n,250,120.0
3661,17.0,2.0,"18,17",h,True,main_files/trial_i/07_i_150hz_75db_250ff-40p-120.wav,3.6137,26.0,i,40,p,120,180.0
3661,11.0,2.0,"12,11",m,False,main_files/trial_i/07_i_150hz_75db_250ff-10p-40.wav,4.4195,26.0,i,10,p,40,150.0
3661,6.0,1.0,6,l,True,main_files/trial_i/07_i_150hz_75db_250ff-30n-60.wav,2.1261,26.0,i,30,n,60,125.0
3661,10.0,1.0,10,l,True,main_files/trial_i/07_i_150hz_75db_250ff-10n-40.wav,2.5698,26.0,i,10,n,40,145.0
3661,12.0,1.0,12,h,True,main_files/trial_i/07_i_150hz_75db_250ff-10p-250.wav,2.2974,26.0,i,10,p,250,155.0
3661,9.0,1.0,9,l,True,main_files/trial_i/07_i_150hz_75db_250ff-20n-60.wav,1.8276,26.0,i,20,n,60,140.0
3661,7.0,1.0,7,l,True,main_files/trial_i/07_i_150hz_75db_250ff-20n-100.wav,2.3091,26.0,i,20,n,100,130.0
3661,10.0,1.0,10,l,True,main_files/trial_i/07_i_150hz_75db_250ff-10n-80.wav,2.5137,26.0,i,10,n,80,145.0
3661,13.0,1.0,13,h,True,main_files/trial_i/07_i_150hz_75db_250ff-30p-60.wav,2.53,26.0,i,30,p,60,160.0
3661,11.0,0.0,,l,False,main_files/trial_i/07_i_150hz_75db_250ff-000-80.wav,0.0,26.0,i,0,0,0,150.0
3661,7.0,1.0,7,l,True,main_files/trial_i/07_i_150hz_75db_250ff-30n-120.wav,2.303,26.0,i,30,n,120,130.0
3661,17.0,1.0,17,h,True,main_files/trial_i/07_i_150hz_75db_250ff-40p-100.wav,2.3567,26.0,i,40,p,100,180.0
3661,8.0,1.0,8,l,True,main_files/trial_i/07_i_150hz_75db_250ff-40n-100.wav,2.0919,26.0,i,40,n,100,135.0
3661,7.0,1.0,7,l,True,main_files/trial_i/07_i_150hz_75db_250ff-40n-120.wav,1.9197,26.0,i,40,n,120,130.0
3661,13.0,1.0,13,h,True,main_files/trial_i/07_i_150hz_75db_250ff-20p-40.wav,1.8215,26.0,i,20,p,40,160.0
3661,16.0,1.0,16,h,True,main_files/trial_i/07_i_150hz_75db_250ff-20p-120.wav,2.1838,26.0,i,20,p,120,175.0
3661,18.0,1.0,18,h,True,main_files/trial_i/07_i_150hz_75db_250ff-40p-250.wav,2.0151,26.0,i,40,p,250,185.0
3661,12.0,2.0,"10,12",h,True,main_files/trial_i/07_i_150hz_75db_250ff-10p-120.wav,5.221,26.0,i,10,p,120,155.0
3661,13.0,1.0,13,h,True,main_files/trial_i/07_i_150hz_75db_250ff-40p-40.wav,2.0528,26.0,i,40,p,40,160.0
3661,6.0,1.0,6,l,True,main_files/trial_i/07_i_150hz_75db_250ff-30n-40.wav,1.9422,26.0,i,30,n,40,125.0
3661,4.0,1.0,4,l,True,main_files/trial_i/07_i_150hz_75db_250ff-10n-120.wav,2.0266,26.0,i,10,n,120,115.0
3661,17.0,1.0,17,h,True,main_files/trial_i/07_i_150hz_75db_250ff-20p-100.wav,1.9828,26.0,i,20,p,100,180.0
3661,11.0,2.0,"10,11",m,True,main_files/trial_i/07_i_150hz_75db_250ff-000-120.wav,3.8205,26.0,i,0,0,0,150.0
3661,7.0,1.0,7,l,True,main_files/trial_i/07_i_150hz_75db_250ff-40n-250.wav,1.8569,26.0,i,40,n,250,130.0
3661,8.0,1.0,8,l,True,main_files/trial_i/07_i_150hz_75db_250ff-20n-250.wav,1.6626,26.0,i,20,n,250,135.0
3661,16.0,1.0,16,h,True,main_files/trial_i/07_i_150hz_75db_250ff-30p-80.wav,2.4099,26.0,i,30,p,80,175.0
3661,5.0,1.0,5,l,True,main_files/trial_i/07_i_150hz_75db_250ff-30n-80.wav,1.7861,26.0,i,30,n,80,120.0
3661,10.0,1.0,10,l,True,main_files/trial_i/07_i_150hz_75db_250ff-10n-60.wav,1.861,26.0,i,10,n,60,145.0
3661,9.0,1.0,9,l,True,main_files/trial_i/07_i_150hz_75db_250ff-20n-120.wav,1.8751,26.0,i,20,n,120,140.0
3661,7.0,1.0,7,l,True,main_files/trial_i/07_i_150hz_75db_250ff-20n-80.wav,1.7118,26.0,i,20,n,80,130.0
3661,16.0,1.0,16,h,True,main_files/trial_i/07_i_150hz_75db_250ff-30p-120.wav,1.6097,26.0,i,30,p,120,175.0
3661,16.0,2.0,"17,16",h,True,main_files/trial_i/07_i_150hz_75db_250ff-20p-80.wav,3.2309,26.0,i,20,p,80,175.0
3661,15.0,1.0,15,h,True,main_files/trial_i/07_i_150hz_75db_250ff-30p-100.wav,2.1591,26.0,i,30,p,100,170.0
3661,17.0,1.0,17,h,True,main_files/trial_i/07_i_150hz_75db_250ff-30p-250.wav,1.7964,26.0,i,30,p,250,180.0
3661,12.0,1.0,12,h,True,main_files/trial_i/07_i_150hz_75db_250ff-30p-40.wav,2.1473,26.0,i,30,p,40,155.0
3661,15.0,1.0,15,h,True,main_files/trial_i/07_i_150hz_75db_250ff-10p-100.wav,1.6928,26.0,i,10,p,100,170.0
3661,7.0,1.0,7,l,True,main_files/trial_i/07_i_150hz_75db_250ff-40n-80.wav,1.6699,26.0,i,40,n,80,130.0
3661,12.0,1.0,12,h,False,main_files/trial_i/07_i_150hz_75db_250ff-000-60.wav,2.537,26.0,i,0,0,0,155.0
3661,11.0,2.0,"10,11",m,True,main_files/trial_i/07_i_150hz_75db_250ff-000-100.wav,3.5527,26.0,i,0,0,0,150.0
3661,11.0,0.0,,l,False,main_files/trial_i/07_i_150hz_75db_250ff-000-40.wav,0.0,26.0,i,0,0,0,150.0
3661,15.0,1.0,15,h,True,main_files/trial_i/07_i_150hz_75db_250ff-20p-60.wav,2.0088,26.0,i,20,p,60,170.0
3661,13.0,1.0,13,h,True,main_files/trial_i/07_i_150hz_75db_250ff-10p-80.wav,1.83,26.0,i,10,p,80,160.0
3661,7.0,1.0,7,l,True,main_files/trial_i/07_i_150hz_75db_250ff-10n-250.wav,1.7026,26.0,i,10,n,250,130.0
3661,5.0,1.0,5,l,True,main_files/trial_i/07_i_150hz_75db_250ff-40n-40.wav,1.6342,26.0,i,40,n,40,120.0
3661,17.0,2.0,"18,17",h,True,main_files/trial_i/07_i_150hz_75db_250ff-40p-60.wav,3.6613,26.0,i,40,p,60,180.0
3661,6.0,1.0,6,l,True,main_files/trial_i/07_i_150hz_75db_250ff-20n-40.wav,1.5196,26.0,i,20,n,40,125.0
3661,4.0,1.0,4,l,True,main_files/trial_i/07_i_150hz_75db_250ff-40n-60.wav,1.5528,26.0,i,40,n,60,115.0
3661,12.0,1.0,12,h,False,main_files/trial_i/07_i_150hz_75db_250ff-000-250.wav,1.8287,26.0,i,0,0,0,155.0
3661,8.0,1.0,8,l,True,main_files/trial_i/07_i_150hz_75db_250ff-10n-100.wav,1.524,26.0,i,10,n,100,135.0
3661,12.0,1.0,12,h,False,main_files/trial_tone/tone_150hz_75db_250ff-000-100.wav,3.2074,26.0,tone,0,0,0,155.0
3661,8.0,1.0,8,l,True,main_files/trial_tone/tone_150hz_75db_250ff-30n-120.wav,2.0326,26.0,tone,30,n,120,135.0
3661,16.0,1.0,16,h,True,main_files/trial_tone/tone_150hz_75db_250ff-10p-250.wav,1.8194,26.0,tone,10,p,250,175.0
3661,14.0,1.0,14,h,True,main_files/trial_tone/tone_150hz_75db_250ff-10p-80.wav,1.6411,26.0,tone,10,p,80,165.0
3661,17.0,1.0,17,h,True,main_files/trial_tone/tone_150hz_75db_250ff-30p-250.wav,2.0189,26.0,tone,30,p,250,180.0
3661,17.0,2.0,"18,17",h,True,main_files/trial_tone/tone_150hz_75db_250ff-40p-40.wav,3.504,26.0,tone,40,p,40,180.0
3661,15.0,1.0,15,h,True,main_files/trial_tone/tone_150hz_75db_250ff-10p-60.wav,1.6755,26.0,tone,10,p,60,170.0
3661,7.0,1.0,7,l,True,main_files/trial_tone/tone_150hz_75db_250ff-30n-80.wav,1.7476,26.0,tone,30,n,80,130.0
3661,8.0,1.0,8,l,True,main_files/trial_tone/tone_150hz_75db_250ff-10n-40.wav,1.7232,26.0,tone,10,n,40,135.0
3661,15.0,1.0,15,h,True,main_files/trial_tone/tone_150hz_75db_250ff-10p-120.wav,1.661,26.0,tone,10,p,120,170.0
3661,6.0,1.0,6,l,True,main_files/trial_tone/tone_150hz_75db_250ff-20n-80.wav,1.4755,26.0,tone,20,n,80,125.0
3661,5.0,1.0,5,l,True,main_files/trial_tone/tone_150hz_75db_250ff-20n-120.wav,1.9863,26.0,tone,20,n,120,120.0
3661,6.0,1.0,6,l,True,main_files/trial_tone/tone_150hz_75db_250ff-10n-80.wav,1.7586,26.0,tone,10,n,80,125.0
3661,17.0,1.0,17,h,True,main_files/trial_tone/tone_150hz_75db_250ff-30p-80.wav,1.6897,26.0,tone,30,p,80,180.0
3661,10.0,1.0,10,l,False,main_files/trial_tone/tone_150hz_75db_250ff-000-250.wav,2.6487,26.0,tone,0,0,0,145.0
3661,6.0,1.0,6,l,True,main_files/trial_tone/tone_150hz_75db_250ff-30n-40.wav,1.9693,26.0,tone,30,n,40,125.0
3661,17.0,1.0,17,h,True,main_files/trial_tone/tone_150hz_75db_250ff-40p-120.wav,2.208,26.0,tone,40,p,120,180.0
3661,4.0,1.0,4,l,True,main_files/trial_tone/tone_150hz_75db_250ff-40n-120.wav,1.5306,26.0,tone,40,n,120,115.0
3661,7.0,1.0,7,l,True,main_files/trial_tone/tone_150hz_75db_250ff-40n-40.wav,1.5105,26.0,tone,40,n,40,130.0
3661,16.0,1.0,16,h,True,main_files/trial_tone/tone_150hz_75db_250ff-20p-60.wav,1.5149,26.0,tone,20,p,60,175.0
3661,14.0,1.0,14,h,True,main_files/trial_tone/tone_150hz_75db_250ff-20p-40.wav,1.6591,26.0,tone,20,p,40,165.0
3661,5.0,1.0,5,l,True,main_files/trial_tone/tone_150hz_75db_250ff-40n-250.wav,1.6626,26.0,tone,40,n,250,120.0
3661,13.0,1.0,13,h,True,main_files/trial_tone/tone_150hz_75db_250ff-10p-40.wav,1.6902,26.0,tone,10,p,40,160.0
3661,15.0,1.0,15,h,True,main_files/trial_tone/tone_150hz_75db_250ff-40p-60.wav,1.5309,26.0,tone,40,p,60,170.0
3661,6.0,2.0,"5,6",l,True,main_files/trial_tone/tone_150hz_75db_250ff-30n-60.wav,3.5392,26.0,tone,30,n,60,125.0
3661,7.0,1.0,7,l,True,main_files/trial_tone/tone_150hz_75db_250ff-10n-120.wav,1.5617,26.0,tone,10,n,120,130.0
3661,17.0,1.0,17,h,True,main_files/trial_tone/tone_150hz_75db_250ff-20p-120.wav,1.6253,26.0,tone,20,p,120,180.0
3661,11.0,2.0,"10,11",m,True,main_files/trial_tone/tone_150hz_75db_250ff-000-40.wav,3.731,26.0,tone,0,0,0,150.0
3661,17.0,1.0,17,h,True,main_files/trial_tone/tone_150hz_75db_250ff-40p-250.wav,2.1694,26.0,tone,40,p,250,180.0
3661,4.0,1.0,4,l,True,main_files/trial_tone/tone_150hz_75db_250ff-20n-250.wav,1.5446,26.0,tone,20,n,250,115.0
3661,6.0,1.0,6,l,True,main_files/trial_tone/tone_150hz_75db_250ff-40n-100.wav,1.8026,26.0,tone,40,n,100,125.0
3661,17.0,1.0,17,h,True,main_files/trial_tone/tone_150hz_75db_250ff-30p-100.wav,1.507,26.0,tone,30,p,100,180.0
3661,4.0,1.0,4,l,True,main_files/trial_tone/tone_150hz_75db_250ff-10n-60.wav,1.4353,26.0,tone,10,n,60,115.0
3661,7.0,2.0,"8,7",l,True,main_files/trial_tone/tone_150hz_75db_250ff-20n-40.wav,3.2584,26.0,tone,20,n,40,130.0
3661,15.0,1.0,15,h,True,main_files/trial_tone/tone_150hz_75db_250ff-20p-100.wav,1.4092,26.0,tone,20,p,100,170.0
3661,16.0,1.0,16,h,True,main_files/trial_tone/tone_150hz_75db_250ff-30p-40.wav,1.489,26.0,tone,30,p,40,175.0
3661,5.0,1.0,5,l,True,main_files/trial_tone/tone_150hz_75db_250ff-30n-100.wav,1.597,26.0,tone,30,n,100,120.0
3661,17.0,1.0,17,h,True,main_files/trial_tone/tone_150hz_75db_250ff-30p-120.wav,1.8587,26.0,tone,30,p,120,180.0
3661,6.0,1.0,6,l,True,main_files/trial_tone/tone_150hz_75db_250ff-30n-250.wav,1.7976,26.0,tone,30,n,250,125.0
3661,17.0,1.0,17,h,True,main_files/trial_tone/tone_150hz_75db_250ff-30p-60.wav,1.5431,26.0,tone,30,p,60,180.0
3661,12.0,1.0,12,h,True,main_files/trial_tone/tone_150hz_75db_250ff-10p-100.wav,1.5764,26.0,tone,10,p,100,155.0
3661,13.0,1.0,13,h,True,main_files/trial_tone/tone_150hz_75db_250ff-40p-100.wav,1.4043,26.0,tone,40,p,100,160.0
3661,10.0,1.0,10,l,False,main_files/trial_tone/tone_150hz_75db_250ff-000-80.wav,1.5051,26.0,tone,0,0,0,145.0
3661,10.0,1.0,10,l,False,main_files/trial_tone/tone_150hz_75db_250ff-000-120.wav,2.0275,26.0,tone,0,0,0,145.0
3661,11.0,0.0,,l,False,main_files/trial_tone/tone_150hz_75db_250ff-000-60.wav,0.0,26.0,tone,0,0,0,150.0
3661,14.0,1.0,14,h,True,main_files/trial_tone/tone_150hz_75db_250ff-20p-80.wav,1.6942,26.0,tone,20,p,80,165.0
3661,7.0,1.0,7,l,True,main_files/trial_tone/tone_150hz_75db_250ff-20n-100.wav,1.4148,26.0,tone,20,n,100,130.0
3661,9.0,1.0,9,l,True,main_files/trial_tone/tone_150hz_75db_250ff-10n-250.wav,1.5106,26.0,tone,10,n,250,140.0
3661,7.0,1.0,7,l,True,main_files/trial_tone/tone_150hz_75db_250ff-40n-60.wav,1.7694,26.0,tone,40,n,60,130.0
3661,15.0,1.0,15,h,True,main_files/trial_tone/tone_150hz_75db_250ff-40p-80.wav,1.7076,26.0,tone,40,p,80,170.0
3661,6.0,1.0,6,l,True,main_files/trial_tone/tone_150hz_75db_250ff-20n-60.wav,1.4934,26.0,tone,20,n,60,125.0
3661,5.0,1.0,5,l,True,main_files/trial_tone/tone_150hz_75db_250ff-40n-80.wav,1.7815,26.0,tone,40,n,80,120.0
3661,15.0,1.0,15,h,True,main_files/trial_tone/tone_150hz_75db_250ff-20p-250.wav,1.4869,26.0,tone,20,p,250,170.0
3661,9.0,1.0,9,l,True,main_files/trial_tone/tone_150hz_75db_250ff-10n-100.wav,1.6308,26.0,tone,10,n,100,140.0
3661,11.0,2.0,"10,11",m,True,main_files/trial_di/07_di_cross_150hz_75db_250ff-000-100.wav,4.3252,26.0,di,0,0,0,150.0
3661,9.0,1.0,9,l,True,main_files/trial_di/07_di_cross_150hz_75db_250ff-30n-120.wav,1.5094,26.0,di,30,n,120,140.0
3661,12.0,1.0,12,h,True,main_files/trial_di/07_di_cross_150hz_75db_250ff-10p-250.wav,1.5023,26.0,di,10,p,250,155.0
3661,12.0,1.0,12,h,True,main_files/trial_di/07_di_cross_150hz_75db_250ff-10p-80.wav,1.564,26.0,di,10,p,80,155.0
3661,16.0,1.0,16,h,True,main_files/trial_di/07_di_cross_150hz_75db_250ff-30p-250.wav,1.6361,26.0,di,30,p,250,175.0
3661,13.0,1.0,13,h,True,main_files/trial_di/07_di_cross_150hz_75db_250ff-40p-40.wav,1.4639,26.0,di,40,p,40,160.0
3661,13.0,1.0,13,h,True,main_files/trial_di/07_di_cross_150hz_75db_250ff-10p-60.wav,1.5259,26.0,di,10,p,60,160.0
3661,8.0,1.0,8,l,True,main_files/trial_di/07_di_cross_150hz_75db_250ff-30n-80.wav,1.5068,26.0,di,30,n,80,135.0
3661,8.0,1.0,8,l,True,main_files/trial_di/07_di_cross_150hz_75db_250ff-10n-40.wav,1.4402,26.0,di,10,n,40,135.0
3661,14.0,1.0,14,h,True,main_files/trial_di/07_di_cross_150hz_75db_250ff-10p-120.wav,1.6487,26.0,di,10,p,120,165.0
3661,7.0,1.0,7,l,True,main_files/trial_di/07_di_cross_150hz_75db_250ff-20n-80.wav,1.635,26.0,di,20,n,80,130.0
3661,6.0,1.0,6,l,True,main_files/trial_di/07_di_cross_150hz_75db_250ff-20n-120.wav,2.1484,26.0,di,20,n,120,125.0
3661,7.0,1.0,7,l,True,main_files/trial_di/07_di_cross_150hz_75db_250ff-10n-80.wav,1.5711,26.0,di,10,n,80,130.0
3661,16.0,1.0,16,h,True,main_files/trial_di/07_di_cross_150hz_75db_250ff-30p-80.wav,1.4982,26.0,di,30,p,80,175.0
3661,10.0,1.0,10,l,False,main_files/trial_di/07_di_cross_150hz_75db_250ff-000-250.wav,1.7611,26.0,di,0,0,0,145.0
3661,9.0,1.0,9,l,True,main_files/trial_di/07_di_cross_150hz_75db_250ff-30n-40.wav,1.5412,26.0,di,30,n,40,140.0
3661,15.0,1.0,15,h,True,main_files/trial_di/07_di_cross_150hz_75db_250ff-40p-120.wav,1.3577,26.0,di,40,p,120,170.0
3661,6.0,1.0,6,l,True,main_files/trial_di/07_di_cross_150hz_75db_250ff-40n-120.wav,1.4429,26.0,di,40,n,120,125.0
3661,6.0,1.0,6,l,True,main_files/trial_di/07_di_cross_150hz_75db_250ff-40n-40.wav,1.4859,26.0,di,40,n,40,125.0
3661,16.0,1.0,16,h,True,main_files/trial_di/07_di_cross_150hz_75db_250ff-20p-60.wav,1.3304,26.0,di,20,p,60,175.0
3661,15.0,1.0,15,h,True,main_files/trial_di/07_di_cross_150hz_75db_250ff-20p-40.wav,1.8526,26.0,di,20,p,40,170.0
3661,9.0,1.0,9,l,True,main_files/trial_di/07_di_cross_150hz_75db_250ff-40n-250.wav,1.4578,26.0,di,40,n,250,140.0
3661,12.0,1.0,12,h,True,main_files/trial_di/07_di_cross_150hz_75db_250ff-10p-40.wav,1.7267,26.0,di,10,p,40,155.0
3661,13.0,1.0,13,h,True,main_files/trial_di/07_di_cross_150hz_75db_250ff-40p-60.wav,1.4469,26.0,di,40,p,60,160.0
3661,9.0,1.0,9,l,True,main_files/trial_di/07_di_cross_150hz_75db_250ff-30n-60.wav,1.3858,26.0,di,30,n,60,140.0
3661,8.0,1.0,8,l,True,main_files/trial_di/07_di_cross_150hz_75db_250ff-10n-120.wav,1.5472,26.0,di,10,n,120,135.0
3661,15.0,1.0,15,h,True,main_files/trial_di/07_di_cross_150hz_75db_250ff-20p-120.wav,1.3817,26.0,di,20,p,120,170.0
3661,10.0,1.0,10,l,False,main_files/trial_di/07_di_cross_150hz_75db_250ff-000-40.wav,2.5261,26.0,di,0,0,0,145.0
3661,17.0,1.0,17,h,True,main_files/trial_di/07_di_cross_150hz_75db_250ff-40p-250.wav,1.5561,26.0,di,40,p,250,180.0
3661,8.0,1.0,8,l,True,main_files/trial_di/07_di_cross_150hz_75db_250ff-20n-250.wav,1.3532,26.0,di,20,n,250,135.0
3661,7.0,1.0,7,l,True,main_files/trial_di/07_di_cross_150hz_75db_250ff-40n-100.wav,1.4689,26.0,di,40,n,100,130.0
3661,15.0,1.0,15,h,True,main_files/trial_di/07_di_cross_150hz_75db_250ff-30p-100.wav,1.4505,26.0,di,30,p,100,170.0
3661,10.0,1.0,10,l,True,main_files/trial_di/07_di_cross_150hz_75db_250ff-10n-60.wav,1.3633,26.0,di,10,n,60,145.0
3661,10.0,1.0,10,l,True,main_files/trial_di/07_di_cross_150hz_75db_250ff-20n-40.wav,1.4185,26.0,di,20,n,40,145.0
3661,13.0,1.0,13,h,True,main_files/trial_di/07_di_cross_150hz_75db_250ff-20p-100.wav,1.4297,26.0,di,20,p,100,160.0
3661,15.0,1.0,15,h,True,main_files/trial_di/07_di_cross_150hz_75db_250ff-30p-40.wav,1.5363,26.0,di,30,p,40,170.0
3661,8.0,1.0,8,l,True,main_files/trial_di/07_di_cross_150hz_75db_250ff-30n-100.wav,1.4363,26.0,di,30,n,100,135.0
3661,16.0,1.0,16,h,True,main_files/trial_di/07_di_cross_150hz_75db_250ff-30p-120.wav,1.4362,26.0,di,30,p,120,175.0
3661,6.0,1.0,6,l,True,main_files/trial_di/07_di_cross_150hz_75db_250ff-30n-250.wav,1.9137,26.0,di,30,n,250,125.0
3661,17.0,1.0,17,h,True,main_files/trial_di/07_di_cross_150hz_75db_250ff-30p-60.wav,2.094,26.0,di,30,p,60,180.0
3661,12.0,1.0,12,h,True,main_files/trial_di/07_di_cross_150hz_75db_250ff-10p-100.wav,1.5859,26.0,di,10,p,100,155.0
3661,14.0,1.0,14,h,True,main_files/trial_di/07_di_cross_150hz_75db_250ff-40p-100.wav,1.5881,26.0,di,40,p,100,165.0
3661,10.0,1.0,10,l,False,main_files/trial_di/07_di_cross_150hz_75db_250ff-000-80.wav,1.7596,26.0,di,0,0,0,145.0
3661,10.0,1.0,10,l,False,main_files/trial_di/07_di_cross_150hz_75db_250ff-000-120.wav,1.8931,26.0,di,0,0,0,145.0
3661,11.0,0.0,,l,False,main_files/trial_di/07_di_cross_150hz_75db_250ff-000-60.wav,0.0,26.0,di,0,0,0,150.0
3661,15.0,1.0,15,h,True,main_files/trial_di/07_di_cross_150hz_75db_250ff-20p-80.wav,1.5195,26.0,di,20,p,80,170.0
3661,8.0,1.0,8,l,True,main_files/trial_di/07_di_cross_150hz_75db_250ff-20n-100.wav,1.4362,26.0,di,20,n,100,135.0
3661,8.0,1.0,8,l,True,main_files/trial_di/07_di_cross_150hz_75db_250ff-10n-250.wav,2.307,26.0,di,10,n,250,135.0
3661,6.0,1.0,6,l,True,main_files/trial_di/07_di_cross_150hz_75db_250ff-40n-60.wav,1.7262,26.0,di,40,n,60,125.0
3661,17.0,1.0,17,h,True,main_files/trial_di/07_di_cross_150hz_75db_250ff-40p-80.wav,1.4363,26.0,di,40,p,80,180.0
3661,10.0,1.0,10,l,True,main_files/trial_di/07_di_cross_150hz_75db_250ff-20n-60.wav,1.3627,26.0,di,20,n,60,145.0
3661,9.0,2.0,"10,9",l,True,main_files/trial_di/07_di_cross_150hz_75db_250ff-40n-80.wav,2.6329,26.0,di,40,n,80,140.0
3661,14.0,1.0,14,h,True,main_files/trial_di/07_di_cross_150hz_75db_250ff-20p-250.wav,1.8254,26.0,di,20,p,250,165.0
3661,10.0,1.0,10,l,True,main_files/trial_di/07_di_cross_150hz_75db_250ff-10n-100.wav,1.4809,26.0,di,10,n,100,145.0
101,17.0,3.0,"15,16,17",h,True,main_files/trial_i/07_i_150hz_75db_250ff-40p-80.wav,5.435,1.0,i,40,p,80,180.0
101,4.0,7.0,"7,5,4,6,4,5,4",l,True,main_files/trial_i/07_i_150hz_75db_250ff-30n-100.wav,18.753,1.0,i,30,n,100,115.0
101,15.0,3.0,"13,14,15",h,True,main_files/trial_i/07_i_150hz_75db_250ff-20p-250.wav,7.637,1.0,i,20,p,250,170.0
101,11.0,2.0,"10,11",m,False,main_files/trial_i/07_i_150hz_75db_250ff-10p-60.wav,4.165,1.0,i,10,p,60,150.0
101,4.0,5.0,"9,7,6,5,4",l,True,main_files/trial_i/07_i_150hz_75db_250ff-30n-250.wav,13.893,1.0,i,30,n,250,115.0
101,17.0,6.0,"16,17,16,17,16,17",h,True,main_files/trial_i/07_i_150hz_75db_250ff-40p-120.wav,10.188,1.0,i,40,p,120,180.0
101,11.0,0.0,,l,False,main_files/trial_i/07_i_150hz_75db_250ff-10p-40.wav,0.0,1.0,i,10,p,40,150.0
101,11.0,10.0,"10,11,10,11,10,11,10,11,10,11",m,False,main_files/trial_i/07_i_150hz_75db_250ff-30n-60.wav,40.916,1.0,i,30,n,60,150.0
101,11.0,0.0,,l,True,main_files/trial_i/07_i_150hz_75db_250ff-10n-40.wav,0.0,1.0,i,10,n,40,150.0
101,15.0,5.0,"15,16,15,14,15",h,True,main_files/trial_i/07_i_150hz_75db_250ff-10p-250.wav,16.538,1.0,i,10,p,250,170.0
101,4.0,4.0,"10,11,5,4",l,True,main_files/trial_i/07_i_150hz_75db_250ff-20n-60.wav,12.266,1.0,i,20,n,60,115.0
101,5.0,6.0,"10,11,8,7,6,5",l,True,main_files/trial_i/07_i_150hz_75db_250ff-20n-100.wav,17.51,1.0,i,20,n,100,120.0
101,11.0,4.0,"10,11,10,11",m,False,main_files/trial_i/07_i_150hz_75db_250ff-10n-80.wav,6.338,1.0,i,10,n,80,150.0
101,16.0,18.0,"15,14,15,16,15,16,17,16,17,16,17,16,17,16,18,16,17,16",h,True,main_files/trial_i/07_i_150hz_75db_250ff-30p-60.wav,58.727,1.0,i,30,p,60,175.0
101,11.0,0.0,,l,False,main_files/trial_i/07_i_150hz_75db_250ff-000-80.wav,0.0,1.0,i,0,0,0,150.0
101,5.0,6.0,"7,8,4,5,6,5",l,True,main_files/trial_i/07_i_150hz_75db_250ff-30n-120.wav,13.738,1.0,i,30,n,120,120.0
101,15.0,2.0,"16,15",h,True,main_files/trial_i/07_i_150hz_75db_250ff-40p-100.wav,5.906,1.0,i,40,p,100,170.0
101,5.0,4.0,"10,8,6,5",l,True,main_files/trial_i/07_i_150hz_75db_250ff-40n-100.wav,9.138,1.0,i,40,n,100,120.0
101,4.0,17.0,"5,11,10,11,10,11,4,5,6,5,6,5,6,5,6,5,4",l,True,main_files/trial_i/07_i_150hz_75db_250ff-40n-120.wav,41.805,1.0,i,40,n,120,115.0
101,15.0,8.0,"12,11,13,11,16,15,14,15",h,True,main_files/trial_i/07_i_150hz_75db_250ff-20p-40.wav,21.425,1.0,i,20,p,40,170.0
101,15.0,6.0,"17,16,17,15,14,15",h,True,main_files/trial_i/07_i_150hz_75db_250ff-20p-120.wav,13.052,1.0,i,20,p,120,170.0
101,17.0,1.0,17,h,True,main_files/trial_i/07_i_150hz_75db_250ff-40p-250.wav,4.515,1.0,i,40,p,250,180.0
101,11.0,0.0,,l,False,main_files/trial_i/07_i_150hz_75db_250ff-10p-120.wav,0.0,1.0,i,10,p,120,150.0
101,15.0,5.0,"13,14,15,14,15",h,True,main_files/trial_i/07_i_150hz_75db_250ff-40p-40.wav,14.483,1.0,i,40,p,40,170.0
101,8.0,10.0,"8,7,6,5,9,8,7,8,9,8",l,True,main_files/trial_i/07_i_150hz_75db_250ff-30n-40.wav,24.307,1.0,i,30,n,40,135.0
101,8.0,4.0,"9,11,9,8",l,True,main_files/trial_i/07_i_150hz_75db_250ff-10n-120.wav,11.001,1.0,i,10,n,120,135.0
101,15.0,2.0,"12,15",h,True,main_files/trial_i/07_i_150hz_75db_250ff-20p-100.wav,6.606,1.0,i,20,p,100,170.0
101,11.0,0.0,,l,False,main_files/trial_i/07_i_150hz_75db_250ff-000-120.wav,0.0,1.0,i,0,0,0,150.0
101,3.0,3.0,"3,4,3",l,True,main_files/trial_i/07_i_150hz_75db_250ff-40n-250.wav,11.154,1.0,i,40,n,250,110.0
101,8.0,3.0,"7,6,8",l,True,main_files/trial_i/07_i_150hz_75db_250ff-20n-250.wav,6.247,1.0,i,20,n,250,135.0
101,15.0,3.0,"17,16,15",h,True,main_files/trial_i/07_i_150hz_75db_250ff-30p-80.wav,7.329,1.0,i,30,p,80,170.0
101,8.0,4.0,"10,11,9,8",l,True,main_files/trial_i/07_i_150hz_75db_250ff-30n-80.wav,11.555,1.0,i,30,n,80,135.0
101,11.0,0.0,,l,True,main_files/trial_i/07_i_150hz_75db_250ff-10n-60.wav,0.0,1.0,i,10,n,60,150.0
101,9.0,5.0,"9,8,9,10,9",l,True,main_files/trial_i/07_i_150hz_75db_250ff-20n-120.wav,12.129,1.0,i,20,n,120,140.0
101,10.0,7.0,"10,11,10,11,10,11,10",l,True,main_files/trial_i/07_i_150hz_75db_250ff-20n-80.wav,18.508,1.0,i,20,n,80,145.0
101,15.0,1.0,15,h,True,main_files/trial_i/07_i_150hz_75db_250ff-30p-120.wav,3.284,1.0,i,30,p,120,170.0
101,15.0,4.0,"16,11,16,15",h,True,main_files/trial_i/07_i_150hz_75db_250ff-20p-80.wav,8.951,1.0,i,20,p,80,170.0
101,15.0,7.0,"12,11,12,11,12,11,15",h,True,main_files/trial_i/07_i_150hz_75db_250ff-30p-100.wav,12.008,1.0,i,30,p,100,170.0
101,15.0,8.0,"12,11,12,11,12,11,16,15",h,True,main_files/trial_i/07_i_150hz_75db_250ff-30p-250.wav,97.883,1.0,i,30,p,250,170.0
101,14.0,2.0,"13,14",h,True,main_files/trial_i/07_i_150hz_75db_250ff-30p-40.wav,4.946,1.0,i,30,p,40,165.0
101,12.0,6.0,"12,14,13,12,11,12",h,True,main_files/trial_i/07_i_150hz_75db_250ff-10p-100.wav,13.011,1.0,i,10,p,100,155.0
101,4.0,2.0,"10,4",l,True,main_files/trial_i/07_i_150hz_75db_250ff-40n-80.wav,4.46,1.0,i,40,n,80,115.0
101,11.0,0.0,,l,False,main_files/trial_i/07_i_150hz_75db_250ff-000-60.wav,0.0,1.0,i,0,0,0,150.0
101,11.0,0.0,,l,False,main_files/trial_i/07_i_150hz_75db_250ff-000-100.wav,0.0,1.0,i,0,0,0,150.0
101,11.0,0.0,,l,False,main_files/trial_i/07_i_150hz_75db_250ff-000-40.wav,0.0,1.0,i,0,0,0,150.0
101,14.0,6.0,"13,11,12,14,15,14",h,True,main_files/trial_i/07_i_150hz_75db_250ff-20p-60.wav,12.597,1.0,i,20,p,60,165.0
101,13.0,4.0,"14,13,14,13",h,True,main_files/trial_i/07_i_150hz_75db_250ff-10p-80.wav,8.812,1.0,i,10,p,80,160.0
101,10.0,5.0,"10,9,8,9,10",l,True,main_files/trial_i/07_i_150hz_75db_250ff-10n-250.wav,32.998,1.0,i,10,n,250,145.0
101,9.0,6.0,"10,9,10,9,11,9",l,True,main_files/trial_i/07_i_150hz_75db_250ff-40n-40.wav,12.175,1.0,i,40,n,40,140.0
101,15.0,5.0,"14,15,11,10,15",h,True,main_files/trial_i/07_i_150hz_75db_250ff-40p-60.wav,16.185,1.0,i,40,p,60,170.0
101,10.0,3.0,"10,11,10",l,True,main_files/trial_i/07_i_150hz_75db_250ff-20n-40.wav,5.874,1.0,i,20,n,40,145.0
101,9.0,16.0,"8,7,11,10,11,10,12,11,5,11,7,11,8,7,8,9",l,True,main_files/trial_i/07_i_150hz_75db_250ff-40n-60.wav,87.078,1.0,i,40,n,60,140.0
101,11.0,2.0,"9,11",m,True,main_files/trial_i/07_i_150hz_75db_250ff-000-250.wav,53.495,1.0,i,0,0,0,150.0
101,10.0,1.0,10,l,True,main_files/trial_i/07_i_150hz_75db_250ff-10n-100.wav,2.49,1.0,i,10,n,100,145.0
101,11.0,0.0,,l,False,main_files/trial_tone/tone_150hz_75db_250ff-000-100.wav,0.0,1.0,tone,0,0,0,150.0
101,8.0,1.0,8,l,True,main_files/trial_tone/tone_150hz_75db_250ff-30n-120.wav,4.778,1.0,tone,30,n,120,135.0
101,13.0,3.0,"15,14,13",h,True,main_files/trial_tone/tone_150hz_75db_250ff-10p-250.wav,4.81,1.0,tone,10,p,250,160.0
101,12.0,3.0,"12,11,12",h,True,main_files/trial_tone/tone_150hz_75db_250ff-10p-80.wav,4.813,1.0,tone,10,p,80,155.0
101,16.0,4.0,"15,14,15,16",h,True,main_files/trial_tone/tone_150hz_75db_250ff-30p-250.wav,15.378,1.0,tone,30,p,250,175.0
101,15.0,5.0,"13,11,14,16,15",h,True,main_files/trial_tone/tone_150hz_75db_250ff-40p-40.wav,11.068,1.0,tone,40,p,40,170.0
101,12.0,3.0,"12,11,12",h,True,main_files/trial_tone/tone_150hz_75db_250ff-10p-60.wav,4.645,1.0,tone,10,p,60,155.0
101,8.0,5.0,"10,9,8,9,8",l,True,main_files/trial_tone/tone_150hz_75db_250ff-30n-80.wav,20.114,1.0,tone,30,n,80,135.0
101,11.0,4.0,"10,11,10,11",m,False,main_files/trial_tone/tone_150hz_75db_250ff-10n-40.wav,6.662,1.0,tone,10,n,40,150.0
101,13.0,5.0,"14,15,13,11,13",h,True,main_files/trial_tone/tone_150hz_75db_250ff-10p-120.wav,13.901,1.0,tone,10,p,120,160.0
101,8.0,4.0,"9,8,9,8",l,True,main_files/trial_tone/tone_150hz_75db_250ff-20n-80.wav,9.428,1.0,tone,20,n,80,135.0
101,9.0,2.0,"10,9",l,True,main_files/trial_tone/tone_150hz_75db_250ff-20n-120.wav,4.573,1.0,tone,20,n,120,140.0
101,10.0,1.0,10,l,True,main_files/trial_tone/tone_150hz_75db_250ff-10n-80.wav,1.677,1.0,tone,10,n,80,145.0
101,15.0,5.0,"17,16,15,16,15",h,True,main_files/trial_tone/tone_150hz_75db_250ff-30p-80.wav,11.17,1.0,tone,30,p,80,170.0
101,11.0,0.0,,l,False,main_files/trial_tone/tone_150hz_75db_250ff-000-250.wav,0.0,1.0,tone,0,0,0,150.0
101,9.0,2.0,"10,9",l,True,main_files/trial_tone/tone_150hz_75db_250ff-30n-40.wav,4.246,1.0,tone,30,n,40,140.0
101,17.0,1.0,17,h,True,main_files/trial_tone/tone_150hz_75db_250ff-40p-120.wav,4.978,1.0,tone,40,p,120,180.0
101,4.0,6.0,"7,11,10,11,5,4",l,True,main_files/trial_tone/tone_150hz_75db_250ff-40n-120.wav,20.449,1.0,tone,40,n,120,115.0
101,9.0,1.0,9,l,True,main_files/trial_tone/tone_150hz_75db_250ff-40n-40.wav,2.838,1.0,tone,40,n,40,140.0
101,13.0,4.0,"15,14,15,13",h,True,main_files/trial_tone/tone_150hz_75db_250ff-20p-60.wav,8.473,1.0,tone,20,p,60,160.0
101,12.0,1.0,12,h,True,main_files/trial_tone/tone_150hz_75db_250ff-20p-40.wav,1.725,1.0,tone,20,p,40,155.0
101,3.0,4.0,"2,3,2,3",l,True,main_files/trial_tone/tone_150hz_75db_250ff-40n-250.wav,14.2,1.0,tone,40,n,250,110.0
101,13.0,3.0,"12,11,13",h,True,main_files/trial_tone/tone_150hz_75db_250ff-10p-40.wav,8.611,1.0,tone,10,p,40,160.0
101,17.0,9.0,"14,15,14,10,16,15,17,16,17",h,True,main_files/trial_tone/tone_150hz_75db_250ff-40p-60.wav,16.76,1.0,tone,40,p,60,180.0
101,10.0,10.0,"10,9,10,8,7,6,5,10,11,10",l,True,main_files/trial_tone/tone_150hz_75db_250ff-30n-60.wav,17.899,1.0,tone,30,n,60,145.0
101,10.0,3.0,"10,11,10",l,True,main_files/trial_tone/tone_150hz_75db_250ff-10n-120.wav,6.268,1.0,tone,10,n,120,145.0
101,13.0,1.0,13,h,True,main_files/trial_tone/tone_150hz_75db_250ff-20p-120.wav,6.634,1.0,tone,20,p,120,160.0
101,11.0,0.0,,l,False,main_files/trial_tone/tone_150hz_75db_250ff-000-40.wav,0.0,1.0,tone,0,0,0,150.0
101,17.0,2.0,"19,17",h,True,main_files/trial_tone/tone_150hz_75db_250ff-40p-250.wav,5.672,1.0,tone,40,p,250,180.0
101,8.0,3.0,"6,7,8",l,True,main_files/trial_tone/tone_150hz_75db_250ff-20n-250.wav,6.211,1.0,tone,20,n,250,135.0
101,4.0,3.0,"6,5,4",l,True,main_files/trial_tone/tone_150hz_75db_250ff-40n-100.wav,5.557,1.0,tone,40,n,100,115.0
101,15.0,3.0,"17,16,15",h,True,main_files/trial_tone/tone_150hz_75db_250ff-30p-100.wav,4.83,1.0,tone,30,p,100,170.0
101,10.0,5.0,"9,8,10,11,10",l,True,main_files/trial_tone/tone_150hz_75db_250ff-10n-60.wav,11.175,1.0,tone,10,n,60,145.0
101,10.0,1.0,10,l,True,main_files/trial_tone/tone_150hz_75db_250ff-20n-40.wav,1.858,1.0,tone,20,n,40,145.0
101,14.0,2.0,"13,14",h,True,main_files/trial_tone/tone_150hz_75db_250ff-20p-100.wav,6.268,1.0,tone,20,p,100,165.0
101,13.0,1.0,13,h,True,main_files/trial_tone/tone_150hz_75db_250ff-30p-40.wav,4.398,1.0,tone,30,p,40,160.0
101,5.0,3.0,"9,6,5",l,True,main_files/trial_tone/tone_150hz_75db_250ff-30n-100.wav,5.989,1.0,tone,30,n,100,120.0
101,15.0,3.0,"16,17,15",h,True,main_files/trial_tone/tone_150hz_75db_250ff-30p-120.wav,4.657,1.0,tone,30,p,120,170.0
101,4.0,4.0,"3,2,5,4",l,True,main_files/trial_tone/tone_150hz_75db_250ff-30n-250.wav,7.428,1.0,tone,30,n,250,115.0
101,15.0,4.0,"13,11,16,15",h,True,main_files/trial_tone/tone_150hz_75db_250ff-30p-60.wav,9.495,1.0,tone,30,p,60,170.0
101,13.0,1.0,13,h,True,main_files/trial_tone/tone_150hz_75db_250ff-10p-100.wav,3.328,1.0,tone,10,p,100,160.0
101,16.0,6.0,"15,16,15,16,15,16",h,True,main_files/trial_tone/tone_150hz_75db_250ff-40p-100.wav,15.533,1.0,tone,40,p,100,175.0
101,11.0,0.0,,l,False,main_files/trial_tone/tone_150hz_75db_250ff-000-80.wav,0.0,1.0,tone,0,0,0,150.0
101,11.0,0.0,,l,False,main_files/trial_tone/tone_150hz_75db_250ff-000-120.wav,0.0,1.0,tone,0,0,0,150.0
101,11.0,0.0,,l,False,main_files/trial_tone/tone_150hz_75db_250ff-000-60.wav,0.0,1.0,tone,0,0,0,150.0
101,13.0,2.0,"12,13",h,True,main_files/trial_tone/tone_150hz_75db_250ff-20p-80.wav,4.828,1.0,tone,20,p,80,160.0
101,8.0,2.0,"9,8",l,True,main_files/trial_tone/tone_150hz_75db_250ff-20n-100.wav,3.632,1.0,tone,20,n,100,135.0
101,9.0,3.0,"9,10,9",l,True,main_files/trial_tone/tone_150hz_75db_250ff-10n-250.wav,5.087,1.0,tone,10,n,250,140.0
101,10.0,1.0,10,l,True,main_files/trial_tone/tone_150hz_75db_250ff-40n-60.wav,2.641,1.0,tone,40,n,60,145.0
101,16.0,7.0,"13,14,15,16,18,17,16",h,True,main_files/trial_tone/tone_150hz_75db_250ff-40p-80.wav,19.285,1.0,tone,40,p,80,175.0
101,9.0,1.0,9,l,True,main_files/trial_tone/tone_150hz_75db_250ff-20n-60.wav,2.769,1.0,tone,20,n,60,140.0
101,8.0,4.0,"8,7,6,8",l,True,main_files/trial_tone/tone_150hz_75db_250ff-40n-80.wav,8.87,1.0,tone,40,n,80,135.0
101,14.0,2.0,"15,14",h,True,main_files/trial_tone/tone_150hz_75db_250ff-20p-250.wav,3.455,1.0,tone,20,p,250,165.0
101,10.0,3.0,"10,11,10",l,True,main_files/trial_tone/tone_150hz_75db_250ff-10n-100.wav,6.084,1.0,tone,10,n,100,145.0
101,11.0,2.0,"10,11",m,True,main_files/trial_di/07_di_cross_150hz_75db_250ff-000-100.wav,4.078,1.0,di,0,0,0,150.0
101,8.0,3.0,"10,9,8",l,True,main_files/trial_di/07_di_cross_150hz_75db_250ff-30n-120.wav,7.69,1.0,di,30,n,120,135.0
101,13.0,2.0,"14,13",h,True,main_files/trial_di/07_di_cross_150hz_75db_250ff-10p-250.wav,3.734,1.0,di,10,p,250,160.0
101,12.0,7.0,"12,13,12,11,12,13,12",h,True,main_files/trial_di/07_di_cross_150hz_75db_250ff-10p-80.wav,16.935,1.0,di,10,p,80,155.0
101,15.0,5.0,"15,16,15,16,15",h,True,main_files/trial_di/07_di_cross_150hz_75db_250ff-30p-250.wav,12.755,1.0,di,30,p,250,170.0
101,13.0,3.0,"12,11,13",h,True,main_files/trial_di/07_di_cross_150hz_75db_250ff-40p-40.wav,6.997,1.0,di,40,p,40,160.0
101,12.0,3.0,"12,11,12",h,True,main_files/trial_di/07_di_cross_150hz_75db_250ff-10p-60.wav,5.011,1.0,di,10,p,60,155.0
101,9.0,4.0,"10,9,10,9",l,True,main_files/trial_di/07_di_cross_150hz_75db_250ff-30n-80.wav,8.515,1.0,di,30,n,80,140.0
101,11.0,0.0,,l,True,main_files/trial_di/07_di_cross_150hz_75db_250ff-10n-40.wav,0.0,1.0,di,10,n,40,150.0
101,12.0,2.0,"13,12",h,True,main_files/trial_di/07_di_cross_150hz_75db_250ff-10p-120.wav,5.259,1.0,di,10,p,120,155.0
101,10.0,1.0,10,l,True,main_files/trial_di/07_di_cross_150hz_75db_250ff-20n-80.wav,2.506,1.0,di,20,n,80,145.0
101,10.0,1.0,10,l,True,main_files/trial_di/07_di_cross_150hz_75db_250ff-20n-120.wav,1.585,1.0,di,20,n,120,145.0
101,11.0,0.0,,l,True,main_files/trial_di/07_di_cross_150hz_75db_250ff-10n-80.wav,0.0,1.0,di,10,n,80,150.0
101,15.0,2.0,"14,15",h,True,main_files/trial_di/07_di_cross_150hz_75db_250ff-30p-80.wav,4.86,1.0,di,30,p,80,170.0
101,11.0,0.0,,l,False,main_files/trial_di/07_di_cross_150hz_75db_250ff-000-250.wav,0.0,1.0,di,0,0,0,150.0
101,9.0,2.0,"10,9",l,True,main_files/trial_di/07_di_cross_150hz_75db_250ff-30n-40.wav,4.663,1.0,di,30,n,40,140.0
101,17.0,4.0,"16,17,16,17",h,True,main_files/trial_di/07_di_cross_150hz_75db_250ff-40p-120.wav,11.726,1.0,di,40,p,120,180.0
101,3.0,1.0,3,l,True,main_files/trial_di/07_di_cross_150hz_75db_250ff-40n-120.wav,2.718,1.0,di,40,n,120,110.0
101,10.0,3.0,"10,11,10",l,True,main_files/trial_di/07_di_cross_150hz_75db_250ff-40n-40.wav,4.68,1.0,di,40,n,40,145.0
101,13.0,5.0,"12,11,13,14,13",h,True,main_files/trial_di/07_di_cross_150hz_75db_250ff-20p-60.wav,12.922,1.0,di,20,p,60,160.0
101,12.0,1.0,12,h,True,main_files/trial_di/07_di_cross_150hz_75db_250ff-20p-40.wav,1.548,1.0,di,20,p,40,155.0
101,4.0,1.0,4,l,True,main_files/trial_di/07_di_cross_150hz_75db_250ff-40n-250.wav,3.5,1.0,di,40,n,250,115.0
101,12.0,3.0,"10,11,12",h,True,main_files/trial_di/07_di_cross_150hz_75db_250ff-10p-40.wav,5.614,1.0,di,10,p,40,155.0
101,13.0,2.0,"12,13",h,True,main_files/trial_di/07_di_cross_150hz_75db_250ff-40p-60.wav,3.449,1.0,di,40,p,60,160.0
101,10.0,4.0,"12,10,11,10",l,True,main_files/trial_di/07_di_cross_150hz_75db_250ff-30n-60.wav,7.266,1.0,di,30,n,60,145.0
101,10.0,1.0,10,l,True,main_files/trial_di/07_di_cross_150hz_75db_250ff-10n-120.wav,1.717,1.0,di,10,n,120,145.0
101,15.0,3.0,"12,11,15",h,True,main_files/trial_di/07_di_cross_150hz_75db_250ff-20p-120.wav,10.145,1.0,di,20,p,120,170.0
101,11.0,0.0,,l,False,main_files/trial_di/07_di_cross_150hz_75db_250ff-000-40.wav,0.0,1.0,di,0,0,0,150.0
101,17.0,1.0,17,h,True,main_files/trial_di/07_di_cross_150hz_75db_250ff-40p-250.wav,2.955,1.0,di,40,p,250,180.0
101,8.0,4.0,"5,6,7,8",l,True,main_files/trial_di/07_di_cross_150hz_75db_250ff-20n-250.wav,7.637,1.0,di,20,n,250,135.0
101,4.0,2.0,"5,4",l,True,main_files/trial_di/07_di_cross_150hz_75db_250ff-40n-100.wav,4.744,1.0,di,40,n,100,115.0
101,15.0,2.0,"16,15",h,True,main_files/trial_di/07_di_cross_150hz_75db_250ff-30p-100.wav,3.817,1.0,di,30,p,100,170.0
101,10.0,1.0,10,l,True,main_files/trial_di/07_di_cross_150hz_75db_250ff-10n-60.wav,2.774,1.0,di,10,n,60,145.0
101,11.0,4.0,"10,11,12,11",m,False,main_files/trial_di/07_di_cross_150hz_75db_250ff-20n-40.wav,6.155,1.0,di,20,n,40,150.0
101,15.0,5.0,"13,14,15,14,15",h,True,main_files/trial_di/07_di_cross_150hz_75db_250ff-20p-100.wav,12.976,1.0,di,20,p,100,170.0
101,15.0,5.0,"15,14,15,13,15",h,True,main_files/trial_di/07_di_cross_150hz_75db_250ff-30p-40.wav,11.684,1.0,di,30,p,40,170.0
101,8.0,2.0,"5,8",l,True,main_files/trial_di/07_di_cross_150hz_75db_250ff-30n-100.wav,5.501,1.0,di,30,n,100,135.0
101,15.0,1.0,15,h,True,main_files/trial_di/07_di_cross_150hz_75db_250ff-30p-120.wav,2.494,1.0,di,30,p,120,170.0
101,8.0,1.0,8,l,True,main_files/trial_di/07_di_cross_150hz_75db_250ff-30n-250.wav,3.587,1.0,di,30,n,250,135.0
101,15.0,7.0,"15,14,15,14,15,14,15",h,True,main_files/trial_di/07_di_cross_150hz_75db_250ff-30p-60.wav,15.227,1.0,di,30,p,60,170.0
101,13.0,5.0,"15,14,13,11,13",h,True,main_files/trial_di/07_di_cross_150hz_75db_250ff-10p-100.wav,12.11,1.0,di,10,p,100,160.0
101,15.0,5.0,"13,14,13,14,15",h,True,main_files/trial_di/07_di_cross_150hz_75db_250ff-40p-100.wav,12.876,1.0,di,40,p,100,170.0
101,11.0,0.0,,l,False,main_files/trial_di/07_di_cross_150hz_75db_250ff-000-80.wav,0.0,1.0,di,0,0,0,150.0
101,11.0,0.0,,l,False,main_files/trial_di/07_di_cross_150hz_75db_250ff-000-120.wav,0.0,1.0,di,0,0,0,150.0
101,11.0,0.0,,l,False,main_files/trial_di/07_di_cross_150hz_75db_250ff-000-60.wav,0.0,1.0,di,0,0,0,150.0
101,12.0,5.0,"12,11,12,13,12",h,True,main_files/trial_di/07_di_cross_150hz_75db_250ff-20p-80.wav,8.92,1.0,di,20,p,80,155.0
101,9.0,2.0,"10,9",l,True,main_files/trial_di/07_di_cross_150hz_75db_250ff-20n-100.wav,3.277,1.0,di,20,n,100,140.0
101,10.0,1.0,10,l,True,main_files/trial_di/07_di_cross_150hz_75db_250ff-10n-250.wav,5.13,1.0,di,10,n,250,145.0
101,9.0,2.0,"10,9",l,True,main_files/trial_di/07_di_cross_150hz_75db_250ff-40n-60.wav,4.679,1.0,di,40,n,60,140.0
101,15.0,2.0,"16,15",h,True,main_files/trial_di/07_di_cross_150hz_75db_250ff-40p-80.wav,4.957,1.0,di,40,p,80,170.0
101,8.0,2.0,"9,8",l,True,main_files/trial_di/07_di_cross_150hz_75db_250ff-20n-60.wav,3.516,1.0,di,20,n,60,135.0
101,9.0,2.0,"10,9",l,True,main_files/trial_di/07_di_cross_150hz_75db_250ff-40n-80.wav,3.847,1.0,di,40,n,80,140.0
101,15.0,2.0,"14,15",h,True,main_files/trial_di/07_di_cross_150hz_75db_250ff-20p-250.wav,5.158,1.0,di,20,p,250,170.0
101,10.0,3.0,"10,9,10",l,True,main_files/trial_di/07_di_cross_150hz_75db_250ff-10n-100.wav,5.99,1.0,di,10,n,100,145.0
777,11.0,2.0,"9,11",m,True,main_files/trial_di/07_di_cross_150hz_75db_250ff-000-100.wav,5.457,29.0,di,0,0,0,150.0
777,10.0,3.0,"12,8,10",l,True,main_files/trial_di/07_di_cross_150hz_75db_250ff-30n-120.wav,8.547,29.0,di,30,n,120,145.0
777,11.0,8.0,"13,12,10,11,16,18,10,11",m,False,main_files/trial_di/07_di_cross_150hz_75db_250ff-10p-250.wav,27.831,29.0,di,10,p,250,150.0
777,11.0,0.0,,l,False,main_files/trial_di/07_di_cross_150hz_75db_250ff-10p-80.wav,0.0,29.0,di,10,p,80,150.0
777,14.0,2.0,"15,14",h,True,main_files/trial_di/07_di_cross_150hz_75db_250ff-30p-250.wav,5.483,29.0,di,30,p,250,165.0
777,12.0,3.0,"12,13,12",h,True,main_files/trial_di/07_di_cross_150hz_75db_250ff-40p-40.wav,7.963,29.0,di,40,p,40,155.0
777,10.0,3.0,"9,11,10",l,False,main_files/trial_di/07_di_cross_150hz_75db_250ff-10p-60.wav,9.282,29.0,di,10,p,60,145.0
777,11.0,0.0,,l,True,main_files/trial_di/07_di_cross_150hz_75db_250ff-30n-80.wav,0.0,29.0,di,30,n,80,150.0
777,11.0,0.0,,l,True,main_files/trial_di/07_di_cross_150hz_75db_250ff-10n-40.wav,0.0,29.0,di,10,n,40,150.0
777,11.0,3.0,"10,12,11",m,False,main_files/trial_di/07_di_cross_150hz_75db_250ff-10p-120.wav,8.278,29.0,di,10,p,120,150.0
777,9.0,4.0,"8,9,10,9",l,True,main_files/trial_di/07_di_cross_150hz_75db_250ff-20n-80.wav,8.848,29.0,di,20,n,80,140.0
777,11.0,0.0,,l,True,main_files/trial_di/07_di_cross_150hz_75db_250ff-20n-120.wav,0.0,29.0,di,20,n,120,150.0
777,11.0,0.0,,l,True,main_files/trial_di/07_di_cross_150hz_75db_250ff-10n-80.wav,0.0,29.0,di,10,n,80,150.0
777,10.0,1.0,10,l,False,main_files/trial_di/07_di_cross_150hz_75db_250ff-30p-80.wav,3.776,29.0,di,30,p,80,145.0
777,11.0,0.0,,l,False,main_files/trial_di/07_di_cross_150hz_75db_250ff-000-250.wav,0.0,29.0,di,0,0,0,150.0
777,11.0,4.0,"13,11,12,11",m,False,main_files/trial_di/07_di_cross_150hz_75db_250ff-30n-40.wav,6.979,29.0,di,30,n,40,150.0
777,11.0,0.0,,l,False,main_files/trial_di/07_di_cross_150hz_75db_250ff-40p-120.wav,0.0,29.0,di,40,p,120,150.0
777,10.0,4.0,"9,10,9,10",l,True,main_files/trial_di/07_di_cross_150hz_75db_250ff-40n-120.wav,9.581,29.0,di,40,n,120,145.0
777,12.0,2.0,"13,12",h,False,main_files/trial_di/07_di_cross_150hz_75db_250ff-40n-40.wav,4.719,29.0,di,40,n,40,155.0
777,11.0,0.0,,l,False,main_files/trial_di/07_di_cross_150hz_75db_250ff-20p-60.wav,0.0,29.0,di,20,p,60,150.0
777,11.0,0.0,,l,False,main_files/trial_di/07_di_cross_150hz_75db_250ff-20p-40.wav,0.0,29.0,di,20,p,40,150.0
777,7.0,2.0,"6,7",l,True,main_files/trial_di/07_di_cross_150hz_75db_250ff-40n-250.wav,4.244,29.0,di,40,n,250,130.0
777,11.0,0.0,,l,False,main_files/trial_di/07_di_cross_150hz_75db_250ff-10p-40.wav,0.0,29.0,di,10,p,40,150.0
777,12.0,1.0,12,h,True,main_files/trial_di/07_di_cross_150hz_75db_250ff-40p-60.wav,2.124,29.0,di,40,p,60,155.0
777,11.0,0.0,,l,True,main_files/trial_di/07_di_cross_150hz_75db_250ff-30n-60.wav,0.0,29.0,di,30,n,60,150.0
777,11.0,0.0,,l,True,main_files/trial_di/07_di_cross_150hz_75db_250ff-10n-120.wav,0.0,29.0,di,10,n,120,150.0
777,12.0,2.0,"13,12",h,True,main_files/trial_di/07_di_cross_150hz_75db_250ff-20p-120.wav,3.993,29.0,di,20,p,120,155.0
777,11.0,0.0,,l,False,main_files/trial_di/07_di_cross_150hz_75db_250ff-000-40.wav,0.0,29.0,di,0,0,0,150.0
777,15.0,1.0,15,h,True,main_files/trial_di/07_di_cross_150hz_75db_250ff-40p-250.wav,2.357,29.0,di,40,p,250,170.0
777,9.0,2.0,"8,9",l,True,main_files/trial_di/07_di_cross_150hz_75db_250ff-20n-250.wav,3.992,29.0,di,20,n,250,140.0
777,8.0,2.0,"6,8",l,True,main_files/trial_di/07_di_cross_150hz_75db_250ff-40n-100.wav,4.042,29.0,di,40,n,100,135.0
777,11.0,0.0,,l,False,main_files/trial_di/07_di_cross_150hz_75db_250ff-30p-100.wav,0.0,29.0,di,30,p,100,150.0
777,11.0,0.0,,l,True,main_files/trial_di/07_di_cross_150hz_75db_250ff-10n-60.wav,0.0,29.0,di,10,n,60,150.0
777,11.0,0.0,,l,True,main_files/trial_di/07_di_cross_150hz_75db_250ff-20n-40.wav,0.0,29.0,di,20,n,40,150.0
777,11.0,0.0,,l,False,main_files/trial_di/07_di_cross_150hz_75db_250ff-20p-100.wav,0.0,29.0,di,20,p,100,150.0
777,11.0,0.0,,l,False,main_files/trial_di/07_di_cross_150hz_75db_250ff-30p-40.wav,0.0,29.0,di,30,p,40,150.0
777,10.0,1.0,10,l,True,main_files/trial_di/07_di_cross_150hz_75db_250ff-30n-100.wav,2.329,29.0,di,30,n,100,145.0
777,11.0,0.0,,l,False,main_files/trial_di/07_di_cross_150hz_75db_250ff-30p-120.wav,0.0,29.0,di,30,p,120,150.0
777,9.0,2.0,"8,9",l,True,main_files/trial_di/07_di_cross_150hz_75db_250ff-30n-250.wav,5.228,29.0,di,30,n,250,140.0
777,12.0,1.0,12,h,True,main_files/trial_di/07_di_cross_150hz_75db_250ff-30p-60.wav,3.241,29.0,di,30,p,60,155.0
777,11.0,0.0,,l,False,main_files/trial_di/07_di_cross_150hz_75db_250ff-10p-100.wav,0.0,29.0,di,10,p,100,150.0
777,13.0,1.0,13,h,True,main_files/trial_di/07_di_cross_150hz_75db_250ff-40p-100.wav,2.143,29.0,di,40,p,100,160.0
777,11.0,0.0,,l,False,main_files/trial_di/07_di_cross_150hz_75db_250ff-000-80.wav,0.0,29.0,di,0,0,0,150.0
777,13.0,3.0,"14,12,13",h,False,main_files/trial_di/07_di_cross_150hz_75db_250ff-000-120.wav,4.833,29.0,di,0,0,0,160.0
777,11.0,0.0,,l,False,main_files/trial_di/07_di_cross_150hz_75db_250ff-000-60.wav,0.0,29.0,di,0,0,0,150.0
777,11.0,0.0,,l,False,main_files/trial_di/07_di_cross_150hz_75db_250ff-20p-80.wav,0.0,29.0,di,20,p,80,150.0
777,9.0,1.0,9,l,True,main_files/trial_di/07_di_cross_150hz_75db_250ff-20n-100.wav,2.025,29.0,di,20,n,100,140.0
777,11.0,0.0,,l,True,main_files/trial_di/07_di_cross_150hz_75db_250ff-10n-250.wav,0.0,29.0,di,10,n,250,150.0
777,11.0,0.0,,l,True,main_files/trial_di/07_di_cross_150hz_75db_250ff-40n-60.wav,0.0,29.0,di,40,n,60,150.0
777,12.0,3.0,"14,13,12",h,True,main_files/trial_di/07_di_cross_150hz_75db_250ff-40p-80.wav,6.031,29.0,di,40,p,80,155.0
777,11.0,4.0,"9,10,8,11",m,False,main_files/trial_di/07_di_cross_150hz_75db_250ff-20n-60.wav,9.916,29.0,di,20,n,60,150.0
777,11.0,0.0,,l,True,main_files/trial_di/07_di_cross_150hz_75db_250ff-40n-80.wav,0.0,29.0,di,40,n,80,150.0
777,10.0,3.0,"8,9,10",l,False,main_files/trial_di/07_di_cross_150hz_75db_250ff-20p-250.wav,5.582,29.0,di,20,p,250,145.0
777,11.0,2.0,"10,11",m,False,main_files/trial_di/07_di_cross_150hz_75db_250ff-10n-100.wav,4.993,29.0,di,10,n,100,150.0
777,13.0,3.0,"9,14,13",h,True,main_files/trial_i/07_i_150hz_75db_250ff-40p-80.wav,7.559,29.0,i,40,p,80,160.0
777,8.0,1.0,8,l,True,main_files/trial_i/07_i_150hz_75db_250ff-30n-100.wav,2.34,29.0,i,30,n,100,135.0
777,13.0,4.0,"9,10,14,13",h,True,main_files/trial_i/07_i_150hz_75db_250ff-20p-250.wav,8.384,29.0,i,20,p,250,160.0
777,11.0,0.0,,l,False,main_files/trial_i/07_i_150hz_75db_250ff-10p-60.wav,0.0,29.0,i,10,p,60,150.0
777,7.0,2.0,"6,7",l,True,main_files/trial_i/07_i_150hz_75db_250ff-30n-250.wav,3.341,29.0,i,30,n,250,130.0
777,13.0,2.0,"14,13",h,True,main_files/trial_i/07_i_150hz_75db_250ff-40p-120.wav,3.612,29.0,i,40,p,120,160.0
777,11.0,5.0,"10,9,10,13,11",m,False,main_files/trial_i/07_i_150hz_75db_250ff-10p-40.wav,13.235,29.0,i,10,p,40,150.0
777,9.0,2.0,"8,9",l,True,main_files/trial_i/07_i_150hz_75db_250ff-30n-60.wav,3.506,29.0,i,30,n,60,140.0
777,11.0,0.0,,l,True,main_files/trial_i/07_i_150hz_75db_250ff-10n-40.wav,0.0,29.0,i,10,n,40,150.0
777,11.0,4.0,"8,14,12,11",m,False,main_files/trial_i/07_i_150hz_75db_250ff-10p-250.wav,7.28,29.0,i,10,p,250,150.0
777,12.0,3.0,"7,15,12",h,False,main_files/trial_i/07_i_150hz_75db_250ff-20n-60.wav,6.713,29.0,i,20,n,60,155.0
777,11.0,0.0,,l,True,main_files/trial_i/07_i_150hz_75db_250ff-20n-100.wav,0.0,29.0,i,20,n,100,150.0
777,11.0,0.0,,l,True,main_files/trial_i/07_i_150hz_75db_250ff-10n-80.wav,0.0,29.0,i,10,n,80,150.0
777,13.0,6.0,"9,8,12,13,12,13",h,True,main_files/trial_i/07_i_150hz_75db_250ff-30p-60.wav,12.072,29.0,i,30,p,60,160.0
777,11.0,0.0,,l,False,main_files/trial_i/07_i_150hz_75db_250ff-000-80.wav,0.0,29.0,i,0,0,0,150.0
777,9.0,1.0,9,l,True,main_files/trial_i/07_i_150hz_75db_250ff-30n-120.wav,2.313,29.0,i,30,n,120,140.0
777,13.0,1.0,13,h,True,main_files/trial_i/07_i_150hz_75db_250ff-40p-100.wav,2.093,29.0,i,40,p,100,160.0
777,8.0,2.0,"7,8",l,True,main_files/trial_i/07_i_150hz_75db_250ff-40n-100.wav,3.198,29.0,i,40,n,100,135.0
777,8.0,3.0,"6,7,8",l,True,main_files/trial_i/07_i_150hz_75db_250ff-40n-120.wav,5.612,29.0,i,40,n,120,135.0
777,11.0,3.0,"12,14,11",m,False,main_files/trial_i/07_i_150hz_75db_250ff-20p-40.wav,6.126,29.0,i,20,p,40,150.0
777,11.0,0.0,,l,False,main_files/trial_i/07_i_150hz_75db_250ff-20p-120.wav,0.0,29.0,i,20,p,120,150.0
777,13.0,2.0,"9,13",h,True,main_files/trial_i/07_i_150hz_75db_250ff-40p-250.wav,5.531,29.0,i,40,p,250,160.0
777,13.0,2.0,"9,13",h,True,main_files/trial_i/07_i_150hz_75db_250ff-10p-120.wav,5.443,29.0,i,10,p,120,160.0
777,11.0,0.0,,l,False,main_files/trial_i/07_i_150hz_75db_250ff-40p-40.wav,0.0,29.0,i,40,p,40,150.0
777,9.0,6.0,"13,12,11,9,10,9",l,True,main_files/trial_i/07_i_150hz_75db_250ff-30n-40.wav,15.575,29.0,i,30,n,40,140.0
777,11.0,0.0,,l,True,main_files/trial_i/07_i_150hz_75db_250ff-10n-120.wav,0.0,29.0,i,10,n,120,150.0
777,11.0,4.0,"12,11,14,11",m,False,main_files/trial_i/07_i_150hz_75db_250ff-20p-100.wav,7.647,29.0,i,20,p,100,150.0
777,11.0,0.0,,l,False,main_files/trial_i/07_i_150hz_75db_250ff-000-120.wav,0.0,29.0,i,0,0,0,150.0
777,7.0,1.0,7,l,True,main_files/trial_i/07_i_150hz_75db_250ff-40n-250.wav,3.075,29.0,i,40,n,250,130.0
777,8.0,2.0,"14,8",l,True,main_files/trial_i/07_i_150hz_75db_250ff-20n-250.wav,4.642,29.0,i,20,n,250,135.0
777,12.0,3.0,"9,14,12",h,True,main_files/trial_i/07_i_150hz_75db_250ff-30p-80.wav,6.094,29.0,i,30,p,80,155.0
777,9.0,1.0,9,l,True,main_files/trial_i/07_i_150hz_75db_250ff-30n-80.wav,5.203,29.0,i,30,n,80,140.0
777,9.0,2.0,"8,9",l,True,main_files/trial_i/07_i_150hz_75db_250ff-10n-60.wav,5.579,29.0,i,10,n,60,140.0
777,11.0,0.0,,l,True,main_files/trial_i/07_i_150hz_75db_250ff-20n-120.wav,0.0,29.0,i,20,n,120,150.0
777,11.0,0.0,,l,True,main_files/trial_i/07_i_150hz_75db_250ff-20n-80.wav,0.0,29.0,i,20,n,80,150.0
777,13.0,2.0,"14,13",h,True,main_files/trial_i/07_i_150hz_75db_250ff-30p-120.wav,8.083,29.0,i,30,p,120,160.0
777,12.0,2.0,"13,12",h,True,main_files/trial_i/07_i_150hz_75db_250ff-20p-80.wav,4.582,29.0,i,20,p,80,155.0
777,11.0,0.0,,l,False,main_files/trial_i/07_i_150hz_75db_250ff-30p-100.wav,0.0,29.0,i,30,p,100,150.0
777,14.0,1.0,14,h,True,main_files/trial_i/07_i_150hz_75db_250ff-30p-250.wav,4.664,29.0,i,30,p,250,165.0
777,11.0,4.0,"16,11,9,11",m,False,main_files/trial_i/07_i_150hz_75db_250ff-30p-40.wav,13.088,29.0,i,30,p,40,150.0
777,11.0,0.0,,l,False,main_files/trial_i/07_i_150hz_75db_250ff-10p-100.wav,0.0,29.0,i,10,p,100,150.0
777,7.0,1.0,7,l,True,main_files/trial_i/07_i_150hz_75db_250ff-40n-80.wav,2.44,29.0,i,40,n,80,130.0
777,11.0,0.0,,l,False,main_files/trial_i/07_i_150hz_75db_250ff-000-60.wav,0.0,29.0,i,0,0,0,150.0
777,11.0,0.0,,l,False,main_files/trial_i/07_i_150hz_75db_250ff-000-100.wav,0.0,29.0,i,0,0,0,150.0
777,11.0,0.0,,l,False,main_files/trial_i/07_i_150hz_75db_250ff-000-40.wav,0.0,29.0,i,0,0,0,150.0
777,11.0,2.0,"9,11",m,False,main_files/trial_i/07_i_150hz_75db_250ff-20p-60.wav,4.911,29.0,i,20,p,60,150.0
777,11.0,0.0,,l,False,main_files/trial_i/07_i_150hz_75db_250ff-10p-80.wav,0.0,29.0,i,10,p,80,150.0
777,9.0,1.0,9,l,True,main_files/trial_i/07_i_150hz_75db_250ff-10n-250.wav,2.84,29.0,i,10,n,250,140.0
777,11.0,3.0,"9,13,11",m,False,main_files/trial_i/07_i_150hz_75db_250ff-40n-40.wav,6.417,29.0,i,40,n,40,150.0
777,11.0,0.0,,l,False,main_files/trial_i/07_i_150hz_75db_250ff-40p-60.wav,0.0,29.0,i,40,p,60,150.0
777,11.0,0.0,,l,True,main_files/trial_i/07_i_150hz_75db_250ff-20n-40.wav,0.0,29.0,i,20,n,40,150.0
777,11.0,0.0,,l,True,main_files/trial_i/07_i_150hz_75db_250ff-40n-60.wav,0.0,29.0,i,40,n,60,150.0
777,11.0,2.0,"9,11",m,True,main_files/trial_i/07_i_150hz_75db_250ff-000-250.wav,4.716,29.0,i,0,0,0,150.0
777,11.0,0.0,,l,True,main_files/trial_i/07_i_150hz_75db_250ff-10n-100.wav,0.0,29.0,i,10,n,100,150.0
777,10.0,6.0,"6,9,8,11,9,10",l,False,main_files/trial_tone/tone_150hz_75db_250ff-000-100.wav,13.665,29.0,tone,0,0,0,145.0
777,9.0,1.0,9,l,True,main_files/trial_tone/tone_150hz_75db_250ff-30n-120.wav,4.675,29.0,tone,30,n,120,140.0
777,11.0,3.0,"9,10,11",m,False,main_files/trial_tone/tone_150hz_75db_250ff-10p-250.wav,6.631,29.0,tone,10,p,250,150.0
777,11.0,0.0,,l,False,main_files/trial_tone/tone_150hz_75db_250ff-10p-80.wav,0.0,29.0,tone,10,p,80,150.0
777,13.0,1.0,13,h,True,main_files/trial_tone/tone_150hz_75db_250ff-30p-250.wav,5.278,29.0,tone,30,p,250,160.0
777,11.0,0.0,,l,False,main_files/trial_tone/tone_150hz_75db_250ff-40p-40.wav,0.0,29.0,tone,40,p,40,150.0
777,11.0,0.0,,l,False,main_files/trial_tone/tone_150hz_75db_250ff-10p-60.wav,0.0,29.0,tone,10,p,60,150.0
777,11.0,4.0,"8,10,13,11",m,False,main_files/trial_tone/tone_150hz_75db_250ff-30n-80.wav,7.053,29.0,tone,30,n,80,150.0
777,11.0,0.0,,l,True,main_files/trial_tone/tone_150hz_75db_250ff-10n-40.wav,0.0,29.0,tone,10,n,40,150.0
777,11.0,0.0,,l,False,main_files/trial_tone/tone_150hz_75db_250ff-10p-120.wav,0.0,29.0,tone,10,p,120,150.0
777,11.0,0.0,,l,True,main_files/trial_tone/tone_150hz_75db_250ff-20n-80.wav,0.0,29.0,tone,20,n,80,150.0
777,10.0,2.0,"9,10",l,True,main_files/trial_tone/tone_150hz_75db_250ff-20n-120.wav,4.076,29.0,tone,20,n,120,145.0
777,11.0,0.0,,l,True,main_files/trial_tone/tone_150hz_75db_250ff-10n-80.wav,0.0,29.0,tone,10,n,80,150.0
777,10.0,4.0,"9,10,6,10",l,False,main_files/trial_tone/tone_150hz_75db_250ff-30p-80.wav,6.581,29.0,tone,30,p,80,145.0
777,11.0,0.0,,l,False,main_files/trial_tone/tone_150hz_75db_250ff-000-250.wav,0.0,29.0,tone,0,0,0,150.0
777,11.0,0.0,,l,True,main_files/trial_tone/tone_150hz_75db_250ff-30n-40.wav,0.0,29.0,tone,30,n,40,150.0
777,14.0,4.0,"9,10,13,14",h,True,main_files/trial_tone/tone_150hz_75db_250ff-40p-120.wav,6.514,29.0,tone,40,p,120,165.0
777,11.0,2.0,"13,11",m,False,main_files/trial_tone/tone_150hz_75db_250ff-40n-120.wav,4.193,29.0,tone,40,n,120,150.0
777,11.0,0.0,,l,True,main_files/trial_tone/tone_150hz_75db_250ff-40n-40.wav,0.0,29.0,tone,40,n,40,150.0
777,11.0,0.0,,l,False,main_files/trial_tone/tone_150hz_75db_250ff-20p-60.wav,0.0,29.0,tone,20,p,60,150.0
777,11.0,0.0,,l,False,main_files/trial_tone/tone_150hz_75db_250ff-20p-40.wav,0.0,29.0,tone,20,p,40,150.0
777,9.0,1.0,9,l,True,main_files/trial_tone/tone_150hz_75db_250ff-40n-250.wav,1.811,29.0,tone,40,n,250,140.0
777,11.0,0.0,,l,False,main_files/trial_tone/tone_150hz_75db_250ff-10p-40.wav,0.0,29.0,tone,10,p,40,150.0
777,11.0,0.0,,l,False,main_files/trial_tone/tone_150hz_75db_250ff-40p-60.wav,0.0,29.0,tone,40,p,60,150.0
777,12.0,4.0,"9,10,13,12",h,False,main_files/trial_tone/tone_150hz_75db_250ff-30n-60.wav,7.326,29.0,tone,30,n,60,155.0
777,11.0,0.0,,l,True,main_files/trial_tone/tone_150hz_75db_250ff-10n-120.wav,0.0,29.0,tone,10,n,120,150.0
777,10.0,2.0,"9,10",l,False,main_files/trial_tone/tone_150hz_75db_250ff-20p-120.wav,3.277,29.0,tone,20,p,120,145.0
777,11.0,0.0,,l,False,main_files/trial_tone/tone_150hz_75db_250ff-000-40.wav,0.0,29.0,tone,0,0,0,150.0
777,14.0,2.0,"9,14",h,True,main_files/trial_tone/tone_150hz_75db_250ff-40p-250.wav,4.347,29.0,tone,40,p,250,165.0
777,11.0,0.0,,l,True,main_files/trial_tone/tone_150hz_75db_250ff-20n-250.wav,0.0,29.0,tone,20,n,250,150.0
777,11.0,0.0,,l,True,main_files/trial_tone/tone_150hz_75db_250ff-40n-100.wav,0.0,29.0,tone,40,n,100,150.0
777,11.0,0.0,,l,False,main_files/trial_tone/tone_150hz_75db_250ff-30p-100.wav,0.0,29.0,tone,30,p,100,150.0
777,11.0,0.0,,l,True,main_files/trial_tone/tone_150hz_75db_250ff-10n-60.wav,0.0,29.0,tone,10,n,60,150.0
777,12.0,2.0,"9,12",h,False,main_files/trial_tone/tone_150hz_75db_250ff-20n-40.wav,3.403,29.0,tone,20,n,40,155.0
777,12.0,2.0,"13,12",h,True,main_files/trial_tone/tone_150hz_75db_250ff-20p-100.wav,3.592,29.0,tone,20,p,100,155.0
777,11.0,0.0,,l,False,main_files/trial_tone/tone_150hz_75db_250ff-30p-40.wav,0.0,29.0,tone,30,p,40,150.0
777,11.0,2.0,"10,11",m,False,main_files/trial_tone/tone_150hz_75db_250ff-30n-100.wav,3.609,29.0,tone,30,n,100,150.0
777,11.0,0.0,,l,False,main_files/trial_tone/tone_150hz_75db_250ff-30p-120.wav,0.0,29.0,tone,30,p,120,150.0
777,9.0,1.0,9,l,True,main_files/trial_tone/tone_150hz_75db_250ff-30n-250.wav,1.679,29.0,tone,30,n,250,140.0
777,11.0,3.0,"13,12,11",m,False,main_files/trial_tone/tone_150hz_75db_250ff-30p-60.wav,5.419,29.0,tone,30,p,60,150.0
777,11.0,0.0,,l,False,main_files/trial_tone/tone_150hz_75db_250ff-10p-100.wav,0.0,29.0,tone,10,p,100,150.0
777,13.0,3.0,"9,10,13",h,True,main_files/trial_tone/tone_150hz_75db_250ff-40p-100.wav,4.825,29.0,tone,40,p,100,160.0
777,11.0,0.0,,l,False,main_files/trial_tone/tone_150hz_75db_250ff-000-80.wav,0.0,29.0,tone,0,0,0,150.0
777,11.0,0.0,,l,False,main_files/trial_tone/tone_150hz_75db_250ff-000-120.wav,0.0,29.0,tone,0,0,0,150.0
777,10.0,2.0,"9,10",l,False,main_files/trial_tone/tone_150hz_75db_250ff-000-60.wav,3.259,29.0,tone,0,0,0,145.0
777,13.0,1.0,13,h,True,main_files/trial_tone/tone_150hz_75db_250ff-20p-80.wav,1.609,29.0,tone,20,p,80,160.0
777,11.0,0.0,,l,True,main_files/trial_tone/tone_150hz_75db_250ff-20n-100.wav,0.0,29.0,tone,20,n,100,150.0
777,11.0,0.0,,l,True,main_files/trial_tone/tone_150hz_75db_250ff-10n-250.wav,0.0,29.0,tone,10,n,250,150.0
777,11.0,0.0,,l,True,main_files/trial_tone/tone_150hz_75db_250ff-40n-60.wav,0.0,29.0,tone,40,n,60,150.0
777,14.0,2.0,"13,14",h,True,main_files/trial_tone/tone_150hz_75db_250ff-40p-80.wav,4.366,29.0,tone,40,p,80,165.0
777,10.0,5.0,"13,15,14,8,10",l,True,main_files/trial_tone/tone_150hz_75db_250ff-20n-60.wav,10.484,29.0,tone,20,n,60,145.0
777,11.0,0.0,,l,True,main_files/trial_tone/tone_150hz_75db_250ff-40n-80.wav,0.0,29.0,tone,40,n,80,150.0
777,14.0,3.0,"8,10,14",h,True,main_files/trial_tone/tone_150hz_75db_250ff-20p-250.wav,4.761,29.0,tone,20,p,250,165.0
777,12.0,3.0,"9,14,12",h,False,main_files/trial_tone/tone_150hz_75db_250ff-10n-100.wav,5.26,29.0,tone,10,n,100,155.0
28101999,11.0,0.0,,l,False,main_files/trial_tone/tone_150hz_75db_250ff-000-100.wav,0.0,27.0,tone,0,0,0,150.0
28101999,11.0,6.0,"10,11,10,9,10,11",m,False,main_files/trial_tone/tone_150hz_75db_250ff-30n-120.wav,17.1287,27.0,tone,30,n,120,150.0
28101999,11.0,3.0,"12,10,11",m,False,main_files/trial_tone/tone_150hz_75db_250ff-10p-250.wav,9.5746,27.0,tone,10,p,250,150.0
28101999,11.0,0.0,,l,False,main_files/trial_tone/tone_150hz_75db_250ff-10p-80.wav,0.0,27.0,tone,10,p,80,150.0
28101999,12.0,2.0,"13,12",h,True,main_files/trial_tone/tone_150hz_75db_250ff-30p-250.wav,6.1154,27.0,tone,30,p,250,155.0
28101999,12.0,3.0,"12,11,12",h,True,main_files/trial_tone/tone_150hz_75db_250ff-40p-40.wav,11.1404,27.0,tone,40,p,40,155.0
28101999,11.0,2.0,"10,11",m,False,main_files/trial_tone/tone_150hz_75db_250ff-10p-60.wav,6.6383,27.0,tone,10,p,60,150.0
28101999,11.0,0.0,,l,True,main_files/trial_tone/tone_150hz_75db_250ff-30n-80.wav,0.0,27.0,tone,30,n,80,150.0
28101999,11.0,0.0,,l,True,main_files/trial_tone/tone_150hz_75db_250ff-10n-40.wav,0.0,27.0,tone,10,n,40,150.0
28101999,10.0,1.0,10,l,False,main_files/trial_tone/tone_150hz_75db_250ff-10p-120.wav,3.3198,27.0,tone,10,p,120,145.0
28101999,12.0,1.0,12,h,False,main_files/trial_tone/tone_150hz_75db_250ff-20n-80.wav,7.2454,27.0,tone,20,n,80,155.0
28101999,11.0,0.0,,l,True,main_files/trial_tone/tone_150hz_75db_250ff-20n-120.wav,0.0,27.0,tone,20,n,120,150.0
28101999,10.0,1.0,10,l,True,main_files/trial_tone/tone_150hz_75db_250ff-10n-80.wav,3.4283,27.0,tone,10,n,80,145.0
28101999,11.0,0.0,,l,False,main_files/trial_tone/tone_150hz_75db_250ff-30p-80.wav,0.0,27.0,tone,30,p,80,150.0
28101999,11.0,0.0,,l,False,main_files/trial_tone/tone_150hz_75db_250ff-000-250.wav,0.0,27.0,tone,0,0,0,150.0
28101999,11.0,0.0,,l,True,main_files/trial_tone/tone_150hz_75db_250ff-30n-40.wav,0.0,27.0,tone,30,n,40,150.0
28101999,11.0,0.0,,l,False,main_files/trial_tone/tone_150hz_75db_250ff-40p-120.wav,0.0,27.0,tone,40,p,120,150.0
28101999,10.0,1.0,10,l,True,main_files/trial_tone/tone_150hz_75db_250ff-40n-120.wav,3.3281,27.0,tone,40,n,120,145.0
28101999,11.0,0.0,,l,True,main_files/trial_tone/tone_150hz_75db_250ff-40n-40.wav,0.0,27.0,tone,40,n,40,150.0
28101999,11.0,0.0,,l,False,main_files/trial_tone/tone_150hz_75db_250ff-20p-60.wav,0.0,27.0,tone,20,p,60,150.0
28101999,11.0,0.0,,l,False,main_files/trial_tone/tone_150hz_75db_250ff-20p-40.wav,0.0,27.0,tone,20,p,40,150.0
28101999,7.0,16.0,"10,9,8,4,5,6,7,2,3,4,5,6,5,7,8,7",l,True,main_files/trial_tone/tone_150hz_75db_250ff-40n-250.wav,47.3383,27.0,tone,40,n,250,130.0
28101999,11.0,0.0,,l,False,main_files/trial_tone/tone_150hz_75db_250ff-10p-40.wav,0.0,27.0,tone,10,p,40,150.0
28101999,11.0,0.0,,l,False,main_files/trial_tone/tone_150hz_75db_250ff-40p-60.wav,0.0,27.0,tone,40,p,60,150.0
28101999,11.0,0.0,,l,True,main_files/trial_tone/tone_150hz_75db_250ff-30n-60.wav,0.0,27.0,tone,30,n,60,150.0
28101999,11.0,0.0,,l,True,main_files/trial_tone/tone_150hz_75db_250ff-10n-120.wav,0.0,27.0,tone,10,n,120,150.0
28101999,11.0,10.0,"12,13,16,15,14,13,12,11,10,11",m,False,main_files/trial_tone/tone_150hz_75db_250ff-20p-120.wav,23.9479,27.0,tone,20,p,120,150.0
28101999,11.0,0.0,,l,False,main_files/trial_tone/tone_150hz_75db_250ff-000-40.wav,0.0,27.0,tone,0,0,0,150.0
28101999,14.0,7.0,"13,14,15,16,17,15,14",h,True,main_files/trial_tone/tone_150hz_75db_250ff-40p-250.wav,16.7319,27.0,tone,40,p,250,165.0
28101999,10.0,6.0,"6,7,8,9,11,10",l,True,main_files/trial_tone/tone_150hz_75db_250ff-20n-250.wav,48.1699,27.0,tone,20,n,250,145.0
28101999,11.0,0.0,,l,True,main_files/trial_tone/tone_150hz_75db_250ff-40n-100.wav,0.0,27.0,tone,40,n,100,150.0
28101999,11.0,0.0,,l,False,main_files/trial_tone/tone_150hz_75db_250ff-30p-100.wav,0.0,27.0,tone,30,p,100,150.0
28101999,11.0,0.0,,l,True,main_files/trial_tone/tone_150hz_75db_250ff-10n-60.wav,0.0,27.0,tone,10,n,60,150.0
28101999,11.0,0.0,,l,True,main_files/trial_tone/tone_150hz_75db_250ff-20n-40.wav,0.0,27.0,tone,20,n,40,150.0
28101999,12.0,1.0,12,h,True,main_files/trial_tone/tone_150hz_75db_250ff-20p-100.wav,2.7876,27.0,tone,20,p,100,155.0
28101999,11.0,0.0,,l,False,main_files/trial_tone/tone_150hz_75db_250ff-30p-40.wav,0.0,27.0,tone,30,p,40,150.0
28101999,11.0,0.0,,l,True,main_files/trial_tone/tone_150hz_75db_250ff-30n-100.wav,0.0,27.0,tone,30,n,100,150.0
28101999,11.0,5.0,"12,13,14,10,11",m,False,main_files/trial_tone/tone_150hz_75db_250ff-30p-120.wav,12.919,27.0,tone,30,p,120,150.0
28101999,10.0,1.0,10,l,True,main_files/trial_tone/tone_150hz_75db_250ff-30n-250.wav,3.1612,27.0,tone,30,n,250,145.0
28101999,11.0,0.0,,l,False,main_files/trial_tone/tone_150hz_75db_250ff-30p-60.wav,0.0,27.0,tone,30,p,60,150.0
28101999,11.0,0.0,,l,False,main_files/trial_tone/tone_150hz_75db_250ff-10p-100.wav,0.0,27.0,tone,10,p,100,150.0
28101999,11.0,0.0,,l,False,main_files/trial_tone/tone_150hz_75db_250ff-40p-100.wav,0.0,27.0,tone,40,p,100,150.0
28101999,11.0,0.0,,l,False,main_files/trial_tone/tone_150hz_75db_250ff-000-80.wav,0.0,27.0,tone,0,0,0,150.0
28101999,11.0,0.0,,l,False,main_files/trial_tone/tone_150hz_75db_250ff-000-120.wav,0.0,27.0,tone,0,0,0,150.0
28101999,11.0,0.0,,l,False,main_files/trial_tone/tone_150hz_75db_250ff-000-60.wav,0.0,27.0,tone,0,0,0,150.0
28101999,11.0,0.0,,l,False,main_files/trial_tone/tone_150hz_75db_250ff-20p-80.wav,0.0,27.0,tone,20,p,80,150.0
28101999,10.0,2.0,"9,10",l,True,main_files/trial_tone/tone_150hz_75db_250ff-20n-100.wav,4.5504,27.0,tone,20,n,100,145.0
28101999,11.0,3.0,"10,12,11",m,False,main_files/trial_tone/tone_150hz_75db_250ff-10n-250.wav,9.6416,27.0,tone,10,n,250,150.0
28101999,11.0,0.0,,l,True,main_files/trial_tone/tone_150hz_75db_250ff-40n-60.wav,0.0,27.0,tone,40,n,60,150.0
28101999,11.0,2.0,"12,11",m,False,main_files/trial_tone/tone_150hz_75db_250ff-40p-80.wav,5.8525,27.0,tone,40,p,80,150.0
28101999,11.0,0.0,,l,True,main_files/trial_tone/tone_150hz_75db_250ff-20n-60.wav,0.0,27.0,tone,20,n,60,150.0
28101999,11.0,0.0,,l,True,main_files/trial_tone/tone_150hz_75db_250ff-40n-80.wav,0.0,27.0,tone,40,n,80,150.0
28101999,12.0,2.0,"13,12",h,True,main_files/trial_tone/tone_150hz_75db_250ff-20p-250.wav,4.6189,27.0,tone,20,p,250,155.0
28101999,11.0,0.0,,l,True,main_files/trial_tone/tone_150hz_75db_250ff-10n-100.wav,0.0,27.0,tone,10,n,100,150.0
28101999,11.0,2.0,"10,11",m,False,main_files/trial_i/07_i_150hz_75db_250ff-40p-80.wav,5.3669,27.0,i,40,p,80,150.0
28101999,11.0,0.0,,l,True,main_files/trial_i/07_i_150hz_75db_250ff-30n-100.wav,0.0,27.0,i,30,n,100,150.0
28101999,12.0,1.0,12,h,True,main_files/trial_i/07_i_150hz_75db_250ff-20p-250.wav,2.5384,27.0,i,20,p,250,155.0
28101999,11.0,0.0,,l,False,main_files/trial_i/07_i_150hz_75db_250ff-10p-60.wav,0.0,27.0,i,10,p,60,150.0
28101999,10.0,2.0,"9,10",l,True,main_files/trial_i/07_i_150hz_75db_250ff-30n-250.wav,4.1861,27.0,i,30,n,250,145.0
28101999,11.0,0.0,,l,False,main_files/trial_i/07_i_150hz_75db_250ff-40p-120.wav,0.0,27.0,i,40,p,120,150.0
28101999,11.0,0.0,,l,False,main_files/trial_i/07_i_150hz_75db_250ff-10p-40.wav,0.0,27.0,i,10,p,40,150.0
28101999,11.0,0.0,,l,True,main_files/trial_i/07_i_150hz_75db_250ff-30n-60.wav,0.0,27.0,i,30,n,60,150.0
28101999,11.0,0.0,,l,True,main_files/trial_i/07_i_150hz_75db_250ff-10n-40.wav,0.0,27.0,i,10,n,40,150.0
28101999,12.0,1.0,12,h,True,main_files/trial_i/07_i_150hz_75db_250ff-10p-250.wav,2.3168,27.0,i,10,p,250,155.0
28101999,11.0,0.0,,l,True,main_files/trial_i/07_i_150hz_75db_250ff-20n-60.wav,0.0,27.0,i,20,n,60,150.0
28101999,11.0,0.0,,l,True,main_files/trial_i/07_i_150hz_75db_250ff-20n-100.wav,0.0,27.0,i,20,n,100,150.0
28101999,11.0,0.0,,l,True,main_files/trial_i/07_i_150hz_75db_250ff-10n-80.wav,0.0,27.0,i,10,n,80,150.0
28101999,11.0,0.0,,l,False,main_files/trial_i/07_i_150hz_75db_250ff-30p-60.wav,0.0,27.0,i,30,p,60,150.0
28101999,11.0,0.0,,l,False,main_files/trial_i/07_i_150hz_75db_250ff-000-80.wav,0.0,27.0,i,0,0,0,150.0
28101999,11.0,0.0,,l,True,main_files/trial_i/07_i_150hz_75db_250ff-30n-120.wav,0.0,27.0,i,30,n,120,150.0
28101999,12.0,1.0,12,h,True,main_files/trial_i/07_i_150hz_75db_250ff-40p-100.wav,3.0739,27.0,i,40,p,100,155.0
28101999,11.0,0.0,,l,True,main_files/trial_i/07_i_150hz_75db_250ff-40n-100.wav,0.0,27.0,i,40,n,100,150.0
28101999,10.0,1.0,10,l,True,main_files/trial_i/07_i_150hz_75db_250ff-40n-120.wav,19.7291,27.0,i,40,n,120,145.0
28101999,11.0,0.0,,l,False,main_files/trial_i/07_i_150hz_75db_250ff-20p-40.wav,0.0,27.0,i,20,p,40,150.0
28101999,11.0,0.0,,l,False,main_files/trial_i/07_i_150hz_75db_250ff-20p-120.wav,0.0,27.0,i,20,p,120,150.0
28101999,12.0,3.0,"12,13,12",h,True,main_files/trial_i/07_i_150hz_75db_250ff-40p-250.wav,6.9058,27.0,i,40,p,250,155.0
28101999,11.0,0.0,,l,False,main_files/trial_i/07_i_150hz_75db_250ff-10p-120.wav,0.0,27.0,i,10,p,120,150.0
28101999,11.0,0.0,,l,False,main_files/trial_i/07_i_150hz_75db_250ff-40p-40.wav,0.0,27.0,i,40,p,40,150.0
28101999,11.0,0.0,,l,True,main_files/trial_i/07_i_150hz_75db_250ff-30n-40.wav,0.0,27.0,i,30,n,40,150.0
28101999,11.0,0.0,,l,True,main_files/trial_i/07_i_150hz_75db_250ff-10n-120.wav,0.0,27.0,i,10,n,120,150.0
28101999,11.0,0.0,,l,False,main_files/trial_i/07_i_150hz_75db_250ff-20p-100.wav,0.0,27.0,i,20,p,100,150.0
28101999,11.0,0.0,,l,False,main_files/trial_i/07_i_150hz_75db_250ff-000-120.wav,0.0,27.0,i,0,0,0,150.0
28101999,10.0,1.0,10,l,True,main_files/trial_i/07_i_150hz_75db_250ff-40n-250.wav,2.3129,27.0,i,40,n,250,145.0
28101999,10.0,1.0,10,l,True,main_files/trial_i/07_i_150hz_75db_250ff-20n-250.wav,3.6234,27.0,i,20,n,250,145.0
28101999,12.0,1.0,12,h,True,main_files/trial_i/07_i_150hz_75db_250ff-30p-80.wav,3.4384,27.0,i,30,p,80,155.0
28101999,11.0,0.0,,l,True,main_files/trial_i/07_i_150hz_75db_250ff-30n-80.wav,0.0,27.0,i,30,n,80,150.0
28101999,11.0,0.0,,l,True,main_files/trial_i/07_i_150hz_75db_250ff-10n-60.wav,0.0,27.0,i,10,n,60,150.0
28101999,12.0,1.0,12,h,False,main_files/trial_i/07_i_150hz_75db_250ff-20n-120.wav,3.9126,27.0,i,20,n,120,155.0
28101999,11.0,0.0,,l,True,main_files/trial_i/07_i_150hz_75db_250ff-20n-80.wav,0.0,27.0,i,20,n,80,150.0
28101999,12.0,1.0,12,h,True,main_files/trial_i/07_i_150hz_75db_250ff-30p-120.wav,2.2398,27.0,i,30,p,120,155.0
28101999,11.0,0.0,,l,False,main_files/trial_i/07_i_150hz_75db_250ff-20p-80.wav,0.0,27.0,i,20,p,80,150.0
28101999,12.0,1.0,12,h,True,main_files/trial_i/07_i_150hz_75db_250ff-30p-100.wav,2.6753,27.0,i,30,p,100,155.0
28101999,12.0,1.0,12,h,True,main_files/trial_i/07_i_150hz_75db_250ff-30p-250.wav,2.3873,27.0,i,30,p,250,155.0
28101999,12.0,1.0,12,h,True,main_files/trial_i/07_i_150hz_75db_250ff-30p-40.wav,4.075,27.0,i,30,p,40,155.0
28101999,11.0,0.0,,l,False,main_files/trial_i/07_i_150hz_75db_250ff-10p-100.wav,0.0,27.0,i,10,p,100,150.0
28101999,10.0,1.0,10,l,True,main_files/trial_i/07_i_150hz_75db_250ff-40n-80.wav,3.0575,27.0,i,40,n,80,145.0
28101999,11.0,0.0,,l,False,main_files/trial_i/07_i_150hz_75db_250ff-000-60.wav,0.0,27.0,i,0,0,0,150.0
28101999,11.0,0.0,,l,False,main_files/trial_i/07_i_150hz_75db_250ff-000-100.wav,0.0,27.0,i,0,0,0,150.0
28101999,11.0,0.0,,l,False,main_files/trial_i/07_i_150hz_75db_250ff-000-40.wav,0.0,27.0,i,0,0,0,150.0
28101999,11.0,0.0,,l,False,main_files/trial_i/07_i_150hz_75db_250ff-20p-60.wav,0.0,27.0,i,20,p,60,150.0
28101999,11.0,0.0,,l,False,main_files/trial_i/07_i_150hz_75db_250ff-10p-80.wav,0.0,27.0,i,10,p,80,150.0
28101999,10.0,2.0,"9,10",l,True,main_files/trial_i/07_i_150hz_75db_250ff-10n-250.wav,3.9144,27.0,i,10,n,250,145.0
28101999,11.0,0.0,,l,True,main_files/trial_i/07_i_150hz_75db_250ff-40n-40.wav,0.0,27.0,i,40,n,40,150.0
28101999,12.0,1.0,12,h,True,main_files/trial_i/07_i_150hz_75db_250ff-40p-60.wav,2.1213,27.0,i,40,p,60,155.0
28101999,11.0,0.0,,l,True,main_files/trial_i/07_i_150hz_75db_250ff-20n-40.wav,0.0,27.0,i,20,n,40,150.0
28101999,11.0,0.0,,l,True,main_files/trial_i/07_i_150hz_75db_250ff-40n-60.wav,0.0,27.0,i,40,n,60,150.0
28101999,11.0,0.0,,l,False,main_files/trial_i/07_i_150hz_75db_250ff-000-250.wav,0.0,27.0,i,0,0,0,150.0
28101999,11.0,0.0,,l,True,main_files/trial_i/07_i_150hz_75db_250ff-10n-100.wav,0.0,27.0,i,10,n,100,150.0
28101999,11.0,0.0,,l,False,main_files/trial_di/07_di_cross_150hz_75db_250ff-000-100.wav,0.0,27.0,di,0,0,0,150.0
28101999,10.0,1.0,10,l,True,main_files/trial_di/07_di_cross_150hz_75db_250ff-30n-120.wav,3.1622,27.0,di,30,n,120,145.0
28101999,11.0,0.0,,l,False,main_files/trial_di/07_di_cross_150hz_75db_250ff-10p-250.wav,0.0,27.0,di,10,p,250,150.0
28101999,11.0,0.0,,l,False,main_files/trial_di/07_di_cross_150hz_75db_250ff-10p-80.wav,0.0,27.0,di,10,p,80,150.0
28101999,12.0,1.0,12,h,True,main_files/trial_di/07_di_cross_150hz_75db_250ff-30p-250.wav,1.992,27.0,di,30,p,250,155.0
28101999,11.0,0.0,,l,False,main_files/trial_di/07_di_cross_150hz_75db_250ff-40p-40.wav,0.0,27.0,di,40,p,40,150.0
28101999,11.0,0.0,,l,False,main_files/trial_di/07_di_cross_150hz_75db_250ff-10p-60.wav,0.0,27.0,di,10,p,60,150.0
28101999,10.0,1.0,10,l,True,main_files/trial_di/07_di_cross_150hz_75db_250ff-30n-80.wav,2.1205,27.0,di,30,n,80,145.0
28101999,11.0,0.0,,l,True,main_files/trial_di/07_di_cross_150hz_75db_250ff-10n-40.wav,0.0,27.0,di,10,n,40,150.0
28101999,11.0,0.0,,l,False,main_files/trial_di/07_di_cross_150hz_75db_250ff-10p-120.wav,0.0,27.0,di,10,p,120,150.0
28101999,10.0,1.0,10,l,True,main_files/trial_di/07_di_cross_150hz_75db_250ff-20n-80.wav,3.2702,27.0,di,20,n,80,145.0
28101999,10.0,1.0,10,l,True,main_files/trial_di/07_di_cross_150hz_75db_250ff-20n-120.wav,2.8835,27.0,di,20,n,120,145.0
28101999,11.0,0.0,,l,True,main_files/trial_di/07_di_cross_150hz_75db_250ff-10n-80.wav,0.0,27.0,di,10,n,80,150.0
28101999,12.0,1.0,12,h,True,main_files/trial_di/07_di_cross_150hz_75db_250ff-30p-80.wav,2.2533,27.0,di,30,p,80,155.0
28101999,11.0,0.0,,l,False,main_files/trial_di/07_di_cross_150hz_75db_250ff-000-250.wav,0.0,27.0,di,0,0,0,150.0
28101999,10.0,1.0,10,l,True,main_files/trial_di/07_di_cross_150hz_75db_250ff-30n-40.wav,2.3454,27.0,di,30,n,40,145.0
28101999,12.0,1.0,12,h,True,main_files/trial_di/07_di_cross_150hz_75db_250ff-40p-120.wav,2.0869,27.0,di,40,p,120,155.0
28101999,10.0,1.0,10,l,True,main_files/trial_di/07_di_cross_150hz_75db_250ff-40n-120.wav,2.4112,27.0,di,40,n,120,145.0
28101999,11.0,0.0,,l,True,main_files/trial_di/07_di_cross_150hz_75db_250ff-40n-40.wav,0.0,27.0,di,40,n,40,150.0
28101999,12.0,1.0,12,h,True,main_files/trial_di/07_di_cross_150hz_75db_250ff-20p-60.wav,3.257,27.0,di,20,p,60,155.0
28101999,11.0,0.0,,l,False,main_files/trial_di/07_di_cross_150hz_75db_250ff-20p-40.wav,0.0,27.0,di,20,p,40,150.0
28101999,10.0,1.0,10,l,True,main_files/trial_di/07_di_cross_150hz_75db_250ff-40n-250.wav,1.9831,27.0,di,40,n,250,145.0
28101999,11.0,0.0,,l,False,main_files/trial_di/07_di_cross_150hz_75db_250ff-10p-40.wav,0.0,27.0,di,10,p,40,150.0
28101999,12.0,1.0,12,h,True,main_files/trial_di/07_di_cross_150hz_75db_250ff-40p-60.wav,1.7243,27.0,di,40,p,60,155.0
28101999,11.0,0.0,,l,True,main_files/trial_di/07_di_cross_150hz_75db_250ff-30n-60.wav,0.0,27.0,di,30,n,60,150.0
28101999,11.0,0.0,,l,True,main_files/trial_di/07_di_cross_150hz_75db_250ff-10n-120.wav,0.0,27.0,di,10,n,120,150.0
28101999,12.0,1.0,12,h,True,main_files/trial_di/07_di_cross_150hz_75db_250ff-20p-120.wav,2.3728,27.0,di,20,p,120,155.0
28101999,11.0,0.0,,l,False,main_files/trial_di/07_di_cross_150hz_75db_250ff-000-40.wav,0.0,27.0,di,0,0,0,150.0
28101999,12.0,1.0,12,h,True,main_files/trial_di/07_di_cross_150hz_75db_250ff-40p-250.wav,1.9194,27.0,di,40,p,250,155.0
28101999,10.0,1.0,10,l,True,main_files/trial_di/07_di_cross_150hz_75db_250ff-20n-250.wav,1.8726,27.0,di,20,n,250,145.0
28101999,11.0,0.0,,l,True,main_files/trial_di/07_di_cross_150hz_75db_250ff-40n-100.wav,0.0,27.0,di,40,n,100,150.0
28101999,12.0,1.0,12,h,True,main_files/trial_di/07_di_cross_150hz_75db_250ff-30p-100.wav,2.1095,27.0,di,30,p,100,155.0
28101999,11.0,0.0,,l,True,main_files/trial_di/07_di_cross_150hz_75db_250ff-10n-60.wav,0.0,27.0,di,10,n,60,150.0
28101999,11.0,0.0,,l,True,main_files/trial_di/07_di_cross_150hz_75db_250ff-20n-40.wav,0.0,27.0,di,20,n,40,150.0
28101999,12.0,1.0,12,h,True,main_files/trial_di/07_di_cross_150hz_75db_250ff-20p-100.wav,1.8812,27.0,di,20,p,100,155.0
28101999,11.0,0.0,,l,False,main_files/trial_di/07_di_cross_150hz_75db_250ff-30p-40.wav,0.0,27.0,di,30,p,40,150.0
28101999,10.0,1.0,10,l,True,main_files/trial_di/07_di_cross_150hz_75db_250ff-30n-100.wav,2.888,27.0,di,30,n,100,145.0
28101999,11.0,0.0,,l,False,main_files/trial_di/07_di_cross_150hz_75db_250ff-30p-120.wav,0.0,27.0,di,30,p,120,150.0
28101999,10.0,1.0,10,l,True,main_files/trial_di/07_di_cross_150hz_75db_250ff-30n-250.wav,2.105,27.0,di,30,n,250,145.0
28101999,11.0,0.0,,l,False,main_files/trial_di/07_di_cross_150hz_75db_250ff-30p-60.wav,0.0,27.0,di,30,p,60,150.0
28101999,11.0,0.0,,l,False,main_files/trial_di/07_di_cross_150hz_75db_250ff-10p-100.wav,0.0,27.0,di,10,p,100,150.0
28101999,12.0,1.0,12,h,True,main_files/trial_di/07_di_cross_150hz_75db_250ff-40p-100.wav,1.9917,27.0,di,40,p,100,155.0
28101999,11.0,0.0,,l,False,main_files/trial_di/07_di_cross_150hz_75db_250ff-000-80.wav,0.0,27.0,di,0,0,0,150.0
28101999,11.0,0.0,,l,False,main_files/trial_di/07_di_cross_150hz_75db_250ff-000-120.wav,0.0,27.0,di,0,0,0,150.0
28101999,11.0,0.0,,l,False,main_files/trial_di/07_di_cross_150hz_75db_250ff-000-60.wav,0.0,27.0,di,0,0,0,150.0
28101999,11.0,0.0,,l,False,main_files/trial_di/07_di_cross_150hz_75db_250ff-20p-80.wav,0.0,27.0,di,20,p,80,150.0
28101999,10.0,1.0,10,l,True,main_files/trial_di/07_di_cross_150hz_75db_250ff-20n-100.wav,3.245,27.0,di,20,n,100,145.0
28101999,10.0,1.0,10,l,True,main_files/trial_di/07_di_cross_150hz_75db_250ff-10n-250.wav,2.9572,27.0,di,10,n,250,145.0
28101999,11.0,0.0,,l,True,main_files/trial_di/07_di_cross_150hz_75db_250ff-40n-60.wav,0.0,27.0,di,40,n,60,150.0
28101999,12.0,1.0,12,h,True,main_files/trial_di/07_di_cross_150hz_75db_250ff-40p-80.wav,2.1399,27.0,di,40,p,80,155.0
28101999,11.0,0.0,,l,True,main_files/trial_di/07_di_cross_150hz_75db_250ff-20n-60.wav,0.0,27.0,di,20,n,60,150.0
28101999,10.0,1.0,10,l,True,main_files/trial_di/07_di_cross_150hz_75db_250ff-40n-80.wav,1.8823,27.0,di,40,n,80,145.0
28101999,12.0,1.0,12,h,True,main_files/trial_di/07_di_cross_150hz_75db_250ff-20p-250.wav,2.0268,27.0,di,20,p,250,155.0
28101999,11.0,0.0,,l,True,main_files/trial_di/07_di_cross_150hz_75db_250ff-10n-100.wav,0.0,27.0,di,10,n,100,150.0
919,7.0,4.0,"15,7,6,7",l,False,main_files/trial_i/07_i_150hz_75db_250ff-40p-80.wav,12.1629,38.0,i,40,p,80,130.0
919,11.0,0.0,,l,True,main_files/trial_i/07_i_150hz_75db_250ff-30n-100.wav,0.0,38.0,i,30,n,100,150.0
919,16.0,1.0,16,h,True,main_files/trial_i/07_i_150hz_75db_250ff-20p-250.wav,3.9309,38.0,i,20,p,250,175.0
919,11.0,0.0,,l,False,main_files/trial_i/07_i_150hz_75db_250ff-10p-60.wav,0.0,38.0,i,10,p,60,150.0
919,3.0,1.0,3,l,True,main_files/trial_i/07_i_150hz_75db_250ff-30n-250.wav,2.5813,38.0,i,30,n,250,110.0
919,14.0,1.0,14,h,True,main_files/trial_i/07_i_150hz_75db_250ff-40p-120.wav,3.3313,38.0,i,40,p,120,165.0
919,11.0,2.0,"8,11",m,False,main_files/trial_i/07_i_150hz_75db_250ff-10p-40.wav,6.5209,38.0,i,10,p,40,150.0
919,11.0,0.0,,l,True,main_files/trial_i/07_i_150hz_75db_250ff-30n-60.wav,0.0,38.0,i,30,n,60,150.0
919,11.0,0.0,,l,True,main_files/trial_i/07_i_150hz_75db_250ff-10n-40.wav,0.0,38.0,i,10,n,40,150.0
919,12.0,2.0,"14,12",h,True,main_files/trial_i/07_i_150hz_75db_250ff-10p-250.wav,5.8372,38.0,i,10,p,250,155.0
919,7.0,1.0,7,l,True,main_files/trial_i/07_i_150hz_75db_250ff-20n-60.wav,4.7634,38.0,i,20,n,60,130.0
919,14.0,2.0,"16,14",h,False,main_files/trial_i/07_i_150hz_75db_250ff-20n-100.wav,11.0566,38.0,i,20,n,100,165.0
919,11.0,0.0,,l,True,main_files/trial_i/07_i_150hz_75db_250ff-10n-80.wav,0.0,38.0,i,10,n,80,150.0
919,7.0,2.0,"5,7",l,False,main_files/trial_i/07_i_150hz_75db_250ff-30p-60.wav,5.1901,38.0,i,30,p,60,130.0
919,11.0,0.0,,l,False,main_files/trial_i/07_i_150hz_75db_250ff-000-80.wav,0.0,38.0,i,0,0,0,150.0
919,7.0,1.0,7,l,True,main_files/trial_i/07_i_150hz_75db_250ff-30n-120.wav,2.6652,38.0,i,30,n,120,130.0
919,10.0,3.0,"14,7,10",l,False,main_files/trial_i/07_i_150hz_75db_250ff-40p-100.wav,7.215,38.0,i,40,p,100,145.0
919,14.0,1.0,14,h,False,main_files/trial_i/07_i_150hz_75db_250ff-40n-100.wav,3.3897,38.0,i,40,n,100,165.0
919,14.0,1.0,14,h,False,main_files/trial_i/07_i_150hz_75db_250ff-40n-120.wav,3.2753,38.0,i,40,n,120,165.0
919,13.0,1.0,13,h,True,main_files/trial_i/07_i_150hz_75db_250ff-20p-40.wav,3.1904,38.0,i,20,p,40,160.0
919,15.0,2.0,"8,15",h,True,main_files/trial_i/07_i_150hz_75db_250ff-20p-120.wav,5.0643,38.0,i,20,p,120,170.0
919,14.0,1.0,14,h,True,main_files/trial_i/07_i_150hz_75db_250ff-40p-250.wav,2.1891,38.0,i,40,p,250,165.0
919,14.0,1.0,14,h,True,main_files/trial_i/07_i_150hz_75db_250ff-10p-120.wav,3.3637,38.0,i,10,p,120,165.0
919,13.0,1.0,13,h,True,main_files/trial_i/07_i_150hz_75db_250ff-40p-40.wav,3.2379,38.0,i,40,p,40,160.0
919,8.0,2.0,"6,8",l,True,main_files/trial_i/07_i_150hz_75db_250ff-30n-40.wav,3.8821,38.0,i,30,n,40,135.0
919,14.0,1.0,14,h,False,main_files/trial_i/07_i_150hz_75db_250ff-10n-120.wav,2.3318,38.0,i,10,n,120,165.0
919,15.0,2.0,"14,15",h,True,main_files/trial_i/07_i_150hz_75db_250ff-20p-100.wav,3.5715,38.0,i,20,p,100,170.0
919,8.0,1.0,8,l,False,main_files/trial_i/07_i_150hz_75db_250ff-000-120.wav,2.4969,38.0,i,0,0,0,135.0
919,9.0,2.0,"8,9",l,True,main_files/trial_i/07_i_150hz_75db_250ff-40n-250.wav,4.1296,38.0,i,40,n,250,140.0
919,9.0,1.0,9,l,True,main_files/trial_i/07_i_150hz_75db_250ff-20n-250.wav,2.1887,38.0,i,20,n,250,140.0
919,13.0,2.0,"8,13",h,True,main_files/trial_i/07_i_150hz_75db_250ff-30p-80.wav,5.0892,38.0,i,30,p,80,160.0
919,12.0,1.0,12,h,False,main_files/trial_i/07_i_150hz_75db_250ff-30n-80.wav,2.7059,38.0,i,30,n,80,155.0
919,13.0,1.0,13,h,False,main_files/trial_i/07_i_150hz_75db_250ff-10n-60.wav,3.0312,38.0,i,10,n,60,160.0
919,13.0,1.0,13,h,False,main_files/trial_i/07_i_150hz_75db_250ff-20n-120.wav,2.1149,38.0,i,20,n,120,160.0
919,13.0,2.0,"9,13",h,False,main_files/trial_i/07_i_150hz_75db_250ff-20n-80.wav,3.9212,38.0,i,20,n,80,160.0
919,9.0,2.0,"13,9",l,False,main_files/trial_i/07_i_150hz_75db_250ff-30p-120.wav,7.0499,38.0,i,30,p,120,140.0
919,9.0,2.0,"8,9",l,False,main_files/trial_i/07_i_150hz_75db_250ff-20p-80.wav,4.5561,38.0,i,20,p,80,140.0
919,9.0,2.0,"8,9",l,False,main_files/trial_i/07_i_150hz_75db_250ff-30p-100.wav,4.6977,38.0,i,30,p,100,140.0
919,13.0,1.0,13,h,True,main_files/trial_i/07_i_150hz_75db_250ff-30p-250.wav,1.9479,38.0,i,30,p,250,160.0
919,12.0,1.0,12,h,True,main_files/trial_i/07_i_150hz_75db_250ff-30p-40.wav,2.4825,38.0,i,30,p,40,155.0
919,12.0,1.0,12,h,True,main_files/trial_i/07_i_150hz_75db_250ff-10p-100.wav,2.4393,38.0,i,10,p,100,155.0
919,10.0,2.0,"9,10",l,True,main_files/trial_i/07_i_150hz_75db_250ff-40n-80.wav,3.6316,38.0,i,40,n,80,145.0
919,11.0,0.0,,l,False,main_files/trial_i/07_i_150hz_75db_250ff-000-60.wav,0.0,38.0,i,0,0,0,150.0
919,11.0,0.0,,l,False,main_files/trial_i/07_i_150hz_75db_250ff-000-100.wav,0.0,38.0,i,0,0,0,150.0
919,12.0,1.0,12,h,False,main_files/trial_i/07_i_150hz_75db_250ff-000-40.wav,2.0381,38.0,i,0,0,0,155.0
919,12.0,1.0,12,h,True,main_files/trial_i/07_i_150hz_75db_250ff-20p-60.wav,1.8718,38.0,i,20,p,60,155.0
919,10.0,1.0,10,l,False,main_files/trial_i/07_i_150hz_75db_250ff-10p-80.wav,1.8224,38.0,i,10,p,80,145.0
919,10.0,1.0,10,l,True,main_files/trial_i/07_i_150hz_75db_250ff-10n-250.wav,1.9882,38.0,i,10,n,250,145.0
919,12.0,3.0,"14,13,12",h,False,main_files/trial_i/07_i_150hz_75db_250ff-40n-40.wav,5.2478,38.0,i,40,n,40,155.0
919,9.0,1.0,9,l,False,main_files/trial_i/07_i_150hz_75db_250ff-40p-60.wav,2.0642,38.0,i,40,p,60,140.0
919,11.0,0.0,,l,True,main_files/trial_i/07_i_150hz_75db_250ff-20n-40.wav,0.0,38.0,i,20,n,40,150.0
919,9.0,1.0,9,l,True,main_files/trial_i/07_i_150hz_75db_250ff-40n-60.wav,1.8222,38.0,i,40,n,60,140.0
919,11.0,0.0,,l,False,main_files/trial_i/07_i_150hz_75db_250ff-000-250.wav,0.0,38.0,i,0,0,0,150.0
919,10.0,2.0,"9,10",l,True,main_files/trial_i/07_i_150hz_75db_250ff-10n-100.wav,3.463,38.0,i,10,n,100,145.0
919,11.0,3.0,"12,10,11",m,True,main_files/trial_tone/tone_150hz_75db_250ff-000-100.wav,5.8682,38.0,tone,0,0,0,150.0
919,10.0,2.0,"9,10",l,True,main_files/trial_tone/tone_150hz_75db_250ff-30n-120.wav,4.0983,38.0,tone,30,n,120,145.0
919,12.0,1.0,12,h,True,main_files/trial_tone/tone_150hz_75db_250ff-10p-250.wav,2.1559,38.0,tone,10,p,250,155.0
919,12.0,4.0,"12,13,10,12",h,True,main_files/trial_tone/tone_150hz_75db_250ff-10p-80.wav,7.0577,38.0,tone,10,p,80,155.0
919,10.0,2.0,"9,10",l,False,main_files/trial_tone/tone_150hz_75db_250ff-30p-250.wav,3.9632,38.0,tone,30,p,250,145.0
919,12.0,1.0,12,h,True,main_files/trial_tone/tone_150hz_75db_250ff-40p-40.wav,2.6722,38.0,tone,40,p,40,155.0
919,12.0,1.0,12,h,True,main_files/trial_tone/tone_150hz_75db_250ff-10p-60.wav,2.0555,38.0,tone,10,p,60,155.0
919,12.0,4.0,"10,9,10,12",h,False,main_files/trial_tone/tone_150hz_75db_250ff-30n-80.wav,6.631,38.0,tone,30,n,80,155.0
919,12.0,1.0,12,h,False,main_files/trial_tone/tone_150hz_75db_250ff-10n-40.wav,2.5727,38.0,tone,10,n,40,155.0
919,10.0,3.0,"10,12,10",l,False,main_files/trial_tone/tone_150hz_75db_250ff-10p-120.wav,6.0077,38.0,tone,10,p,120,145.0
919,12.0,1.0,12,h,False,main_files/trial_tone/tone_150hz_75db_250ff-20n-80.wav,2.6376,38.0,tone,20,n,80,155.0
919,12.0,1.0,12,h,False,main_files/trial_tone/tone_150hz_75db_250ff-20n-120.wav,2.14,38.0,tone,20,n,120,155.0
919,12.0,1.0,12,h,False,main_files/trial_tone/tone_150hz_75db_250ff-10n-80.wav,2.065,38.0,tone,10,n,80,155.0
919,10.0,1.0,10,l,False,main_files/trial_tone/tone_150hz_75db_250ff-30p-80.wav,1.8555,38.0,tone,30,p,80,145.0
919,11.0,0.0,,l,False,main_files/trial_tone/tone_150hz_75db_250ff-000-250.wav,0.0,38.0,tone,0,0,0,150.0
919,11.0,2.0,"12,11",m,False,main_files/trial_tone/tone_150hz_75db_250ff-30n-40.wav,4.4216,38.0,tone,30,n,40,150.0
919,10.0,1.0,10,l,False,main_files/trial_tone/tone_150hz_75db_250ff-40p-120.wav,1.749,38.0,tone,40,p,120,145.0
919,12.0,1.0,12,h,False,main_files/trial_tone/tone_150hz_75db_250ff-40n-120.wav,2.4717,38.0,tone,40,n,120,155.0
919,12.0,1.0,12,h,False,main_files/trial_tone/tone_150hz_75db_250ff-40n-40.wav,1.8651,38.0,tone,40,n,40,155.0
919,11.0,2.0,"10,11",m,False,main_files/trial_tone/tone_150hz_75db_250ff-20p-60.wav,3.6403,38.0,tone,20,p,60,150.0
919,10.0,1.0,10,l,False,main_files/trial_tone/tone_150hz_75db_250ff-20p-40.wav,2.1714,38.0,tone,20,p,40,145.0
919,12.0,1.0,12,h,False,main_files/trial_tone/tone_150hz_75db_250ff-40n-250.wav,1.7967,38.0,tone,40,n,250,155.0
919,11.0,2.0,"10,11",m,False,main_files/trial_tone/tone_150hz_75db_250ff-10p-40.wav,3.1634,38.0,tone,10,p,40,150.0
919,11.0,2.0,"10,11",m,False,main_files/trial_tone/tone_150hz_75db_250ff-40p-60.wav,3.6047,38.0,tone,40,p,60,150.0
919,12.0,1.0,12,h,False,main_files/trial_tone/tone_150hz_75db_250ff-30n-60.wav,1.965,38.0,tone,30,n,60,155.0
919,12.0,1.0,12,h,False,main_files/trial_tone/tone_150hz_75db_250ff-10n-120.wav,1.7052,38.0,tone,10,n,120,155.0
919,10.0,1.0,10,l,False,main_files/trial_tone/tone_150hz_75db_250ff-20p-120.wav,1.6388,38.0,tone,20,p,120,145.0
919,12.0,1.0,12,h,False,main_files/trial_tone/tone_150hz_75db_250ff-000-40.wav,2.2056,38.0,tone,0,0,0,155.0
919,10.0,1.0,10,l,False,main_files/trial_tone/tone_150hz_75db_250ff-40p-250.wav,1.6887,38.0,tone,40,p,250,145.0
919,12.0,1.0,12,h,False,main_files/trial_tone/tone_150hz_75db_250ff-20n-250.wav,1.533,38.0,tone,20,n,250,155.0
919,12.0,1.0,12,h,False,main_files/trial_tone/tone_150hz_75db_250ff-40n-100.wav,1.6237,38.0,tone,40,n,100,155.0
919,11.0,2.0,"10,11",m,False,main_files/trial_tone/tone_150hz_75db_250ff-30p-100.wav,3.6644,38.0,tone,30,p,100,150.0
919,12.0,1.0,12,h,False,main_files/trial_tone/tone_150hz_75db_250ff-10n-60.wav,1.8821,38.0,tone,10,n,60,155.0
919,12.0,1.0,12,h,False,main_files/trial_tone/tone_150hz_75db_250ff-20n-40.wav,1.447,38.0,tone,20,n,40,155.0
919,10.0,2.0,"12,10",l,False,main_files/trial_tone/tone_150hz_75db_250ff-20p-100.wav,3.0908,38.0,tone,20,p,100,145.0
919,10.0,1.0,10,l,False,main_files/trial_tone/tone_150hz_75db_250ff-30p-40.wav,2.0055,38.0,tone,30,p,40,145.0
919,12.0,1.0,12,h,False,main_files/trial_tone/tone_150hz_75db_250ff-30n-100.wav,1.8148,38.0,tone,30,n,100,155.0
919,10.0,2.0,"12,10",l,False,main_files/trial_tone/tone_150hz_75db_250ff-30p-120.wav,3.3585,38.0,tone,30,p,120,145.0
919,12.0,1.0,12,h,False,main_files/trial_tone/tone_150hz_75db_250ff-30n-250.wav,1.938,38.0,tone,30,n,250,155.0
919,11.0,2.0,"10,11",m,False,main_files/trial_tone/tone_150hz_75db_250ff-30p-60.wav,3.7382,38.0,tone,30,p,60,150.0
919,11.0,2.0,"10,11",m,False,main_files/trial_tone/tone_150hz_75db_250ff-10p-100.wav,3.3079,38.0,tone,10,p,100,150.0
919,12.0,1.0,12,h,True,main_files/trial_tone/tone_150hz_75db_250ff-40p-100.wav,1.9888,38.0,tone,40,p,100,155.0
919,10.0,3.0,"10,11,10",l,False,main_files/trial_tone/tone_150hz_75db_250ff-000-80.wav,5.8083,38.0,tone,0,0,0,145.0
919,12.0,3.0,"12,11,12",h,False,main_files/trial_tone/tone_150hz_75db_250ff-000-120.wav,4.9398,38.0,tone,0,0,0,155.0
919,11.0,2.0,"10,11",m,True,main_files/trial_tone/tone_150hz_75db_250ff-000-60.wav,4.4807,38.0,tone,0,0,0,150.0
919,11.0,2.0,"12,11",m,False,main_files/trial_tone/tone_150hz_75db_250ff-20p-80.wav,3.939,38.0,tone,20,p,80,150.0
919,10.0,1.0,10,l,True,main_files/trial_tone/tone_150hz_75db_250ff-20n-100.wav,2.0124,38.0,tone,20,n,100,145.0
919,12.0,1.0,12,h,False,main_files/trial_tone/tone_150hz_75db_250ff-10n-250.wav,1.8712,38.0,tone,10,n,250,155.0
919,12.0,3.0,"10,11,12",h,False,main_files/trial_tone/tone_150hz_75db_250ff-40n-60.wav,5.7473,38.0,tone,40,n,60,155.0
919,10.0,1.0,10,l,False,main_files/trial_tone/tone_150hz_75db_250ff-40p-80.wav,1.8074,38.0,tone,40,p,80,145.0
919,12.0,1.0,12,h,False,main_files/trial_tone/tone_150hz_75db_250ff-20n-60.wav,1.8473,38.0,tone,20,n,60,155.0
919,11.0,2.0,"10,11",m,False,main_files/trial_tone/tone_150hz_75db_250ff-40n-80.wav,3.1486,38.0,tone,40,n,80,150.0
919,11.0,2.0,"12,11",m,False,main_files/trial_tone/tone_150hz_75db_250ff-20p-250.wav,7.5914,38.0,tone,20,p,250,150.0
919,12.0,1.0,12,h,False,main_files/trial_tone/tone_150hz_75db_250ff-10n-100.wav,2.0728,38.0,tone,10,n,100,155.0
919,11.0,3.0,"12,10,11",m,True,main_files/trial_di/07_di_cross_150hz_75db_250ff-000-100.wav,16.255,38.0,di,0,0,0,150.0
919,10.0,1.0,10,l,True,main_files/trial_di/07_di_cross_150hz_75db_250ff-30n-120.wav,1.8544,38.0,di,30,n,120,145.0
919,12.0,1.0,12,h,True,main_files/trial_di/07_di_cross_150hz_75db_250ff-10p-250.wav,1.7315,38.0,di,10,p,250,155.0
919,9.0,1.0,9,l,False,main_files/trial_di/07_di_cross_150hz_75db_250ff-10p-80.wav,1.9972,38.0,di,10,p,80,140.0
919,10.0,1.0,10,l,False,main_files/trial_di/07_di_cross_150hz_75db_250ff-30p-250.wav,1.9712,38.0,di,30,p,250,145.0
919,12.0,1.0,12,h,True,main_files/trial_di/07_di_cross_150hz_75db_250ff-40p-40.wav,1.7724,38.0,di,40,p,40,155.0
919,12.0,1.0,12,h,True,main_files/trial_di/07_di_cross_150hz_75db_250ff-10p-60.wav,1.8144,38.0,di,10,p,60,155.0
919,10.0,1.0,10,l,True,main_files/trial_di/07_di_cross_150hz_75db_250ff-30n-80.wav,1.7993,38.0,di,30,n,80,145.0
919,11.0,0.0,,m,False,main_files/trial_di/07_di_cross_150hz_75db_250ff-10n-40.wav,2.0422,38.0,di,10,n,40,150.0
919,12.0,1.0,12,h,True,main_files/trial_di/07_di_cross_150hz_75db_250ff-10p-120.wav,2.0991,38.0,di,10,p,120,155.0
919,9.0,1.0,9,l,True,main_files/trial_di/07_di_cross_150hz_75db_250ff-20n-80.wav,1.8564,38.0,di,20,n,80,140.0
919,9.0,1.0,9,l,True,main_files/trial_di/07_di_cross_150hz_75db_250ff-20n-120.wav,2.081,38.0,di,20,n,120,140.0
919,10.0,3.0,"12,9,10",l,True,main_files/trial_di/07_di_cross_150hz_75db_250ff-10n-80.wav,4.6554,38.0,di,10,n,80,145.0
919,12.0,1.0,12,h,True,main_files/trial_di/07_di_cross_150hz_75db_250ff-30p-80.wav,2.5728,38.0,di,30,p,80,155.0
919,11.0,0.0,,l,False,main_files/trial_di/07_di_cross_150hz_75db_250ff-000-250.wav,0.0,38.0,di,0,0,0,150.0
919,10.0,1.0,10,l,True,main_files/trial_di/07_di_cross_150hz_75db_250ff-30n-40.wav,1.7746,38.0,di,30,n,40,145.0
919,12.0,1.0,12,h,True,main_files/trial_di/07_di_cross_150hz_75db_250ff-40p-120.wav,1.6301,38.0,di,40,p,120,155.0
919,10.0,1.0,10,l,True,main_files/trial_di/07_di_cross_150hz_75db_250ff-40n-120.wav,1.5299,38.0,di,40,n,120,145.0
919,10.0,1.0,10,l,True,main_files/trial_di/07_di_cross_150hz_75db_250ff-40n-40.wav,1.8807,38.0,di,40,n,40,145.0
919,13.0,2.0,"12,13",h,True,main_files/trial_di/07_di_cross_150hz_75db_250ff-20p-60.wav,2.9821,38.0,di,20,p,60,160.0
919,12.0,2.0,"13,12",h,True,main_files/trial_di/07_di_cross_150hz_75db_250ff-20p-40.wav,3.6392,38.0,di,20,p,40,155.0
919,9.0,1.0,9,l,True,main_files/trial_di/07_di_cross_150hz_75db_250ff-40n-250.wav,1.6901,38.0,di,40,n,250,140.0
919,13.0,6.0,"12,13,12,13,10,13",h,True,main_files/trial_di/07_di_cross_150hz_75db_250ff-10p-40.wav,9.823,38.0,di,10,p,40,160.0
919,9.0,1.0,9,l,False,main_files/trial_di/07_di_cross_150hz_75db_250ff-40p-60.wav,1.8725,38.0,di,40,p,60,140.0
919,13.0,2.0,"12,13",h,False,main_files/trial_di/07_di_cross_150hz_75db_250ff-30n-60.wav,3.1222,38.0,di,30,n,60,160.0
919,12.0,1.0,12,h,False,main_files/trial_di/07_di_cross_150hz_75db_250ff-10n-120.wav,1.6046,38.0,di,10,n,120,155.0
919,10.0,1.0,10,l,False,main_files/trial_di/07_di_cross_150hz_75db_250ff-20p-120.wav,1.697,38.0,di,20,p,120,145.0
919,12.0,1.0,12,h,False,main_files/trial_di/07_di_cross_150hz_75db_250ff-000-40.wav,2.05,38.0,di,0,0,0,155.0
919,9.0,1.0,9,l,False,main_files/trial_di/07_di_cross_150hz_75db_250ff-40p-250.wav,2.1961,38.0,di,40,p,250,140.0
919,12.0,1.0,12,h,False,main_files/trial_di/07_di_cross_150hz_75db_250ff-20n-250.wav,1.7875,38.0,di,20,n,250,155.0
919,12.0,1.0,12,h,False,main_files/trial_di/07_di_cross_150hz_75db_250ff-40n-100.wav,1.6041,38.0,di,40,n,100,155.0
919,9.0,2.0,"8,9",l,False,main_files/trial_di/07_di_cross_150hz_75db_250ff-30p-100.wav,2.9712,38.0,di,30,p,100,140.0
919,13.0,1.0,13,h,False,main_files/trial_di/07_di_cross_150hz_75db_250ff-10n-60.wav,1.689,38.0,di,10,n,60,160.0
919,13.0,1.0,13,h,False,main_files/trial_di/07_di_cross_150hz_75db_250ff-20n-40.wav,1.6812,38.0,di,20,n,40,160.0
919,10.0,1.0,10,l,False,main_files/trial_di/07_di_cross_150hz_75db_250ff-20p-100.wav,1.4727,38.0,di,20,p,100,145.0
919,10.0,1.0,10,l,False,main_files/trial_di/07_di_cross_150hz_75db_250ff-30p-40.wav,1.5554,38.0,di,30,p,40,145.0
919,12.0,1.0,12,h,False,main_files/trial_di/07_di_cross_150hz_75db_250ff-30n-100.wav,1.5796,38.0,di,30,n,100,155.0
919,9.0,2.0,"10,9",l,False,main_files/trial_di/07_di_cross_150hz_75db_250ff-30p-120.wav,3.0204,38.0,di,30,p,120,140.0
919,13.0,1.0,13,h,False,main_files/trial_di/07_di_cross_150hz_75db_250ff-30n-250.wav,1.6076,38.0,di,30,n,250,160.0
919,8.0,1.0,8,l,False,main_files/trial_di/07_di_cross_150hz_75db_250ff-30p-60.wav,1.5319,38.0,di,30,p,60,135.0
919,13.0,1.0,13,h,True,main_files/trial_di/07_di_cross_150hz_75db_250ff-10p-100.wav,1.7472,38.0,di,10,p,100,160.0
919,9.0,1.0,9,l,False,main_files/trial_di/07_di_cross_150hz_75db_250ff-40p-100.wav,1.6388,38.0,di,40,p,100,140.0
919,12.0,1.0,12,h,False,main_files/trial_di/07_di_cross_150hz_75db_250ff-000-80.wav,1.5066,38.0,di,0,0,0,155.0
919,11.0,0.0,,l,False,main_files/trial_di/07_di_cross_150hz_75db_250ff-000-120.wav,0.0,38.0,di,0,0,0,150.0
919,12.0,1.0,12,h,False,main_files/trial_di/07_di_cross_150hz_75db_250ff-000-60.wav,2.0305,38.0,di,0,0,0,155.0
919,10.0,1.0,10,l,False,main_files/trial_di/07_di_cross_150hz_75db_250ff-20p-80.wav,1.7637,38.0,di,20,p,80,145.0
919,12.0,1.0,12,h,False,main_files/trial_di/07_di_cross_150hz_75db_250ff-20n-100.wav,1.5244,38.0,di,20,n,100,155.0
919,10.0,1.0,10,l,True,main_files/trial_di/07_di_cross_150hz_75db_250ff-10n-250.wav,1.813,38.0,di,10,n,250,145.0
919,12.0,1.0,12,h,False,main_files/trial_di/07_di_cross_150hz_75db_250ff-40n-60.wav,1.5896,38.0,di,40,n,60,155.0
919,10.0,1.0,10,l,False,main_files/trial_di/07_di_cross_150hz_75db_250ff-40p-80.wav,1.5489,38.0,di,40,p,80,145.0
919,11.0,0.0,,l,True,main_files/trial_di/07_di_cross_150hz_75db_250ff-20n-60.wav,0.0,38.0,di,20,n,60,150.0
919,10.0,1.0,10,l,True,main_files/trial_di/07_di_cross_150hz_75db_250ff-40n-80.wav,1.4892,38.0,di,40,n,80,145.0
919,12.0,1.0,12,h,True,main_files/trial_di/07_di_cross_150hz_75db_250ff-20p-250.wav,1.3961,38.0,di,20,p,250,155.0
919,10.0,1.0,10,l,True,main_files/trial_di/07_di_cross_150hz_75db_250ff-10n-100.wav,1.4258,38.0,di,10,n,100,145.0
3744,11.0,4.0,"12,11,10,11",m,True,main_files/trial_tone/tone_150hz_75db_250ff-000-100.wav,23.164,0.0,tone,0,0,0,150.0
3744,10.0,3.0,"10,9,10",l,True,main_files/trial_tone/tone_150hz_75db_250ff-30n-120.wav,6.886,0.0,tone,30,n,120,145.0
3744,12.0,1.0,12,h,True,main_files/trial_tone/tone_150hz_75db_250ff-10p-250.wav,2.346,0.0,tone,10,p,250,155.0
3744,11.0,2.0,"12,11",m,False,main_files/trial_tone/tone_150hz_75db_250ff-10p-80.wav,6.984,0.0,tone,10,p,80,150.0
3744,13.0,6.0,"14,13,14,13,14,13",h,True,main_files/trial_tone/tone_150hz_75db_250ff-30p-250.wav,14.823,0.0,tone,30,p,250,160.0
3744,12.0,1.0,12,h,True,main_files/trial_tone/tone_150hz_75db_250ff-40p-40.wav,5.064,0.0,tone,40,p,40,155.0
3744,12.0,7.0,"12,11,12,13,12,11,12",h,True,main_files/trial_tone/tone_150hz_75db_250ff-10p-60.wav,15.756,0.0,tone,10,p,60,155.0
3744,10.0,1.0,10,l,True,main_files/trial_tone/tone_150hz_75db_250ff-30n-80.wav,2.2,0.0,tone,30,n,80,145.0
3744,11.0,0.0,,l,True,main_files/trial_tone/tone_150hz_75db_250ff-10n-40.wav,0.0,0.0,tone,10,n,40,150.0
3744,12.0,1.0,12,h,True,main_files/trial_tone/tone_150hz_75db_250ff-10p-120.wav,2.955,0.0,tone,10,p,120,155.0
3744,10.0,1.0,10,l,True,main_files/trial_tone/tone_150hz_75db_250ff-20n-80.wav,2.443,0.0,tone,20,n,80,145.0
3744,10.0,1.0,10,l,True,main_files/trial_tone/tone_150hz_75db_250ff-20n-120.wav,2.33,0.0,tone,20,n,120,145.0
3744,11.0,2.0,"10,11",m,False,main_files/trial_tone/tone_150hz_75db_250ff-10n-80.wav,4.401,0.0,tone,10,n,80,150.0
3744,12.0,2.0,"13,12",h,True,main_files/trial_tone/tone_150hz_75db_250ff-30p-80.wav,4.074,0.0,tone,30,p,80,155.0
3744,11.0,0.0,,l,False,main_files/trial_tone/tone_150hz_75db_250ff-000-250.wav,0.0,0.0,tone,0,0,0,150.0
3744,11.0,2.0,"10,11",m,False,main_files/trial_tone/tone_150hz_75db_250ff-30n-40.wav,4.631,0.0,tone,30,n,40,150.0
3744,13.0,5.0,"13,12,13,12,13",h,True,main_files/trial_tone/tone_150hz_75db_250ff-40p-120.wav,12.768,0.0,tone,40,p,120,160.0
3744,9.0,4.0,"10,9,8,9",l,True,main_files/trial_tone/tone_150hz_75db_250ff-40n-120.wav,8.511,0.0,tone,40,n,120,140.0
3744,11.0,0.0,,l,True,main_files/trial_tone/tone_150hz_75db_250ff-40n-40.wav,0.0,0.0,tone,40,n,40,150.0
3744,12.0,4.0,"13,12,13,12",h,True,main_files/trial_tone/tone_150hz_75db_250ff-20p-60.wav,10.27,0.0,tone,20,p,60,155.0
3744,12.0,1.0,12,h,True,main_files/trial_tone/tone_150hz_75db_250ff-20p-40.wav,2.524,0.0,tone,20,p,40,155.0
3744,6.0,6.0,"9,8,7,8,7,6",l,True,main_files/trial_tone/tone_150hz_75db_250ff-40n-250.wav,15.569,0.0,tone,40,n,250,125.0
3744,12.0,3.0,"12,11,12",h,True,main_files/trial_tone/tone_150hz_75db_250ff-10p-40.wav,6.99,0.0,tone,10,p,40,155.0
3744,13.0,1.0,13,h,True,main_files/trial_tone/tone_150hz_75db_250ff-40p-60.wav,2.51,0.0,tone,40,p,60,160.0
3744,12.0,1.0,12,h,False,main_files/trial_tone/tone_150hz_75db_250ff-30n-60.wav,2.753,0.0,tone,30,n,60,155.0
3744,11.0,0.0,,l,True,main_files/trial_tone/tone_150hz_75db_250ff-10n-120.wav,0.0,0.0,tone,10,n,120,150.0
3744,13.0,1.0,13,h,True,main_files/trial_tone/tone_150hz_75db_250ff-20p-120.wav,1.873,0.0,tone,20,p,120,160.0
3744,11.0,0.0,,l,False,main_files/trial_tone/tone_150hz_75db_250ff-000-40.wav,0.0,0.0,tone,0,0,0,150.0
3744,15.0,2.0,"14,15",h,True,main_files/trial_tone/tone_150hz_75db_250ff-40p-250.wav,4.364,0.0,tone,40,p,250,170.0
3744,8.0,2.0,"9,8",l,True,main_files/trial_tone/tone_150hz_75db_250ff-20n-250.wav,5.44,0.0,tone,20,n,250,135.0
3744,8.0,4.0,"7,6,7,8",l,True,main_files/trial_tone/tone_150hz_75db_250ff-40n-100.wav,12.069,0.0,tone,40,n,100,135.0
3744,13.0,1.0,13,h,True,main_files/trial_tone/tone_150hz_75db_250ff-30p-100.wav,2.272,0.0,tone,30,p,100,160.0
3744,11.0,0.0,,l,True,main_files/trial_tone/tone_150hz_75db_250ff-10n-60.wav,0.0,0.0,tone,10,n,60,150.0
3744,11.0,0.0,,l,True,main_files/trial_tone/tone_150hz_75db_250ff-20n-40.wav,0.0,0.0,tone,20,n,40,150.0
3744,13.0,3.0,"13,12,13",h,True,main_files/trial_tone/tone_150hz_75db_250ff-20p-100.wav,10.515,0.0,tone,20,p,100,160.0
3744,12.0,1.0,12,h,True,main_files/trial_tone/tone_150hz_75db_250ff-30p-40.wav,2.091,0.0,tone,30,p,40,155.0
3744,9.0,3.0,"9,10,9",l,True,main_files/trial_tone/tone_150hz_75db_250ff-30n-100.wav,9.394,0.0,tone,30,n,100,140.0
3744,13.0,1.0,13,h,True,main_files/trial_tone/tone_150hz_75db_250ff-30p-120.wav,2.128,0.0,tone,30,p,120,160.0
3744,9.0,1.0,9,l,True,main_files/trial_tone/tone_150hz_75db_250ff-30n-250.wav,2.011,0.0,tone,30,n,250,140.0
3744,13.0,5.0,"13,12,13,14,13",h,True,main_files/trial_tone/tone_150hz_75db_250ff-30p-60.wav,12.6,0.0,tone,30,p,60,160.0
3744,11.0,0.0,,l,False,main_files/trial_tone/tone_150hz_75db_250ff-10p-100.wav,0.0,0.0,tone,10,p,100,150.0
3744,12.0,1.0,12,h,True,main_files/trial_tone/tone_150hz_75db_250ff-40p-100.wav,1.626,0.0,tone,40,p,100,155.0
3744,11.0,0.0,,l,False,main_files/trial_tone/tone_150hz_75db_250ff-000-80.wav,0.0,0.0,tone,0,0,0,150.0
3744,11.0,0.0,,l,False,main_files/trial_tone/tone_150hz_75db_250ff-000-120.wav,0.0,0.0,tone,0,0,0,150.0
3744,11.0,0.0,,l,False,main_files/trial_tone/tone_150hz_75db_250ff-000-60.wav,0.0,0.0,tone,0,0,0,150.0
3744,12.0,2.0,"13,12",h,True,main_files/trial_tone/tone_150hz_75db_250ff-20p-80.wav,3.631,0.0,tone,20,p,80,155.0
3744,9.0,3.0,"9,10,9",l,True,main_files/trial_tone/tone_150hz_75db_250ff-20n-100.wav,8.674,0.0,tone,20,n,100,140.0
3744,11.0,0.0,,l,True,main_files/trial_tone/tone_150hz_75db_250ff-10n-250.wav,0.0,0.0,tone,10,n,250,150.0
3744,10.0,1.0,10,l,True,main_files/trial_tone/tone_150hz_75db_250ff-40n-60.wav,2.166,0.0,tone,40,n,60,145.0
3744,13.0,1.0,13,h,True,main_files/trial_tone/tone_150hz_75db_250ff-40p-80.wav,1.784,0.0,tone,40,p,80,160.0
3744,9.0,2.0,"10,9",l,True,main_files/trial_tone/tone_150hz_75db_250ff-20n-60.wav,7.149,0.0,tone,20,n,60,140.0
3744,9.0,1.0,9,l,True,main_files/trial_tone/tone_150hz_75db_250ff-40n-80.wav,2.733,0.0,tone,40,n,80,140.0
3744,14.0,1.0,14,h,True,main_files/trial_tone/tone_150hz_75db_250ff-20p-250.wav,1.976,0.0,tone,20,p,250,165.0
3744,11.0,4.0,"12,11,10,11",m,False,main_files/trial_tone/tone_150hz_75db_250ff-10n-100.wav,8.292,0.0,tone,10,n,100,150.0
3744,10.0,3.0,"10,9,10",l,False,main_files/trial_di/07_di_cross_150hz_75db_250ff-000-100.wav,12.523,0.0,di,0,0,0,145.0
3744,8.0,2.0,"9,8",l,True,main_files/trial_di/07_di_cross_150hz_75db_250ff-30n-120.wav,3.826,0.0,di,30,n,120,135.0
3744,12.0,3.0,"12,11,12",h,True,main_files/trial_di/07_di_cross_150hz_75db_250ff-10p-250.wav,8.079,0.0,di,10,p,250,155.0
3744,11.0,0.0,,l,False,main_files/trial_di/07_di_cross_150hz_75db_250ff-10p-80.wav,0.0,0.0,di,10,p,80,150.0
3744,14.0,2.0,"13,14",h,True,main_files/trial_di/07_di_cross_150hz_75db_250ff-30p-250.wav,4.146,0.0,di,30,p,250,165.0
3744,12.0,3.0,"12,11,12",h,True,main_files/trial_di/07_di_cross_150hz_75db_250ff-40p-40.wav,7.964,0.0,di,40,p,40,155.0
3744,11.0,0.0,,l,False,main_files/trial_di/07_di_cross_150hz_75db_250ff-10p-60.wav,0.0,0.0,di,10,p,60,150.0
3744,9.0,1.0,9,l,True,main_files/trial_di/07_di_cross_150hz_75db_250ff-30n-80.wav,2.309,0.0,di,30,n,80,140.0
3744,11.0,0.0,,l,True,main_files/trial_di/07_di_cross_150hz_75db_250ff-10n-40.wav,0.0,0.0,di,10,n,40,150.0
3744,11.0,0.0,,l,False,main_files/trial_di/07_di_cross_150hz_75db_250ff-10p-120.wav,0.0,0.0,di,10,p,120,150.0
3744,9.0,4.0,"10,9,10,9",l,True,main_files/trial_di/07_di_cross_150hz_75db_250ff-20n-80.wav,11.597,0.0,di,20,n,80,140.0
3744,9.0,1.0,9,l,True,main_files/trial_di/07_di_cross_150hz_75db_250ff-20n-120.wav,2.052,0.0,di,20,n,120,140.0
3744,10.0,7.0,"10,11,10,11,10,11,10",l,True,main_files/trial_di/07_di_cross_150hz_75db_250ff-10n-80.wav,13.503,0.0,di,10,n,80,145.0
3744,12.0,5.0,"10,11,12,13,12",h,True,main_files/trial_di/07_di_cross_150hz_75db_250ff-30p-80.wav,12.921,0.0,di,30,p,80,155.0
3744,11.0,0.0,,l,False,main_files/trial_di/07_di_cross_150hz_75db_250ff-000-250.wav,0.0,0.0,di,0,0,0,150.0
3744,10.0,1.0,10,l,True,main_files/trial_di/07_di_cross_150hz_75db_250ff-30n-40.wav,1.93,0.0,di,30,n,40,145.0
3744,13.0,1.0,13,h,True,main_files/trial_di/07_di_cross_150hz_75db_250ff-40p-120.wav,1.839,0.0,di,40,p,120,160.0
3744,8.0,2.0,"9,8",l,True,main_files/trial_di/07_di_cross_150hz_75db_250ff-40n-120.wav,4.357,0.0,di,40,n,120,135.0
3744,10.0,1.0,10,l,True,main_files/trial_di/07_di_cross_150hz_75db_250ff-40n-40.wav,2.03,0.0,di,40,n,40,145.0
3744,12.0,2.0,"13,12",h,True,main_files/trial_di/07_di_cross_150hz_75db_250ff-20p-60.wav,3.927,0.0,di,20,p,60,155.0
3744,12.0,1.0,12,h,True,main_files/trial_di/07_di_cross_150hz_75db_250ff-20p-40.wav,2.007,0.0,di,20,p,40,155.0
3744,7.0,2.0,"8,7",l,True,main_files/trial_di/07_di_cross_150hz_75db_250ff-40n-250.wav,3.887,0.0,di,40,n,250,130.0
3744,11.0,2.0,"12,11",m,False,main_files/trial_di/07_di_cross_150hz_75db_250ff-10p-40.wav,4.556,0.0,di,10,p,40,150.0
3744,12.0,5.0,"12,13,12,13,12",h,True,main_files/trial_di/07_di_cross_150hz_75db_250ff-40p-60.wav,12.964,0.0,di,40,p,60,155.0
3744,10.0,1.0,10,l,True,main_files/trial_di/07_di_cross_150hz_75db_250ff-30n-60.wav,1.825,0.0,di,30,n,60,145.0
3744,10.0,1.0,10,l,True,main_files/trial_di/07_di_cross_150hz_75db_250ff-10n-120.wav,3.196,0.0,di,10,n,120,145.0
3744,13.0,2.0,"12,13",h,True,main_files/trial_di/07_di_cross_150hz_75db_250ff-20p-120.wav,3.909,0.0,di,20,p,120,160.0
3744,11.0,0.0,,l,False,main_files/trial_di/07_di_cross_150hz_75db_250ff-000-40.wav,0.0,0.0,di,0,0,0,150.0
3744,15.0,2.0,"14,15",h,True,main_files/trial_di/07_di_cross_150hz_75db_250ff-40p-250.wav,4.086,0.0,di,40,p,250,170.0
3744,8.0,2.0,"9,8",l,True,main_files/trial_di/07_di_cross_150hz_75db_250ff-20n-250.wav,6.476,0.0,di,20,n,250,135.0
3744,7.0,3.0,"7,8,7",l,True,main_files/trial_di/07_di_cross_150hz_75db_250ff-40n-100.wav,6.37,0.0,di,40,n,100,130.0
3744,13.0,3.0,"13,12,13",h,True,main_files/trial_di/07_di_cross_150hz_75db_250ff-30p-100.wav,6.5,0.0,di,30,p,100,160.0
3744,10.0,2.0,"12,10",l,True,main_files/trial_di/07_di_cross_150hz_75db_250ff-10n-60.wav,3.342,0.0,di,10,n,60,145.0
3744,10.0,3.0,"10,11,10",l,True,main_files/trial_di/07_di_cross_150hz_75db_250ff-20n-40.wav,5.73,0.0,di,20,n,40,145.0
3744,13.0,1.0,13,h,True,main_files/trial_di/07_di_cross_150hz_75db_250ff-20p-100.wav,3.756,0.0,di,20,p,100,160.0
3744,12.0,3.0,"12,11,12",h,True,main_files/trial_di/07_di_cross_150hz_75db_250ff-30p-40.wav,5.135,0.0,di,30,p,40,155.0
3744,9.0,2.0,"10,9",l,True,main_files/trial_di/07_di_cross_150hz_75db_250ff-30n-100.wav,6.242,0.0,di,30,n,100,140.0
3744,13.0,1.0,13,h,True,main_files/trial_di/07_di_cross_150hz_75db_250ff-30p-120.wav,1.734,0.0,di,30,p,120,160.0
3744,7.0,2.0,"8,7",l,True,main_files/trial_di/07_di_cross_150hz_75db_250ff-30n-250.wav,4.236,0.0,di,30,n,250,130.0
3744,14.0,4.0,"13,14,13,14",h,True,main_files/trial_di/07_di_cross_150hz_75db_250ff-30p-60.wav,10.972,0.0,di,30,p,60,165.0
3744,12.0,1.0,12,h,True,main_files/trial_di/07_di_cross_150hz_75db_250ff-10p-100.wav,2.392,0.0,di,10,p,100,155.0
3744,13.0,1.0,13,h,True,main_files/trial_di/07_di_cross_150hz_75db_250ff-40p-100.wav,2.007,0.0,di,40,p,100,160.0
3744,11.0,0.0,,l,False,main_files/trial_di/07_di_cross_150hz_75db_250ff-000-80.wav,0.0,0.0,di,0,0,0,150.0
3744,11.0,0.0,,l,False,main_files/trial_di/07_di_cross_150hz_75db_250ff-000-120.wav,0.0,0.0,di,0,0,0,150.0
3744,11.0,0.0,,l,False,main_files/trial_di/07_di_cross_150hz_75db_250ff-000-60.wav,0.0,0.0,di,0,0,0,150.0
3744,13.0,2.0,"12,13",h,True,main_files/trial_di/07_di_cross_150hz_75db_250ff-20p-80.wav,3.957,0.0,di,20,p,80,160.0
3744,10.0,3.0,"10,9,10",l,True,main_files/trial_di/07_di_cross_150hz_75db_250ff-20n-100.wav,7.463,0.0,di,20,n,100,145.0
3744,10.0,1.0,10,l,True,main_files/trial_di/07_di_cross_150hz_75db_250ff-10n-250.wav,1.739,0.0,di,10,n,250,145.0
3744,10.0,1.0,10,l,True,main_files/trial_di/07_di_cross_150hz_75db_250ff-40n-60.wav,1.823,0.0,di,40,n,60,145.0
3744,13.0,1.0,13,h,True,main_files/trial_di/07_di_cross_150hz_75db_250ff-40p-80.wav,1.704,0.0,di,40,p,80,160.0
3744,10.0,1.0,10,l,True,main_files/trial_di/07_di_cross_150hz_75db_250ff-20n-60.wav,1.85,0.0,di,20,n,60,145.0
3744,9.0,4.0,"10,9,10,9",l,True,main_files/trial_di/07_di_cross_150hz_75db_250ff-40n-80.wav,10.353,0.0,di,40,n,80,140.0
3744,14.0,2.0,"13,14",h,True,main_files/trial_di/07_di_cross_150hz_75db_250ff-20p-250.wav,4.298,0.0,di,20,p,250,165.0
3744,10.0,3.0,"10,9,10",l,True,main_files/trial_di/07_di_cross_150hz_75db_250ff-10n-100.wav,6.132,0.0,di,10,n,100,145.0
3744,13.0,2.0,"12,13",h,True,main_files/trial_i/07_i_150hz_75db_250ff-40p-80.wav,19.255,0.0,i,40,p,80,160.0
3744,9.0,2.0,"10,9",l,True,main_files/trial_i/07_i_150hz_75db_250ff-30n-100.wav,4.356,0.0,i,30,n,100,140.0
3744,14.0,1.0,14,h,True,main_files/trial_i/07_i_150hz_75db_250ff-20p-250.wav,1.859,0.0,i,20,p,250,165.0
3744,12.0,1.0,12,h,True,main_files/trial_i/07_i_150hz_75db_250ff-10p-60.wav,2.977,0.0,i,10,p,60,155.0
3744,8.0,2.0,"9,8",l,True,main_files/trial_i/07_i_150hz_75db_250ff-30n-250.wav,4.249,0.0,i,30,n,250,135.0
3744,13.0,1.0,13,h,True,main_files/trial_i/07_i_150hz_75db_250ff-40p-120.wav,2.424,0.0,i,40,p,120,160.0
3744,11.0,0.0,,l,False,main_files/trial_i/07_i_150hz_75db_250ff-10p-40.wav,0.0,0.0,i,10,p,40,150.0
3744,10.0,3.0,"10,9,10",l,True,main_files/trial_i/07_i_150hz_75db_250ff-30n-60.wav,6.44,0.0,i,30,n,60,145.0
3744,11.0,2.0,"12,11",m,False,main_files/trial_i/07_i_150hz_75db_250ff-10n-40.wav,4.337,0.0,i,10,n,40,150.0
3744,12.0,4.0,"12,11,10,12",h,True,main_files/trial_i/07_i_150hz_75db_250ff-10p-250.wav,7.934,0.0,i,10,p,250,155.0
3744,10.0,1.0,10,l,True,main_files/trial_i/07_i_150hz_75db_250ff-20n-60.wav,2.136,0.0,i,20,n,60,145.0
3744,9.0,4.0,"10,9,10,9",l,True,main_files/trial_i/07_i_150hz_75db_250ff-20n-100.wav,6.665,0.0,i,20,n,100,140.0
3744,11.0,0.0,,l,True,main_files/trial_i/07_i_150hz_75db_250ff-10n-80.wav,0.0,0.0,i,10,n,80,150.0
3744,13.0,1.0,13,h,True,main_files/trial_i/07_i_150hz_75db_250ff-30p-60.wav,2.008,0.0,i,30,p,60,160.0
3744,11.0,2.0,"12,11",m,True,main_files/trial_i/07_i_150hz_75db_250ff-000-80.wav,3.837,0.0,i,0,0,0,150.0
3744,8.0,2.0,"9,8",l,True,main_files/trial_i/07_i_150hz_75db_250ff-30n-120.wav,4.283,0.0,i,30,n,120,135.0
3744,14.0,2.0,"13,14",h,True,main_files/trial_i/07_i_150hz_75db_250ff-40p-100.wav,4.548,0.0,i,40,p,100,165.0
3744,8.0,2.0,"9,8",l,True,main_files/trial_i/07_i_150hz_75db_250ff-40n-100.wav,3.846,0.0,i,40,n,100,135.0
3744,7.0,4.0,"8,7,8,7",l,True,main_files/trial_i/07_i_150hz_75db_250ff-40n-120.wav,8.77,0.0,i,40,n,120,130.0
3744,12.0,1.0,12,h,True,main_files/trial_i/07_i_150hz_75db_250ff-20p-40.wav,1.847,0.0,i,20,p,40,155.0
3744,13.0,2.0,"12,13",h,True,main_files/trial_i/07_i_150hz_75db_250ff-20p-120.wav,3.715,0.0,i,20,p,120,160.0
3744,15.0,2.0,"14,15",h,True,main_files/trial_i/07_i_150hz_75db_250ff-40p-250.wav,3.381,0.0,i,40,p,250,170.0
3744,12.0,5.0,"12,13,12,13,12",h,True,main_files/trial_i/07_i_150hz_75db_250ff-10p-120.wav,11.436,0.0,i,10,p,120,155.0
3744,12.0,1.0,12,h,True,main_files/trial_i/07_i_150hz_75db_250ff-40p-40.wav,1.882,0.0,i,40,p,40,155.0
3744,11.0,4.0,"10,11,10,11",m,False,main_files/trial_i/07_i_150hz_75db_250ff-30n-40.wav,7.424,0.0,i,30,n,40,150.0
3744,10.0,1.0,10,l,True,main_files/trial_i/07_i_150hz_75db_250ff-10n-120.wav,2.222,0.0,i,10,n,120,145.0
3744,13.0,4.0,"12,13,12,13",h,True,main_files/trial_i/07_i_150hz_75db_250ff-20p-100.wav,7.214,0.0,i,20,p,100,160.0
3744,11.0,2.0,"12,11",m,True,main_files/trial_i/07_i_150hz_75db_250ff-000-120.wav,3.162,0.0,i,0,0,0,150.0
3744,6.0,4.0,"9,8,7,6",l,True,main_files/trial_i/07_i_150hz_75db_250ff-40n-250.wav,7.794,0.0,i,40,n,250,125.0
3744,7.0,2.0,"8,7",l,True,main_files/trial_i/07_i_150hz_75db_250ff-20n-250.wav,4.768,0.0,i,20,n,250,130.0
3744,14.0,2.0,"13,14",h,True,main_files/trial_i/07_i_150hz_75db_250ff-30p-80.wav,3.767,0.0,i,30,p,80,165.0
3744,9.0,2.0,"10,9",l,True,main_files/trial_i/07_i_150hz_75db_250ff-30n-80.wav,4.397,0.0,i,30,n,80,140.0
3744,11.0,2.0,"12,11",m,False,main_files/trial_i/07_i_150hz_75db_250ff-10n-60.wav,3.395,0.0,i,10,n,60,150.0
3744,9.0,4.0,"10,9,10,9",l,True,main_files/trial_i/07_i_150hz_75db_250ff-20n-120.wav,7.858,0.0,i,20,n,120,140.0
3744,9.0,2.0,"10,9",l,True,main_files/trial_i/07_i_150hz_75db_250ff-20n-80.wav,4.138,0.0,i,20,n,80,140.0
3744,12.0,2.0,"13,12",h,True,main_files/trial_i/07_i_150hz_75db_250ff-30p-120.wav,3.397,0.0,i,30,p,120,155.0
3744,13.0,2.0,"12,13",h,True,main_files/trial_i/07_i_150hz_75db_250ff-20p-80.wav,4.005,0.0,i,20,p,80,160.0
3744,13.0,3.0,"13,14,13",h,True,main_files/trial_i/07_i_150hz_75db_250ff-30p-100.wav,4.646,0.0,i,30,p,100,160.0
3744,13.0,1.0,13,h,True,main_files/trial_i/07_i_150hz_75db_250ff-30p-250.wav,1.951,0.0,i,30,p,250,160.0
3744,11.0,6.0,"10,11,10,11,10,11",m,False,main_files/trial_i/07_i_150hz_75db_250ff-30p-40.wav,11.471,0.0,i,30,p,40,150.0
3744,12.0,3.0,"12,13,12",h,True,main_files/trial_i/07_i_150hz_75db_250ff-10p-100.wav,6.229,0.0,i,10,p,100,155.0
3744,8.0,2.0,"9,8",l,True,main_files/trial_i/07_i_150hz_75db_250ff-40n-80.wav,3.359,0.0,i,40,n,80,135.0
3744,11.0,2.0,"12,11",m,True,main_files/trial_i/07_i_150hz_75db_250ff-000-60.wav,3.113,0.0,i,0,0,0,150.0
3744,11.0,0.0,,l,False,main_files/trial_i/07_i_150hz_75db_250ff-000-100.wav,0.0,0.0,i,0,0,0,150.0
3744,11.0,2.0,"10,11",m,True,main_files/trial_i/07_i_150hz_75db_250ff-000-40.wav,3.835,0.0,i,0,0,0,150.0
3744,13.0,3.0,"13,12,13",h,True,main_files/trial_i/07_i_150hz_75db_250ff-20p-60.wav,5.862,0.0,i,20,p,60,160.0
3744,13.0,2.0,"12,13",h,True,main_files/trial_i/07_i_150hz_75db_250ff-10p-80.wav,3.462,0.0,i,10,p,80,160.0
3744,9.0,3.0,"9,10,9",l,True,main_files/trial_i/07_i_150hz_75db_250ff-10n-250.wav,5.938,0.0,i,10,n,250,140.0
3744,11.0,2.0,"10,11",m,False,main_files/trial_i/07_i_150hz_75db_250ff-40n-40.wav,3.486,0.0,i,40,n,40,150.0
3744,13.0,5.0,"13,14,13,14,13",h,True,main_files/trial_i/07_i_150hz_75db_250ff-40p-60.wav,10.658,0.0,i,40,p,60,160.0
3744,11.0,3.0,"12,10,11",m,False,main_files/trial_i/07_i_150hz_75db_250ff-20n-40.wav,4.593,0.0,i,20,n,40,150.0
3744,9.0,2.0,"10,9",l,True,main_files/trial_i/07_i_150hz_75db_250ff-40n-60.wav,3.046,0.0,i,40,n,60,140.0
3744,11.0,0.0,,l,False,main_files/trial_i/07_i_150hz_75db_250ff-000-250.wav,0.0,0.0,i,0,0,0,150.0
3744,10.0,1.0,10,l,True,main_files/trial_i/07_i_150hz_75db_250ff-10n-100.wav,2.529,0.0,i,10,n,100,145.0
5600,11.0,4.0,"12,11,10,11",m,True,main_files/trial_di/07_di_cross_150hz_75db_250ff-000-100.wav,11.5355,28.0,di,0,0,0,150.0
5600,11.0,0.0,,l,True,main_files/trial_di/07_di_cross_150hz_75db_250ff-30n-120.wav,0.0,28.0,di,30,n,120,150.0
5600,12.0,1.0,12,h,True,main_files/trial_di/07_di_cross_150hz_75db_250ff-10p-250.wav,2.8307,28.0,di,10,p,250,155.0
5600,11.0,0.0,,l,False,main_files/trial_di/07_di_cross_150hz_75db_250ff-10p-80.wav,0.0,28.0,di,10,p,80,150.0
5600,13.0,6.0,"12,13,12,13,14,13",h,True,main_files/trial_di/07_di_cross_150hz_75db_250ff-30p-250.wav,14.1199,28.0,di,30,p,250,160.0
5600,11.0,0.0,,l,False,main_files/trial_di/07_di_cross_150hz_75db_250ff-40p-40.wav,0.0,28.0,di,40,p,40,150.0
5600,11.0,0.0,,l,False,main_files/trial_di/07_di_cross_150hz_75db_250ff-10p-60.wav,0.0,28.0,di,10,p,60,150.0
5600,11.0,2.0,"10,11",m,False,main_files/trial_di/07_di_cross_150hz_75db_250ff-30n-80.wav,4.9623,28.0,di,30,n,80,150.0
5600,11.0,0.0,,l,True,main_files/trial_di/07_di_cross_150hz_75db_250ff-10n-40.wav,0.0,28.0,di,10,n,40,150.0
5600,11.0,8.0,"12,11,10,11,12,13,12,11",m,False,main_files/trial_di/07_di_cross_150hz_75db_250ff-10p-120.wav,15.0026,28.0,di,10,p,120,150.0
5600,11.0,0.0,,l,True,main_files/trial_di/07_di_cross_150hz_75db_250ff-20n-80.wav,0.0,28.0,di,20,n,80,150.0
5600,11.0,0.0,,l,True,main_files/trial_di/07_di_cross_150hz_75db_250ff-20n-120.wav,0.0,28.0,di,20,n,120,150.0
5600,11.0,0.0,,l,True,main_files/trial_di/07_di_cross_150hz_75db_250ff-10n-80.wav,0.0,28.0,di,10,n,80,150.0
5600,11.0,6.0,"10,11,10,11,12,11",m,False,main_files/trial_di/07_di_cross_150hz_75db_250ff-30p-80.wav,11.5395,28.0,di,30,p,80,150.0
5600,11.0,0.0,,l,False,main_files/trial_di/07_di_cross_150hz_75db_250ff-000-250.wav,0.0,28.0,di,0,0,0,150.0
5600,11.0,0.0,,l,True,main_files/trial_di/07_di_cross_150hz_75db_250ff-30n-40.wav,0.0,28.0,di,30,n,40,150.0
5600,11.0,8.0,"12,13,12,11,10,11,10,11",m,False,main_files/trial_di/07_di_cross_150hz_75db_250ff-40p-120.wav,15.1528,28.0,di,40,p,120,150.0
5600,10.0,1.0,10,l,True,main_files/trial_di/07_di_cross_150hz_75db_250ff-40n-120.wav,3.2617,28.0,di,40,n,120,145.0
5600,11.0,0.0,,l,True,main_files/trial_di/07_di_cross_150hz_75db_250ff-40n-40.wav,0.0,28.0,di,40,n,40,150.0
5600,11.0,0.0,,l,False,main_files/trial_di/07_di_cross_150hz_75db_250ff-20p-60.wav,0.0,28.0,di,20,p,60,150.0
5600,11.0,0.0,,l,False,main_files/trial_di/07_di_cross_150hz_75db_250ff-20p-40.wav,0.0,28.0,di,20,p,40,150.0
5600,10.0,7.0,"10,11,10,11,12,11,10",l,True,main_files/trial_di/07_di_cross_150hz_75db_250ff-40n-250.wav,14.0133,28.0,di,40,n,250,145.0
5600,11.0,0.0,,l,False,main_files/trial_di/07_di_cross_150hz_75db_250ff-10p-40.wav,0.0,28.0,di,10,p,40,150.0
5600,11.0,0.0,,l,False,main_files/trial_di/07_di_cross_150hz_75db_250ff-40p-60.wav,0.0,28.0,di,40,p,60,150.0
5600,11.0,4.0,"12,11,10,11",m,False,main_files/trial_di/07_di_cross_150hz_75db_250ff-30n-60.wav,11.6219,28.0,di,30,n,60,150.0
5600,11.0,0.0,,l,True,main_files/trial_di/07_di_cross_150hz_75db_250ff-10n-120.wav,0.0,28.0,di,10,n,120,150.0
5600,10.0,1.0,10,l,False,main_files/trial_di/07_di_cross_150hz_75db_250ff-20p-120.wav,2.4867,28.0,di,20,p,120,145.0
5600,11.0,0.0,,l,False,main_files/trial_di/07_di_cross_150hz_75db_250ff-000-40.wav,0.0,28.0,di,0,0,0,150.0
5600,12.0,1.0,12,h,True,main_files/trial_di/07_di_cross_150hz_75db_250ff-40p-250.wav,2.2873,28.0,di,40,p,250,155.0
5600,11.0,2.0,"12,11",m,False,main_files/trial_di/07_di_cross_150hz_75db_250ff-20n-250.wav,8.9206,28.0,di,20,n,250,150.0
5600,11.0,8.0,"12,11,10,11,10,9,10,11",m,False,main_files/trial_di/07_di_cross_150hz_75db_250ff-40n-100.wav,15.8764,28.0,di,40,n,100,150.0
5600,12.0,1.0,12,h,True,main_files/trial_di/07_di_cross_150hz_75db_250ff-30p-100.wav,2.9371,28.0,di,30,p,100,155.0
5600,12.0,1.0,12,h,False,main_files/trial_di/07_di_cross_150hz_75db_250ff-10n-60.wav,7.6244,28.0,di,10,n,60,155.0
5600,11.0,0.0,,l,True,main_files/trial_di/07_di_cross_150hz_75db_250ff-20n-40.wav,0.0,28.0,di,20,n,40,150.0
5600,11.0,0.0,,l,False,main_files/trial_di/07_di_cross_150hz_75db_250ff-20p-100.wav,0.0,28.0,di,20,p,100,150.0
5600,10.0,1.0,10,l,False,main_files/trial_di/07_di_cross_150hz_75db_250ff-30p-40.wav,2.3654,28.0,di,30,p,40,145.0
5600,11.0,0.0,,l,True,main_files/trial_di/07_di_cross_150hz_75db_250ff-30n-100.wav,0.0,28.0,di,30,n,100,150.0
5600,11.0,0.0,,l,False,main_files/trial_di/07_di_cross_150hz_75db_250ff-30p-120.wav,0.0,28.0,di,30,p,120,150.0
5600,10.0,1.0,10,l,True,main_files/trial_di/07_di_cross_150hz_75db_250ff-30n-250.wav,2.0701,28.0,di,30,n,250,145.0
5600,11.0,0.0,,l,False,main_files/trial_di/07_di_cross_150hz_75db_250ff-30p-60.wav,0.0,28.0,di,30,p,60,150.0
5600,10.0,1.0,10,l,False,main_files/trial_di/07_di_cross_150hz_75db_250ff-10p-100.wav,2.4872,28.0,di,10,p,100,145.0
5600,10.0,1.0,10,l,False,main_files/trial_di/07_di_cross_150hz_75db_250ff-40p-100.wav,4.5701,28.0,di,40,p,100,145.0
5600,11.0,0.0,,l,False,main_files/trial_di/07_di_cross_150hz_75db_250ff-000-80.wav,0.0,28.0,di,0,0,0,150.0
5600,11.0,0.0,,l,False,main_files/trial_di/07_di_cross_150hz_75db_250ff-000-120.wav,0.0,28.0,di,0,0,0,150.0
5600,11.0,0.0,,l,False,main_files/trial_di/07_di_cross_150hz_75db_250ff-000-60.wav,0.0,28.0,di,0,0,0,150.0
5600,11.0,0.0,,l,False,main_files/trial_di/07_di_cross_150hz_75db_250ff-20p-80.wav,0.0,28.0,di,20,p,80,150.0
5600,10.0,1.0,10,l,True,main_files/trial_di/07_di_cross_150hz_75db_250ff-20n-100.wav,2.1869,28.0,di,20,n,100,145.0
5600,11.0,0.0,,l,True,main_files/trial_di/07_di_cross_150hz_75db_250ff-10n-250.wav,0.0,28.0,di,10,n,250,150.0
5600,11.0,0.0,,l,True,main_files/trial_di/07_di_cross_150hz_75db_250ff-40n-60.wav,0.0,28.0,di,40,n,60,150.0
5600,12.0,5.0,"12,11,12,11,12",h,True,main_files/trial_di/07_di_cross_150hz_75db_250ff-40p-80.wav,13.4864,28.0,di,40,p,80,155.0
5600,11.0,2.0,"12,11",m,False,main_files/trial_di/07_di_cross_150hz_75db_250ff-20n-60.wav,5.2271,28.0,di,20,n,60,150.0
5600,10.0,1.0,10,l,True,main_files/trial_di/07_di_cross_150hz_75db_250ff-40n-80.wav,2.2216,28.0,di,40,n,80,145.0
5600,12.0,4.0,"10,11,10,12",h,True,main_files/trial_di/07_di_cross_150hz_75db_250ff-20p-250.wav,7.8567,28.0,di,20,p,250,155.0
5600,11.0,4.0,"12,11,10,11",m,False,main_files/trial_di/07_di_cross_150hz_75db_250ff-10n-100.wav,7.6463,28.0,di,10,n,100,150.0
5600,11.0,0.0,,l,False,main_files/trial_tone/tone_150hz_75db_250ff-000-100.wav,0.0,28.0,tone,0,0,0,150.0
5600,12.0,1.0,12,h,False,main_files/trial_tone/tone_150hz_75db_250ff-30n-120.wav,3.7533,28.0,tone,30,n,120,155.0
5600,10.0,5.0,"12,11,10,11,10",l,False,main_files/trial_tone/tone_150hz_75db_250ff-10p-250.wav,13.0935,28.0,tone,10,p,250,145.0
5600,12.0,5.0,"10,11,10,11,12",h,True,main_files/trial_tone/tone_150hz_75db_250ff-10p-80.wav,11.2043,28.0,tone,10,p,80,155.0
5600,12.0,7.0,"10,11,10,11,10,11,12",h,True,main_files/trial_tone/tone_150hz_75db_250ff-30p-250.wav,15.6212,28.0,tone,30,p,250,155.0
5600,11.0,0.0,,l,False,main_files/trial_tone/tone_150hz_75db_250ff-40p-40.wav,0.0,28.0,tone,40,p,40,150.0
5600,10.0,3.0,"12,11,10",l,False,main_files/trial_tone/tone_150hz_75db_250ff-10p-60.wav,6.4909,28.0,tone,10,p,60,145.0
5600,10.0,3.0,"12,11,10",l,True,main_files/trial_tone/tone_150hz_75db_250ff-30n-80.wav,5.203,28.0,tone,30,n,80,145.0
5600,11.0,0.0,,l,True,main_files/trial_tone/tone_150hz_75db_250ff-10n-40.wav,0.0,28.0,tone,10,n,40,150.0
5600,12.0,7.0,"12,11,10,11,10,11,12",h,True,main_files/trial_tone/tone_150hz_75db_250ff-10p-120.wav,16.1868,28.0,tone,10,p,120,155.0
5600,10.0,3.0,"12,11,10",l,True,main_files/trial_tone/tone_150hz_75db_250ff-20n-80.wav,5.9906,28.0,tone,20,n,80,145.0
5600,10.0,3.0,"12,11,10",l,True,main_files/trial_tone/tone_150hz_75db_250ff-20n-120.wav,7.0486,28.0,tone,20,n,120,145.0
5600,10.0,3.0,"12,11,10",l,True,main_files/trial_tone/tone_150hz_75db_250ff-10n-80.wav,5.2885,28.0,tone,10,n,80,145.0
5600,10.0,3.0,"12,11,10",l,False,main_files/trial_tone/tone_150hz_75db_250ff-30p-80.wav,5.0035,28.0,tone,30,p,80,145.0
5600,11.0,0.0,,l,False,main_files/trial_tone/tone_150hz_75db_250ff-000-250.wav,0.0,28.0,tone,0,0,0,150.0
5600,10.0,3.0,"12,11,10",l,True,main_files/trial_tone/tone_150hz_75db_250ff-30n-40.wav,4.1941,28.0,tone,30,n,40,145.0
5600,10.0,3.0,"12,11,10",l,False,main_files/trial_tone/tone_150hz_75db_250ff-40p-120.wav,4.6034,28.0,tone,40,p,120,145.0
5600,11.0,4.0,"10,11,12,11",m,False,main_files/trial_tone/tone_150hz_75db_250ff-40n-120.wav,5.7873,28.0,tone,40,n,120,150.0
5600,11.0,0.0,,l,True,main_files/trial_tone/tone_150hz_75db_250ff-40n-40.wav,0.0,28.0,tone,40,n,40,150.0
5600,11.0,0.0,,l,False,main_files/trial_tone/tone_150hz_75db_250ff-20p-60.wav,0.0,28.0,tone,20,p,60,150.0
5600,11.0,0.0,,l,False,main_files/trial_tone/tone_150hz_75db_250ff-20p-40.wav,0.0,28.0,tone,20,p,40,150.0
5600,10.0,1.0,10,l,True,main_files/trial_tone/tone_150hz_75db_250ff-40n-250.wav,2.9975,28.0,tone,40,n,250,145.0
5600,11.0,0.0,,l,False,main_files/trial_tone/tone_150hz_75db_250ff-10p-40.wav,0.0,28.0,tone,10,p,40,150.0
5600,11.0,0.0,,l,False,main_files/trial_tone/tone_150hz_75db_250ff-40p-60.wav,0.0,28.0,tone,40,p,60,150.0
5600,11.0,0.0,,l,True,main_files/trial_tone/tone_150hz_75db_250ff-30n-60.wav,0.0,28.0,tone,30,n,60,150.0
5600,11.0,0.0,,l,True,main_files/trial_tone/tone_150hz_75db_250ff-10n-120.wav,0.0,28.0,tone,10,n,120,150.0
5600,12.0,1.0,12,h,True,main_files/trial_tone/tone_150hz_75db_250ff-20p-120.wav,2.3225,28.0,tone,20,p,120,155.0
5600,11.0,4.0,"12,11,10,11",m,True,main_files/trial_tone/tone_150hz_75db_250ff-000-40.wav,12.4109,28.0,tone,0,0,0,150.0
5600,12.0,7.0,"10,11,10,11,10,11,12",h,True,main_files/trial_tone/tone_150hz_75db_250ff-40p-250.wav,14.6229,28.0,tone,40,p,250,155.0
5600,12.0,1.0,12,h,False,main_files/trial_tone/tone_150hz_75db_250ff-20n-250.wav,2.7748,28.0,tone,20,n,250,155.0
5600,12.0,1.0,12,h,False,main_files/trial_tone/tone_150hz_75db_250ff-40n-100.wav,2.2531,28.0,tone,40,n,100,155.0
5600,12.0,7.0,"12,11,12,11,10,11,12",h,True,main_files/trial_tone/tone_150hz_75db_250ff-30p-100.wav,14.8926,28.0,tone,30,p,100,155.0
5600,11.0,0.0,,l,True,main_files/trial_tone/tone_150hz_75db_250ff-10n-60.wav,0.0,28.0,tone,10,n,60,150.0
5600,11.0,8.0,"10,11,10,11,12,11,12,11",m,False,main_files/trial_tone/tone_150hz_75db_250ff-20n-40.wav,16.2388,28.0,tone,20,n,40,150.0
5600,11.0,0.0,,l,False,main_files/trial_tone/tone_150hz_75db_250ff-20p-100.wav,0.0,28.0,tone,20,p,100,150.0
5600,11.0,0.0,,l,False,main_files/trial_tone/tone_150hz_75db_250ff-30p-40.wav,0.0,28.0,tone,30,p,40,150.0
5600,10.0,1.0,10,l,True,main_files/trial_tone/tone_150hz_75db_250ff-30n-100.wav,2.5592,28.0,tone,30,n,100,145.0
5600,12.0,1.0,12,h,True,main_files/trial_tone/tone_150hz_75db_250ff-30p-120.wav,3.1881,28.0,tone,30,p,120,155.0
5600,10.0,9.0,"12,11,10,11,12,11,10,11,10",l,True,main_files/trial_tone/tone_150hz_75db_250ff-30n-250.wav,27.2412,28.0,tone,30,n,250,145.0
5600,12.0,1.0,12,h,True,main_files/trial_tone/tone_150hz_75db_250ff-30p-60.wav,2.5127,28.0,tone,30,p,60,155.0
5600,12.0,3.0,"10,11,12",h,True,main_files/trial_tone/tone_150hz_75db_250ff-10p-100.wav,6.2223,28.0,tone,10,p,100,155.0
5600,12.0,1.0,12,h,True,main_files/trial_tone/tone_150hz_75db_250ff-40p-100.wav,2.6721,28.0,tone,40,p,100,155.0
5600,11.0,0.0,,l,False,main_files/trial_tone/tone_150hz_75db_250ff-000-80.wav,0.0,28.0,tone,0,0,0,150.0
5600,11.0,0.0,,l,False,main_files/trial_tone/tone_150hz_75db_250ff-000-120.wav,0.0,28.0,tone,0,0,0,150.0
5600,11.0,0.0,,l,False,main_files/trial_tone/tone_150hz_75db_250ff-000-60.wav,0.0,28.0,tone,0,0,0,150.0
5600,12.0,1.0,12,h,True,main_files/trial_tone/tone_150hz_75db_250ff-20p-80.wav,1.8886,28.0,tone,20,p,80,155.0
5600,10.0,1.0,10,l,True,main_files/trial_tone/tone_150hz_75db_250ff-20n-100.wav,1.8541,28.0,tone,20,n,100,145.0
5600,11.0,0.0,,l,True,main_files/trial_tone/tone_150hz_75db_250ff-10n-250.wav,0.0,28.0,tone,10,n,250,150.0
5600,11.0,0.0,,l,True,main_files/trial_tone/tone_150hz_75db_250ff-40n-60.wav,0.0,28.0,tone,40,n,60,150.0
5600,11.0,0.0,,l,False,main_files/trial_tone/tone_150hz_75db_250ff-40p-80.wav,0.0,28.0,tone,40,p,80,150.0
5600,12.0,1.0,12,h,False,main_files/trial_tone/tone_150hz_75db_250ff-20n-60.wav,1.7538,28.0,tone,20,n,60,155.0
5600,11.0,0.0,,l,True,main_files/trial_tone/tone_150hz_75db_250ff-40n-80.wav,0.0,28.0,tone,40,n,80,150.0
5600,10.0,1.0,10,l,False,main_files/trial_tone/tone_150hz_75db_250ff-20p-250.wav,1.8538,28.0,tone,20,p,250,145.0
5600,11.0,0.0,,l,True,main_files/trial_tone/tone_150hz_75db_250ff-10n-100.wav,0.0,28.0,tone,10,n,100,150.0
5600,11.0,0.0,,l,False,main_files/trial_i/07_i_150hz_75db_250ff-40p-80.wav,0.0,28.0,i,40,p,80,150.0
5600,11.0,2.0,"12,11",m,False,main_files/trial_i/07_i_150hz_75db_250ff-30n-100.wav,4.2085,28.0,i,30,n,100,150.0
5600,11.0,0.0,,l,False,main_files/trial_i/07_i_150hz_75db_250ff-20p-250.wav,0.0,28.0,i,20,p,250,150.0
5600,11.0,0.0,,l,False,main_files/trial_i/07_i_150hz_75db_250ff-10p-60.wav,0.0,28.0,i,10,p,60,150.0
5600,11.0,0.0,,l,True,main_files/trial_i/07_i_150hz_75db_250ff-30n-250.wav,0.0,28.0,i,30,n,250,150.0
5600,11.0,0.0,,l,False,main_files/trial_i/07_i_150hz_75db_250ff-40p-120.wav,0.0,28.0,i,40,p,120,150.0
5600,11.0,0.0,,l,False,main_files/trial_i/07_i_150hz_75db_250ff-10p-40.wav,0.0,28.0,i,10,p,40,150.0
5600,12.0,1.0,12,h,False,main_files/trial_i/07_i_150hz_75db_250ff-30n-60.wav,2.0806,28.0,i,30,n,60,155.0
5600,11.0,0.0,,l,True,main_files/trial_i/07_i_150hz_75db_250ff-10n-40.wav,0.0,28.0,i,10,n,40,150.0
5600,12.0,1.0,12,h,True,main_files/trial_i/07_i_150hz_75db_250ff-10p-250.wav,1.8256,28.0,i,10,p,250,155.0
5600,11.0,0.0,,l,True,main_files/trial_i/07_i_150hz_75db_250ff-20n-60.wav,0.0,28.0,i,20,n,60,150.0
5600,11.0,0.0,,l,True,main_files/trial_i/07_i_150hz_75db_250ff-20n-100.wav,0.0,28.0,i,20,n,100,150.0
5600,11.0,0.0,,l,True,main_files/trial_i/07_i_150hz_75db_250ff-10n-80.wav,0.0,28.0,i,10,n,80,150.0
5600,12.0,1.0,12,h,True,main_files/trial_i/07_i_150hz_75db_250ff-30p-60.wav,1.729,28.0,i,30,p,60,155.0
5600,11.0,0.0,,l,False,main_files/trial_i/07_i_150hz_75db_250ff-000-80.wav,0.0,28.0,i,0,0,0,150.0
5600,11.0,0.0,,l,True,main_files/trial_i/07_i_150hz_75db_250ff-30n-120.wav,0.0,28.0,i,30,n,120,150.0
5600,11.0,0.0,,l,False,main_files/trial_i/07_i_150hz_75db_250ff-40p-100.wav,0.0,28.0,i,40,p,100,150.0
5600,11.0,0.0,,l,True,main_files/trial_i/07_i_150hz_75db_250ff-40n-100.wav,0.0,28.0,i,40,n,100,150.0
5600,12.0,1.0,12,h,False,main_files/trial_i/07_i_150hz_75db_250ff-40n-120.wav,1.3475,28.0,i,40,n,120,155.0
5600,11.0,0.0,,l,False,main_files/trial_i/07_i_150hz_75db_250ff-20p-40.wav,0.0,28.0,i,20,p,40,150.0
5600,11.0,0.0,,l,False,main_files/trial_i/07_i_150hz_75db_250ff-20p-120.wav,0.0,28.0,i,20,p,120,150.0
5600,12.0,1.0,12,h,True,main_files/trial_i/07_i_150hz_75db_250ff-40p-250.wav,1.487,28.0,i,40,p,250,155.0
5600,11.0,0.0,,l,False,main_files/trial_i/07_i_150hz_75db_250ff-10p-120.wav,0.0,28.0,i,10,p,120,150.0
5600,11.0,0.0,,l,False,main_files/trial_i/07_i_150hz_75db_250ff-40p-40.wav,0.0,28.0,i,40,p,40,150.0
5600,10.0,1.0,10,l,True,main_files/trial_i/07_i_150hz_75db_250ff-30n-40.wav,1.9143,28.0,i,30,n,40,145.0
5600,11.0,0.0,,l,True,main_files/trial_i/07_i_150hz_75db_250ff-10n-120.wav,0.0,28.0,i,10,n,120,150.0
5600,12.0,1.0,12,h,True,main_files/trial_i/07_i_150hz_75db_250ff-20p-100.wav,3.6907,28.0,i,20,p,100,155.0
5600,11.0,0.0,,l,False,main_files/trial_i/07_i_150hz_75db_250ff-000-120.wav,0.0,28.0,i,0,0,0,150.0
5600,10.0,1.0,10,l,True,main_files/trial_i/07_i_150hz_75db_250ff-40n-250.wav,1.5246,28.0,i,40,n,250,145.0
5600,11.0,0.0,,l,True,main_files/trial_i/07_i_150hz_75db_250ff-20n-250.wav,0.0,28.0,i,20,n,250,150.0
5600,12.0,1.0,12,h,True,main_files/trial_i/07_i_150hz_75db_250ff-30p-80.wav,2.7371,28.0,i,30,p,80,155.0
5600,11.0,0.0,,l,True,main_files/trial_i/07_i_150hz_75db_250ff-30n-80.wav,0.0,28.0,i,30,n,80,150.0
5600,11.0,0.0,,l,True,main_files/trial_i/07_i_150hz_75db_250ff-10n-60.wav,0.0,28.0,i,10,n,60,150.0
5600,11.0,0.0,,l,True,main_files/trial_i/07_i_150hz_75db_250ff-20n-120.wav,0.0,28.0,i,20,n,120,150.0
5600,11.0,0.0,,l,True,main_files/trial_i/07_i_150hz_75db_250ff-20n-80.wav,0.0,28.0,i,20,n,80,150.0
5600,12.0,1.0,12,h,True,main_files/trial_i/07_i_150hz_75db_250ff-30p-120.wav,5.6619,28.0,i,30,p,120,155.0
5600,11.0,0.0,,l,False,main_files/trial_i/07_i_150hz_75db_250ff-20p-80.wav,0.0,28.0,i,20,p,80,150.0
5600,11.0,0.0,,l,False,main_files/trial_i/07_i_150hz_75db_250ff-30p-100.wav,0.0,28.0,i,30,p,100,150.0
5600,12.0,1.0,12,h,True,main_files/trial_i/07_i_150hz_75db_250ff-30p-250.wav,2.3268,28.0,i,30,p,250,155.0
5600,11.0,2.0,"10,11",m,False,main_files/trial_i/07_i_150hz_75db_250ff-30p-40.wav,4.3743,28.0,i,30,p,40,150.0
5600,11.0,0.0,,l,False,main_files/trial_i/07_i_150hz_75db_250ff-10p-100.wav,0.0,28.0,i,10,p,100,150.0
5600,10.0,1.0,10,l,True,main_files/trial_i/07_i_150hz_75db_250ff-40n-80.wav,2.1078,28.0,i,40,n,80,145.0
5600,11.0,0.0,,l,False,main_files/trial_i/07_i_150hz_75db_250ff-000-60.wav,0.0,28.0,i,0,0,0,150.0
5600,11.0,0.0,,l,False,main_files/trial_i/07_i_150hz_75db_250ff-000-100.wav,0.0,28.0,i,0,0,0,150.0
5600,11.0,0.0,,l,False,main_files/trial_i/07_i_150hz_75db_250ff-000-40.wav,0.0,28.0,i,0,0,0,150.0
5600,10.0,1.0,10,l,False,main_files/trial_i/07_i_150hz_75db_250ff-20p-60.wav,1.9407,28.0,i,20,p,60,145.0
5600,11.0,0.0,,l,False,main_files/trial_i/07_i_150hz_75db_250ff-10p-80.wav,0.0,28.0,i,10,p,80,150.0
5600,10.0,1.0,10,l,True,main_files/trial_i/07_i_150hz_75db_250ff-10n-250.wav,2.048,28.0,i,10,n,250,145.0
5600,11.0,0.0,,l,True,main_files/trial_i/07_i_150hz_75db_250ff-40n-40.wav,0.0,28.0,i,40,n,40,150.0
5600,12.0,1.0,12,h,True,main_files/trial_i/07_i_150hz_75db_250ff-40p-60.wav,2.2453,28.0,i,40,p,60,155.0
5600,11.0,0.0,,l,True,main_files/trial_i/07_i_150hz_75db_250ff-20n-40.wav,0.0,28.0,i,20,n,40,150.0
5600,11.0,0.0,,l,True,main_files/trial_i/07_i_150hz_75db_250ff-40n-60.wav,0.0,28.0,i,40,n,60,150.0
5600,11.0,0.0,,l,False,main_files/trial_i/07_i_150hz_75db_250ff-000-250.wav,0.0,28.0,i,0,0,0,150.0
5600,11.0,0.0,,l,True,main_files/trial_i/07_i_150hz_75db_250ff-10n-100.wav,0.0,28.0,i,10,n,100,150.0
3887,11.0,2.0,"10,11",m,False,main_files/trial_i/07_i_150hz_75db_250ff-40p-80.wav,4.7694,0.0,i,40,p,80,150.0
3887,11.0,2.0,"10,11",m,False,main_files/trial_i/07_i_150hz_75db_250ff-30n-100.wav,4.4882,0.0,i,30,n,100,150.0
3887,12.0,1.0,12,h,True,main_files/trial_i/07_i_150hz_75db_250ff-20p-250.wav,2.8298,0.0,i,20,p,250,155.0
3887,11.0,0.0,,l,False,main_files/trial_i/07_i_150hz_75db_250ff-10p-60.wav,0.0,0.0,i,10,p,60,150.0
3887,10.0,1.0,10,l,True,main_files/trial_i/07_i_150hz_75db_250ff-30n-250.wav,2.4413,0.0,i,30,n,250,145.0
3887,11.0,0.0,,l,False,main_files/trial_i/07_i_150hz_75db_250ff-40p-120.wav,0.0,0.0,i,40,p,120,150.0
3887,11.0,4.0,"12,11,6,11",m,False,main_files/trial_i/07_i_150hz_75db_250ff-10p-40.wav,7.4045,0.0,i,10,p,40,150.0
3887,11.0,0.0,,l,True,main_files/trial_i/07_i_150hz_75db_250ff-30n-60.wav,0.0,0.0,i,30,n,60,150.0
3887,11.0,0.0,,l,True,main_files/trial_i/07_i_150hz_75db_250ff-10n-40.wav,0.0,0.0,i,10,n,40,150.0
3887,12.0,1.0,12,h,True,main_files/trial_i/07_i_150hz_75db_250ff-10p-250.wav,3.5285,0.0,i,10,p,250,155.0
3887,12.0,1.0,12,h,False,main_files/trial_i/07_i_150hz_75db_250ff-20n-60.wav,5.5194,0.0,i,20,n,60,155.0
3887,10.0,1.0,10,l,True,main_files/trial_i/07_i_150hz_75db_250ff-20n-100.wav,2.9424,0.0,i,20,n,100,145.0
3887,12.0,1.0,12,h,False,main_files/trial_i/07_i_150hz_75db_250ff-10n-80.wav,2.973,0.0,i,10,n,80,155.0
3887,11.0,0.0,,l,False,main_files/trial_i/07_i_150hz_75db_250ff-30p-60.wav,0.0,0.0,i,30,p,60,150.0
3887,11.0,2.0,"10,11",m,True,main_files/trial_i/07_i_150hz_75db_250ff-000-80.wav,7.0292,0.0,i,0,0,0,150.0
3887,10.0,1.0,10,l,True,main_files/trial_i/07_i_150hz_75db_250ff-30n-120.wav,2.989,0.0,i,30,n,120,145.0
3887,12.0,1.0,12,h,True,main_files/trial_i/07_i_150hz_75db_250ff-40p-100.wav,1.8623,0.0,i,40,p,100,155.0
3887,10.0,1.0,10,l,True,main_files/trial_i/07_i_150hz_75db_250ff-40n-100.wav,1.9894,0.0,i,40,n,100,145.0
3887,11.0,0.0,,l,True,main_files/trial_i/07_i_150hz_75db_250ff-40n-120.wav,0.0,0.0,i,40,n,120,150.0
3887,11.0,0.0,,l,False,main_files/trial_i/07_i_150hz_75db_250ff-20p-40.wav,0.0,0.0,i,20,p,40,150.0
3887,12.0,1.0,12,h,True,main_files/trial_i/07_i_150hz_75db_250ff-20p-120.wav,2.0726,0.0,i,20,p,120,155.0
3887,12.0,1.0,12,h,True,main_files/trial_i/07_i_150hz_75db_250ff-40p-250.wav,2.0285,0.0,i,40,p,250,155.0
3887,10.0,1.0,10,l,False,main_files/trial_i/07_i_150hz_75db_250ff-10p-120.wav,1.9716,0.0,i,10,p,120,145.0
3887,10.0,3.0,"10,11,10",l,False,main_files/trial_i/07_i_150hz_75db_250ff-40p-40.wav,5.0867,0.0,i,40,p,40,145.0
3887,11.0,0.0,,l,True,main_files/trial_i/07_i_150hz_75db_250ff-30n-40.wav,0.0,0.0,i,30,n,40,150.0
3887,11.0,0.0,,l,True,main_files/trial_i/07_i_150hz_75db_250ff-10n-120.wav,0.0,0.0,i,10,n,120,150.0
3887,11.0,0.0,,l,False,main_files/trial_i/07_i_150hz_75db_250ff-20p-100.wav,0.0,0.0,i,20,p,100,150.0
3887,11.0,0.0,,l,False,main_files/trial_i/07_i_150hz_75db_250ff-000-120.wav,0.0,0.0,i,0,0,0,150.0
3887,10.0,1.0,10,l,True,main_files/trial_i/07_i_150hz_75db_250ff-40n-250.wav,2.0103,0.0,i,40,n,250,145.0
3887,10.0,1.0,10,l,True,main_files/trial_i/07_i_150hz_75db_250ff-20n-250.wav,2.7557,0.0,i,20,n,250,145.0
3887,10.0,1.0,10,l,False,main_files/trial_i/07_i_150hz_75db_250ff-30p-80.wav,2.6899,0.0,i,30,p,80,145.0
3887,10.0,1.0,10,l,True,main_files/trial_i/07_i_150hz_75db_250ff-30n-80.wav,2.0054,0.0,i,30,n,80,145.0
3887,10.0,1.0,10,l,True,main_files/trial_i/07_i_150hz_75db_250ff-10n-60.wav,2.4247,0.0,i,10,n,60,145.0
3887,10.0,1.0,10,l,True,main_files/trial_i/07_i_150hz_75db_250ff-20n-120.wav,2.4434,0.0,i,20,n,120,145.0
3887,10.0,1.0,10,l,True,main_files/trial_i/07_i_150hz_75db_250ff-20n-80.wav,2.161,0.0,i,20,n,80,145.0
3887,12.0,1.0,12,h,True,main_files/trial_i/07_i_150hz_75db_250ff-30p-120.wav,1.9256,0.0,i,30,p,120,155.0
3887,10.0,1.0,10,l,False,main_files/trial_i/07_i_150hz_75db_250ff-20p-80.wav,2.4298,0.0,i,20,p,80,145.0
3887,12.0,1.0,12,h,True,main_files/trial_i/07_i_150hz_75db_250ff-30p-100.wav,1.8924,0.0,i,30,p,100,155.0
3887,12.0,1.0,12,h,True,main_files/trial_i/07_i_150hz_75db_250ff-30p-250.wav,1.8911,0.0,i,30,p,250,155.0
3887,10.0,1.0,10,l,False,main_files/trial_i/07_i_150hz_75db_250ff-30p-40.wav,2.0902,0.0,i,30,p,40,145.0
3887,11.0,0.0,,l,False,main_files/trial_i/07_i_150hz_75db_250ff-10p-100.wav,0.0,0.0,i,10,p,100,150.0
3887,11.0,0.0,,l,True,main_files/trial_i/07_i_150hz_75db_250ff-40n-80.wav,0.0,0.0,i,40,n,80,150.0
3887,11.0,0.0,,l,False,main_files/trial_i/07_i_150hz_75db_250ff-000-60.wav,0.0,0.0,i,0,0,0,150.0
3887,11.0,0.0,,l,False,main_files/trial_i/07_i_150hz_75db_250ff-000-100.wav,0.0,0.0,i,0,0,0,150.0
3887,12.0,1.0,12,h,False,main_files/trial_i/07_i_150hz_75db_250ff-000-40.wav,2.4754,0.0,i,0,0,0,155.0
3887,12.0,1.0,12,h,True,main_files/trial_i/07_i_150hz_75db_250ff-20p-60.wav,2.0791,0.0,i,20,p,60,155.0
3887,11.0,0.0,,l,False,main_files/trial_i/07_i_150hz_75db_250ff-10p-80.wav,0.0,0.0,i,10,p,80,150.0
3887,10.0,1.0,10,l,True,main_files/trial_i/07_i_150hz_75db_250ff-10n-250.wav,1.8278,0.0,i,10,n,250,145.0
3887,11.0,0.0,,l,True,main_files/trial_i/07_i_150hz_75db_250ff-40n-40.wav,0.0,0.0,i,40,n,40,150.0
3887,10.0,1.0,10,l,False,main_files/trial_i/07_i_150hz_75db_250ff-40p-60.wav,2.4609,0.0,i,40,p,60,145.0
3887,10.0,1.0,10,l,True,main_files/trial_i/07_i_150hz_75db_250ff-20n-40.wav,2.0665,0.0,i,20,n,40,145.0
3887,10.0,1.0,10,l,True,main_files/trial_i/07_i_150hz_75db_250ff-40n-60.wav,2.0667,0.0,i,40,n,60,145.0
3887,10.0,2.0,"12,10",l,False,main_files/trial_i/07_i_150hz_75db_250ff-000-250.wav,3.5777,0.0,i,0,0,0,145.0
3887,11.0,0.0,,l,True,main_files/trial_i/07_i_150hz_75db_250ff-10n-100.wav,0.0,0.0,i,10,n,100,150.0
3887,10.0,1.0,10,l,False,main_files/trial_tone/tone_150hz_75db_250ff-000-100.wav,2.4361,0.0,tone,0,0,0,145.0
3887,12.0,1.0,12,h,False,main_files/trial_tone/tone_150hz_75db_250ff-30n-120.wav,1.8921,0.0,tone,30,n,120,155.0
3887,12.0,1.0,12,h,True,main_files/trial_tone/tone_150hz_75db_250ff-10p-250.wav,2.4614,0.0,tone,10,p,250,155.0
3887,10.0,1.0,10,l,False,main_files/trial_tone/tone_150hz_75db_250ff-10p-80.wav,3.0378,0.0,tone,10,p,80,145.0
3887,12.0,1.0,12,h,True,main_files/trial_tone/tone_150hz_75db_250ff-30p-250.wav,1.9099,0.0,tone,30,p,250,155.0
3887,11.0,0.0,,l,False,main_files/trial_tone/tone_150hz_75db_250ff-40p-40.wav,0.0,0.0,tone,40,p,40,150.0
3887,12.0,2.0,"10,12",h,True,main_files/trial_tone/tone_150hz_75db_250ff-10p-60.wav,4.2383,0.0,tone,10,p,60,155.0
3887,12.0,1.0,12,h,False,main_files/trial_tone/tone_150hz_75db_250ff-30n-80.wav,2.4043,0.0,tone,30,n,80,155.0
3887,12.0,1.0,12,h,False,main_files/trial_tone/tone_150hz_75db_250ff-10n-40.wav,1.7257,0.0,tone,10,n,40,155.0
3887,10.0,1.0,10,l,False,main_files/trial_tone/tone_150hz_75db_250ff-10p-120.wav,2.1376,0.0,tone,10,p,120,145.0
3887,12.0,1.0,12,h,False,main_files/trial_tone/tone_150hz_75db_250ff-20n-80.wav,1.8976,0.0,tone,20,n,80,155.0
3887,12.0,1.0,12,h,False,main_files/trial_tone/tone_150hz_75db_250ff-20n-120.wav,1.6884,0.0,tone,20,n,120,155.0
3887,10.0,1.0,10,l,True,main_files/trial_tone/tone_150hz_75db_250ff-10n-80.wav,2.3444,0.0,tone,10,n,80,145.0
3887,12.0,1.0,12,h,True,main_files/trial_tone/tone_150hz_75db_250ff-30p-80.wav,2.1047,0.0,tone,30,p,80,155.0
3887,10.0,1.0,10,l,False,main_files/trial_tone/tone_150hz_75db_250ff-000-250.wav,1.8207,0.0,tone,0,0,0,145.0
3887,12.0,1.0,12,h,False,main_files/trial_tone/tone_150hz_75db_250ff-30n-40.wav,1.9558,0.0,tone,30,n,40,155.0
3887,10.0,1.0,10,l,False,main_files/trial_tone/tone_150hz_75db_250ff-40p-120.wav,1.8293,0.0,tone,40,p,120,145.0
3887,10.0,1.0,10,l,True,main_files/trial_tone/tone_150hz_75db_250ff-40n-120.wav,1.3065,0.0,tone,40,n,120,145.0
3887,11.0,0.0,,l,True,main_files/trial_tone/tone_150hz_75db_250ff-40n-40.wav,0.0,0.0,tone,40,n,40,150.0
3887,10.0,1.0,10,l,False,main_files/trial_tone/tone_150hz_75db_250ff-20p-60.wav,1.4884,0.0,tone,20,p,60,145.0
3887,11.0,0.0,,l,False,main_files/trial_tone/tone_150hz_75db_250ff-20p-40.wav,0.0,0.0,tone,20,p,40,150.0
3887,10.0,1.0,10,l,True,main_files/trial_tone/tone_150hz_75db_250ff-40n-250.wav,4.2617,0.0,tone,40,n,250,145.0
3887,10.0,1.0,10,l,False,main_files/trial_tone/tone_150hz_75db_250ff-10p-40.wav,1.82,0.0,tone,10,p,40,145.0
3887,10.0,1.0,10,l,False,main_files/trial_tone/tone_150hz_75db_250ff-40p-60.wav,1.6779,0.0,tone,40,p,60,145.0
3887,10.0,1.0,10,l,True,main_files/trial_tone/tone_150hz_75db_250ff-30n-60.wav,1.4441,0.0,tone,30,n,60,145.0
3887,10.0,1.0,10,l,True,main_files/trial_tone/tone_150hz_75db_250ff-10n-120.wav,1.6712,0.0,tone,10,n,120,145.0
3887,10.0,1.0,10,l,False,main_files/trial_tone/tone_150hz_75db_250ff-20p-120.wav,1.4106,0.0,tone,20,p,120,145.0
3887,10.0,1.0,10,l,False,main_files/trial_tone/tone_150hz_75db_250ff-000-40.wav,2.6242,0.0,tone,0,0,0,145.0
3887,12.0,1.0,12,h,True,main_files/trial_tone/tone_150hz_75db_250ff-40p-250.wav,1.9649,0.0,tone,40,p,250,155.0
3887,12.0,2.0,"10,12",h,False,main_files/trial_tone/tone_150hz_75db_250ff-20n-250.wav,3.0558,0.0,tone,20,n,250,155.0
3887,12.0,1.0,12,h,False,main_files/trial_tone/tone_150hz_75db_250ff-40n-100.wav,3.7375,0.0,tone,40,n,100,155.0
3887,12.0,1.0,12,h,True,main_files/trial_tone/tone_150hz_75db_250ff-30p-100.wav,1.757,0.0,tone,30,p,100,155.0
3887,12.0,1.0,12,h,False,main_files/trial_tone/tone_150hz_75db_250ff-10n-60.wav,1.6979,0.0,tone,10,n,60,155.0
3887,10.0,1.0,10,l,True,main_files/trial_tone/tone_150hz_75db_250ff-20n-40.wav,1.6918,0.0,tone,20,n,40,145.0
3887,12.0,1.0,12,h,True,main_files/trial_tone/tone_150hz_75db_250ff-20p-100.wav,1.7882,0.0,tone,20,p,100,155.0
3887,12.0,1.0,12,h,True,main_files/trial_tone/tone_150hz_75db_250ff-30p-40.wav,2.0071,0.0,tone,30,p,40,155.0
3887,12.0,1.0,12,h,False,main_files/trial_tone/tone_150hz_75db_250ff-30n-100.wav,2.1072,0.0,tone,30,n,100,155.0
3887,10.0,4.0,"12,11,12,10",l,False,main_files/trial_tone/tone_150hz_75db_250ff-30p-120.wav,8.5523,0.0,tone,30,p,120,145.0
3887,12.0,1.0,12,h,False,main_files/trial_tone/tone_150hz_75db_250ff-30n-250.wav,3.5889,0.0,tone,30,n,250,155.0
3887,11.0,0.0,,l,False,main_files/trial_tone/tone_150hz_75db_250ff-30p-60.wav,0.0,0.0,tone,30,p,60,150.0
3887,11.0,0.0,,l,False,main_files/trial_tone/tone_150hz_75db_250ff-10p-100.wav,0.0,0.0,tone,10,p,100,150.0
3887,12.0,3.0,"10,11,12",h,True,main_files/trial_tone/tone_150hz_75db_250ff-40p-100.wav,4.9454,0.0,tone,40,p,100,155.0
3887,11.0,0.0,,l,False,main_files/trial_tone/tone_150hz_75db_250ff-000-80.wav,0.0,0.0,tone,0,0,0,150.0
3887,10.0,1.0,10,l,False,main_files/trial_tone/tone_150hz_75db_250ff-000-120.wav,2.0056,0.0,tone,0,0,0,145.0
3887,10.0,1.0,10,l,False,main_files/trial_tone/tone_150hz_75db_250ff-000-60.wav,2.2786,0.0,tone,0,0,0,145.0
3887,12.0,1.0,12,h,True,main_files/trial_tone/tone_150hz_75db_250ff-20p-80.wav,1.6231,0.0,tone,20,p,80,155.0
3887,10.0,1.0,10,l,True,main_files/trial_tone/tone_150hz_75db_250ff-20n-100.wav,2.3092,0.0,tone,20,n,100,145.0
3887,10.0,1.0,10,l,True,main_files/trial_tone/tone_150hz_75db_250ff-10n-250.wav,2.2766,0.0,tone,10,n,250,145.0
3887,10.0,1.0,10,l,True,main_files/trial_tone/tone_150hz_75db_250ff-40n-60.wav,1.9118,0.0,tone,40,n,60,145.0
3887,10.0,1.0,10,l,False,main_files/trial_tone/tone_150hz_75db_250ff-40p-80.wav,1.862,0.0,tone,40,p,80,145.0
3887,10.0,1.0,10,l,True,main_files/trial_tone/tone_150hz_75db_250ff-20n-60.wav,2.1059,0.0,tone,20,n,60,145.0
3887,10.0,1.0,10,l,True,main_files/trial_tone/tone_150hz_75db_250ff-40n-80.wav,1.6899,0.0,tone,40,n,80,145.0
3887,12.0,1.0,12,h,True,main_files/trial_tone/tone_150hz_75db_250ff-20p-250.wav,1.7726,0.0,tone,20,p,250,155.0
3887,12.0,1.0,12,h,False,main_files/trial_tone/tone_150hz_75db_250ff-10n-100.wav,1.4783,0.0,tone,10,n,100,155.0
3887,11.0,0.0,,l,False,main_files/trial_di/07_di_cross_150hz_75db_250ff-000-100.wav,0.0,0.0,di,0,0,0,150.0
3887,12.0,1.0,12,h,False,main_files/trial_di/07_di_cross_150hz_75db_250ff-30n-120.wav,2.5639,0.0,di,30,n,120,155.0
3887,12.0,1.0,12,h,True,main_files/trial_di/07_di_cross_150hz_75db_250ff-10p-250.wav,1.997,0.0,di,10,p,250,155.0
3887,10.0,1.0,10,l,False,main_files/trial_di/07_di_cross_150hz_75db_250ff-10p-80.wav,2.3581,0.0,di,10,p,80,145.0
3887,10.0,2.0,"12,10",l,False,main_files/trial_di/07_di_cross_150hz_75db_250ff-30p-250.wav,3.5211,0.0,di,30,p,250,145.0
3887,10.0,1.0,10,l,False,main_files/trial_di/07_di_cross_150hz_75db_250ff-40p-40.wav,1.9058,0.0,di,40,p,40,145.0
3887,10.0,1.0,10,l,False,main_files/trial_di/07_di_cross_150hz_75db_250ff-10p-60.wav,1.9757,0.0,di,10,p,60,145.0
3887,10.0,1.0,10,l,True,main_files/trial_di/07_di_cross_150hz_75db_250ff-30n-80.wav,1.814,0.0,di,30,n,80,145.0
3887,10.0,1.0,10,l,True,main_files/trial_di/07_di_cross_150hz_75db_250ff-10n-40.wav,1.9477,0.0,di,10,n,40,145.0
3887,12.0,1.0,12,h,True,main_files/trial_di/07_di_cross_150hz_75db_250ff-10p-120.wav,1.5383,0.0,di,10,p,120,155.0
3887,12.0,1.0,12,h,False,main_files/trial_di/07_di_cross_150hz_75db_250ff-20n-80.wav,1.9619,0.0,di,20,n,80,155.0
3887,11.0,2.0,"10,11",m,False,main_files/trial_di/07_di_cross_150hz_75db_250ff-20n-120.wav,1.988,0.0,di,20,n,120,150.0
3887,12.0,1.0,12,h,False,main_files/trial_di/07_di_cross_150hz_75db_250ff-10n-80.wav,2.4938,0.0,di,10,n,80,155.0
3887,10.0,1.0,10,l,False,main_files/trial_di/07_di_cross_150hz_75db_250ff-30p-80.wav,2.0215,0.0,di,30,p,80,145.0
3887,11.0,0.0,,l,False,main_files/trial_di/07_di_cross_150hz_75db_250ff-000-250.wav,0.0,0.0,di,0,0,0,150.0
3887,11.0,0.0,,l,True,main_files/trial_di/07_di_cross_150hz_75db_250ff-30n-40.wav,0.0,0.0,di,30,n,40,150.0
3887,12.0,1.0,12,h,True,main_files/trial_di/07_di_cross_150hz_75db_250ff-40p-120.wav,1.9402,0.0,di,40,p,120,155.0
3887,12.0,1.0,12,h,False,main_files/trial_di/07_di_cross_150hz_75db_250ff-40n-120.wav,2.0415,0.0,di,40,n,120,155.0
3887,10.0,1.0,10,l,True,main_files/trial_di/07_di_cross_150hz_75db_250ff-40n-40.wav,2.3211,0.0,di,40,n,40,145.0
3887,8.0,5.0,"7,4,2,7,8",l,False,main_files/trial_di/07_di_cross_150hz_75db_250ff-20p-60.wav,10.8858,0.0,di,20,p,60,135.0
3887,10.0,1.0,10,l,False,main_files/trial_di/07_di_cross_150hz_75db_250ff-20p-40.wav,2.2046,0.0,di,20,p,40,145.0
3887,9.0,2.0,"10,9",l,True,main_files/trial_di/07_di_cross_150hz_75db_250ff-40n-250.wav,3.0086,0.0,di,40,n,250,140.0
3887,10.0,1.0,10,l,False,main_files/trial_di/07_di_cross_150hz_75db_250ff-10p-40.wav,2.2704,0.0,di,10,p,40,145.0
3887,13.0,1.0,13,h,True,main_files/trial_di/07_di_cross_150hz_75db_250ff-40p-60.wav,1.8379,0.0,di,40,p,60,160.0
3887,10.0,1.0,10,l,True,main_files/trial_di/07_di_cross_150hz_75db_250ff-30n-60.wav,1.9105,0.0,di,30,n,60,145.0
3887,10.0,1.0,10,l,True,main_files/trial_di/07_di_cross_150hz_75db_250ff-10n-120.wav,1.6883,0.0,di,10,n,120,145.0
3887,10.0,1.0,10,l,False,main_files/trial_di/07_di_cross_150hz_75db_250ff-20p-120.wav,1.6213,0.0,di,20,p,120,145.0
3887,11.0,0.0,,l,False,main_files/trial_di/07_di_cross_150hz_75db_250ff-000-40.wav,0.0,0.0,di,0,0,0,150.0
3887,13.0,1.0,13,h,True,main_files/trial_di/07_di_cross_150hz_75db_250ff-40p-250.wav,1.8584,0.0,di,40,p,250,160.0
3887,10.0,1.0,10,l,True,main_files/trial_di/07_di_cross_150hz_75db_250ff-20n-250.wav,1.86,0.0,di,20,n,250,145.0
3887,12.0,1.0,12,h,False,main_files/trial_di/07_di_cross_150hz_75db_250ff-40n-100.wav,1.8227,0.0,di,40,n,100,155.0
3887,12.0,1.0,12,h,True,main_files/trial_di/07_di_cross_150hz_75db_250ff-30p-100.wav,1.8879,0.0,di,30,p,100,155.0
3887,10.0,1.0,10,l,True,main_files/trial_di/07_di_cross_150hz_75db_250ff-10n-60.wav,1.3955,0.0,di,10,n,60,145.0
3887,12.0,1.0,12,h,False,main_files/trial_di/07_di_cross_150hz_75db_250ff-20n-40.wav,1.854,0.0,di,20,n,40,155.0
3887,12.0,1.0,12,h,True,main_files/trial_di/07_di_cross_150hz_75db_250ff-20p-100.wav,1.9885,0.0,di,20,p,100,155.0
3887,10.0,1.0,10,l,False,main_files/trial_di/07_di_cross_150hz_75db_250ff-30p-40.wav,1.981,0.0,di,30,p,40,145.0
3887,12.0,1.0,12,h,False,main_files/trial_di/07_di_cross_150hz_75db_250ff-30n-100.wav,2.2724,0.0,di,30,n,100,155.0
3887,12.0,1.0,12,h,True,main_files/trial_di/07_di_cross_150hz_75db_250ff-30p-120.wav,2.907,0.0,di,30,p,120,155.0
3887,11.0,0.0,,l,True,main_files/trial_di/07_di_cross_150hz_75db_250ff-30n-250.wav,0.0,0.0,di,30,n,250,150.0
3887,12.0,1.0,12,h,True,main_files/trial_di/07_di_cross_150hz_75db_250ff-30p-60.wav,1.993,0.0,di,30,p,60,155.0
3887,12.0,1.0,12,h,True,main_files/trial_di/07_di_cross_150hz_75db_250ff-10p-100.wav,2.2043,0.0,di,10,p,100,155.0
3887,11.0,0.0,,l,False,main_files/trial_di/07_di_cross_150hz_75db_250ff-40p-100.wav,0.0,0.0,di,40,p,100,150.0
3887,11.0,0.0,,l,False,main_files/trial_di/07_di_cross_150hz_75db_250ff-000-80.wav,0.0,0.0,di,0,0,0,150.0
3887,11.0,0.0,,l,False,main_files/trial_di/07_di_cross_150hz_75db_250ff-000-120.wav,0.0,0.0,di,0,0,0,150.0
3887,11.0,0.0,,l,False,main_files/trial_di/07_di_cross_150hz_75db_250ff-000-60.wav,0.0,0.0,di,0,0,0,150.0
3887,11.0,0.0,,l,False,main_files/trial_di/07_di_cross_150hz_75db_250ff-20p-80.wav,0.0,0.0,di,20,p,80,150.0
3887,11.0,0.0,,l,True,main_files/trial_di/07_di_cross_150hz_75db_250ff-20n-100.wav,0.0,0.0,di,20,n,100,150.0
3887,10.0,1.0,10,l,True,main_files/trial_di/07_di_cross_150hz_75db_250ff-10n-250.wav,2.054,0.0,di,10,n,250,145.0
3887,11.0,0.0,,l,True,main_files/trial_di/07_di_cross_150hz_75db_250ff-40n-60.wav,0.0,0.0,di,40,n,60,150.0
3887,11.0,0.0,,l,False,main_files/trial_di/07_di_cross_150hz_75db_250ff-40p-80.wav,0.0,0.0,di,40,p,80,150.0
3887,11.0,0.0,,l,True,main_files/trial_di/07_di_cross_150hz_75db_250ff-20n-60.wav,0.0,0.0,di,20,n,60,150.0
3887,11.0,0.0,,l,True,main_files/trial_di/07_di_cross_150hz_75db_250ff-40n-80.wav,0.0,0.0,di,40,n,80,150.0
3887,12.0,1.0,12,h,True,main_files/trial_di/07_di_cross_150hz_75db_250ff-20p-250.wav,2.1281,0.0,di,20,p,250,155.0
3887,11.0,0.0,,l,True,main_files/trial_di/07_di_cross_150hz_75db_250ff-10n-100.wav,0.0,0.0,di,10,n,100,150.0
1957,11.0,12.0,"10,9,10,11,12,11,10,11,10,11,10,11",m,False,main_files/trial_i/07_i_150hz_75db_250ff-40p-80.wav,24.5517,33.0,i,40,p,80,150.0
1957,9.0,32.0,"10,11,10,9,10,9,8,9,10,11,10,9,10,9,10,9,10,9,10,9,10,9,10,9,10,9,10,9,10,9,10,9",l,True,main_files/trial_i/07_i_150hz_75db_250ff-30n-100.wav,69.294,33.0,i,30,n,100,140.0
1957,12.0,23.0,"10,9,8,13,12,13,12,13,12,11,12,11,10,11,12,11,12,11,12,11,12,11,12",h,True,main_files/trial_i/07_i_150hz_75db_250ff-20p-250.wav,45.5689,33.0,i,20,p,250,155.0
1957,11.0,4.0,"10,11,12,11",m,False,main_files/trial_i/07_i_150hz_75db_250ff-10p-60.wav,8.6019,33.0,i,10,p,60,150.0
1957,8.0,11.0,"10,9,8,7,8,7,8,9,8,9,8",l,True,main_files/trial_i/07_i_150hz_75db_250ff-30n-250.wav,20.2773,33.0,i,30,n,250,135.0
1957,11.0,8.0,"10,11,12,11,10,11,10,11",m,False,main_files/trial_i/07_i_150hz_75db_250ff-40p-120.wav,15.1029,33.0,i,40,p,120,150.0
1957,11.0,6.0,"10,11,12,11,10,11",m,False,main_files/trial_i/07_i_150hz_75db_250ff-10p-40.wav,12.5432,33.0,i,10,p,40,150.0
1957,10.0,18.0,"10,9,8,7,6,5,9,8,9,10,11,12,11,10,9,10,9,10",l,True,main_files/trial_i/07_i_150hz_75db_250ff-30n-60.wav,34.552,33.0,i,30,n,60,145.0
1957,10.0,4.0,"12,10,9,10",l,True,main_files/trial_i/07_i_150hz_75db_250ff-10n-40.wav,9.136,33.0,i,10,n,40,145.0
1957,12.0,5.0,"10,11,12,13,12",h,True,main_files/trial_i/07_i_150hz_75db_250ff-10p-250.wav,11.0523,33.0,i,10,p,250,155.0
1957,10.0,7.0,"10,11,10,9,10,9,10",l,True,main_files/trial_i/07_i_150hz_75db_250ff-20n-60.wav,14.5351,33.0,i,20,n,60,145.0
1957,11.0,6.0,"10,11,10,11,12,11",m,False,main_files/trial_i/07_i_150hz_75db_250ff-20n-100.wav,10.8509,33.0,i,20,n,100,150.0
1957,11.0,10.0,"10,11,10,11,10,11,10,11,10,11",m,False,main_files/trial_i/07_i_150hz_75db_250ff-10n-80.wav,19.7691,33.0,i,10,n,80,150.0
1957,11.0,17.0,"10,12,11,12,11,12,11,12,11,12,11,12,11,12,11,10,11",m,False,main_files/trial_i/07_i_150hz_75db_250ff-30p-60.wav,38.6192,33.0,i,30,p,60,150.0
1957,11.0,3.0,"12,10,11",m,True,main_files/trial_i/07_i_150hz_75db_250ff-000-80.wav,6.8904,33.0,i,0,0,0,150.0
1957,8.0,5.0,"10,9,8,7,8",l,True,main_files/trial_i/07_i_150hz_75db_250ff-30n-120.wav,9.3285,33.0,i,30,n,120,135.0
1957,13.0,13.0,"10,11,10,9,11,12,13,14,13,12,13,14,13",h,True,main_files/trial_i/07_i_150hz_75db_250ff-40p-100.wav,24.8239,33.0,i,40,p,100,160.0
1957,9.0,13.0,"9,8,7,8,9,8,9,8,9,10,9,8,9",l,True,main_files/trial_i/07_i_150hz_75db_250ff-40n-100.wav,25.2682,33.0,i,40,n,100,140.0
1957,8.0,19.0,"12,11,12,13,12,11,10,9,8,7,8,9,8,9,8,9,8,7,8",l,True,main_files/trial_i/07_i_150hz_75db_250ff-40n-120.wav,38.5565,33.0,i,40,n,120,135.0
1957,11.0,4.0,"12,11,10,11",m,False,main_files/trial_i/07_i_150hz_75db_250ff-20p-40.wav,8.4577,33.0,i,20,p,40,150.0
1957,13.0,15.0,"12,11,10,11,9,10,11,12,13,14,13,14,13,12,13",h,True,main_files/trial_i/07_i_150hz_75db_250ff-20p-120.wav,28.2315,33.0,i,20,p,120,160.0
1957,14.0,20.0,"12,13,12,14,15,16,17,15,16,14,15,14,13,14,15,14,15,14,13,14",h,True,main_files/trial_i/07_i_150hz_75db_250ff-40p-250.wav,39.0994,33.0,i,40,p,250,165.0
1957,11.0,14.0,"10,11,12,11,12,13,12,11,12,11,12,11,10,11",m,False,main_files/trial_i/07_i_150hz_75db_250ff-10p-120.wav,25.1075,33.0,i,10,p,120,150.0
1957,11.0,4.0,"12,11,10,11",m,False,main_files/trial_i/07_i_150hz_75db_250ff-40p-40.wav,8.0526,33.0,i,40,p,40,150.0
1957,11.0,27.0,"10,11,12,11,10,9,10,9,8,9,10,9,10,11,12,11,10,11,9,8,9,10,11,12,11,10,11",m,False,main_files/trial_i/07_i_150hz_75db_250ff-30n-40.wav,52.7938,33.0,i,30,n,40,150.0
1957,11.0,7.0,"10,12,11,10,11,10,11",m,False,main_files/trial_i/07_i_150hz_75db_250ff-10n-120.wav,14.123,33.0,i,10,n,120,150.0
1957,11.0,24.0,"10,9,8,12,13,12,11,12,11,12,10,11,10,11,10,11,10,11,10,11,10,11,10,11",m,False,main_files/trial_i/07_i_150hz_75db_250ff-20p-100.wav,52.6492,33.0,i,20,p,100,150.0
1957,11.0,4.0,"10,11,12,11",m,True,main_files/trial_i/07_i_150hz_75db_250ff-000-120.wav,9.3194,33.0,i,0,0,0,150.0
1957,6.0,9.0,"10,9,8,7,6,5,6,7,6",l,True,main_files/trial_i/07_i_150hz_75db_250ff-40n-250.wav,16.4202,33.0,i,40,n,250,125.0
1957,8.0,7.0,"10,9,8,7,8,9,8",l,True,main_files/trial_i/07_i_150hz_75db_250ff-20n-250.wav,15.0605,33.0,i,20,n,250,135.0
1957,13.0,15.0,"10,9,8,7,13,12,13,14,15,16,15,14,13,14,13",h,True,main_files/trial_i/07_i_150hz_75db_250ff-30p-80.wav,27.6979,33.0,i,30,p,80,160.0
1957,7.0,23.0,"12,13,14,15,14,13,12,11,10,9,8,7,9,8,9,8,7,8,7,6,7,8,7",l,True,main_files/trial_i/07_i_150hz_75db_250ff-30n-80.wav,44.4689,33.0,i,30,n,80,130.0
1957,11.0,4.0,"12,11,10,11",m,False,main_files/trial_i/07_i_150hz_75db_250ff-10n-60.wav,7.9685,33.0,i,10,n,60,150.0
1957,10.0,16.0,"10,11,12,11,10,11,9,10,11,10,11,10,11,10,11,10",l,True,main_files/trial_i/07_i_150hz_75db_250ff-20n-120.wav,31.5851,33.0,i,20,n,120,145.0
1957,9.0,4.0,"10,9,8,9",l,True,main_files/trial_i/07_i_150hz_75db_250ff-20n-80.wav,8.8016,33.0,i,20,n,80,140.0
1957,12.0,4.0,"10,12,13,12",h,True,main_files/trial_i/07_i_150hz_75db_250ff-30p-120.wav,8.435,33.0,i,30,p,120,155.0
1957,13.0,5.0,"12,11,13,14,13",h,True,main_files/trial_i/07_i_150hz_75db_250ff-20p-80.wav,10.108,33.0,i,20,p,80,160.0
1957,13.0,10.0,"12,11,14,13,14,13,12,13,14,13",h,True,main_files/trial_i/07_i_150hz_75db_250ff-30p-100.wav,18.9994,33.0,i,30,p,100,160.0
1957,13.0,10.0,"12,13,14,13,12,13,12,13,12,13",h,True,main_files/trial_i/07_i_150hz_75db_250ff-30p-250.wav,19.2522,33.0,i,30,p,250,160.0
1957,11.0,4.0,"10,11,12,11",m,False,main_files/trial_i/07_i_150hz_75db_250ff-30p-40.wav,8.1601,33.0,i,30,p,40,150.0
1957,11.0,6.0,"10,11,12,11,10,11",m,False,main_files/trial_i/07_i_150hz_75db_250ff-10p-100.wav,14.8268,33.0,i,10,p,100,150.0
1957,8.0,33.0,"10,9,8,7,6,5,7,6,7,8,7,6,5,4,6,5,6,7,6,7,6,7,6,7,6,7,8,7,8,7,8,7,8",l,True,main_files/trial_i/07_i_150hz_75db_250ff-40n-80.wav,59.716,33.0,i,40,n,80,135.0
1957,11.0,4.0,"12,11,10,11",m,True,main_files/trial_i/07_i_150hz_75db_250ff-000-60.wav,7.1989,33.0,i,0,0,0,150.0
1957,11.0,4.0,"10,11,12,11",m,True,main_files/trial_i/07_i_150hz_75db_250ff-000-100.wav,7.0939,33.0,i,0,0,0,150.0
1957,11.0,3.0,"10,12,11",m,True,main_files/trial_i/07_i_150hz_75db_250ff-000-40.wav,6.8033,33.0,i,0,0,0,150.0
1957,11.0,5.0,"12,11,10,12,11",m,False,main_files/trial_i/07_i_150hz_75db_250ff-20p-60.wav,9.4105,33.0,i,20,p,60,150.0
1957,11.0,4.0,"10,11,12,11",m,False,main_files/trial_i/07_i_150hz_75db_250ff-10p-80.wav,7.9257,33.0,i,10,p,80,150.0
1957,9.0,12.0,"10,9,8,7,8,9,8,9,8,9,10,9",l,True,main_files/trial_i/07_i_150hz_75db_250ff-10n-250.wav,21.861,33.0,i,10,n,250,140.0
1957,11.0,14.0,"12,10,9,10,11,10,11,9,10,11,10,11,10,11",m,False,main_files/trial_i/07_i_150hz_75db_250ff-40n-40.wav,28.7485,33.0,i,40,n,40,150.0
1957,14.0,10.0,"12,11,13,14,13,14,15,14,13,14",h,True,main_files/trial_i/07_i_150hz_75db_250ff-40p-60.wav,21.0982,33.0,i,40,p,60,165.0
1957,11.0,10.0,"10,9,10,9,8,9,10,11,12,11",m,False,main_files/trial_i/07_i_150hz_75db_250ff-20n-40.wav,19.8237,33.0,i,20,n,40,150.0
1957,8.0,23.0,"10,9,8,7,6,5,6,7,6,7,8,7,8,7,8,7,8,7,8,7,8,7,8",l,True,main_files/trial_i/07_i_150hz_75db_250ff-40n-60.wav,70.474,33.0,i,40,n,60,135.0
1957,11.0,5.0,"10,12,11,12,11",m,True,main_files/trial_i/07_i_150hz_75db_250ff-000-250.wav,9.7272,33.0,i,0,0,0,150.0
1957,11.0,3.0,"12,10,11",m,False,main_files/trial_i/07_i_150hz_75db_250ff-10n-100.wav,6.0841,33.0,i,10,n,100,150.0
1957,11.0,4.0,"12,11,10,11",m,True,main_files/trial_tone/tone_150hz_75db_250ff-000-100.wav,11.9172,33.0,tone,0,0,0,150.0
1957,11.0,13.0,"10,9,10,9,8,9,6,11,12,11,13,10,11",m,False,main_files/trial_tone/tone_150hz_75db_250ff-30n-120.wav,23.97,33.0,tone,30,n,120,150.0
1957,12.0,3.0,"12,13,12",h,True,main_files/trial_tone/tone_150hz_75db_250ff-10p-250.wav,8.2809,33.0,tone,10,p,250,155.0
1957,11.0,4.0,"10,11,12,11",m,False,main_files/trial_tone/tone_150hz_75db_250ff-10p-80.wav,7.7591,33.0,tone,10,p,80,150.0
1957,10.0,11.0,"12,13,14,7,8,9,10,9,10,9,10",l,False,main_files/trial_tone/tone_150hz_75db_250ff-30p-250.wav,20.2194,33.0,tone,30,p,250,145.0
1957,11.0,4.0,"10,11,12,11",m,False,main_files/trial_tone/tone_150hz_75db_250ff-40p-40.wav,8.5527,33.0,tone,40,p,40,150.0
1957,11.0,2.0,"12,11",m,False,main_files/trial_tone/tone_150hz_75db_250ff-10p-60.wav,5.2517,33.0,tone,10,p,60,150.0
1957,9.0,4.0,"10,9,8,9",l,True,main_files/trial_tone/tone_150hz_75db_250ff-30n-80.wav,8.0993,33.0,tone,30,n,80,140.0
1957,9.0,2.0,"10,9",l,True,main_files/trial_tone/tone_150hz_75db_250ff-10n-40.wav,5.7938,33.0,tone,10,n,40,140.0
1957,12.0,3.0,"12,13,12",h,True,main_files/trial_tone/tone_150hz_75db_250ff-10p-120.wav,8.2477,33.0,tone,10,p,120,155.0
1957,9.0,2.0,"8,9",l,True,main_files/trial_tone/tone_150hz_75db_250ff-20n-80.wav,4.2513,33.0,tone,20,n,80,140.0
1957,8.0,7.0,"12,10,11,10,9,7,8",l,True,main_files/trial_tone/tone_150hz_75db_250ff-20n-120.wav,14.2939,33.0,tone,20,n,120,135.0
1957,11.0,2.0,"10,11",m,False,main_files/trial_tone/tone_150hz_75db_250ff-10n-80.wav,5.577,33.0,tone,10,n,80,150.0
1957,11.0,2.0,"12,11",m,False,main_files/trial_tone/tone_150hz_75db_250ff-30p-80.wav,4.3938,33.0,tone,30,p,80,150.0
1957,11.0,3.0,"10,12,11",m,True,main_files/trial_tone/tone_150hz_75db_250ff-000-250.wav,6.019,33.0,tone,0,0,0,150.0
1957,11.0,3.0,"10,12,11",m,False,main_files/trial_tone/tone_150hz_75db_250ff-30n-40.wav,5.9825,33.0,tone,30,n,40,150.0
1957,14.0,2.0,"12,14",h,True,main_files/trial_tone/tone_150hz_75db_250ff-40p-120.wav,4.1577,33.0,tone,40,p,120,165.0
1957,9.0,4.0,"12,9,8,9",l,True,main_files/trial_tone/tone_150hz_75db_250ff-40n-120.wav,7.8682,33.0,tone,40,n,120,140.0
1957,10.0,6.0,"12,10,9,10,9,10",l,True,main_files/trial_tone/tone_150hz_75db_250ff-40n-40.wav,13.7575,33.0,tone,40,n,40,145.0
1957,10.0,3.0,"10,9,10",l,False,main_files/trial_tone/tone_150hz_75db_250ff-20p-60.wav,13.8693,33.0,tone,20,p,60,145.0
1957,11.0,3.0,"10,12,11",m,False,main_files/trial_tone/tone_150hz_75db_250ff-20p-40.wav,7.6184,33.0,tone,20,p,40,150.0
1957,7.0,4.0,"6,7,6,7",l,True,main_files/trial_tone/tone_150hz_75db_250ff-40n-250.wav,10.2807,33.0,tone,40,n,250,130.0
1957,11.0,3.0,"10,12,11",m,False,main_files/trial_tone/tone_150hz_75db_250ff-10p-40.wav,5.4521,33.0,tone,10,p,40,150.0
1957,10.0,8.0,"12,10,11,10,11,10,9,10",l,False,main_files/trial_tone/tone_150hz_75db_250ff-40p-60.wav,16.2994,33.0,tone,40,p,60,145.0
1957,11.0,2.0,"12,11",m,False,main_files/trial_tone/tone_150hz_75db_250ff-30n-60.wav,4.5771,33.0,tone,30,n,60,150.0
1957,11.0,3.0,"10,12,11",m,False,main_files/trial_tone/tone_150hz_75db_250ff-10n-120.wav,5.2577,33.0,tone,10,n,120,150.0
1957,11.0,10.0,"10,11,10,11,12,11,12,11,10,11",m,False,main_files/trial_tone/tone_150hz_75db_250ff-20p-120.wav,82.7023,33.0,tone,20,p,120,150.0
1957,11.0,3.0,"12,10,11",m,True,main_files/trial_tone/tone_150hz_75db_250ff-000-40.wav,5.1681,33.0,tone,0,0,0,150.0
1957,15.0,5.0,"12,7,17,16,15",h,True,main_files/trial_tone/tone_150hz_75db_250ff-40p-250.wav,9.8185,33.0,tone,40,p,250,170.0
1957,12.0,3.0,"12,13,12",h,False,main_files/trial_tone/tone_150hz_75db_250ff-20n-250.wav,6.5688,33.0,tone,20,n,250,155.0
1957,10.0,7.0,"12,11,12,11,10,11,10",l,True,main_files/trial_tone/tone_150hz_75db_250ff-40n-100.wav,13.3933,33.0,tone,40,n,100,145.0
1957,11.0,9.0,"9,10,9,10,11,12,11,10,11",m,False,main_files/trial_tone/tone_150hz_75db_250ff-30p-100.wav,17.5942,33.0,tone,30,p,100,150.0
1957,11.0,5.0,"10,12,11,12,11",m,False,main_files/trial_tone/tone_150hz_75db_250ff-10n-60.wav,9.7514,33.0,tone,10,n,60,150.0
1957,11.0,4.0,"10,11,12,11",m,False,main_files/trial_tone/tone_150hz_75db_250ff-20n-40.wav,7.7367,33.0,tone,20,n,40,150.0
1957,13.0,8.0,"10,11,12,13,12,13,12,13",h,True,main_files/trial_tone/tone_150hz_75db_250ff-20p-100.wav,13.4743,33.0,tone,20,p,100,160.0
1957,11.0,2.0,"12,11",m,False,main_files/trial_tone/tone_150hz_75db_250ff-30p-40.wav,4.2252,33.0,tone,30,p,40,150.0
1957,9.0,4.0,"8,9,8,9",l,True,main_files/trial_tone/tone_150hz_75db_250ff-30n-100.wav,7.3695,33.0,tone,30,n,100,140.0
1957,13.0,7.0,"10,11,12,13,14,12,13",h,True,main_files/trial_tone/tone_150hz_75db_250ff-30p-120.wav,11.2821,33.0,tone,30,p,120,160.0
1957,7.0,16.0,"12,11,10,9,8,9,8,7,6,7,8,7,8,7,8,7",l,True,main_files/trial_tone/tone_150hz_75db_250ff-30n-250.wav,29.5449,33.0,tone,30,n,250,130.0
1957,12.0,11.0,"12,11,10,9,10,11,10,11,12,11,12",h,True,main_files/trial_tone/tone_150hz_75db_250ff-30p-60.wav,19.6273,33.0,tone,30,p,60,155.0
1957,11.0,4.0,"12,11,10,11",m,False,main_files/trial_tone/tone_150hz_75db_250ff-10p-100.wav,6.5525,33.0,tone,10,p,100,150.0
1957,11.0,10.0,"10,9,8,9,10,11,12,13,10,11",m,False,main_files/trial_tone/tone_150hz_75db_250ff-40p-100.wav,16.6512,33.0,tone,40,p,100,150.0
1957,11.0,3.0,"10,12,11",m,True,main_files/trial_tone/tone_150hz_75db_250ff-000-80.wav,6.193,33.0,tone,0,0,0,150.0
1957,11.0,4.0,"12,11,10,11",m,True,main_files/trial_tone/tone_150hz_75db_250ff-000-120.wav,7.141,33.0,tone,0,0,0,150.0
1957,11.0,3.0,"12,10,11",m,True,main_files/trial_tone/tone_150hz_75db_250ff-000-60.wav,5.4865,33.0,tone,0,0,0,150.0
1957,13.0,11.0,"12,11,10,11,12,11,13,14,13,14,13",h,True,main_files/trial_tone/tone_150hz_75db_250ff-20p-80.wav,19.5276,33.0,tone,20,p,80,160.0
1957,10.0,5.0,"12,11,10,11,10",l,True,main_files/trial_tone/tone_150hz_75db_250ff-20n-100.wav,9.1325,33.0,tone,20,n,100,145.0
1957,11.0,4.0,"10,11,12,11",m,False,main_files/trial_tone/tone_150hz_75db_250ff-10n-250.wav,6.5106,33.0,tone,10,n,250,150.0
1957,9.0,10.0,"10,11,12,11,10,9,10,9,8,9",l,True,main_files/trial_tone/tone_150hz_75db_250ff-40n-60.wav,16.2596,33.0,tone,40,n,60,140.0
1957,13.0,15.0,"12,14,15,14,13,14,13,14,13,14,13,14,13,14,13",h,True,main_files/trial_tone/tone_150hz_75db_250ff-40p-80.wav,27.3775,33.0,tone,40,p,80,160.0
1957,11.0,7.0,"12,10,11,12,11,12,11",m,False,main_files/trial_tone/tone_150hz_75db_250ff-20n-60.wav,11.7024,33.0,tone,20,n,60,150.0
1957,10.0,9.0,"12,11,10,11,10,11,10,11,10",l,True,main_files/trial_tone/tone_150hz_75db_250ff-40n-80.wav,16.6353,33.0,tone,40,n,80,145.0
1957,13.0,10.0,"12,13,12,13,12,13,12,13,14,13",h,True,main_files/trial_tone/tone_150hz_75db_250ff-20p-250.wav,18.0436,33.0,tone,20,p,250,160.0
1957,11.0,4.0,"12,11,10,11",m,False,main_files/trial_tone/tone_150hz_75db_250ff-10n-100.wav,6.4653,33.0,tone,10,n,100,150.0
1957,10.0,11.0,"10,9,10,11,10,11,10,11,12,11,10",l,False,main_files/trial_di/07_di_cross_150hz_75db_250ff-000-100.wav,34.7053,33.0,di,0,0,0,145.0
1957,8.0,7.0,"6,7,8,7,8,9,8",l,True,main_files/trial_di/07_di_cross_150hz_75db_250ff-30n-120.wav,13.7178,33.0,di,30,n,120,135.0
1957,12.0,5.0,"12,13,12,11,12",h,True,main_files/trial_di/07_di_cross_150hz_75db_250ff-10p-250.wav,10.1329,33.0,di,10,p,250,155.0
1957,11.0,4.0,"12,11,10,11",m,False,main_files/trial_di/07_di_cross_150hz_75db_250ff-10p-80.wav,7.3407,33.0,di,10,p,80,150.0
1957,13.0,11.0,"10,9,11,12,13,14,13,12,13,12,13",h,True,main_files/trial_di/07_di_cross_150hz_75db_250ff-30p-250.wav,18.0024,33.0,di,30,p,250,160.0
1957,11.0,7.0,"12,10,11,10,11,10,11",m,False,main_files/trial_di/07_di_cross_150hz_75db_250ff-40p-40.wav,13.0518,33.0,di,40,p,40,150.0
1957,11.0,3.0,"10,12,11",m,False,main_files/trial_di/07_di_cross_150hz_75db_250ff-10p-60.wav,6.4784,33.0,di,10,p,60,150.0
1957,9.0,10.0,"10,11,10,9,8,7,8,9,8,9",l,True,main_files/trial_di/07_di_cross_150hz_75db_250ff-30n-80.wav,16.7449,33.0,di,30,n,80,140.0
1957,11.0,5.0,"12,10,11,10,11",m,False,main_files/trial_di/07_di_cross_150hz_75db_250ff-10n-40.wav,9.7321,33.0,di,10,n,40,150.0
1957,12.0,18.0,"10,9,8,13,12,13,14,13,12,13,15,14,13,12,11,12,13,12",h,True,main_files/trial_di/07_di_cross_150hz_75db_250ff-10p-120.wav,34.6941,33.0,di,10,p,120,155.0
1957,10.0,7.0,"12,11,10,9,10,11,10",l,True,main_files/trial_di/07_di_cross_150hz_75db_250ff-20n-80.wav,12.6656,33.0,di,20,n,80,145.0
1957,10.0,5.0,"12,11,10,11,10",l,True,main_files/trial_di/07_di_cross_150hz_75db_250ff-20n-120.wav,9.393,33.0,di,20,n,120,145.0
1957,9.0,10.0,"10,9,10,9,8,9,10,9,10,9",l,True,main_files/trial_di/07_di_cross_150hz_75db_250ff-10n-80.wav,25.4741,33.0,di,10,n,80,140.0
1957,10.0,13.0,"12,11,10,11,10,11,10,11,10,11,10,11,10",l,False,main_files/trial_di/07_di_cross_150hz_75db_250ff-30p-80.wav,26.8551,33.0,di,30,p,80,145.0
1957,11.0,5.0,"12,10,11,10,11",m,True,main_files/trial_di/07_di_cross_150hz_75db_250ff-000-250.wav,9.3245,33.0,di,0,0,0,150.0
1957,11.0,4.0,"10,11,12,11",m,False,main_files/trial_di/07_di_cross_150hz_75db_250ff-30n-40.wav,7.619,33.0,di,30,n,40,150.0
1957,13.0,6.0,"10,11,12,13,12,13",h,True,main_files/trial_di/07_di_cross_150hz_75db_250ff-40p-120.wav,18.6027,33.0,di,40,p,120,160.0
1957,7.0,9.0,"7,6,7,6,7,8,7,6,7",l,True,main_files/trial_di/07_di_cross_150hz_75db_250ff-40n-120.wav,16.7272,33.0,di,40,n,120,130.0
1957,10.0,1.0,10,l,True,main_files/trial_di/07_di_cross_150hz_75db_250ff-40n-40.wav,2.2524,33.0,di,40,n,40,145.0
1957,8.0,7.0,"10,9,10,9,8,9,8",l,False,main_files/trial_di/07_di_cross_150hz_75db_250ff-20p-60.wav,13.6246,33.0,di,20,p,60,135.0
1957,11.0,10.0,"12,11,10,11,10,11,10,11,10,11",m,False,main_files/trial_di/07_di_cross_150hz_75db_250ff-20p-40.wav,22.0761,33.0,di,20,p,40,150.0
1957,6.0,7.0,"12,7,6,7,6,5,6",l,True,main_files/trial_di/07_di_cross_150hz_75db_250ff-40n-250.wav,19.6332,33.0,di,40,n,250,125.0
1957,11.0,3.0,"10,12,11",m,False,main_files/trial_di/07_di_cross_150hz_75db_250ff-10p-40.wav,6.2695,33.0,di,10,p,40,150.0
1957,12.0,8.0,"10,12,11,12,11,12,13,12",h,True,main_files/trial_di/07_di_cross_150hz_75db_250ff-40p-60.wav,15.4522,33.0,di,40,p,60,155.0
1957,11.0,4.0,"12,11,12,11",m,False,main_files/trial_di/07_di_cross_150hz_75db_250ff-30n-60.wav,7.803,33.0,di,30,n,60,150.0
1957,11.0,4.0,"12,11,10,11",m,False,main_files/trial_di/07_di_cross_150hz_75db_250ff-10n-120.wav,8.5523,33.0,di,10,n,120,150.0
1957,14.0,11.0,"10,11,12,13,9,13,14,13,14,13,14",h,True,main_files/trial_di/07_di_cross_150hz_75db_250ff-20p-120.wav,22.2771,33.0,di,20,p,120,165.0
1957,11.0,4.0,"12,11,10,11",m,True,main_files/trial_di/07_di_cross_150hz_75db_250ff-000-40.wav,8.5683,33.0,di,0,0,0,150.0
1957,9.0,9.0,"9,10,9,10,7,8,9,8,9",l,False,main_files/trial_di/07_di_cross_150hz_75db_250ff-40p-250.wav,15.6273,33.0,di,40,p,250,140.0
1957,9.0,6.0,"10,9,10,9,10,9",l,True,main_files/trial_di/07_di_cross_150hz_75db_250ff-20n-250.wav,14.2692,33.0,di,20,n,250,140.0
1957,8.0,3.0,"10,9,8",l,True,main_files/trial_di/07_di_cross_150hz_75db_250ff-40n-100.wav,6.4238,33.0,di,40,n,100,135.0
1957,13.0,6.0,"10,11,12,13,14,13",h,True,main_files/trial_di/07_di_cross_150hz_75db_250ff-30p-100.wav,12.6092,33.0,di,30,p,100,160.0
1957,10.0,5.0,"6,9,10,11,10",l,True,main_files/trial_di/07_di_cross_150hz_75db_250ff-10n-60.wav,10.236,33.0,di,10,n,60,145.0
1957,11.0,15.0,"10,11,10,9,11,10,11,10,11,10,11,10,11,10,11",m,False,main_files/trial_di/07_di_cross_150hz_75db_250ff-20n-40.wav,32.1576,33.0,di,20,n,40,150.0
1957,11.0,4.0,"12,11,10,11",m,False,main_files/trial_di/07_di_cross_150hz_75db_250ff-20p-100.wav,8.0226,33.0,di,20,p,100,150.0
1957,11.0,5.0,"10,12,11,12,11",m,False,main_files/trial_di/07_di_cross_150hz_75db_250ff-30p-40.wav,10.302,33.0,di,30,p,40,150.0
1957,11.0,8.0,"10,11,12,11,10,11,10,11",m,False,main_files/trial_di/07_di_cross_150hz_75db_250ff-30n-100.wav,16.3104,33.0,di,30,n,100,150.0
1957,12.0,3.0,"12,11,12",h,True,main_files/trial_di/07_di_cross_150hz_75db_250ff-30p-120.wav,5.7849,33.0,di,30,p,120,155.0
1957,9.0,9.0,"12,11,10,11,9,10,9,10,9",l,True,main_files/trial_di/07_di_cross_150hz_75db_250ff-30n-250.wav,68.2597,33.0,di,30,n,250,140.0
1957,11.0,4.0,"10,11,12,11",m,False,main_files/trial_di/07_di_cross_150hz_75db_250ff-30p-60.wav,6.5443,33.0,di,30,p,60,150.0
1957,11.0,3.0,"12,10,11",m,False,main_files/trial_di/07_di_cross_150hz_75db_250ff-10p-100.wav,5.3364,33.0,di,10,p,100,150.0
1957,14.0,9.0,"12,10,14,13,14,13,14,13,14",h,True,main_files/trial_di/07_di_cross_150hz_75db_250ff-40p-100.wav,14.549,33.0,di,40,p,100,165.0
1957,13.0,12.0,"12,11,12,13,12,13,12,13,14,13,14,13",h,False,main_files/trial_di/07_di_cross_150hz_75db_250ff-000-80.wav,20.0941,33.0,di,0,0,0,160.0
1957,12.0,11.0,"12,13,14,15,14,13,14,13,12,13,12",h,False,main_files/trial_di/07_di_cross_150hz_75db_250ff-000-120.wav,45.7599,33.0,di,0,0,0,155.0
1957,11.0,2.0,"12,11",m,True,main_files/trial_di/07_di_cross_150hz_75db_250ff-000-60.wav,4.0187,33.0,di,0,0,0,150.0
1957,12.0,6.0,"12,11,12,10,11,12",h,True,main_files/trial_di/07_di_cross_150hz_75db_250ff-20p-80.wav,10.8104,33.0,di,20,p,80,155.0
1957,12.0,9.0,"12,11,12,11,12,11,12,11,12",h,False,main_files/trial_di/07_di_cross_150hz_75db_250ff-20n-100.wav,16.0657,33.0,di,20,n,100,155.0
1957,11.0,6.0,"12,11,12,11,12,11",m,False,main_files/trial_di/07_di_cross_150hz_75db_250ff-10n-250.wav,11.5275,33.0,di,10,n,250,150.0
1957,11.0,10.0,"12,11,12,11,12,11,12,11,12,11",m,False,main_files/trial_di/07_di_cross_150hz_75db_250ff-40n-60.wav,15.8852,33.0,di,40,n,60,150.0
1957,14.0,9.0,"12,11,12,11,12,11,14,15,14",h,True,main_files/trial_di/07_di_cross_150hz_75db_250ff-40p-80.wav,20.1726,33.0,di,40,p,80,165.0
1957,11.0,3.0,"13,12,11",m,False,main_files/trial_di/07_di_cross_150hz_75db_250ff-20n-60.wav,7.3854,33.0,di,20,n,60,150.0
1957,13.0,7.0,"12,13,14,15,13,14,13",h,False,main_files/trial_di/07_di_cross_150hz_75db_250ff-40n-80.wav,10.4694,33.0,di,40,n,80,160.0
1957,13.0,4.0,"12,11,12,13",h,True,main_files/trial_di/07_di_cross_150hz_75db_250ff-20p-250.wav,5.8909,33.0,di,20,p,250,160.0
1957,11.0,2.0,"12,11",m,False,main_files/trial_di/07_di_cross_150hz_75db_250ff-10n-100.wav,4.7279,33.0,di,10,n,100,150.0
9991,11.0,3.0,"10,12,11",m,True,main_files/trial_tone/tone_150hz_75db_250ff-000-100.wav,5.6395,29.0,tone,0,0,0,150.0
9991,10.0,9.0,"9,10,9,11,10,11,10,11,10",l,True,main_files/trial_tone/tone_150hz_75db_250ff-30n-120.wav,17.9182,29.0,tone,30,n,120,145.0
9991,11.0,0.0,,l,False,main_files/trial_tone/tone_150hz_75db_250ff-10p-250.wav,0.0,29.0,tone,10,p,250,150.0
9991,11.0,0.0,,l,False,main_files/trial_tone/tone_150hz_75db_250ff-10p-80.wav,0.0,29.0,tone,10,p,80,150.0
9991,13.0,2.0,"14,13",h,True,main_files/trial_tone/tone_150hz_75db_250ff-30p-250.wav,4.0746,29.0,tone,30,p,250,160.0
9991,12.0,2.0,"13,12",h,True,main_files/trial_tone/tone_150hz_75db_250ff-40p-40.wav,5.0056,29.0,tone,40,p,40,155.0
9991,11.0,0.0,,l,False,main_files/trial_tone/tone_150hz_75db_250ff-10p-60.wav,0.0,29.0,tone,10,p,60,150.0
9991,10.0,2.0,"9,10",l,True,main_files/trial_tone/tone_150hz_75db_250ff-30n-80.wav,4.1727,29.0,tone,30,n,80,145.0
9991,11.0,4.0,"10,11,12,11",m,False,main_files/trial_tone/tone_150hz_75db_250ff-10n-40.wav,6.5379,29.0,tone,10,n,40,150.0
9991,11.0,0.0,,l,False,main_files/trial_tone/tone_150hz_75db_250ff-10p-120.wav,0.0,29.0,tone,10,p,120,150.0
9991,11.0,6.0,"10,9,10,11,12,11",m,False,main_files/trial_tone/tone_150hz_75db_250ff-20n-80.wav,10.1044,29.0,tone,20,n,80,150.0
9991,11.0,4.0,"10,11,12,11",m,False,main_files/trial_tone/tone_150hz_75db_250ff-20n-120.wav,7.6372,29.0,tone,20,n,120,150.0
9991,11.0,3.0,"10,12,11",m,False,main_files/trial_tone/tone_150hz_75db_250ff-10n-80.wav,6.4144,29.0,tone,10,n,80,150.0
9991,11.0,0.0,,l,False,main_files/trial_tone/tone_150hz_75db_250ff-30p-80.wav,0.0,29.0,tone,30,p,80,150.0
9991,11.0,2.0,"10,11",m,True,main_files/trial_tone/tone_150hz_75db_250ff-000-250.wav,4.9225,29.0,tone,0,0,0,150.0
9991,11.0,0.0,,l,True,main_files/trial_tone/tone_150hz_75db_250ff-30n-40.wav,0.0,29.0,tone,30,n,40,150.0
9991,12.0,5.0,"13,12,14,13,12",h,True,main_files/trial_tone/tone_150hz_75db_250ff-40p-120.wav,11.0554,29.0,tone,40,p,120,155.0
9991,10.0,10.0,"8,9,11,10,9,10,9,6,9,10",l,True,main_files/trial_tone/tone_150hz_75db_250ff-40n-120.wav,17.0529,29.0,tone,40,n,120,145.0
9991,11.0,4.0,"10,11,10,11",m,False,main_files/trial_tone/tone_150hz_75db_250ff-40n-40.wav,8.1369,29.0,tone,40,n,40,150.0
9991,11.0,4.0,"10,11,12,11",m,False,main_files/trial_tone/tone_150hz_75db_250ff-20p-60.wav,6.59,29.0,tone,20,p,60,150.0
9991,11.0,2.0,"10,11",m,False,main_files/trial_tone/tone_150hz_75db_250ff-20p-40.wav,3.8731,29.0,tone,20,p,40,150.0
9991,8.0,12.0,"9,8,9,6,7,6,7,8,9,8,7,8",l,True,main_files/trial_tone/tone_150hz_75db_250ff-40n-250.wav,24.0567,29.0,tone,40,n,250,135.0
9991,11.0,2.0,"10,11",m,False,main_files/trial_tone/tone_150hz_75db_250ff-10p-40.wav,4.622,29.0,tone,10,p,40,150.0
9991,11.0,0.0,,l,False,main_files/trial_tone/tone_150hz_75db_250ff-40p-60.wav,0.0,29.0,tone,40,p,60,150.0
9991,11.0,2.0,"10,11",m,False,main_files/trial_tone/tone_150hz_75db_250ff-30n-60.wav,4.2494,29.0,tone,30,n,60,150.0
9991,11.0,0.0,,l,True,main_files/trial_tone/tone_150hz_75db_250ff-10n-120.wav,0.0,29.0,tone,10,n,120,150.0
9991,11.0,2.0,"12,11",m,False,main_files/trial_tone/tone_150hz_75db_250ff-20p-120.wav,4.247,29.0,tone,20,p,120,150.0
9991,11.0,0.0,,l,False,main_files/trial_tone/tone_150hz_75db_250ff-000-40.wav,0.0,29.0,tone,0,0,0,150.0
9991,13.0,1.0,13,h,True,main_files/trial_tone/tone_150hz_75db_250ff-40p-250.wav,1.8643,29.0,tone,40,p,250,160.0
9991,10.0,1.0,10,l,True,main_files/trial_tone/tone_150hz_75db_250ff-20n-250.wav,2.249,29.0,tone,20,n,250,145.0
9991,10.0,4.0,"10,11,9,10",l,True,main_files/trial_tone/tone_150hz_75db_250ff-40n-100.wav,7.6354,29.0,tone,40,n,100,145.0
9991,12.0,3.0,"12,11,12",h,True,main_files/trial_tone/tone_150hz_75db_250ff-30p-100.wav,5.5485,29.0,tone,30,p,100,155.0
9991,11.0,5.0,"12,11,12,10,11",m,False,main_files/trial_tone/tone_150hz_75db_250ff-10n-60.wav,9.4233,29.0,tone,10,n,60,150.0
9991,11.0,4.0,"12,11,10,11",m,False,main_files/trial_tone/tone_150hz_75db_250ff-20n-40.wav,7.5389,29.0,tone,20,n,40,150.0
9991,11.0,2.0,"12,11",m,False,main_files/trial_tone/tone_150hz_75db_250ff-20p-100.wav,4.7987,29.0,tone,20,p,100,150.0
9991,11.0,0.0,,l,False,main_files/trial_tone/tone_150hz_75db_250ff-30p-40.wav,0.0,29.0,tone,30,p,40,150.0
9991,10.0,4.0,"10,9,11,10",l,True,main_files/trial_tone/tone_150hz_75db_250ff-30n-100.wav,8.2912,29.0,tone,30,n,100,145.0
9991,11.0,0.0,,l,False,main_files/trial_tone/tone_150hz_75db_250ff-30p-120.wav,0.0,29.0,tone,30,p,120,150.0
9991,9.0,4.0,"10,9,8,9",l,True,main_files/trial_tone/tone_150hz_75db_250ff-30n-250.wav,8.0541,29.0,tone,30,n,250,140.0
9991,11.0,2.0,"10,11",m,False,main_files/trial_tone/tone_150hz_75db_250ff-30p-60.wav,4.3694,29.0,tone,30,p,60,150.0
9991,11.0,2.0,"10,11",m,False,main_files/trial_tone/tone_150hz_75db_250ff-10p-100.wav,4.7413,29.0,tone,10,p,100,150.0
9991,12.0,3.0,"12,13,12",h,True,main_files/trial_tone/tone_150hz_75db_250ff-40p-100.wav,5.0216,29.0,tone,40,p,100,155.0
9991,11.0,0.0,,l,False,main_files/trial_tone/tone_150hz_75db_250ff-000-80.wav,0.0,29.0,tone,0,0,0,150.0
9991,11.0,0.0,,l,False,main_files/trial_tone/tone_150hz_75db_250ff-000-120.wav,0.0,29.0,tone,0,0,0,150.0
9991,11.0,2.0,"10,11",m,True,main_files/trial_tone/tone_150hz_75db_250ff-000-60.wav,3.3771,29.0,tone,0,0,0,150.0
9991,12.0,3.0,"12,11,12",h,True,main_files/trial_tone/tone_150hz_75db_250ff-20p-80.wav,7.0401,29.0,tone,20,p,80,155.0
9991,11.0,0.0,,l,True,main_files/trial_tone/tone_150hz_75db_250ff-20n-100.wav,0.0,29.0,tone,20,n,100,150.0
9991,10.0,1.0,10,l,True,main_files/trial_tone/tone_150hz_75db_250ff-10n-250.wav,2.0047,29.0,tone,10,n,250,145.0
9991,11.0,2.0,"10,11",m,False,main_files/trial_tone/tone_150hz_75db_250ff-40n-60.wav,4.0556,29.0,tone,40,n,60,150.0
9991,11.0,0.0,,l,False,main_files/trial_tone/tone_150hz_75db_250ff-40p-80.wav,0.0,29.0,tone,40,p,80,150.0
9991,11.0,0.0,,l,True,main_files/trial_tone/tone_150hz_75db_250ff-20n-60.wav,0.0,29.0,tone,20,n,60,150.0
9991,10.0,1.0,10,l,True,main_files/trial_tone/tone_150hz_75db_250ff-40n-80.wav,1.7211,29.0,tone,40,n,80,145.0
9991,12.0,1.0,12,h,True,main_files/trial_tone/tone_150hz_75db_250ff-20p-250.wav,1.6424,29.0,tone,20,p,250,155.0
9991,11.0,0.0,,l,True,main_files/trial_tone/tone_150hz_75db_250ff-10n-100.wav,0.0,29.0,tone,10,n,100,150.0
9991,11.0,2.0,"10,11",m,True,main_files/trial_di/07_di_cross_150hz_75db_250ff-000-100.wav,5.8531,29.0,di,0,0,0,150.0
9991,11.0,3.0,"10,12,11",m,False,main_files/trial_di/07_di_cross_150hz_75db_250ff-30n-120.wav,6.4582,29.0,di,30,n,120,150.0
9991,11.0,0.0,,l,False,main_files/trial_di/07_di_cross_150hz_75db_250ff-10p-250.wav,0.0,29.0,di,10,p,250,150.0
9991,11.0,0.0,,l,False,main_files/trial_di/07_di_cross_150hz_75db_250ff-10p-80.wav,0.0,29.0,di,10,p,80,150.0
9991,12.0,1.0,12,h,True,main_files/trial_di/07_di_cross_150hz_75db_250ff-30p-250.wav,1.8057,29.0,di,30,p,250,155.0
9991,11.0,0.0,,l,False,main_files/trial_di/07_di_cross_150hz_75db_250ff-40p-40.wav,0.0,29.0,di,40,p,40,150.0
9991,11.0,0.0,,l,False,main_files/trial_di/07_di_cross_150hz_75db_250ff-10p-60.wav,0.0,29.0,di,10,p,60,150.0
9991,10.0,1.0,10,l,True,main_files/trial_di/07_di_cross_150hz_75db_250ff-30n-80.wav,2.2137,29.0,di,30,n,80,145.0
9991,11.0,0.0,,l,True,main_files/trial_di/07_di_cross_150hz_75db_250ff-10n-40.wav,0.0,29.0,di,10,n,40,150.0
9991,11.0,0.0,,l,False,main_files/trial_di/07_di_cross_150hz_75db_250ff-10p-120.wav,0.0,29.0,di,10,p,120,150.0
9991,11.0,0.0,,l,True,main_files/trial_di/07_di_cross_150hz_75db_250ff-20n-80.wav,0.0,29.0,di,20,n,80,150.0
9991,10.0,1.0,10,l,True,main_files/trial_di/07_di_cross_150hz_75db_250ff-20n-120.wav,2.0358,29.0,di,20,n,120,145.0
9991,11.0,2.0,"10,11",m,False,main_files/trial_di/07_di_cross_150hz_75db_250ff-10n-80.wav,3.8462,29.0,di,10,n,80,150.0
9991,11.0,0.0,,l,False,main_files/trial_di/07_di_cross_150hz_75db_250ff-30p-80.wav,0.0,29.0,di,30,p,80,150.0
9991,11.0,0.0,,l,False,main_files/trial_di/07_di_cross_150hz_75db_250ff-000-250.wav,0.0,29.0,di,0,0,0,150.0
9991,11.0,0.0,,l,True,main_files/trial_di/07_di_cross_150hz_75db_250ff-30n-40.wav,0.0,29.0,di,30,n,40,150.0
9991,12.0,1.0,12,h,True,main_files/trial_di/07_di_cross_150hz_75db_250ff-40p-120.wav,1.7639,29.0,di,40,p,120,155.0
9991,10.0,1.0,10,l,True,main_files/trial_di/07_di_cross_150hz_75db_250ff-40n-120.wav,1.7979,29.0,di,40,n,120,145.0
9991,10.0,3.0,"10,11,10",l,True,main_files/trial_di/07_di_cross_150hz_75db_250ff-40n-40.wav,5.68,29.0,di,40,n,40,145.0
9991,11.0,0.0,,l,False,main_files/trial_di/07_di_cross_150hz_75db_250ff-20p-60.wav,0.0,29.0,di,20,p,60,150.0
9991,11.0,0.0,,l,False,main_files/trial_di/07_di_cross_150hz_75db_250ff-20p-40.wav,0.0,29.0,di,20,p,40,150.0
9991,9.0,4.0,"9,10,8,9",l,True,main_files/trial_di/07_di_cross_150hz_75db_250ff-40n-250.wav,8.2278,29.0,di,40,n,250,140.0
9991,11.0,0.0,,l,False,main_files/trial_di/07_di_cross_150hz_75db_250ff-10p-40.wav,0.0,29.0,di,10,p,40,150.0
9991,11.0,0.0,,l,False,main_files/trial_di/07_di_cross_150hz_75db_250ff-40p-60.wav,0.0,29.0,di,40,p,60,150.0
9991,11.0,0.0,,l,True,main_files/trial_di/07_di_cross_150hz_75db_250ff-30n-60.wav,0.0,29.0,di,30,n,60,150.0
9991,11.0,0.0,,l,True,main_files/trial_di/07_di_cross_150hz_75db_250ff-10n-120.wav,0.0,29.0,di,10,n,120,150.0
9991,11.0,1.0,12,m,False,main_files/trial_di/07_di_cross_150hz_75db_250ff-20p-120.wav,1.8035,29.0,di,20,p,120,150.0
9991,11.0,4.0,"12,11,10,11",m,True,main_files/trial_di/07_di_cross_150hz_75db_250ff-000-40.wav,6.9635,29.0,di,0,0,0,150.0
9991,14.0,10.0,"12,13,14,15,20,15,14,13,12,14",h,True,main_files/trial_di/07_di_cross_150hz_75db_250ff-40p-250.wav,16.8812,29.0,di,40,p,250,165.0
9991,10.0,1.0,10,l,True,main_files/trial_di/07_di_cross_150hz_75db_250ff-20n-250.wav,1.9979,29.0,di,20,n,250,145.0
9991,10.0,1.0,10,l,True,main_files/trial_di/07_di_cross_150hz_75db_250ff-40n-100.wav,2.5315,29.0,di,40,n,100,145.0
9991,11.0,0.0,,l,False,main_files/trial_di/07_di_cross_150hz_75db_250ff-30p-100.wav,0.0,29.0,di,30,p,100,150.0
9991,11.0,0.0,,l,True,main_files/trial_di/07_di_cross_150hz_75db_250ff-10n-60.wav,0.0,29.0,di,10,n,60,150.0
9991,11.0,0.0,,l,True,main_files/trial_di/07_di_cross_150hz_75db_250ff-20n-40.wav,0.0,29.0,di,20,n,40,150.0
9991,11.0,0.0,,l,False,main_files/trial_di/07_di_cross_150hz_75db_250ff-20p-100.wav,0.0,29.0,di,20,p,100,150.0
9991,11.0,0.0,,l,False,main_files/trial_di/07_di_cross_150hz_75db_250ff-30p-40.wav,0.0,29.0,di,30,p,40,150.0
9991,10.0,1.0,10,l,True,main_files/trial_di/07_di_cross_150hz_75db_250ff-30n-100.wav,1.8036,29.0,di,30,n,100,145.0
9991,11.0,0.0,,l,False,main_files/trial_di/07_di_cross_150hz_75db_250ff-30p-120.wav,0.0,29.0,di,30,p,120,150.0
9991,9.0,1.0,9,l,True,main_files/trial_di/07_di_cross_150hz_75db_250ff-30n-250.wav,1.7001,29.0,di,30,n,250,140.0
9991,10.0,1.0,10,l,False,main_files/trial_di/07_di_cross_150hz_75db_250ff-30p-60.wav,2.4332,29.0,di,30,p,60,145.0
9991,11.0,0.0,,l,False,main_files/trial_di/07_di_cross_150hz_75db_250ff-10p-100.wav,0.0,29.0,di,10,p,100,150.0
9991,12.0,1.0,12,h,True,main_files/trial_di/07_di_cross_150hz_75db_250ff-40p-100.wav,2.0019,29.0,di,40,p,100,155.0
9991,11.0,6.0,"12,11,12,11,10,11",m,True,main_files/trial_di/07_di_cross_150hz_75db_250ff-000-80.wav,9.7448,29.0,di,0,0,0,150.0
9991,11.0,0.0,,l,False,main_files/trial_di/07_di_cross_150hz_75db_250ff-000-120.wav,0.0,29.0,di,0,0,0,150.0
9991,11.0,0.0,,l,False,main_files/trial_di/07_di_cross_150hz_75db_250ff-000-60.wav,0.0,29.0,di,0,0,0,150.0
9991,11.0,0.0,,l,False,main_files/trial_di/07_di_cross_150hz_75db_250ff-20p-80.wav,0.0,29.0,di,20,p,80,150.0
9991,10.0,1.0,10,l,True,main_files/trial_di/07_di_cross_150hz_75db_250ff-20n-100.wav,1.9301,29.0,di,20,n,100,145.0
9991,11.0,0.0,,l,True,main_files/trial_di/07_di_cross_150hz_75db_250ff-10n-250.wav,0.0,29.0,di,10,n,250,150.0
9991,10.0,1.0,10,l,True,main_files/trial_di/07_di_cross_150hz_75db_250ff-40n-60.wav,1.8806,29.0,di,40,n,60,145.0
9991,11.0,0.0,,l,False,main_files/trial_di/07_di_cross_150hz_75db_250ff-40p-80.wav,0.0,29.0,di,40,p,80,150.0
9991,11.0,0.0,,l,True,main_files/trial_di/07_di_cross_150hz_75db_250ff-20n-60.wav,0.0,29.0,di,20,n,60,150.0
9991,11.0,0.0,,l,True,main_files/trial_di/07_di_cross_150hz_75db_250ff-40n-80.wav,0.0,29.0,di,40,n,80,150.0
9991,13.0,1.0,13,h,True,main_files/trial_di/07_di_cross_150hz_75db_250ff-20p-250.wav,1.7982,29.0,di,20,p,250,160.0
9991,11.0,0.0,,l,True,main_files/trial_di/07_di_cross_150hz_75db_250ff-10n-100.wav,0.0,29.0,di,10,n,100,150.0
9991,12.0,2.0,"10,12",h,True,main_files/trial_i/07_i_150hz_75db_250ff-40p-80.wav,5.4178,29.0,i,40,p,80,155.0
9991,11.0,4.0,"10,12,10,11",m,False,main_files/trial_i/07_i_150hz_75db_250ff-30n-100.wav,8.8759,29.0,i,30,n,100,150.0
9991,13.0,1.0,13,h,True,main_files/trial_i/07_i_150hz_75db_250ff-20p-250.wav,1.8441,29.0,i,20,p,250,160.0
9991,11.0,0.0,,l,False,main_files/trial_i/07_i_150hz_75db_250ff-10p-60.wav,0.0,29.0,i,10,p,60,150.0
9991,9.0,1.0,9,l,True,main_files/trial_i/07_i_150hz_75db_250ff-30n-250.wav,1.6829,29.0,i,30,n,250,140.0
9991,11.0,0.0,,l,False,main_files/trial_i/07_i_150hz_75db_250ff-40p-120.wav,0.0,29.0,i,40,p,120,150.0
9991,11.0,0.0,,l,False,main_files/trial_i/07_i_150hz_75db_250ff-10p-40.wav,0.0,29.0,i,10,p,40,150.0
9991,11.0,0.0,,l,True,main_files/trial_i/07_i_150hz_75db_250ff-30n-60.wav,0.0,29.0,i,30,n,60,150.0
9991,11.0,0.0,,l,True,main_files/trial_i/07_i_150hz_75db_250ff-10n-40.wav,0.0,29.0,i,10,n,40,150.0
9991,12.0,1.0,12,h,True,main_files/trial_i/07_i_150hz_75db_250ff-10p-250.wav,2.2221,29.0,i,10,p,250,155.0
9991,11.0,2.0,"10,11",m,False,main_files/trial_i/07_i_150hz_75db_250ff-20n-60.wav,3.4728,29.0,i,20,n,60,150.0
9991,10.0,1.0,10,l,True,main_files/trial_i/07_i_150hz_75db_250ff-20n-100.wav,2.5731,29.0,i,20,n,100,145.0
9991,11.0,0.0,,l,True,main_files/trial_i/07_i_150hz_75db_250ff-10n-80.wav,0.0,29.0,i,10,n,80,150.0
9991,11.0,2.0,"12,11",m,False,main_files/trial_i/07_i_150hz_75db_250ff-30p-60.wav,4.0058,29.0,i,30,p,60,150.0
9991,11.0,0.0,,l,False,main_files/trial_i/07_i_150hz_75db_250ff-000-80.wav,0.0,29.0,i,0,0,0,150.0
9991,10.0,1.0,10,l,True,main_files/trial_i/07_i_150hz_75db_250ff-30n-120.wav,1.6754,29.0,i,30,n,120,145.0
9991,12.0,3.0,"10,11,12",h,True,main_files/trial_i/07_i_150hz_75db_250ff-40p-100.wav,6.1662,29.0,i,40,p,100,155.0
9991,10.0,1.0,10,l,True,main_files/trial_i/07_i_150hz_75db_250ff-40n-100.wav,2.2362,29.0,i,40,n,100,145.0
9991,10.0,1.0,10,l,True,main_files/trial_i/07_i_150hz_75db_250ff-40n-120.wav,1.6398,29.0,i,40,n,120,145.0
9991,11.0,0.0,,l,False,main_files/trial_i/07_i_150hz_75db_250ff-20p-40.wav,0.0,29.0,i,20,p,40,150.0
9991,11.0,0.0,,l,False,main_files/trial_i/07_i_150hz_75db_250ff-20p-120.wav,0.0,29.0,i,20,p,120,150.0
9991,13.0,1.0,13,h,True,main_files/trial_i/07_i_150hz_75db_250ff-40p-250.wav,1.8989,29.0,i,40,p,250,160.0
9991,11.0,4.0,"10,11,12,11",m,False,main_files/trial_i/07_i_150hz_75db_250ff-10p-120.wav,6.8932,29.0,i,10,p,120,150.0
9991,11.0,4.0,"10,11,12,11",m,False,main_files/trial_i/07_i_150hz_75db_250ff-40p-40.wav,6.1742,29.0,i,40,p,40,150.0
9991,11.0,0.0,,l,True,main_files/trial_i/07_i_150hz_75db_250ff-30n-40.wav,0.0,29.0,i,30,n,40,150.0
9991,11.0,0.0,,l,True,main_files/trial_i/07_i_150hz_75db_250ff-10n-120.wav,0.0,29.0,i,10,n,120,150.0
9991,11.0,0.0,,l,False,main_files/trial_i/07_i_150hz_75db_250ff-20p-100.wav,0.0,29.0,i,20,p,100,150.0
9991,11.0,0.0,,l,False,main_files/trial_i/07_i_150hz_75db_250ff-000-120.wav,0.0,29.0,i,0,0,0,150.0
9991,9.0,4.0,"9,8,10,9",l,True,main_files/trial_i/07_i_150hz_75db_250ff-40n-250.wav,7.264,29.0,i,40,n,250,140.0
9991,11.0,0.0,,l,True,main_files/trial_i/07_i_150hz_75db_250ff-20n-250.wav,0.0,29.0,i,20,n,250,150.0
9991,11.0,0.0,,l,False,main_files/trial_i/07_i_150hz_75db_250ff-30p-80.wav,0.0,29.0,i,30,p,80,150.0
9991,11.0,0.0,,l,True,main_files/trial_i/07_i_150hz_75db_250ff-30n-80.wav,0.0,29.0,i,30,n,80,150.0
9991,11.0,0.0,,l,True,main_files/trial_i/07_i_150hz_75db_250ff-10n-60.wav,0.0,29.0,i,10,n,60,150.0
9991,11.0,0.0,,l,True,main_files/trial_i/07_i_150hz_75db_250ff-20n-120.wav,0.0,29.0,i,20,n,120,150.0
9991,11.0,0.0,,l,True,main_files/trial_i/07_i_150hz_75db_250ff-20n-80.wav,0.0,29.0,i,20,n,80,150.0
9991,12.0,1.0,12,h,True,main_files/trial_i/07_i_150hz_75db_250ff-30p-120.wav,2.076,29.0,i,30,p,120,155.0
9991,12.0,3.0,"12,11,12",h,True,main_files/trial_i/07_i_150hz_75db_250ff-20p-80.wav,7.0863,29.0,i,20,p,80,155.0
9991,11.0,0.0,,l,False,main_files/trial_i/07_i_150hz_75db_250ff-30p-100.wav,0.0,29.0,i,30,p,100,150.0
9991,13.0,1.0,13,h,True,main_files/trial_i/07_i_150hz_75db_250ff-30p-250.wav,1.6703,29.0,i,30,p,250,160.0
9991,11.0,0.0,,l,False,main_files/trial_i/07_i_150hz_75db_250ff-30p-40.wav,0.0,29.0,i,30,p,40,150.0
9991,11.0,0.0,,l,False,main_files/trial_i/07_i_150hz_75db_250ff-10p-100.wav,0.0,29.0,i,10,p,100,150.0
9991,10.0,2.0,"9,10",l,True,main_files/trial_i/07_i_150hz_75db_250ff-40n-80.wav,2.2036,29.0,i,40,n,80,145.0
9991,11.0,0.0,,l,False,main_files/trial_i/07_i_150hz_75db_250ff-000-60.wav,0.0,29.0,i,0,0,0,150.0
9991,11.0,0.0,,l,False,main_files/trial_i/07_i_150hz_75db_250ff-000-100.wav,0.0,29.0,i,0,0,0,150.0
9991,11.0,0.0,,l,False,main_files/trial_i/07_i_150hz_75db_250ff-000-40.wav,0.0,29.0,i,0,0,0,150.0
9991,11.0,0.0,,l,False,main_files/trial_i/07_i_150hz_75db_250ff-20p-60.wav,0.0,29.0,i,20,p,60,150.0
9991,11.0,0.0,,l,False,main_files/trial_i/07_i_150hz_75db_250ff-10p-80.wav,0.0,29.0,i,10,p,80,150.0
9991,10.0,1.0,10,l,True,main_files/trial_i/07_i_150hz_75db_250ff-10n-250.wav,1.7957,29.0,i,10,n,250,145.0
9991,11.0,0.0,,l,True,main_files/trial_i/07_i_150hz_75db_250ff-40n-40.wav,0.0,29.0,i,40,n,40,150.0
9991,11.0,0.0,,l,False,main_files/trial_i/07_i_150hz_75db_250ff-40p-60.wav,0.0,29.0,i,40,p,60,150.0
9991,11.0,0.0,,l,True,main_files/trial_i/07_i_150hz_75db_250ff-20n-40.wav,0.0,29.0,i,20,n,40,150.0
9991,10.0,2.0,"9,10",l,True,main_files/trial_i/07_i_150hz_75db_250ff-40n-60.wav,3.3377,29.0,i,40,n,60,145.0
9991,11.0,0.0,,l,False,main_files/trial_i/07_i_150hz_75db_250ff-000-250.wav,0.0,29.0,i,0,0,0,150.0
9991,11.0,0.0,,l,True,main_files/trial_i/07_i_150hz_75db_250ff-10n-100.wav,0.0,29.0,i,10,n,100,150.0
23467876543,11.0,2.0,"10,11",m,True,main_files/trial_di/07_di_cross_150hz_75db_250ff-000-100.wav,5.3099,32.0,di,0,0,0,150.0
23467876543,7.0,4.0,"9,8,9,7",l,True,main_files/trial_di/07_di_cross_150hz_75db_250ff-30n-120.wav,9.8724,32.0,di,30,n,120,130.0
23467876543,12.0,1.0,12,h,True,main_files/trial_di/07_di_cross_150hz_75db_250ff-10p-250.wav,2.4049,32.0,di,10,p,250,155.0
23467876543,11.0,0.0,,l,False,main_files/trial_di/07_di_cross_150hz_75db_250ff-10p-80.wav,0.0,32.0,di,10,p,80,150.0
23467876543,14.0,3.0,"9,10,14",h,True,main_files/trial_di/07_di_cross_150hz_75db_250ff-30p-250.wav,7.2365,32.0,di,30,p,250,165.0
23467876543,10.0,1.0,10,l,False,main_files/trial_di/07_di_cross_150hz_75db_250ff-40p-40.wav,4.855,32.0,di,40,p,40,145.0
23467876543,11.0,0.0,,l,False,main_files/trial_di/07_di_cross_150hz_75db_250ff-10p-60.wav,0.0,32.0,di,10,p,60,150.0
23467876543,9.0,1.0,9,l,True,main_files/trial_di/07_di_cross_150hz_75db_250ff-30n-80.wav,2.8203,32.0,di,30,n,80,140.0
23467876543,10.0,2.0,"9,10",l,True,main_files/trial_di/07_di_cross_150hz_75db_250ff-10n-40.wav,6.3908,32.0,di,10,n,40,145.0
23467876543,11.0,0.0,,l,False,main_files/trial_di/07_di_cross_150hz_75db_250ff-10p-120.wav,0.0,32.0,di,10,p,120,150.0
23467876543,11.0,0.0,,l,True,main_files/trial_di/07_di_cross_150hz_75db_250ff-20n-80.wav,0.0,32.0,di,20,n,80,150.0
23467876543,11.0,0.0,,l,True,main_files/trial_di/07_di_cross_150hz_75db_250ff-20n-120.wav,0.0,32.0,di,20,n,120,150.0
23467876543,12.0,3.0,"9,10,12",h,False,main_files/trial_di/07_di_cross_150hz_75db_250ff-10n-80.wav,6.8944,32.0,di,10,n,80,155.0
23467876543,13.0,2.0,"12,13",h,True,main_files/trial_di/07_di_cross_150hz_75db_250ff-30p-80.wav,4.2935,32.0,di,30,p,80,160.0
23467876543,11.0,0.0,,l,False,main_files/trial_di/07_di_cross_150hz_75db_250ff-000-250.wav,0.0,32.0,di,0,0,0,150.0
23467876543,11.0,0.0,,l,True,main_files/trial_di/07_di_cross_150hz_75db_250ff-30n-40.wav,0.0,32.0,di,30,n,40,150.0
23467876543,6.0,4.0,"9,10,5,6",l,False,main_files/trial_di/07_di_cross_150hz_75db_250ff-40p-120.wav,8.2793,32.0,di,40,p,120,125.0
23467876543,9.0,2.0,"10,9",l,True,main_files/trial_di/07_di_cross_150hz_75db_250ff-40n-120.wav,6.0934,32.0,di,40,n,120,140.0
23467876543,11.0,0.0,,l,True,main_files/trial_di/07_di_cross_150hz_75db_250ff-40n-40.wav,0.0,32.0,di,40,n,40,150.0
23467876543,11.0,0.0,,l,False,main_files/trial_di/07_di_cross_150hz_75db_250ff-20p-60.wav,0.0,32.0,di,20,p,60,150.0
23467876543,10.0,2.0,"12,10",l,False,main_files/trial_di/07_di_cross_150hz_75db_250ff-20p-40.wav,5.0136,32.0,di,20,p,40,145.0
23467876543,5.0,4.0,"8,9,6,5",l,True,main_files/trial_di/07_di_cross_150hz_75db_250ff-40n-250.wav,10.0105,32.0,di,40,n,250,120.0
23467876543,11.0,0.0,,l,False,main_files/trial_di/07_di_cross_150hz_75db_250ff-10p-40.wav,0.0,32.0,di,10,p,40,150.0
23467876543,12.0,1.0,12,h,True,main_files/trial_di/07_di_cross_150hz_75db_250ff-40p-60.wav,2.2298,32.0,di,40,p,60,155.0
23467876543,11.0,2.0,"10,11",m,False,main_files/trial_di/07_di_cross_150hz_75db_250ff-30n-60.wav,5.854,32.0,di,30,n,60,150.0
23467876543,11.0,0.0,,l,True,main_files/trial_di/07_di_cross_150hz_75db_250ff-10n-120.wav,0.0,32.0,di,10,n,120,150.0
23467876543,12.0,1.0,12,h,True,main_files/trial_di/07_di_cross_150hz_75db_250ff-20p-120.wav,2.5609,32.0,di,20,p,120,155.0
23467876543,11.0,0.0,,l,False,main_files/trial_di/07_di_cross_150hz_75db_250ff-000-40.wav,0.0,32.0,di,0,0,0,150.0
23467876543,16.0,3.0,"14,13,16",h,True,main_files/trial_di/07_di_cross_150hz_75db_250ff-40p-250.wav,6.4718,32.0,di,40,p,250,175.0
23467876543,9.0,2.0,"13,9",l,True,main_files/trial_di/07_di_cross_150hz_75db_250ff-20n-250.wav,6.3634,32.0,di,20,n,250,140.0
23467876543,11.0,0.0,,l,True,main_files/trial_di/07_di_cross_150hz_75db_250ff-40n-100.wav,0.0,32.0,di,40,n,100,150.0
23467876543,11.0,0.0,,l,False,main_files/trial_di/07_di_cross_150hz_75db_250ff-30p-100.wav,0.0,32.0,di,30,p,100,150.0
23467876543,11.0,0.0,,l,True,main_files/trial_di/07_di_cross_150hz_75db_250ff-10n-60.wav,0.0,32.0,di,10,n,60,150.0
23467876543,11.0,0.0,,l,True,main_files/trial_di/07_di_cross_150hz_75db_250ff-20n-40.wav,0.0,32.0,di,20,n,40,150.0
23467876543,13.0,4.0,"9,10,14,13",h,True,main_files/trial_di/07_di_cross_150hz_75db_250ff-20p-100.wav,7.7226,32.0,di,20,p,100,160.0
23467876543,11.0,0.0,,l,False,main_files/trial_di/07_di_cross_150hz_75db_250ff-30p-40.wav,0.0,32.0,di,30,p,40,150.0
23467876543,12.0,2.0,"10,12",h,False,main_files/trial_di/07_di_cross_150hz_75db_250ff-30n-100.wav,4.002,32.0,di,30,n,100,155.0
23467876543,11.0,0.0,,l,False,main_files/trial_di/07_di_cross_150hz_75db_250ff-30p-120.wav,0.0,32.0,di,30,p,120,150.0
23467876543,8.0,4.0,"8,9,7,8",l,True,main_files/trial_di/07_di_cross_150hz_75db_250ff-30n-250.wav,8.7695,32.0,di,30,n,250,135.0
23467876543,12.0,2.0,"10,12",h,True,main_files/trial_di/07_di_cross_150hz_75db_250ff-30p-60.wav,4.5683,32.0,di,30,p,60,155.0
23467876543,11.0,0.0,,l,False,main_files/trial_di/07_di_cross_150hz_75db_250ff-10p-100.wav,0.0,32.0,di,10,p,100,150.0
23467876543,11.0,4.0,"12,11,10,11",m,False,main_files/trial_di/07_di_cross_150hz_75db_250ff-40p-100.wav,7.3709,32.0,di,40,p,100,150.0
23467876543,11.0,0.0,,l,False,main_files/trial_di/07_di_cross_150hz_75db_250ff-000-80.wav,0.0,32.0,di,0,0,0,150.0
23467876543,11.0,0.0,,l,False,main_files/trial_di/07_di_cross_150hz_75db_250ff-000-120.wav,0.0,32.0,di,0,0,0,150.0
23467876543,11.0,0.0,,l,False,main_files/trial_di/07_di_cross_150hz_75db_250ff-000-60.wav,0.0,32.0,di,0,0,0,150.0
23467876543,12.0,1.0,12,h,True,main_files/trial_di/07_di_cross_150hz_75db_250ff-20p-80.wav,2.1299,32.0,di,20,p,80,155.0
23467876543,11.0,0.0,,l,True,main_files/trial_di/07_di_cross_150hz_75db_250ff-20n-100.wav,0.0,32.0,di,20,n,100,150.0
23467876543,10.0,1.0,10,l,True,main_files/trial_di/07_di_cross_150hz_75db_250ff-10n-250.wav,2.7123,32.0,di,10,n,250,145.0
23467876543,7.0,5.0,"10,9,10,8,7",l,True,main_files/trial_di/07_di_cross_150hz_75db_250ff-40n-60.wav,13.4801,32.0,di,40,n,60,130.0
23467876543,11.0,0.0,,l,False,main_files/trial_di/07_di_cross_150hz_75db_250ff-40p-80.wav,0.0,32.0,di,40,p,80,150.0
23467876543,11.0,0.0,,l,True,main_files/trial_di/07_di_cross_150hz_75db_250ff-20n-60.wav,0.0,32.0,di,20,n,60,150.0
23467876543,11.0,0.0,,l,True,main_files/trial_di/07_di_cross_150hz_75db_250ff-40n-80.wav,0.0,32.0,di,40,n,80,150.0
23467876543,13.0,1.0,13,h,True,main_files/trial_di/07_di_cross_150hz_75db_250ff-20p-250.wav,1.9312,32.0,di,20,p,250,160.0
23467876543,13.0,4.0,"12,10,14,13",h,False,main_files/trial_di/07_di_cross_150hz_75db_250ff-10n-100.wav,9.1127,32.0,di,10,n,100,160.0
23467876543,9.0,6.0,"7,8,10,9,8,9",l,False,main_files/trial_i/07_i_150hz_75db_250ff-40p-80.wav,11.4528,32.0,i,40,p,80,140.0
23467876543,10.0,1.0,10,l,True,main_files/trial_i/07_i_150hz_75db_250ff-30n-100.wav,3.2808,32.0,i,30,n,100,145.0
23467876543,13.0,1.0,13,h,True,main_files/trial_i/07_i_150hz_75db_250ff-20p-250.wav,2.655,32.0,i,20,p,250,160.0
23467876543,11.0,0.0,,l,False,main_files/trial_i/07_i_150hz_75db_250ff-10p-60.wav,0.0,32.0,i,10,p,60,150.0
23467876543,9.0,1.0,9,l,True,main_files/trial_i/07_i_150hz_75db_250ff-30n-250.wav,2.127,32.0,i,30,n,250,140.0
23467876543,13.0,3.0,"10,12,13",h,True,main_files/trial_i/07_i_150hz_75db_250ff-40p-120.wav,6.9382,32.0,i,40,p,120,160.0
23467876543,12.0,1.0,12,h,True,main_files/trial_i/07_i_150hz_75db_250ff-10p-40.wav,3.3432,32.0,i,10,p,40,155.0
23467876543,9.0,1.0,9,l,True,main_files/trial_i/07_i_150hz_75db_250ff-30n-60.wav,2.486,32.0,i,30,n,60,140.0
23467876543,10.0,1.0,10,l,True,main_files/trial_i/07_i_150hz_75db_250ff-10n-40.wav,4.3361,32.0,i,10,n,40,145.0
23467876543,11.0,0.0,,l,False,main_files/trial_i/07_i_150hz_75db_250ff-10p-250.wav,0.0,32.0,i,10,p,250,150.0
23467876543,11.0,0.0,,l,True,main_files/trial_i/07_i_150hz_75db_250ff-20n-60.wav,0.0,32.0,i,20,n,60,150.0
23467876543,10.0,1.0,10,l,True,main_files/trial_i/07_i_150hz_75db_250ff-20n-100.wav,2.2883,32.0,i,20,n,100,145.0
23467876543,11.0,0.0,,l,True,main_files/trial_i/07_i_150hz_75db_250ff-10n-80.wav,0.0,32.0,i,10,n,80,150.0
23467876543,12.0,1.0,12,h,True,main_files/trial_i/07_i_150hz_75db_250ff-30p-60.wav,2.5087,32.0,i,30,p,60,155.0
23467876543,11.0,0.0,,l,False,main_files/trial_i/07_i_150hz_75db_250ff-000-80.wav,0.0,32.0,i,0,0,0,150.0
23467876543,8.0,2.0,"9,8",l,True,main_files/trial_i/07_i_150hz_75db_250ff-30n-120.wav,3.8962,32.0,i,30,n,120,135.0
23467876543,11.0,0.0,,l,False,main_files/trial_i/07_i_150hz_75db_250ff-40p-100.wav,0.0,32.0,i,40,p,100,150.0
23467876543,10.0,1.0,10,l,True,main_files/trial_i/07_i_150hz_75db_250ff-40n-100.wav,2.4378,32.0,i,40,n,100,145.0
23467876543,10.0,1.0,10,l,True,main_files/trial_i/07_i_150hz_75db_250ff-40n-120.wav,2.4782,32.0,i,40,n,120,145.0
23467876543,11.0,0.0,,l,False,main_files/trial_i/07_i_150hz_75db_250ff-20p-40.wav,0.0,32.0,i,20,p,40,150.0
23467876543,11.0,0.0,,l,False,main_files/trial_i/07_i_150hz_75db_250ff-20p-120.wav,0.0,32.0,i,20,p,120,150.0
23467876543,14.0,3.0,"12,13,14",h,True,main_files/trial_i/07_i_150hz_75db_250ff-40p-250.wav,5.3221,32.0,i,40,p,250,165.0
23467876543,11.0,4.0,"12,11,10,11",m,False,main_files/trial_i/07_i_150hz_75db_250ff-10p-120.wav,10.674,32.0,i,10,p,120,150.0
23467876543,11.0,0.0,,l,False,main_files/trial_i/07_i_150hz_75db_250ff-40p-40.wav,0.0,32.0,i,40,p,40,150.0
23467876543,11.0,0.0,,l,True,main_files/trial_i/07_i_150hz_75db_250ff-30n-40.wav,0.0,32.0,i,30,n,40,150.0
23467876543,11.0,3.0,"10,12,11",m,False,main_files/trial_i/07_i_150hz_75db_250ff-10n-120.wav,6.9273,32.0,i,10,n,120,150.0
23467876543,11.0,0.0,,l,False,main_files/trial_i/07_i_150hz_75db_250ff-20p-100.wav,0.0,32.0,i,20,p,100,150.0
23467876543,11.0,0.0,,l,False,main_files/trial_i/07_i_150hz_75db_250ff-000-120.wav,0.0,32.0,i,0,0,0,150.0
23467876543,7.0,4.0,"8,9,6,7",l,True,main_files/trial_i/07_i_150hz_75db_250ff-40n-250.wav,7.8052,32.0,i,40,n,250,130.0
23467876543,10.0,1.0,10,l,True,main_files/trial_i/07_i_150hz_75db_250ff-20n-250.wav,3.6722,32.0,i,20,n,250,145.0
23467876543,11.0,0.0,,l,False,main_files/trial_i/07_i_150hz_75db_250ff-30p-80.wav,0.0,32.0,i,30,p,80,150.0
23467876543,11.0,0.0,,l,True,main_files/trial_i/07_i_150hz_75db_250ff-30n-80.wav,0.0,32.0,i,30,n,80,150.0
23467876543,11.0,0.0,,l,True,main_files/trial_i/07_i_150hz_75db_250ff-10n-60.wav,0.0,32.0,i,10,n,60,150.0
23467876543,11.0,0.0,,l,True,main_files/trial_i/07_i_150hz_75db_250ff-20n-120.wav,0.0,32.0,i,20,n,120,150.0
23467876543,11.0,0.0,,l,True,main_files/trial_i/07_i_150hz_75db_250ff-20n-80.wav,0.0,32.0,i,20,n,80,150.0
23467876543,13.0,1.0,13,h,True,main_files/trial_i/07_i_150hz_75db_250ff-30p-120.wav,1.9788,32.0,i,30,p,120,160.0
23467876543,12.0,1.0,12,h,True,main_files/trial_i/07_i_150hz_75db_250ff-20p-80.wav,2.1216,32.0,i,20,p,80,155.0
23467876543,12.0,1.0,12,h,True,main_files/trial_i/07_i_150hz_75db_250ff-30p-100.wav,2.0717,32.0,i,30,p,100,155.0
23467876543,14.0,2.0,"15,14",h,True,main_files/trial_i/07_i_150hz_75db_250ff-30p-250.wav,4.6622,32.0,i,30,p,250,165.0
23467876543,11.0,0.0,,l,False,main_files/trial_i/07_i_150hz_75db_250ff-30p-40.wav,0.0,32.0,i,30,p,40,150.0
23467876543,10.0,1.0,10,l,False,main_files/trial_i/07_i_150hz_75db_250ff-10p-100.wav,2.0635,32.0,i,10,p,100,145.0
23467876543,9.0,1.0,9,l,True,main_files/trial_i/07_i_150hz_75db_250ff-40n-80.wav,2.4507,32.0,i,40,n,80,140.0
23467876543,11.0,0.0,,l,False,main_files/trial_i/07_i_150hz_75db_250ff-000-60.wav,0.0,32.0,i,0,0,0,150.0
23467876543,11.0,0.0,,l,False,main_files/trial_i/07_i_150hz_75db_250ff-000-100.wav,0.0,32.0,i,0,0,0,150.0
23467876543,11.0,0.0,,l,False,main_files/trial_i/07_i_150hz_75db_250ff-000-40.wav,0.0,32.0,i,0,0,0,150.0
23467876543,11.0,0.0,,l,False,main_files/trial_i/07_i_150hz_75db_250ff-20p-60.wav,0.0,32.0,i,20,p,60,150.0
23467876543,11.0,0.0,,l,False,main_files/trial_i/07_i_150hz_75db_250ff-10p-80.wav,0.0,32.0,i,10,p,80,150.0
23467876543,9.0,1.0,9,l,True,main_files/trial_i/07_i_150hz_75db_250ff-10n-250.wav,1.9871,32.0,i,10,n,250,140.0
23467876543,8.0,2.0,"6,8",l,True,main_files/trial_i/07_i_150hz_75db_250ff-40n-40.wav,4.3784,32.0,i,40,n,40,135.0
23467876543,11.0,0.0,,l,False,main_files/trial_i/07_i_150hz_75db_250ff-40p-60.wav,0.0,32.0,i,40,p,60,150.0
23467876543,11.0,0.0,,l,True,main_files/trial_i/07_i_150hz_75db_250ff-20n-40.wav,0.0,32.0,i,20,n,40,150.0
23467876543,10.0,1.0,10,l,True,main_files/trial_i/07_i_150hz_75db_250ff-40n-60.wav,2.3797,32.0,i,40,n,60,145.0
23467876543,11.0,0.0,,l,False,main_files/trial_i/07_i_150hz_75db_250ff-000-250.wav,0.0,32.0,i,0,0,0,150.0
23467876543,11.0,0.0,,l,True,main_files/trial_i/07_i_150hz_75db_250ff-10n-100.wav,0.0,32.0,i,10,n,100,150.0
23467876543,11.0,0.0,,l,False,main_files/trial_tone/tone_150hz_75db_250ff-000-100.wav,0.0,32.0,tone,0,0,0,150.0
23467876543,8.0,1.0,8,l,True,main_files/trial_tone/tone_150hz_75db_250ff-30n-120.wav,2.3703,32.0,tone,30,n,120,135.0
23467876543,12.0,2.0,"13,12",h,True,main_files/trial_tone/tone_150hz_75db_250ff-10p-250.wav,4.6176,32.0,tone,10,p,250,155.0
23467876543,12.0,2.0,"10,12",h,True,main_files/trial_tone/tone_150hz_75db_250ff-10p-80.wav,4.6528,32.0,tone,10,p,80,155.0
23467876543,14.0,2.0,"12,14",h,True,main_files/trial_tone/tone_150hz_75db_250ff-30p-250.wav,3.9957,32.0,tone,30,p,250,165.0
23467876543,12.0,3.0,"10,13,12",h,True,main_files/trial_tone/tone_150hz_75db_250ff-40p-40.wav,7.0221,32.0,tone,40,p,40,155.0
23467876543,12.0,1.0,12,h,True,main_files/trial_tone/tone_150hz_75db_250ff-10p-60.wav,2.0706,32.0,tone,10,p,60,155.0
23467876543,10.0,1.0,10,l,True,main_files/trial_tone/tone_150hz_75db_250ff-30n-80.wav,2.0451,32.0,tone,30,n,80,145.0
23467876543,11.0,0.0,,l,True,main_files/trial_tone/tone_150hz_75db_250ff-10n-40.wav,0.0,32.0,tone,10,n,40,150.0
23467876543,11.0,0.0,,l,False,main_files/trial_tone/tone_150hz_75db_250ff-10p-120.wav,0.0,32.0,tone,10,p,120,150.0
23467876543,9.0,3.0,"10,12,9",l,True,main_files/trial_tone/tone_150hz_75db_250ff-20n-80.wav,7.2542,32.0,tone,20,n,80,140.0
23467876543,11.0,0.0,,l,True,main_files/trial_tone/tone_150hz_75db_250ff-20n-120.wav,0.0,32.0,tone,20,n,120,150.0
23467876543,11.0,0.0,,l,True,main_files/trial_tone/tone_150hz_75db_250ff-10n-80.wav,0.0,32.0,tone,10,n,80,150.0
23467876543,13.0,3.0,"12,14,13",h,True,main_files/trial_tone/tone_150hz_75db_250ff-30p-80.wav,6.4461,32.0,tone,30,p,80,160.0
23467876543,11.0,0.0,,l,False,main_files/trial_tone/tone_150hz_75db_250ff-000-250.wav,0.0,32.0,tone,0,0,0,150.0
23467876543,10.0,1.0,10,l,True,main_files/trial_tone/tone_150hz_75db_250ff-30n-40.wav,2.0538,32.0,tone,30,n,40,145.0
23467876543,14.0,3.0,"12,13,14",h,True,main_files/trial_tone/tone_150hz_75db_250ff-40p-120.wav,6.4958,32.0,tone,40,p,120,165.0
23467876543,8.0,1.0,8,l,True,main_files/trial_tone/tone_150hz_75db_250ff-40n-120.wav,2.4046,32.0,tone,40,n,120,135.0
23467876543,11.0,0.0,,l,True,main_files/trial_tone/tone_150hz_75db_250ff-40n-40.wav,0.0,32.0,tone,40,n,40,150.0
23467876543,12.0,2.0,"10,12",h,True,main_files/trial_tone/tone_150hz_75db_250ff-20p-60.wav,4.4192,32.0,tone,20,p,60,155.0
23467876543,11.0,0.0,,l,False,main_files/trial_tone/tone_150hz_75db_250ff-20p-40.wav,0.0,32.0,tone,20,p,40,150.0
23467876543,7.0,1.0,7,l,True,main_files/trial_tone/tone_150hz_75db_250ff-40n-250.wav,1.8964,32.0,tone,40,n,250,130.0
23467876543,11.0,2.0,"12,11",m,False,main_files/trial_tone/tone_150hz_75db_250ff-10p-40.wav,4.2055,32.0,tone,10,p,40,150.0
23467876543,11.0,0.0,,l,False,main_files/trial_tone/tone_150hz_75db_250ff-40p-60.wav,0.0,32.0,tone,40,p,60,150.0
23467876543,11.0,3.0,"10,12,11",m,False,main_files/trial_tone/tone_150hz_75db_250ff-30n-60.wav,6.2963,32.0,tone,30,n,60,150.0
23467876543,11.0,0.0,,l,True,main_files/trial_tone/tone_150hz_75db_250ff-10n-120.wav,0.0,32.0,tone,10,n,120,150.0
23467876543,11.0,0.0,,l,False,main_files/trial_tone/tone_150hz_75db_250ff-20p-120.wav,0.0,32.0,tone,20,p,120,150.0
23467876543,11.0,0.0,,l,False,main_files/trial_tone/tone_150hz_75db_250ff-000-40.wav,0.0,32.0,tone,0,0,0,150.0
23467876543,13.0,1.0,13,h,True,main_files/trial_tone/tone_150hz_75db_250ff-40p-250.wav,2.2207,32.0,tone,40,p,250,160.0
23467876543,9.0,2.0,"8,9",l,True,main_files/trial_tone/tone_150hz_75db_250ff-20n-250.wav,4.1531,32.0,tone,20,n,250,140.0
23467876543,10.0,4.0,"8,10,9,10",l,True,main_files/trial_tone/tone_150hz_75db_250ff-40n-100.wav,6.095,32.0,tone,40,n,100,145.0
23467876543,12.0,1.0,12,h,True,main_files/trial_tone/tone_150hz_75db_250ff-30p-100.wav,1.9223,32.0,tone,30,p,100,155.0
23467876543,12.0,1.0,12,h,False,main_files/trial_tone/tone_150hz_75db_250ff-10n-60.wav,1.7618,32.0,tone,10,n,60,155.0
23467876543,11.0,0.0,,l,True,main_files/trial_tone/tone_150hz_75db_250ff-20n-40.wav,0.0,32.0,tone,20,n,40,150.0
23467876543,11.0,0.0,,l,False,main_files/trial_tone/tone_150hz_75db_250ff-20p-100.wav,0.0,32.0,tone,20,p,100,150.0
23467876543,11.0,0.0,,l,False,main_files/trial_tone/tone_150hz_75db_250ff-30p-40.wav,0.0,32.0,tone,30,p,40,150.0
23467876543,10.0,1.0,10,l,True,main_files/trial_tone/tone_150hz_75db_250ff-30n-100.wav,1.7468,32.0,tone,30,n,100,145.0
23467876543,12.0,1.0,12,h,True,main_files/trial_tone/tone_150hz_75db_250ff-30p-120.wav,2.0131,32.0,tone,30,p,120,155.0
23467876543,9.0,2.0,"10,9",l,True,main_files/trial_tone/tone_150hz_75db_250ff-30n-250.wav,3.2028,32.0,tone,30,n,250,140.0
23467876543,13.0,2.0,"12,13",h,True,main_files/trial_tone/tone_150hz_75db_250ff-30p-60.wav,5.1117,32.0,tone,30,p,60,160.0
23467876543,11.0,0.0,,l,False,main_files/trial_tone/tone_150hz_75db_250ff-10p-100.wav,0.0,32.0,tone,10,p,100,150.0
23467876543,13.0,1.0,13,h,True,main_files/trial_tone/tone_150hz_75db_250ff-40p-100.wav,1.9145,32.0,tone,40,p,100,160.0
23467876543,11.0,0.0,,l,False,main_files/trial_tone/tone_150hz_75db_250ff-000-80.wav,0.0,32.0,tone,0,0,0,150.0
23467876543,11.0,0.0,,l,False,main_files/trial_tone/tone_150hz_75db_250ff-000-120.wav,0.0,32.0,tone,0,0,0,150.0
23467876543,11.0,0.0,,l,False,main_files/trial_tone/tone_150hz_75db_250ff-000-60.wav,0.0,32.0,tone,0,0,0,150.0
23467876543,11.0,0.0,,l,False,main_files/trial_tone/tone_150hz_75db_250ff-20p-80.wav,0.0,32.0,tone,20,p,80,150.0
23467876543,9.0,1.0,9,l,True,main_files/trial_tone/tone_150hz_75db_250ff-20n-100.wav,1.6475,32.0,tone,20,n,100,140.0
23467876543,10.0,1.0,10,l,True,main_files/trial_tone/tone_150hz_75db_250ff-10n-250.wav,2.7274,32.0,tone,10,n,250,145.0
23467876543,11.0,0.0,,l,True,main_files/trial_tone/tone_150hz_75db_250ff-40n-60.wav,0.0,32.0,tone,40,n,60,150.0
23467876543,13.0,2.0,"12,13",h,True,main_files/trial_tone/tone_150hz_75db_250ff-40p-80.wav,3.3116,32.0,tone,40,p,80,160.0
23467876543,10.0,2.0,"9,10",l,True,main_files/trial_tone/tone_150hz_75db_250ff-20n-60.wav,3.8205,32.0,tone,20,n,60,145.0
23467876543,10.0,1.0,10,l,True,main_files/trial_tone/tone_150hz_75db_250ff-40n-80.wav,1.6193,32.0,tone,40,n,80,145.0
23467876543,13.0,1.0,13,h,True,main_files/trial_tone/tone_150hz_75db_250ff-20p-250.wav,2.0964,32.0,tone,20,p,250,160.0
23467876543,12.0,4.0,"10,11,13,12",h,False,main_files/trial_tone/tone_150hz_75db_250ff-10n-100.wav,8.4797,32.0,tone,10,n,100,155.0
898,10.0,4.0,"10,11,8,10",l,False,main_files/trial_i/07_i_150hz_75db_250ff-40p-80.wav,9.6105,0.0,i,40,p,80,145.0
898,12.0,4.0,"13,12,14,12",h,False,main_files/trial_i/07_i_150hz_75db_250ff-30n-100.wav,11.4243,0.0,i,30,n,100,155.0
898,11.0,0.0,,l,False,main_files/trial_i/07_i_150hz_75db_250ff-20p-250.wav,0.0,0.0,i,20,p,250,150.0
898,11.0,0.0,,l,False,main_files/trial_i/07_i_150hz_75db_250ff-10p-60.wav,0.0,0.0,i,10,p,60,150.0
898,9.0,2.0,"8,9",l,True,main_files/trial_i/07_i_150hz_75db_250ff-30n-250.wav,5.5525,0.0,i,30,n,250,140.0
898,9.0,9.0,"10,9,8,7,11,12,11,10,9",l,False,main_files/trial_i/07_i_150hz_75db_250ff-40p-120.wav,20.2124,0.0,i,40,p,120,140.0
898,11.0,4.0,"10,11,10,11",m,False,main_files/trial_i/07_i_150hz_75db_250ff-10p-40.wav,7.785,0.0,i,10,p,40,150.0
898,8.0,1.0,8,l,True,main_files/trial_i/07_i_150hz_75db_250ff-30n-60.wav,2.7187,0.0,i,30,n,60,135.0
898,9.0,7.0,"9,8,9,10,9,10,9",l,True,main_files/trial_i/07_i_150hz_75db_250ff-10n-40.wav,16.2417,0.0,i,10,n,40,140.0
898,11.0,4.0,"10,11,9,11",m,False,main_files/trial_i/07_i_150hz_75db_250ff-10p-250.wav,7.861099999,0.0,i,10,p,250,150.0
898,10.0,9.0,"13,12,11,12,11,10,9,11,10",l,True,main_files/trial_i/07_i_150hz_75db_250ff-20n-60.wav,18.6289,0.0,i,20,n,60,145.0
898,12.0,7.0,"10,9,10,11,12,13,12",h,False,main_files/trial_i/07_i_150hz_75db_250ff-20n-100.wav,13.945,0.0,i,20,n,100,155.0
898,9.0,3.0,"10,11,9",l,True,main_files/trial_i/07_i_150hz_75db_250ff-10n-80.wav,6.8682,0.0,i,10,n,80,140.0
898,10.0,3.0,"8,9,10",l,False,main_files/trial_i/07_i_150hz_75db_250ff-30p-60.wav,5.714200001,0.0,i,30,p,60,145.0
898,9.0,7.0,"12,11,12,13,12,10,9",l,False,main_files/trial_i/07_i_150hz_75db_250ff-000-80.wav,14.9629,0.0,i,0,0,0,140.0
898,13.0,1.0,13,h,False,main_files/trial_i/07_i_150hz_75db_250ff-30n-120.wav,2.879900001,0.0,i,30,n,120,160.0
898,12.0,19.0,"10,11,10,9,11,12,13,12,14,20,18,17,16,15,14,13,12,11,12",h,True,main_files/trial_i/07_i_150hz_75db_250ff-40p-100.wav,35.3605,0.0,i,40,p,100,155.0
898,13.0,1.0,13,h,False,main_files/trial_i/07_i_150hz_75db_250ff-40n-100.wav,7.345599999,0.0,i,40,n,100,160.0
898,12.0,1.0,12,h,False,main_files/trial_i/07_i_150hz_75db_250ff-40n-120.wav,2.0866,0.0,i,40,n,120,155.0
898,13.0,2.0,"12,13",h,True,main_files/trial_i/07_i_150hz_75db_250ff-20p-40.wav,4.6518,0.0,i,20,p,40,160.0
898,10.0,12.0,"12,13,14,15,14,13,12,13,9,8,9,10",l,False,main_files/trial_i/07_i_150hz_75db_250ff-20p-120.wav,20.2952,0.0,i,20,p,120,145.0
898,10.0,7.0,"10,9,10,11,12,13,10",l,False,main_files/trial_i/07_i_150hz_75db_250ff-40p-250.wav,15.3276,0.0,i,40,p,250,145.0
898,10.0,1.0,10,l,False,main_files/trial_i/07_i_150hz_75db_250ff-10p-120.wav,2.639,0.0,i,10,p,120,145.0
898,11.0,9.0,"10,9,11,9,11,9,11,9,11",m,False,main_files/trial_i/07_i_150hz_75db_250ff-40p-40.wav,19.2235,0.0,i,40,p,40,150.0
898,7.0,8.0,"10,7,6,5,6,7,6,7",l,True,main_files/trial_i/07_i_150hz_75db_250ff-30n-40.wav,16.0939,0.0,i,30,n,40,130.0
898,8.0,7.0,"6,7,8,7,8,7,8",l,True,main_files/trial_i/07_i_150hz_75db_250ff-10n-120.wav,14.7855,0.0,i,10,n,120,135.0
898,5.0,5.0,"7,8,5,4,5",l,False,main_files/trial_i/07_i_150hz_75db_250ff-20p-100.wav,8.913799999,0.0,i,20,p,100,120.0
898,6.0,2.0,"5,6",l,False,main_files/trial_i/07_i_150hz_75db_250ff-000-120.wav,3.9789,0.0,i,0,0,0,125.0
898,7.0,4.0,"4,5,6,7",l,True,main_files/trial_i/07_i_150hz_75db_250ff-40n-250.wav,7.3934,0.0,i,40,n,250,130.0
898,6.0,6.0,"6,7,8,6,5,6",l,True,main_files/trial_i/07_i_150hz_75db_250ff-20n-250.wav,10.9682,0.0,i,20,n,250,125.0
898,7.0,4.0,"6,7,8,7",l,False,main_files/trial_i/07_i_150hz_75db_250ff-30p-80.wav,7.5756,0.0,i,30,p,80,130.0
898,7.0,2.0,"6,7",l,True,main_files/trial_i/07_i_150hz_75db_250ff-30n-80.wav,3.5782,0.0,i,30,n,80,130.0
898,7.0,2.0,"6,7",l,True,main_files/trial_i/07_i_150hz_75db_250ff-10n-60.wav,3.8128,0.0,i,10,n,60,130.0
898,7.0,6.0,"6,7,8,9,8,7",l,True,main_files/trial_i/07_i_150hz_75db_250ff-20n-120.wav,11.2455,0.0,i,20,n,120,130.0
898,6.0,3.0,"6,5,6",l,True,main_files/trial_i/07_i_150hz_75db_250ff-20n-80.wav,6.7355,0.0,i,20,n,80,125.0
898,6.0,6.0,"7,6,7,8,7,6",l,False,main_files/trial_i/07_i_150hz_75db_250ff-30p-120.wav,10.686,0.0,i,30,p,120,125.0
898,9.0,4.0,"6,7,8,9",l,False,main_files/trial_i/07_i_150hz_75db_250ff-20p-80.wav,6.5129,0.0,i,20,p,80,140.0
898,8.0,3.0,"8,7,8",l,False,main_files/trial_i/07_i_150hz_75db_250ff-30p-100.wav,5.2814,0.0,i,30,p,100,135.0
898,8.0,8.0,"8,9,7,8,9,8,9,8",l,False,main_files/trial_i/07_i_150hz_75db_250ff-30p-250.wav,15.6092,0.0,i,30,p,250,135.0
898,7.0,13.0,"7,6,5,4,3,2,1,2,3,4,5,6,7",l,False,main_files/trial_i/07_i_150hz_75db_250ff-30p-40.wav,20.1762,0.0,i,30,p,40,130.0
898,11.0,0.0,,l,False,main_files/trial_i/07_i_150hz_75db_250ff-10p-100.wav,0.0,0.0,i,10,p,100,150.0
898,7.0,2.0,"8,7",l,True,main_files/trial_i/07_i_150hz_75db_250ff-40n-80.wav,5.2659,0.0,i,40,n,80,130.0
898,5.0,10.0,"7,8,6,7,4,7,8,7,6,5",l,False,main_files/trial_i/07_i_150hz_75db_250ff-000-60.wav,17.4526,0.0,i,0,0,0,120.0
898,8.0,14.0,"6,7,4,3,4,3,4,2,3,4,5,6,7,8",l,False,main_files/trial_i/07_i_150hz_75db_250ff-000-100.wav,21.4867,0.0,i,0,0,0,135.0
898,11.0,0.0,,l,False,main_files/trial_i/07_i_150hz_75db_250ff-000-40.wav,0.0,0.0,i,0,0,0,150.0
898,11.0,0.0,,l,False,main_files/trial_i/07_i_150hz_75db_250ff-20p-60.wav,0.0,0.0,i,20,p,60,150.0
898,11.0,0.0,,l,False,main_files/trial_i/07_i_150hz_75db_250ff-10p-80.wav,0.0,0.0,i,10,p,80,150.0
898,11.0,0.0,,l,True,main_files/trial_i/07_i_150hz_75db_250ff-10n-250.wav,0.0,0.0,i,10,n,250,150.0
898,11.0,0.0,,l,True,main_files/trial_i/07_i_150hz_75db_250ff-40n-40.wav,0.0,0.0,i,40,n,40,150.0
898,11.0,0.0,,l,False,main_files/trial_i/07_i_150hz_75db_250ff-40p-60.wav,0.0,0.0,i,40,p,60,150.0
898,11.0,0.0,,l,True,main_files/trial_i/07_i_150hz_75db_250ff-20n-40.wav,0.0,0.0,i,20,n,40,150.0
898,11.0,0.0,,l,True,main_files/trial_i/07_i_150hz_75db_250ff-40n-60.wav,0.0,0.0,i,40,n,60,150.0
898,11.0,0.0,,l,False,main_files/trial_i/07_i_150hz_75db_250ff-000-250.wav,0.0,0.0,i,0,0,0,150.0
898,11.0,0.0,,l,True,main_files/trial_i/07_i_150hz_75db_250ff-10n-100.wav,0.0,0.0,i,10,n,100,150.0
898,11.0,6.0,"10,11,9,11,10,11",m,True,main_files/trial_di/07_di_cross_150hz_75db_250ff-000-100.wav,12.6982,0.0,di,0,0,0,150.0
898,5.0,19.0,"9,8,7,6,5,4,3,5,6,5,13,15,16,20,11,6,5,4,5",l,True,main_files/trial_di/07_di_cross_150hz_75db_250ff-30n-120.wav,34.4606,0.0,di,30,n,120,120.0
898,12.0,6.0,"20,11,19,12,11,12",h,True,main_files/trial_di/07_di_cross_150hz_75db_250ff-10p-250.wav,10.9121,0.0,di,10,p,250,155.0
898,12.0,8.0,"12,11,20,12,13,12,11,12",h,True,main_files/trial_di/07_di_cross_150hz_75db_250ff-10p-80.wav,13.1353,0.0,di,10,p,80,155.0
898,5.0,9.0,"8,7,1,5,6,7,5,7,5",l,False,main_files/trial_di/07_di_cross_150hz_75db_250ff-30p-250.wav,16.1708,0.0,di,30,p,250,120.0
898,12.0,5.0,"20,11,12,11,12",h,True,main_files/trial_di/07_di_cross_150hz_75db_250ff-40p-40.wav,10.9694,0.0,di,40,p,40,155.0
898,13.0,8.0,"20,11,20,11,12,13,12,13",h,True,main_files/trial_di/07_di_cross_150hz_75db_250ff-10p-60.wav,17.677,0.0,di,10,p,60,160.0
898,5.0,9.0,"7,5,3,4,5,4,5,6,5",l,True,main_files/trial_di/07_di_cross_150hz_75db_250ff-30n-80.wav,15.318,0.0,di,30,n,80,120.0
898,11.0,4.0,"10,11,12,11",m,False,main_files/trial_di/07_di_cross_150hz_75db_250ff-10n-40.wav,8.014,0.0,di,10,n,40,150.0
898,11.0,0.0,,l,False,main_files/trial_di/07_di_cross_150hz_75db_250ff-10p-120.wav,0.0,0.0,di,10,p,120,150.0
898,7.0,8.0,"8,7,4,5,6,7,8,7",l,True,main_files/trial_di/07_di_cross_150hz_75db_250ff-20n-80.wav,15.1741,0.0,di,20,n,80,130.0
898,8.0,4.0,"6,8,10,8",l,True,main_files/trial_di/07_di_cross_150hz_75db_250ff-20n-120.wav,8.1283,0.0,di,20,n,120,135.0
898,7.0,15.0,"7,11,7,11,7,8,11,14,13,12,11,10,9,8,7",l,True,main_files/trial_di/07_di_cross_150hz_75db_250ff-10n-80.wav,64.6291,0.0,di,10,n,80,130.0
898,10.0,10.0,"6,8,9,10,8,10,11,10,9,10",l,False,main_files/trial_di/07_di_cross_150hz_75db_250ff-30p-80.wav,19.2218,0.0,di,30,p,80,145.0
898,11.0,9.0,"20,10,6,1,7,5,9,10,11",m,True,main_files/trial_di/07_di_cross_150hz_75db_250ff-000-250.wav,18.5198,0.0,di,0,0,0,150.0
898,8.0,4.0,"5,6,7,8",l,True,main_files/trial_di/07_di_cross_150hz_75db_250ff-30n-40.wav,7.6795,0.0,di,30,n,40,135.0
898,14.0,9.0,"20,14,15,12,13,11,4,12,14",h,True,main_files/trial_di/07_di_cross_150hz_75db_250ff-40p-120.wav,17.1963,0.0,di,40,p,120,165.0
898,7.0,3.0,"5,6,7",l,True,main_files/trial_di/07_di_cross_150hz_75db_250ff-40n-120.wav,6.1783,0.0,di,40,n,120,130.0
898,4.0,3.0,"4,3,4",l,True,main_files/trial_di/07_di_cross_150hz_75db_250ff-40n-40.wav,5.1206,0.0,di,40,n,40,115.0
898,10.0,17.0,"4,7,8,9,10,7,9,11,6,7,8,3,4,16,15,13,10",l,False,main_files/trial_di/07_di_cross_150hz_75db_250ff-20p-60.wav,28.2772,0.0,di,20,p,60,145.0
898,8.0,11.0,"5,11,9,7,8,11,20,9,10,7,8",l,False,main_files/trial_di/07_di_cross_150hz_75db_250ff-20p-40.wav,37.2297,0.0,di,20,p,40,135.0
898,3.0,2.0,"4,3",l,True,main_files/trial_di/07_di_cross_150hz_75db_250ff-40n-250.wav,3.2901,0.0,di,40,n,250,110.0
898,7.0,16.0,"3,10,9,20,11,14,13,12,8,7,8,6,5,7,8,7",l,False,main_files/trial_di/07_di_cross_150hz_75db_250ff-10p-40.wav,24.585,0.0,di,10,p,40,130.0
898,11.0,2.0,"7,11",m,False,main_files/trial_di/07_di_cross_150hz_75db_250ff-40p-60.wav,3.163,0.0,di,40,p,60,150.0
898,4.0,6.0,"6,8,9,4,3,4",l,True,main_files/trial_di/07_di_cross_150hz_75db_250ff-30n-60.wav,11.0188,0.0,di,30,n,60,115.0
898,9.0,5.0,"5,6,8,7,9",l,True,main_files/trial_di/07_di_cross_150hz_75db_250ff-10n-120.wav,9.16,0.0,di,10,n,120,140.0
898,5.0,13.0,"7,4,6,3,8,9,7,5,9,8,7,6,5",l,False,main_files/trial_di/07_di_cross_150hz_75db_250ff-20p-120.wav,25.0364,0.0,di,20,p,120,120.0
898,7.0,8.0,"4,6,2,5,1,10,8,7",l,False,main_files/trial_di/07_di_cross_150hz_75db_250ff-000-40.wav,14.186,0.0,di,0,0,0,130.0
898,2.0,3.0,"6,5,2",l,False,main_files/trial_di/07_di_cross_150hz_75db_250ff-40p-250.wav,5.512099999,0.0,di,40,p,250,105.0
898,16.0,8.0,"3,15,18,16,15,14,13,16",h,False,main_files/trial_di/07_di_cross_150hz_75db_250ff-20n-250.wav,12.0949,0.0,di,20,n,250,175.0
898,6.0,1.0,6,l,True,main_files/trial_di/07_di_cross_150hz_75db_250ff-40n-100.wav,4.6699,0.0,di,40,n,100,125.0
898,12.0,6.0,"7,6,4,12,16,12",h,True,main_files/trial_di/07_di_cross_150hz_75db_250ff-30p-100.wav,9.707099999,0.0,di,30,p,100,155.0
898,11.0,0.0,,l,True,main_files/trial_di/07_di_cross_150hz_75db_250ff-10n-60.wav,0.0,0.0,di,10,n,60,150.0
898,9.0,2.0,"8,9",l,True,main_files/trial_di/07_di_cross_150hz_75db_250ff-20n-40.wav,5.311,0.0,di,20,n,40,140.0
898,8.0,10.0,"20,11,7,10,9,7,8,9,6,8",l,False,main_files/trial_di/07_di_cross_150hz_75db_250ff-20p-100.wav,20.3855,0.0,di,20,p,100,135.0
898,11.0,13.0,"8,6,4,17,10,7,4,10,13,10,11,8,11",m,False,main_files/trial_di/07_di_cross_150hz_75db_250ff-30p-40.wav,39.1264,0.0,di,30,p,40,150.0
898,13.0,12.0,"15,14,13,18,16,15,3,7,16,15,14,13",h,False,main_files/trial_di/07_di_cross_150hz_75db_250ff-30n-100.wav,19.2875,0.0,di,30,n,100,160.0
898,17.0,10.0,"7,18,6,9,10,12,13,15,16,17",h,True,main_files/trial_di/07_di_cross_150hz_75db_250ff-30p-120.wav,18.6702,0.0,di,30,p,120,180.0
898,8.0,3.0,"6,7,8",l,True,main_files/trial_di/07_di_cross_150hz_75db_250ff-30n-250.wav,5.8938,0.0,di,30,n,250,135.0
898,10.0,20.0,"14,4,15,18,14,12,19,17,15,13,10,8,6,14,12,16,14,12,11,10",l,False,main_files/trial_di/07_di_cross_150hz_75db_250ff-30p-60.wav,31.3356,0.0,di,30,p,60,145.0
898,10.0,1.0,10,l,False,main_files/trial_di/07_di_cross_150hz_75db_250ff-10p-100.wav,1.8453,0.0,di,10,p,100,145.0
898,9.0,2.0,"10,9",l,False,main_files/trial_di/07_di_cross_150hz_75db_250ff-40p-100.wav,3.3198,0.0,di,40,p,100,140.0
898,9.0,3.0,"9,7,9",l,False,main_files/trial_di/07_di_cross_150hz_75db_250ff-000-80.wav,4.7615,0.0,di,0,0,0,140.0
898,9.0,1.0,9,l,False,main_files/trial_di/07_di_cross_150hz_75db_250ff-000-120.wav,1.909200001,0.0,di,0,0,0,140.0
898,9.0,1.0,9,l,False,main_files/trial_di/07_di_cross_150hz_75db_250ff-000-60.wav,1.791,0.0,di,0,0,0,140.0
898,9.0,1.0,9,l,False,main_files/trial_di/07_di_cross_150hz_75db_250ff-20p-80.wav,1.845299999,0.0,di,20,p,80,140.0
898,8.0,1.0,8,l,True,main_files/trial_di/07_di_cross_150hz_75db_250ff-20n-100.wav,1.8901,0.0,di,20,n,100,135.0
898,8.0,3.0,"8,7,8",l,True,main_files/trial_di/07_di_cross_150hz_75db_250ff-10n-250.wav,5.043400001,0.0,di,10,n,250,135.0
898,10.0,6.0,"8,7,6,8,9,10",l,True,main_files/trial_di/07_di_cross_150hz_75db_250ff-40n-60.wav,10.9028,0.0,di,40,n,60,145.0
898,6.0,7.0,"8,7,6,5,6,5,6",l,False,main_files/trial_di/07_di_cross_150hz_75db_250ff-40p-80.wav,11.9124,0.0,di,40,p,80,125.0
898,7.0,5.0,"6,12,9,8,7",l,True,main_files/trial_di/07_di_cross_150hz_75db_250ff-20n-60.wav,8.1535,0.0,di,20,n,60,130.0
898,7.0,9.0,"7,6,5,7,9,8,7,6,7",l,True,main_files/trial_di/07_di_cross_150hz_75db_250ff-40n-80.wav,15.6688,0.0,di,40,n,80,130.0
898,6.0,16.0,"6,5,4,3,9,8,7,15,12,7,12,11,9,8,7,6",l,False,main_files/trial_di/07_di_cross_150hz_75db_250ff-20p-250.wav,25.8452,0.0,di,20,p,250,125.0
898,9.0,6.0,"6,5,11,9,10,9",l,True,main_files/trial_di/07_di_cross_150hz_75db_250ff-10n-100.wav,8.9844,0.0,di,10,n,100,140.0
898,11.0,7.0,"9,10,11,12,11,10,11",m,True,main_files/trial_tone/tone_150hz_75db_250ff-000-100.wav,11.9603,0.0,tone,0,0,0,150.0
898,9.0,4.0,"9,8,7,9",l,True,main_files/trial_tone/tone_150hz_75db_250ff-30n-120.wav,7.3025,0.0,tone,30,n,120,140.0
898,9.0,4.0,"8,9,10,9",l,False,main_files/trial_tone/tone_150hz_75db_250ff-10p-250.wav,7.9612,0.0,tone,10,p,250,140.0
898,10.0,10.0,"9,8,7,8,9,12,11,10,9,10",l,False,main_files/trial_tone/tone_150hz_75db_250ff-10p-80.wav,21.0627,0.0,tone,10,p,80,145.0
898,15.0,5.0,"15,14,17,16,15",h,True,main_files/trial_tone/tone_150hz_75db_250ff-30p-250.wav,9.9976,0.0,tone,30,p,250,170.0
898,15.0,15.0,"4,5,15,4,15,18,16,15,14,13,14,15,17,16,15",h,True,main_files/trial_tone/tone_150hz_75db_250ff-40p-40.wav,24.4711,0.0,tone,40,p,40,170.0
898,11.0,4.0,"8,9,10,11",m,False,main_files/trial_tone/tone_150hz_75db_250ff-10p-60.wav,6.384599999,0.0,tone,10,p,60,150.0
898,9.0,6.0,"9,8,7,9,10,9",l,True,main_files/trial_tone/tone_150hz_75db_250ff-30n-80.wav,11.3435,0.0,tone,30,n,80,140.0
898,11.0,0.0,,l,True,main_files/trial_tone/tone_150hz_75db_250ff-10n-40.wav,0.0,0.0,tone,10,n,40,150.0
898,10.0,5.0,"10,11,10,9,10",l,False,main_files/trial_tone/tone_150hz_75db_250ff-10p-120.wav,10.1843,0.0,tone,10,p,120,145.0
898,10.0,5.0,"8,9,10,11,10",l,True,main_files/trial_tone/tone_150hz_75db_250ff-20n-80.wav,10.9711,0.0,tone,20,n,80,145.0
898,9.0,2.0,"10,9",l,True,main_files/trial_tone/tone_150hz_75db_250ff-20n-120.wav,3.778099999,0.0,tone,20,n,120,140.0
898,10.0,3.0,"9,8,10",l,True,main_files/trial_tone/tone_150hz_75db_250ff-10n-80.wav,5.809900001,0.0,tone,10,n,80,145.0
898,9.0,11.0,"10,9,8,7,6,7,8,9,10,11,9",l,False,main_files/trial_tone/tone_150hz_75db_250ff-30p-80.wav,17.9064,0.0,tone,30,p,80,140.0
898,11.0,17.0,"8,9,5,6,7,8,9,8,10,11,10,13,11,12,11,10,11",m,True,main_files/trial_tone/tone_150hz_75db_250ff-000-250.wav,54.9271,0.0,tone,0,0,0,150.0
898,11.0,0.0,,l,True,main_files/trial_tone/tone_150hz_75db_250ff-30n-40.wav,0.0,0.0,tone,30,n,40,150.0
898,12.0,8.0,"7,8,15,16,17,14,13,12",h,True,main_files/trial_tone/tone_150hz_75db_250ff-40p-120.wav,12.2451,0.0,tone,40,p,120,155.0
898,9.0,2.0,"10,9",l,True,main_files/trial_tone/tone_150hz_75db_250ff-40n-120.wav,5.337599999,0.0,tone,40,n,120,140.0
898,10.0,1.0,10,l,True,main_files/trial_tone/tone_150hz_75db_250ff-40n-40.wav,2.7015,0.0,tone,40,n,40,145.0
898,10.0,1.0,10,l,False,main_files/trial_tone/tone_150hz_75db_250ff-20p-60.wav,2.1701,0.0,tone,20,p,60,145.0
898,10.0,2.0,"9,10",l,False,main_files/trial_tone/tone_150hz_75db_250ff-20p-40.wav,3.5968,0.0,tone,20,p,40,145.0
898,8.0,4.0,"6,5,7,8",l,True,main_files/trial_tone/tone_150hz_75db_250ff-40n-250.wav,7.3188,0.0,tone,40,n,250,135.0
898,10.0,3.0,"7,11,10",l,False,main_files/trial_tone/tone_150hz_75db_250ff-10p-40.wav,4.994799999,0.0,tone,10,p,40,145.0
898,12.0,4.0,"10,12,13,12",h,True,main_files/trial_tone/tone_150hz_75db_250ff-40p-60.wav,6.5812,0.0,tone,40,p,60,155.0
898,9.0,6.0,"10,13,12,11,10,9",l,True,main_files/trial_tone/tone_150hz_75db_250ff-30n-60.wav,9.9389,0.0,tone,30,n,60,140.0
898,8.0,10.0,"10,9,7,12,11,10,9,8,7,8",l,True,main_files/trial_tone/tone_150hz_75db_250ff-10n-120.wav,16.6801,0.0,tone,10,n,120,135.0
898,10.0,11.0,"10,9,8,7,11,10,12,13,12,11,10",l,False,main_files/trial_tone/tone_150hz_75db_250ff-20p-120.wav,17.106,0.0,tone,20,p,120,145.0
898,11.0,0.0,,l,False,main_files/trial_tone/tone_150hz_75db_250ff-000-40.wav,0.0,0.0,tone,0,0,0,150.0
898,10.0,6.0,"5,6,7,8,9,10",l,False,main_files/trial_tone/tone_150hz_75db_250ff-40p-250.wav,10.4427,0.0,tone,40,p,250,145.0
898,9.0,10.0,"13,12,11,10,9,8,7,6,10,9",l,True,main_files/trial_tone/tone_150hz_75db_250ff-20n-250.wav,16.4691,0.0,tone,20,n,250,140.0
898,10.0,11.0,"13,12,11,10,14,13,12,11,10,11,10",l,True,main_files/trial_tone/tone_150hz_75db_250ff-40n-100.wav,36.0778,0.0,tone,40,n,100,145.0
898,8.0,11.0,"9,8,7,15,14,13,12,11,10,9,8",l,False,main_files/trial_tone/tone_150hz_75db_250ff-30p-100.wav,17.7231,0.0,tone,30,p,100,135.0
898,7.0,2.0,"8,7",l,True,main_files/trial_tone/tone_150hz_75db_250ff-10n-60.wav,3.718700001,0.0,tone,10,n,60,130.0
898,7.0,11.0,"6,7,8,5,6,8,7,8,7,8,7",l,True,main_files/trial_tone/tone_150hz_75db_250ff-20n-40.wav,16.9818,0.0,tone,20,n,40,130.0
898,11.0,0.0,,l,False,main_files/trial_tone/tone_150hz_75db_250ff-20p-100.wav,0.0,0.0,tone,20,p,100,150.0
898,11.0,0.0,,l,False,main_files/trial_tone/tone_150hz_75db_250ff-30p-40.wav,0.0,0.0,tone,30,p,40,150.0
898,7.0,5.0,"8,9,6,5,7",l,True,main_files/trial_tone/tone_150hz_75db_250ff-30n-100.wav,8.817900001,0.0,tone,30,n,100,130.0
898,7.0,4.0,"6,7,5,7",l,False,main_files/trial_tone/tone_150hz_75db_250ff-30p-120.wav,6.3132,0.0,tone,30,p,120,130.0
898,5.0,7.0,"6,7,6,5,6,7,5",l,True,main_files/trial_tone/tone_150hz_75db_250ff-30n-250.wav,13.1127,0.0,tone,30,n,250,120.0
898,4.0,5.0,"6,7,8,5,4",l,False,main_files/trial_tone/tone_150hz_75db_250ff-30p-60.wav,8.670900001,0.0,tone,30,p,60,115.0
898,6.0,6.0,"5,6,7,8,7,6",l,False,main_files/trial_tone/tone_150hz_75db_250ff-10p-100.wav,10.0802,0.0,tone,10,p,100,125.0
898,13.0,12.0,"8,10,6,5,16,15,14,13,12,11,10,13",h,True,main_files/trial_tone/tone_150hz_75db_250ff-40p-100.wav,62.0371,0.0,tone,40,p,100,160.0
898,11.0,0.0,,l,False,main_files/trial_tone/tone_150hz_75db_250ff-000-80.wav,0.0,0.0,tone,0,0,0,150.0
898,11.0,0.0,,l,False,main_files/trial_tone/tone_150hz_75db_250ff-000-120.wav,0.0,0.0,tone,0,0,0,150.0
898,11.0,0.0,,l,False,main_files/trial_tone/tone_150hz_75db_250ff-000-60.wav,0.0,0.0,tone,0,0,0,150.0
898,11.0,0.0,,l,False,main_files/trial_tone/tone_150hz_75db_250ff-20p-80.wav,0.0,0.0,tone,20,p,80,150.0
898,12.0,2.0,"13,12",h,False,main_files/trial_tone/tone_150hz_75db_250ff-20n-100.wav,3.6129,0.0,tone,20,n,100,155.0
898,12.0,3.0,"12,13,12",h,False,main_files/trial_tone/tone_150hz_75db_250ff-10n-250.wav,6.928400001,0.0,tone,10,n,250,155.0
898,11.0,0.0,,l,True,main_files/trial_tone/tone_150hz_75db_250ff-40n-60.wav,0.0,0.0,tone,40,n,60,150.0
898,11.0,6.0,"10,9,12,11,10,11",m,False,main_files/trial_tone/tone_150hz_75db_250ff-40p-80.wav,11.3944,0.0,tone,40,p,80,150.0
898,10.0,1.0,10,l,True,main_files/trial_tone/tone_150hz_75db_250ff-20n-60.wav,3.177,0.0,tone,20,n,60,145.0
898,9.0,2.0,"10,9",l,True,main_files/trial_tone/tone_150hz_75db_250ff-40n-80.wav,3.5323,0.0,tone,40,n,80,140.0
898,13.0,4.0,"9,13,12,13",h,True,main_files/trial_tone/tone_150hz_75db_250ff-20p-250.wav,6.0683,0.0,tone,20,p,250,160.0
898,10.0,6.0,"12,13,12,13,11,10",l,True,main_files/trial_tone/tone_150hz_75db_250ff-10n-100.wav,10.2596,0.0,tone,10,n,100,145.0
4051983,11.0,2.0,"10,11",m,True,main_files/trial_tone/tone_150hz_75db_250ff-000-100.wav,9.0431,39.0,tone,0,0,0,150.0
4051983,11.0,6.0,"10,11,10,9,10,11",m,False,main_files/trial_tone/tone_150hz_75db_250ff-30n-120.wav,16.0141,39.0,tone,30,n,120,150.0
4051983,12.0,1.0,12,h,True,main_files/trial_tone/tone_150hz_75db_250ff-10p-250.wav,4.2608,39.0,tone,10,p,250,155.0
4051983,11.0,0.0,,l,False,main_files/trial_tone/tone_150hz_75db_250ff-10p-80.wav,0.0,39.0,tone,10,p,80,150.0
4051983,12.0,1.0,12,h,True,main_files/trial_tone/tone_150hz_75db_250ff-30p-250.wav,2.8572,39.0,tone,30,p,250,155.0
4051983,11.0,0.0,,l,False,main_files/trial_tone/tone_150hz_75db_250ff-40p-40.wav,0.0,39.0,tone,40,p,40,150.0
4051983,11.0,0.0,,l,False,main_files/trial_tone/tone_150hz_75db_250ff-10p-60.wav,0.0,39.0,tone,10,p,60,150.0
4051983,11.0,2.0,"10,11",m,False,main_files/trial_tone/tone_150hz_75db_250ff-30n-80.wav,8.4485,39.0,tone,30,n,80,150.0
4051983,11.0,0.0,,l,True,main_files/trial_tone/tone_150hz_75db_250ff-10n-40.wav,0.0,39.0,tone,10,n,40,150.0
4051983,11.0,0.0,,l,False,main_files/trial_tone/tone_150hz_75db_250ff-10p-120.wav,0.0,39.0,tone,10,p,120,150.0
4051983,10.0,3.0,"12,11,10",l,True,main_files/trial_tone/tone_150hz_75db_250ff-20n-80.wav,3.7264,39.0,tone,20,n,80,145.0
4051983,11.0,0.0,,l,True,main_files/trial_tone/tone_150hz_75db_250ff-20n-120.wav,0.0,39.0,tone,20,n,120,150.0
4051983,10.0,1.0,10,l,True,main_files/trial_tone/tone_150hz_75db_250ff-10n-80.wav,2.8305,39.0,tone,10,n,80,145.0
4051983,12.0,1.0,12,h,True,main_files/trial_tone/tone_150hz_75db_250ff-30p-80.wav,3.7601,39.0,tone,30,p,80,155.0
4051983,11.0,0.0,,l,False,main_files/trial_tone/tone_150hz_75db_250ff-000-250.wav,0.0,39.0,tone,0,0,0,150.0
4051983,10.0,1.0,10,l,True,main_files/trial_tone/tone_150hz_75db_250ff-30n-40.wav,2.5561,39.0,tone,30,n,40,145.0
4051983,12.0,1.0,12,h,True,main_files/trial_tone/tone_150hz_75db_250ff-40p-120.wav,3.1533,39.0,tone,40,p,120,155.0
4051983,10.0,1.0,10,l,True,main_files/trial_tone/tone_150hz_75db_250ff-40n-120.wav,2.657,39.0,tone,40,n,120,145.0
4051983,11.0,0.0,,l,True,main_files/trial_tone/tone_150hz_75db_250ff-40n-40.wav,0.0,39.0,tone,40,n,40,150.0
4051983,12.0,1.0,12,h,True,main_files/trial_tone/tone_150hz_75db_250ff-20p-60.wav,3.3096,39.0,tone,20,p,60,155.0
4051983,11.0,0.0,,l,False,main_files/trial_tone/tone_150hz_75db_250ff-20p-40.wav,0.0,39.0,tone,20,p,40,150.0
4051983,10.0,1.0,10,l,True,main_files/trial_tone/tone_150hz_75db_250ff-40n-250.wav,2.8083,39.0,tone,40,n,250,145.0
4051983,11.0,0.0,,l,False,main_files/trial_tone/tone_150hz_75db_250ff-10p-40.wav,0.0,39.0,tone,10,p,40,150.0
4051983,12.0,1.0,12,h,True,main_files/trial_tone/tone_150hz_75db_250ff-40p-60.wav,3.0589,39.0,tone,40,p,60,155.0
4051983,11.0,0.0,,l,True,main_files/trial_tone/tone_150hz_75db_250ff-30n-60.wav,0.0,39.0,tone,30,n,60,150.0
4051983,11.0,0.0,,l,True,main_files/trial_tone/tone_150hz_75db_250ff-10n-120.wav,0.0,39.0,tone,10,n,120,150.0
4051983,12.0,1.0,12,h,True,main_files/trial_tone/tone_150hz_75db_250ff-20p-120.wav,2.5915,39.0,tone,20,p,120,155.0
4051983,11.0,0.0,,l,False,main_files/trial_tone/tone_150hz_75db_250ff-000-40.wav,0.0,39.0,tone,0,0,0,150.0
4051983,13.0,2.0,"12,13",h,True,main_files/trial_tone/tone_150hz_75db_250ff-40p-250.wav,2.7663,39.0,tone,40,p,250,160.0
4051983,10.0,1.0,10,l,True,main_files/trial_tone/tone_150hz_75db_250ff-20n-250.wav,2.7141,39.0,tone,20,n,250,145.0
4051983,10.0,1.0,10,l,True,main_files/trial_tone/tone_150hz_75db_250ff-40n-100.wav,3.3322,39.0,tone,40,n,100,145.0
4051983,12.0,1.0,12,h,True,main_files/trial_tone/tone_150hz_75db_250ff-30p-100.wav,2.6072,39.0,tone,30,p,100,155.0
4051983,11.0,0.0,,l,True,main_files/trial_tone/tone_150hz_75db_250ff-10n-60.wav,0.0,39.0,tone,10,n,60,150.0
4051983,10.0,1.0,10,l,True,main_files/trial_tone/tone_150hz_75db_250ff-20n-40.wav,2.8283,39.0,tone,20,n,40,145.0
4051983,12.0,1.0,12,h,True,main_files/trial_tone/tone_150hz_75db_250ff-20p-100.wav,2.2661,39.0,tone,20,p,100,155.0
4051983,11.0,0.0,,l,False,main_files/trial_tone/tone_150hz_75db_250ff-30p-40.wav,0.0,39.0,tone,30,p,40,150.0
4051983,11.0,0.0,,l,True,main_files/trial_tone/tone_150hz_75db_250ff-30n-100.wav,0.0,39.0,tone,30,n,100,150.0
4051983,12.0,1.0,12,h,True,main_files/trial_tone/tone_150hz_75db_250ff-30p-120.wav,3.9272,39.0,tone,30,p,120,155.0
4051983,10.0,1.0,10,l,True,main_files/trial_tone/tone_150hz_75db_250ff-30n-250.wav,5.0354,39.0,tone,30,n,250,145.0
4051983,12.0,1.0,12,h,True,main_files/trial_tone/tone_150hz_75db_250ff-30p-60.wav,2.0817,39.0,tone,30,p,60,155.0
4051983,11.0,0.0,,l,False,main_files/trial_tone/tone_150hz_75db_250ff-10p-100.wav,0.0,39.0,tone,10,p,100,150.0
4051983,12.0,1.0,12,h,True,main_files/trial_tone/tone_150hz_75db_250ff-40p-100.wav,3.1096,39.0,tone,40,p,100,155.0
4051983,11.0,0.0,,l,False,main_files/trial_tone/tone_150hz_75db_250ff-000-80.wav,0.0,39.0,tone,0,0,0,150.0
4051983,11.0,0.0,,l,False,main_files/trial_tone/tone_150hz_75db_250ff-000-120.wav,0.0,39.0,tone,0,0,0,150.0
4051983,11.0,0.0,,l,False,main_files/trial_tone/tone_150hz_75db_250ff-000-60.wav,0.0,39.0,tone,0,0,0,150.0
4051983,12.0,1.0,12,h,True,main_files/trial_tone/tone_150hz_75db_250ff-20p-80.wav,2.5602,39.0,tone,20,p,80,155.0
4051983,10.0,1.0,10,l,True,main_files/trial_tone/tone_150hz_75db_250ff-20n-100.wav,2.6913,39.0,tone,20,n,100,145.0
4051983,11.0,0.0,,l,True,main_files/trial_tone/tone_150hz_75db_250ff-10n-250.wav,0.0,39.0,tone,10,n,250,150.0
4051983,11.0,0.0,,l,True,main_files/trial_tone/tone_150hz_75db_250ff-40n-60.wav,0.0,39.0,tone,40,n,60,150.0
4051983,12.0,1.0,12,h,True,main_files/trial_tone/tone_150hz_75db_250ff-40p-80.wav,2.0759,39.0,tone,40,p,80,155.0
4051983,11.0,0.0,,l,True,main_files/trial_tone/tone_150hz_75db_250ff-20n-60.wav,0.0,39.0,tone,20,n,60,150.0
4051983,10.0,1.0,10,l,True,main_files/trial_tone/tone_150hz_75db_250ff-40n-80.wav,2.3914,39.0,tone,40,n,80,145.0
4051983,12.0,1.0,12,h,True,main_files/trial_tone/tone_150hz_75db_250ff-20p-250.wav,3.0439,39.0,tone,20,p,250,155.0
4051983,11.0,0.0,,l,True,main_files/trial_tone/tone_150hz_75db_250ff-10n-100.wav,0.0,39.0,tone,10,n,100,150.0
4051983,11.0,0.0,,l,False,main_files/trial_di/07_di_cross_150hz_75db_250ff-000-100.wav,0.0,39.0,di,0,0,0,150.0
4051983,10.0,1.0,10,l,True,main_files/trial_di/07_di_cross_150hz_75db_250ff-30n-120.wav,2.3196,39.0,di,30,n,120,145.0
4051983,11.0,0.0,,l,False,main_files/trial_di/07_di_cross_150hz_75db_250ff-10p-250.wav,0.0,39.0,di,10,p,250,150.0
4051983,11.0,0.0,,l,False,main_files/trial_di/07_di_cross_150hz_75db_250ff-10p-80.wav,0.0,39.0,di,10,p,80,150.0
4051983,12.0,2.0,"10,12",h,True,main_files/trial_di/07_di_cross_150hz_75db_250ff-30p-250.wav,3.3819,39.0,di,30,p,250,155.0
4051983,11.0,0.0,,l,False,main_files/trial_di/07_di_cross_150hz_75db_250ff-40p-40.wav,0.0,39.0,di,40,p,40,150.0
4051983,11.0,0.0,,l,False,main_files/trial_di/07_di_cross_150hz_75db_250ff-10p-60.wav,0.0,39.0,di,10,p,60,150.0
4051983,10.0,1.0,10,l,True,main_files/trial_di/07_di_cross_150hz_75db_250ff-30n-80.wav,2.474,39.0,di,30,n,80,145.0
4051983,11.0,0.0,,l,True,main_files/trial_di/07_di_cross_150hz_75db_250ff-10n-40.wav,0.0,39.0,di,10,n,40,150.0
4051983,11.0,0.0,,l,False,main_files/trial_di/07_di_cross_150hz_75db_250ff-10p-120.wav,0.0,39.0,di,10,p,120,150.0
4051983,10.0,1.0,10,l,True,main_files/trial_di/07_di_cross_150hz_75db_250ff-20n-80.wav,2.7161,39.0,di,20,n,80,145.0
4051983,10.0,1.0,10,l,True,main_files/trial_di/07_di_cross_150hz_75db_250ff-20n-120.wav,3.1617,39.0,di,20,n,120,145.0
4051983,11.0,0.0,,l,True,main_files/trial_di/07_di_cross_150hz_75db_250ff-10n-80.wav,0.0,39.0,di,10,n,80,150.0
4051983,12.0,1.0,12,h,True,main_files/trial_di/07_di_cross_150hz_75db_250ff-30p-80.wav,2.457,39.0,di,30,p,80,155.0
4051983,11.0,0.0,,l,False,main_files/trial_di/07_di_cross_150hz_75db_250ff-000-250.wav,0.0,39.0,di,0,0,0,150.0
4051983,10.0,1.0,10,l,True,main_files/trial_di/07_di_cross_150hz_75db_250ff-30n-40.wav,2.7798,39.0,di,30,n,40,145.0
4051983,12.0,1.0,12,h,True,main_files/trial_di/07_di_cross_150hz_75db_250ff-40p-120.wav,2.7939,39.0,di,40,p,120,155.0
4051983,10.0,1.0,10,l,True,main_files/trial_di/07_di_cross_150hz_75db_250ff-40n-120.wav,4.1446,39.0,di,40,n,120,145.0
4051983,10.0,1.0,10,l,True,main_files/trial_di/07_di_cross_150hz_75db_250ff-40n-40.wav,3.6088,39.0,di,40,n,40,145.0
4051983,12.0,1.0,12,h,True,main_files/trial_di/07_di_cross_150hz_75db_250ff-20p-60.wav,2.1254,39.0,di,20,p,60,155.0
4051983,11.0,0.0,,l,False,main_files/trial_di/07_di_cross_150hz_75db_250ff-20p-40.wav,0.0,39.0,di,20,p,40,150.0
4051983,9.0,2.0,"10,9",l,True,main_files/trial_di/07_di_cross_150hz_75db_250ff-40n-250.wav,2.6237,39.0,di,40,n,250,140.0
4051983,11.0,0.0,,l,False,main_files/trial_di/07_di_cross_150hz_75db_250ff-10p-40.wav,0.0,39.0,di,10,p,40,150.0
4051983,12.0,1.0,12,h,True,main_files/trial_di/07_di_cross_150hz_75db_250ff-40p-60.wav,2.5113,39.0,di,40,p,60,155.0
4051983,10.0,1.0,10,l,True,main_files/trial_di/07_di_cross_150hz_75db_250ff-30n-60.wav,2.5578,39.0,di,30,n,60,145.0
4051983,11.0,0.0,,l,True,main_files/trial_di/07_di_cross_150hz_75db_250ff-10n-120.wav,0.0,39.0,di,10,n,120,150.0
4051983,12.0,1.0,12,h,True,main_files/trial_di/07_di_cross_150hz_75db_250ff-20p-120.wav,2.9414,39.0,di,20,p,120,155.0
4051983,11.0,0.0,,l,False,main_files/trial_di/07_di_cross_150hz_75db_250ff-000-40.wav,0.0,39.0,di,0,0,0,150.0
4051983,13.0,2.0,"12,13",h,True,main_files/trial_di/07_di_cross_150hz_75db_250ff-40p-250.wav,3.7411,39.0,di,40,p,250,160.0
4051983,10.0,1.0,10,l,True,main_files/trial_di/07_di_cross_150hz_75db_250ff-20n-250.wav,2.5604,39.0,di,20,n,250,145.0
4051983,10.0,1.0,10,l,True,main_files/trial_di/07_di_cross_150hz_75db_250ff-40n-100.wav,2.3406,39.0,di,40,n,100,145.0
4051983,12.0,1.0,12,h,True,main_files/trial_di/07_di_cross_150hz_75db_250ff-30p-100.wav,2.0957,39.0,di,30,p,100,155.0
4051983,11.0,0.0,,l,True,main_files/trial_di/07_di_cross_150hz_75db_250ff-10n-60.wav,0.0,39.0,di,10,n,60,150.0
4051983,11.0,0.0,,l,True,main_files/trial_di/07_di_cross_150hz_75db_250ff-20n-40.wav,0.0,39.0,di,20,n,40,150.0
4051983,12.0,1.0,12,h,True,main_files/trial_di/07_di_cross_150hz_75db_250ff-20p-100.wav,2.6086,39.0,di,20,p,100,155.0
4051983,12.0,1.0,12,h,True,main_files/trial_di/07_di_cross_150hz_75db_250ff-30p-40.wav,2.7276,39.0,di,30,p,40,155.0
4051983,10.0,1.0,10,l,True,main_files/trial_di/07_di_cross_150hz_75db_250ff-30n-100.wav,2.0916,39.0,di,30,n,100,145.0
4051983,12.0,1.0,12,h,True,main_files/trial_di/07_di_cross_150hz_75db_250ff-30p-120.wav,1.9056,39.0,di,30,p,120,155.0
4051983,9.0,2.0,"10,9",l,True,main_files/trial_di/07_di_cross_150hz_75db_250ff-30n-250.wav,1.9252,39.0,di,30,n,250,140.0
4051983,12.0,1.0,12,h,True,main_files/trial_di/07_di_cross_150hz_75db_250ff-30p-60.wav,2.8247,39.0,di,30,p,60,155.0
4051983,11.0,0.0,,l,False,main_files/trial_di/07_di_cross_150hz_75db_250ff-10p-100.wav,0.0,39.0,di,10,p,100,150.0
4051983,12.0,1.0,12,h,True,main_files/trial_di/07_di_cross_150hz_75db_250ff-40p-100.wav,3.3579,39.0,di,40,p,100,155.0
4051983,11.0,0.0,,l,False,main_files/trial_di/07_di_cross_150hz_75db_250ff-000-80.wav,0.0,39.0,di,0,0,0,150.0
4051983,11.0,0.0,,l,False,main_files/trial_di/07_di_cross_150hz_75db_250ff-000-120.wav,0.0,39.0,di,0,0,0,150.0
4051983,11.0,0.0,,l,False,main_files/trial_di/07_di_cross_150hz_75db_250ff-000-60.wav,0.0,39.0,di,0,0,0,150.0
4051983,12.0,1.0,12,h,True,main_files/trial_di/07_di_cross_150hz_75db_250ff-20p-80.wav,2.4916,39.0,di,20,p,80,155.0
4051983,12.0,1.0,12,h,False,main_files/trial_di/07_di_cross_150hz_75db_250ff-20n-100.wav,7.413,39.0,di,20,n,100,155.0
4051983,10.0,1.0,10,l,True,main_files/trial_di/07_di_cross_150hz_75db_250ff-10n-250.wav,2.7245,39.0,di,10,n,250,145.0
4051983,10.0,1.0,10,l,True,main_files/trial_di/07_di_cross_150hz_75db_250ff-40n-60.wav,1.8594,39.0,di,40,n,60,145.0
4051983,12.0,1.0,12,h,True,main_files/trial_di/07_di_cross_150hz_75db_250ff-40p-80.wav,2.4476,39.0,di,40,p,80,155.0
4051983,10.0,1.0,10,l,True,main_files/trial_di/07_di_cross_150hz_75db_250ff-20n-60.wav,1.9573,39.0,di,20,n,60,145.0
4051983,10.0,1.0,10,l,True,main_files/trial_di/07_di_cross_150hz_75db_250ff-40n-80.wav,2.2071,39.0,di,40,n,80,145.0
4051983,12.0,1.0,12,h,True,main_files/trial_di/07_di_cross_150hz_75db_250ff-20p-250.wav,2.2904,39.0,di,20,p,250,155.0
4051983,10.0,1.0,10,l,True,main_files/trial_di/07_di_cross_150hz_75db_250ff-10n-100.wav,2.9578,39.0,di,10,n,100,145.0
4051983,11.0,0.0,,l,False,main_files/trial_i/07_i_150hz_75db_250ff-40p-80.wav,0.0,39.0,i,40,p,80,150.0
4051983,11.0,0.0,,l,True,main_files/trial_i/07_i_150hz_75db_250ff-30n-100.wav,0.0,39.0,i,30,n,100,150.0
4051983,12.0,1.0,12,h,True,main_files/trial_i/07_i_150hz_75db_250ff-20p-250.wav,2.4932,39.0,i,20,p,250,155.0
4051983,11.0,0.0,,l,False,main_files/trial_i/07_i_150hz_75db_250ff-10p-60.wav,0.0,39.0,i,10,p,60,150.0
4051983,9.0,2.0,"10,9",l,True,main_files/trial_i/07_i_150hz_75db_250ff-30n-250.wav,2.2902,39.0,i,30,n,250,140.0
4051983,12.0,1.0,12,h,True,main_files/trial_i/07_i_150hz_75db_250ff-40p-120.wav,1.7795,39.0,i,40,p,120,155.0
4051983,11.0,0.0,,l,False,main_files/trial_i/07_i_150hz_75db_250ff-10p-40.wav,0.0,39.0,i,10,p,40,150.0
4051983,10.0,1.0,10,l,True,main_files/trial_i/07_i_150hz_75db_250ff-30n-60.wav,2.0883,39.0,i,30,n,60,145.0
4051983,11.0,0.0,,l,True,main_files/trial_i/07_i_150hz_75db_250ff-10n-40.wav,0.0,39.0,i,10,n,40,150.0
4051983,12.0,1.0,12,h,True,main_files/trial_i/07_i_150hz_75db_250ff-10p-250.wav,3.8336,39.0,i,10,p,250,155.0
4051983,10.0,1.0,10,l,True,main_files/trial_i/07_i_150hz_75db_250ff-20n-60.wav,2.3492,39.0,i,20,n,60,145.0
4051983,10.0,1.0,10,l,True,main_files/trial_i/07_i_150hz_75db_250ff-20n-100.wav,2.6321,39.0,i,20,n,100,145.0
4051983,11.0,0.0,,l,True,main_files/trial_i/07_i_150hz_75db_250ff-10n-80.wav,0.0,39.0,i,10,n,80,150.0
4051983,12.0,1.0,12,h,True,main_files/trial_i/07_i_150hz_75db_250ff-30p-60.wav,2.3437,39.0,i,30,p,60,155.0
4051983,11.0,0.0,,l,False,main_files/trial_i/07_i_150hz_75db_250ff-000-80.wav,0.0,39.0,i,0,0,0,150.0
4051983,9.0,2.0,"10,9",l,True,main_files/trial_i/07_i_150hz_75db_250ff-30n-120.wav,2.473,39.0,i,30,n,120,140.0
4051983,12.0,1.0,12,h,True,main_files/trial_i/07_i_150hz_75db_250ff-40p-100.wav,2.3589,39.0,i,40,p,100,155.0
4051983,9.0,2.0,"10,9",l,True,main_files/trial_i/07_i_150hz_75db_250ff-40n-100.wav,3.2408,39.0,i,40,n,100,140.0
4051983,9.0,2.0,"10,9",l,True,main_files/trial_i/07_i_150hz_75db_250ff-40n-120.wav,2.2597,39.0,i,40,n,120,140.0
4051983,12.0,1.0,12,h,True,main_files/trial_i/07_i_150hz_75db_250ff-20p-40.wav,2.3327,39.0,i,20,p,40,155.0
4051983,12.0,1.0,12,h,True,main_files/trial_i/07_i_150hz_75db_250ff-20p-120.wav,2.155,39.0,i,20,p,120,155.0
4051983,13.0,2.0,"12,13",h,True,main_files/trial_i/07_i_150hz_75db_250ff-40p-250.wav,3.7447,39.0,i,40,p,250,160.0
4051983,11.0,0.0,,l,False,main_files/trial_i/07_i_150hz_75db_250ff-10p-120.wav,0.0,39.0,i,10,p,120,150.0
4051983,12.0,1.0,12,h,True,main_files/trial_i/07_i_150hz_75db_250ff-40p-40.wav,2.5764,39.0,i,40,p,40,155.0
4051983,9.0,2.0,"10,9",l,True,main_files/trial_i/07_i_150hz_75db_250ff-30n-40.wav,2.0347,39.0,i,30,n,40,140.0
4051983,11.0,0.0,,l,True,main_files/trial_i/07_i_150hz_75db_250ff-10n-120.wav,0.0,39.0,i,10,n,120,150.0
4051983,12.0,1.0,12,h,True,main_files/trial_i/07_i_150hz_75db_250ff-20p-100.wav,2.3946,39.0,i,20,p,100,155.0
4051983,11.0,0.0,,l,False,main_files/trial_i/07_i_150hz_75db_250ff-000-120.wav,0.0,39.0,i,0,0,0,150.0
4051983,9.0,2.0,"10,9",l,True,main_files/trial_i/07_i_150hz_75db_250ff-40n-250.wav,2.3725,39.0,i,40,n,250,140.0
4051983,10.0,1.0,10,l,True,main_files/trial_i/07_i_150hz_75db_250ff-20n-250.wav,2.1437,39.0,i,20,n,250,145.0
4051983,11.0,0.0,,l,False,main_files/trial_i/07_i_150hz_75db_250ff-30p-80.wav,0.0,39.0,i,30,p,80,150.0
4051983,10.0,1.0,10,l,True,main_files/trial_i/07_i_150hz_75db_250ff-30n-80.wav,2.4736,39.0,i,30,n,80,145.0
4051983,11.0,0.0,,l,True,main_files/trial_i/07_i_150hz_75db_250ff-10n-60.wav,0.0,39.0,i,10,n,60,150.0
4051983,10.0,1.0,10,l,True,main_files/trial_i/07_i_150hz_75db_250ff-20n-120.wav,3.1742,39.0,i,20,n,120,145.0
4051983,10.0,1.0,10,l,True,main_files/trial_i/07_i_150hz_75db_250ff-20n-80.wav,6.295,39.0,i,20,n,80,145.0
4051983,12.0,1.0,12,h,True,main_files/trial_i/07_i_150hz_75db_250ff-30p-120.wav,1.6418,39.0,i,30,p,120,155.0
4051983,12.0,1.0,12,h,True,main_files/trial_i/07_i_150hz_75db_250ff-20p-80.wav,1.9255,39.0,i,20,p,80,155.0
4051983,12.0,1.0,12,h,True,main_files/trial_i/07_i_150hz_75db_250ff-30p-100.wav,2.2809,39.0,i,30,p,100,155.0
4051983,13.0,1.0,13,h,True,main_files/trial_i/07_i_150hz_75db_250ff-30p-250.wav,2.0764,39.0,i,30,p,250,160.0
4051983,13.0,1.0,13,h,True,main_files/trial_i/07_i_150hz_75db_250ff-30p-40.wav,1.7436,39.0,i,30,p,40,160.0
4051983,11.0,0.0,,l,False,main_files/trial_i/07_i_150hz_75db_250ff-10p-100.wav,0.0,39.0,i,10,p,100,150.0
4051983,9.0,1.0,9,l,True,main_files/trial_i/07_i_150hz_75db_250ff-40n-80.wav,2.0911,39.0,i,40,n,80,140.0
4051983,11.0,0.0,,l,False,main_files/trial_i/07_i_150hz_75db_250ff-000-60.wav,0.0,39.0,i,0,0,0,150.0
4051983,11.0,0.0,,l,False,main_files/trial_i/07_i_150hz_75db_250ff-000-100.wav,0.0,39.0,i,0,0,0,150.0
4051983,11.0,0.0,,l,False,main_files/trial_i/07_i_150hz_75db_250ff-000-40.wav,0.0,39.0,i,0,0,0,150.0
4051983,12.0,1.0,12,h,True,main_files/trial_i/07_i_150hz_75db_250ff-20p-60.wav,2.0748,39.0,i,20,p,60,155.0
4051983,12.0,1.0,12,h,True,main_files/trial_i/07_i_150hz_75db_250ff-10p-80.wav,2.3678,39.0,i,10,p,80,155.0
4051983,10.0,1.0,10,l,True,main_files/trial_i/07_i_150hz_75db_250ff-10n-250.wav,2.0759,39.0,i,10,n,250,145.0
4051983,10.0,1.0,10,l,True,main_files/trial_i/07_i_150hz_75db_250ff-40n-40.wav,2.2839,39.0,i,40,n,40,145.0
4051983,12.0,1.0,12,h,True,main_files/trial_i/07_i_150hz_75db_250ff-40p-60.wav,2.0412,39.0,i,40,p,60,155.0
4051983,11.0,0.0,,l,True,main_files/trial_i/07_i_150hz_75db_250ff-20n-40.wav,0.0,39.0,i,20,n,40,150.0
4051983,10.0,2.0,"9,10",l,True,main_files/trial_i/07_i_150hz_75db_250ff-40n-60.wav,5.5196,39.0,i,40,n,60,145.0
4051983,11.0,0.0,,l,False,main_files/trial_i/07_i_150hz_75db_250ff-000-250.wav,0.0,39.0,i,0,0,0,150.0
4051983,10.0,1.0,10,l,True,main_files/trial_i/07_i_150hz_75db_250ff-10n-100.wav,2.6515,39.0,i,10,n,100,145.0
3530,11.0,2.0,"10,11",m,True,main_files/trial_di/07_di_cross_150hz_75db_250ff-000-100.wav,8.7055,11.0,di,0,0,0,150.0
3530,10.0,5.0,"10,9,8,9,10",l,True,main_files/trial_di/07_di_cross_150hz_75db_250ff-30n-120.wav,9.5734,11.0,di,30,n,120,145.0
3530,12.0,3.0,"12,13,12",h,True,main_files/trial_di/07_di_cross_150hz_75db_250ff-10p-250.wav,9.1082,11.0,di,10,p,250,155.0
3530,11.0,6.0,"10,11,8,9,10,11",m,False,main_files/trial_di/07_di_cross_150hz_75db_250ff-10p-80.wav,13.0216,11.0,di,10,p,80,150.0
3530,13.0,9.0,"10,11,10,12,13,12,13,12,13",h,True,main_files/trial_di/07_di_cross_150hz_75db_250ff-30p-250.wav,22.2892,11.0,di,30,p,250,160.0
3530,11.0,3.0,"10,9,11",m,False,main_files/trial_di/07_di_cross_150hz_75db_250ff-40p-40.wav,11.5429,11.0,di,40,p,40,150.0
3530,10.0,2.0,"12,10",l,False,main_files/trial_di/07_di_cross_150hz_75db_250ff-10p-60.wav,7.9762,11.0,di,10,p,60,145.0
3530,10.0,7.0,"6,7,8,9,10,11,10",l,True,main_files/trial_di/07_di_cross_150hz_75db_250ff-30n-80.wav,15.295,11.0,di,30,n,80,145.0
3530,10.0,2.0,"9,10",l,True,main_files/trial_di/07_di_cross_150hz_75db_250ff-10n-40.wav,6.8456,11.0,di,10,n,40,145.0
3530,11.0,0.0,,l,False,main_files/trial_di/07_di_cross_150hz_75db_250ff-10p-120.wav,0.0,11.0,di,10,p,120,150.0
3530,11.0,12.0,"8,9,10,7,8,9,1,2,10,11,12,11",m,False,main_files/trial_di/07_di_cross_150hz_75db_250ff-20n-80.wav,32.8917,11.0,di,20,n,80,150.0
3530,10.0,1.0,10,l,True,main_files/trial_di/07_di_cross_150hz_75db_250ff-20n-120.wav,2.6039,11.0,di,20,n,120,145.0
3530,10.0,5.0,"8,9,10,9,10",l,True,main_files/trial_di/07_di_cross_150hz_75db_250ff-10n-80.wav,16.4659,11.0,di,10,n,80,145.0
3530,11.0,9.0,"13,12,11,10,9,10,11,10,11",m,False,main_files/trial_di/07_di_cross_150hz_75db_250ff-30p-80.wav,21.5113,11.0,di,30,p,80,150.0
3530,11.0,5.0,"9,10,11,12,11",m,True,main_files/trial_di/07_di_cross_150hz_75db_250ff-000-250.wav,12.0614,11.0,di,0,0,0,150.0
3530,10.0,5.0,"8,10,9,11,10",l,True,main_files/trial_di/07_di_cross_150hz_75db_250ff-30n-40.wav,13.0489,11.0,di,30,n,40,145.0
3530,11.0,5.0,"13,12,11,12,11",m,False,main_files/trial_di/07_di_cross_150hz_75db_250ff-40p-120.wav,13.7317,11.0,di,40,p,120,150.0
3530,10.0,3.0,"10,9,10",l,True,main_files/trial_di/07_di_cross_150hz_75db_250ff-40n-120.wav,7.5298,11.0,di,40,n,120,145.0
3530,11.0,4.0,"20,12,13,11",m,False,main_files/trial_di/07_di_cross_150hz_75db_250ff-40n-40.wav,12.4342,11.0,di,40,n,40,150.0
3530,12.0,1.0,12,h,True,main_files/trial_di/07_di_cross_150hz_75db_250ff-20p-60.wav,3.665,11.0,di,20,p,60,155.0
3530,11.0,2.0,"10,11",m,False,main_files/trial_di/07_di_cross_150hz_75db_250ff-20p-40.wav,4.731299999,11.0,di,20,p,40,150.0
3530,9.0,9.0,"10,9,8,10,9,6,7,8,9",l,True,main_files/trial_di/07_di_cross_150hz_75db_250ff-40n-250.wav,18.3812,11.0,di,40,n,250,140.0
3530,11.0,3.0,"10,12,11",m,False,main_files/trial_di/07_di_cross_150hz_75db_250ff-10p-40.wav,7.2749,11.0,di,10,p,40,150.0
3530,12.0,2.0,"10,12",h,True,main_files/trial_di/07_di_cross_150hz_75db_250ff-40p-60.wav,4.9716,11.0,di,40,p,60,155.0
3530,11.0,5.0,"10,11,10,12,11",m,False,main_files/trial_di/07_di_cross_150hz_75db_250ff-30n-60.wav,11.1027,11.0,di,30,n,60,150.0
3530,10.0,5.0,"10,9,10,11,10",l,True,main_files/trial_di/07_di_cross_150hz_75db_250ff-10n-120.wav,11.4605,11.0,di,10,n,120,145.0
3530,12.0,1.0,12,h,True,main_files/trial_di/07_di_cross_150hz_75db_250ff-20p-120.wav,2.6546,11.0,di,20,p,120,155.0
3530,10.0,10.0,"10,9,10,9,2,8,9,10,11,10",l,False,main_files/trial_di/07_di_cross_150hz_75db_250ff-000-40.wav,24.3719,11.0,di,0,0,0,145.0
3530,13.0,1.0,13,h,True,main_files/trial_di/07_di_cross_150hz_75db_250ff-40p-250.wav,3.159099999,11.0,di,40,p,250,160.0
3530,8.0,5.0,"10,9,10,9,8",l,True,main_files/trial_di/07_di_cross_150hz_75db_250ff-20n-250.wav,11.5917,11.0,di,20,n,250,135.0
3530,10.0,7.0,"10,9,8,9,10,9,10",l,True,main_files/trial_di/07_di_cross_150hz_75db_250ff-40n-100.wav,15.6423,11.0,di,40,n,100,145.0
3530,11.0,2.0,"12,11",m,False,main_files/trial_di/07_di_cross_150hz_75db_250ff-30p-100.wav,4.8883,11.0,di,30,p,100,150.0
3530,10.0,4.0,"10,11,9,10",l,True,main_files/trial_di/07_di_cross_150hz_75db_250ff-10n-60.wav,10.0065,11.0,di,10,n,60,145.0
3530,10.0,11.0,"10,9,8,7,8,9,10,9,10,9,10",l,True,main_files/trial_di/07_di_cross_150hz_75db_250ff-20n-40.wav,24.437,11.0,di,20,n,40,145.0
3530,12.0,3.0,"10,9,12",h,True,main_files/trial_di/07_di_cross_150hz_75db_250ff-20p-100.wav,8.021299999,11.0,di,20,p,100,155.0
3530,11.0,5.0,"10,12,13,12,11",m,False,main_files/trial_di/07_di_cross_150hz_75db_250ff-30p-40.wav,11.4964,11.0,di,30,p,40,150.0
3530,11.0,13.0,"8,9,10,11,12,13,14,13,12,11,12,10,11",m,False,main_files/trial_di/07_di_cross_150hz_75db_250ff-30n-100.wav,28.0434,11.0,di,30,n,100,150.0
3530,13.0,8.0,"13,12,14,13,15,16,14,13",h,True,main_files/trial_di/07_di_cross_150hz_75db_250ff-30p-120.wav,18.1053,11.0,di,30,p,120,160.0
3530,10.0,2.0,"12,10",l,True,main_files/trial_di/07_di_cross_150hz_75db_250ff-30n-250.wav,4.486799999,11.0,di,30,n,250,145.0
3530,12.0,3.0,"12,13,12",h,True,main_files/trial_di/07_di_cross_150hz_75db_250ff-30p-60.wav,6.0579,11.0,di,30,p,60,155.0
3530,12.0,6.0,"10,14,13,12,11,12",h,True,main_files/trial_di/07_di_cross_150hz_75db_250ff-10p-100.wav,11.5064,11.0,di,10,p,100,155.0
3530,13.0,1.0,13,h,True,main_files/trial_di/07_di_cross_150hz_75db_250ff-40p-100.wav,2.548,11.0,di,40,p,100,160.0
3530,11.0,4.0,"10,11,10,11",m,True,main_files/trial_di/07_di_cross_150hz_75db_250ff-000-80.wav,9.9849,11.0,di,0,0,0,150.0
3530,11.0,8.0,"14,12,13,6,8,10,9,11",m,True,main_files/trial_di/07_di_cross_150hz_75db_250ff-000-120.wav,21.7982,11.0,di,0,0,0,150.0
3530,12.0,4.0,"9,14,13,12",h,False,main_files/trial_di/07_di_cross_150hz_75db_250ff-000-60.wav,8.6313,11.0,di,0,0,0,155.0
3530,13.0,2.0,"10,13",h,True,main_files/trial_di/07_di_cross_150hz_75db_250ff-20p-80.wav,3.8837,11.0,di,20,p,80,160.0
3530,9.0,6.0,"12,11,10,9,10,9",l,True,main_files/trial_di/07_di_cross_150hz_75db_250ff-20n-100.wav,11.8784,11.0,di,20,n,100,140.0
3530,8.0,1.0,8,l,True,main_files/trial_di/07_di_cross_150hz_75db_250ff-10n-250.wav,2.5886,11.0,di,10,n,250,135.0
3530,12.0,1.0,12,h,False,main_files/trial_di/07_di_cross_150hz_75db_250ff-40n-60.wav,3.184599999,11.0,di,40,n,60,155.0
3530,13.0,8.0,"10,11,10,9,10,12,11,13",h,True,main_files/trial_di/07_di_cross_150hz_75db_250ff-40p-80.wav,17.7861,11.0,di,40,p,80,160.0
3530,11.0,6.0,"9,13,12,11,10,11",m,False,main_files/trial_di/07_di_cross_150hz_75db_250ff-20n-60.wav,14.4152,11.0,di,20,n,60,150.0
3530,12.0,11.0,"9,8,6,14,12,13,12,11,14,13,12",h,False,main_files/trial_di/07_di_cross_150hz_75db_250ff-40n-80.wav,21.3494,11.0,di,40,n,80,155.0
3530,13.0,3.0,"13,14,13",h,True,main_files/trial_di/07_di_cross_150hz_75db_250ff-20p-250.wav,7.5477,11.0,di,20,p,250,160.0
3530,10.0,2.0,"13,10",l,True,main_files/trial_di/07_di_cross_150hz_75db_250ff-10n-100.wav,5.5841,11.0,di,10,n,100,145.0
3530,11.0,6.0,"10,12,11,9,10,11",m,True,main_files/trial_tone/tone_150hz_75db_250ff-000-100.wav,13.2468,11.0,tone,0,0,0,150.0
3530,9.0,1.0,9,l,True,main_files/trial_tone/tone_150hz_75db_250ff-30n-120.wav,2.430400001,11.0,tone,30,n,120,140.0
3530,12.0,4.0,"14,12,13,12",h,True,main_files/trial_tone/tone_150hz_75db_250ff-10p-250.wav,9.1649,11.0,tone,10,p,250,155.0
3530,10.0,2.0,"9,10",l,False,main_files/trial_tone/tone_150hz_75db_250ff-10p-80.wav,4.2314,11.0,tone,10,p,80,145.0
3530,14.0,1.0,14,h,True,main_files/trial_tone/tone_150hz_75db_250ff-30p-250.wav,3.056,11.0,tone,30,p,250,165.0
3530,12.0,3.0,"12,10,12",h,True,main_files/trial_tone/tone_150hz_75db_250ff-40p-40.wav,6.5647,11.0,tone,40,p,40,155.0
3530,11.0,6.0,"13,12,11,12,10,11",m,False,main_files/trial_tone/tone_150hz_75db_250ff-10p-60.wav,13.2738,11.0,tone,10,p,60,150.0
3530,9.0,1.0,9,l,True,main_files/trial_tone/tone_150hz_75db_250ff-30n-80.wav,3.126599999,11.0,tone,30,n,80,140.0
3530,10.0,3.0,"8,9,10",l,True,main_files/trial_tone/tone_150hz_75db_250ff-10n-40.wav,6.0529,11.0,tone,10,n,40,145.0
3530,11.0,3.0,"13,12,11",m,False,main_files/trial_tone/tone_150hz_75db_250ff-10p-120.wav,6.798,11.0,tone,10,p,120,150.0
3530,10.0,3.0,"8,9,10",l,True,main_files/trial_tone/tone_150hz_75db_250ff-20n-80.wav,6.6198,11.0,tone,20,n,80,145.0
3530,9.0,3.0,"9,10,9",l,True,main_files/trial_tone/tone_150hz_75db_250ff-20n-120.wav,12.4313,11.0,tone,20,n,120,140.0
3530,11.0,0.0,,l,True,main_files/trial_tone/tone_150hz_75db_250ff-10n-80.wav,0.0,11.0,tone,10,n,80,150.0
3530,12.0,2.0,"13,12",h,True,main_files/trial_tone/tone_150hz_75db_250ff-30p-80.wav,5.3876,11.0,tone,30,p,80,155.0
3530,11.0,2.0,"9,11",m,True,main_files/trial_tone/tone_150hz_75db_250ff-000-250.wav,5.8022,11.0,tone,0,0,0,150.0
3530,12.0,8.0,"8,9,10,11,13,11,9,12",h,False,main_files/trial_tone/tone_150hz_75db_250ff-30n-40.wav,16.2145,11.0,tone,30,n,40,155.0
3530,12.0,2.0,"13,12",h,True,main_files/trial_tone/tone_150hz_75db_250ff-40p-120.wav,4.3814,11.0,tone,40,p,120,155.0
3530,10.0,6.0,"13,14,12,11,12,10",l,True,main_files/trial_tone/tone_150hz_75db_250ff-40n-120.wav,13.7515,11.0,tone,40,n,120,145.0
3530,11.0,2.0,"9,11",m,False,main_files/trial_tone/tone_150hz_75db_250ff-40n-40.wav,4.911700001,11.0,tone,40,n,40,150.0
3530,12.0,3.0,"14,13,12",h,True,main_files/trial_tone/tone_150hz_75db_250ff-20p-60.wav,6.0969,11.0,tone,20,p,60,155.0
3530,12.0,4.0,"10,12,13,12",h,True,main_files/trial_tone/tone_150hz_75db_250ff-20p-40.wav,9.7536,11.0,tone,20,p,40,155.0
3530,10.0,2.0,"9,10",l,True,main_files/trial_tone/tone_150hz_75db_250ff-40n-250.wav,5.3471,11.0,tone,40,n,250,145.0
3530,11.0,3.0,"13,12,11",m,False,main_files/trial_tone/tone_150hz_75db_250ff-10p-40.wav,6.763,11.0,tone,10,p,40,150.0
3530,14.0,1.0,14,h,True,main_files/trial_tone/tone_150hz_75db_250ff-40p-60.wav,3.3315,11.0,tone,40,p,60,165.0
3530,11.0,5.0,"12,8,9,10,11",m,False,main_files/trial_tone/tone_150hz_75db_250ff-30n-60.wav,23.4642,11.0,tone,30,n,60,150.0
3530,10.0,5.0,"9,13,12,11,10",l,True,main_files/trial_tone/tone_150hz_75db_250ff-10n-120.wav,9.4853,11.0,tone,10,n,120,145.0
3530,13.0,2.0,"14,13",h,True,main_files/trial_tone/tone_150hz_75db_250ff-20p-120.wav,3.970599999,11.0,tone,20,p,120,160.0
3530,9.0,1.0,9,l,False,main_files/trial_tone/tone_150hz_75db_250ff-000-40.wav,2.5577,11.0,tone,0,0,0,140.0
3530,15.0,1.0,15,h,True,main_files/trial_tone/tone_150hz_75db_250ff-40p-250.wav,2.226200001,11.0,tone,40,p,250,170.0
3530,9.0,3.0,"13,12,9",l,True,main_files/trial_tone/tone_150hz_75db_250ff-20n-250.wav,6.6043,11.0,tone,20,n,250,140.0
3530,9.0,4.0,"8,9,8,9",l,True,main_files/trial_tone/tone_150hz_75db_250ff-40n-100.wav,9.4039,11.0,tone,40,n,100,140.0
3530,14.0,7.0,"14,13,12,13,12,13,14",h,True,main_files/trial_tone/tone_150hz_75db_250ff-30p-100.wav,15.4771,11.0,tone,30,p,100,165.0
3530,10.0,1.0,10,l,True,main_files/trial_tone/tone_150hz_75db_250ff-10n-60.wav,2.7636,11.0,tone,10,n,60,145.0
3530,11.0,2.0,"13,11",m,False,main_files/trial_tone/tone_150hz_75db_250ff-20n-40.wav,5.117099999,11.0,tone,20,n,40,150.0
3530,12.0,3.0,"14,13,12",h,True,main_files/trial_tone/tone_150hz_75db_250ff-20p-100.wav,6.6113,11.0,tone,20,p,100,155.0
3530,10.0,5.0,"13,15,11,12,10",l,False,main_files/trial_tone/tone_150hz_75db_250ff-30p-40.wav,11.5806,11.0,tone,30,p,40,145.0
3530,9.0,1.0,9,l,True,main_files/trial_tone/tone_150hz_75db_250ff-30n-100.wav,3.085400001,11.0,tone,30,n,100,140.0
3530,13.0,2.0,"14,13",h,True,main_files/trial_tone/tone_150hz_75db_250ff-30p-120.wav,4.3177,11.0,tone,30,p,120,160.0
3530,10.0,2.0,"9,10",l,True,main_files/trial_tone/tone_150hz_75db_250ff-30n-250.wav,5.7266,11.0,tone,30,n,250,145.0
3530,12.0,2.0,"13,12",h,True,main_files/trial_tone/tone_150hz_75db_250ff-30p-60.wav,4.3884,11.0,tone,30,p,60,155.0
3530,11.0,2.0,"12,11",m,False,main_files/trial_tone/tone_150hz_75db_250ff-10p-100.wav,4.8408,11.0,tone,10,p,100,150.0
3530,13.0,5.0,"8,9,14,15,13",h,True,main_files/trial_tone/tone_150hz_75db_250ff-40p-100.wav,12.2035,11.0,tone,40,p,100,160.0
3530,10.0,2.0,"12,10",l,False,main_files/trial_tone/tone_150hz_75db_250ff-000-80.wav,5.8154,11.0,tone,0,0,0,145.0
3530,12.0,4.0,"9,11,13,12",h,False,main_files/trial_tone/tone_150hz_75db_250ff-000-120.wav,8.3645,11.0,tone,0,0,0,155.0
3530,11.0,7.0,"8,10,9,12,11,10,11",m,True,main_files/trial_tone/tone_150hz_75db_250ff-000-60.wav,15.0459,11.0,tone,0,0,0,150.0
3530,13.0,1.0,13,h,True,main_files/trial_tone/tone_150hz_75db_250ff-20p-80.wav,4.0655,11.0,tone,20,p,80,160.0
3530,10.0,3.0,"13,9,10",l,True,main_files/trial_tone/tone_150hz_75db_250ff-20n-100.wav,6.797400001,11.0,tone,20,n,100,145.0
3530,9.0,2.0,"10,9",l,True,main_files/trial_tone/tone_150hz_75db_250ff-10n-250.wav,4.430400001,11.0,tone,10,n,250,140.0
3530,10.0,2.0,"9,10",l,True,main_files/trial_tone/tone_150hz_75db_250ff-40n-60.wav,5.0309,11.0,tone,40,n,60,145.0
3530,12.0,6.0,"8,9,15,14,13,12",h,True,main_files/trial_tone/tone_150hz_75db_250ff-40p-80.wav,13.5034,11.0,tone,40,p,80,155.0
3530,9.0,2.0,"13,9",l,True,main_files/trial_tone/tone_150hz_75db_250ff-20n-60.wav,5.014799999,11.0,tone,20,n,60,140.0
3530,8.0,1.0,8,l,True,main_files/trial_tone/tone_150hz_75db_250ff-40n-80.wav,2.5473,11.0,tone,40,n,80,135.0
3530,14.0,1.0,14,h,True,main_files/trial_tone/tone_150hz_75db_250ff-20p-250.wav,2.4818,11.0,tone,20,p,250,165.0
3530,12.0,1.0,12,h,False,main_files/trial_tone/tone_150hz_75db_250ff-10n-100.wav,2.798400001,11.0,tone,10,n,100,155.0
3530,13.0,4.0,"12,13,12,13",h,True,main_files/trial_i/07_i_150hz_75db_250ff-40p-80.wav,7.516,11.0,i,40,p,80,160.0
3530,11.0,2.0,"10,11",m,False,main_files/trial_i/07_i_150hz_75db_250ff-30n-100.wav,6.758,11.0,i,30,n,100,150.0
3530,14.0,5.0,"14,13,12,15,14",h,True,main_files/trial_i/07_i_150hz_75db_250ff-20p-250.wav,12.1025,11.0,i,20,p,250,165.0
3530,10.0,7.0,"12,13,14,15,12,13,10",l,False,main_files/trial_i/07_i_150hz_75db_250ff-10p-60.wav,14.3336,11.0,i,10,p,60,145.0
3530,9.0,1.0,9,l,True,main_files/trial_i/07_i_150hz_75db_250ff-30n-250.wav,2.469400001,11.0,i,30,n,250,140.0
3530,13.0,2.0,"14,13",h,True,main_files/trial_i/07_i_150hz_75db_250ff-40p-120.wav,4.569700001,11.0,i,40,p,120,160.0
3530,11.0,2.0,"10,11",m,False,main_files/trial_i/07_i_150hz_75db_250ff-10p-40.wav,5.0745,11.0,i,10,p,40,150.0
3530,10.0,3.0,"9,8,10",l,True,main_files/trial_i/07_i_150hz_75db_250ff-30n-60.wav,5.722599999,11.0,i,30,n,60,145.0
3530,10.0,1.0,10,l,True,main_files/trial_i/07_i_150hz_75db_250ff-10n-40.wav,2.902200001,11.0,i,10,n,40,145.0
3530,10.0,1.0,10,l,False,main_files/trial_i/07_i_150hz_75db_250ff-10p-250.wav,3.989799999,11.0,i,10,p,250,145.0
3530,10.0,5.0,"13,9,11,9,10",l,True,main_files/trial_i/07_i_150hz_75db_250ff-20n-60.wav,10.4011,11.0,i,20,n,60,145.0
3530,13.0,4.0,"9,13,14,13",h,False,main_files/trial_i/07_i_150hz_75db_250ff-20n-100.wav,8.6569,11.0,i,20,n,100,160.0
3530,9.0,2.0,"8,9",l,True,main_files/trial_i/07_i_150hz_75db_250ff-10n-80.wav,4.001400001,11.0,i,10,n,80,140.0
3530,13.0,2.0,"14,13",h,True,main_files/trial_i/07_i_150hz_75db_250ff-30p-60.wav,4.1679,11.0,i,30,p,60,160.0
3530,10.0,2.0,"9,10",l,False,main_files/trial_i/07_i_150hz_75db_250ff-000-80.wav,4.4844,11.0,i,0,0,0,145.0
3530,9.0,1.0,9,l,True,main_files/trial_i/07_i_150hz_75db_250ff-30n-120.wav,2.2966,11.0,i,30,n,120,140.0
3530,13.0,2.0,"14,13",h,True,main_files/trial_i/07_i_150hz_75db_250ff-40p-100.wav,4.1152,11.0,i,40,p,100,160.0
3530,8.0,2.0,"9,8",l,True,main_files/trial_i/07_i_150hz_75db_250ff-40n-100.wav,4.4245,11.0,i,40,n,100,135.0
3530,9.0,2.0,"8,9",l,True,main_files/trial_i/07_i_150hz_75db_250ff-40n-120.wav,4.307,11.0,i,40,n,120,140.0
3530,12.0,2.0,"13,12",h,True,main_files/trial_i/07_i_150hz_75db_250ff-20p-40.wav,4.1052,11.0,i,20,p,40,155.0
3530,11.0,0.0,,l,False,main_files/trial_i/07_i_150hz_75db_250ff-20p-120.wav,0.0,11.0,i,20,p,120,150.0
3530,13.0,6.0,"14,13,15,13,12,13",h,True,main_files/trial_i/07_i_150hz_75db_250ff-40p-250.wav,14.8605,11.0,i,40,p,250,160.0
3530,11.0,0.0,,l,False,main_files/trial_i/07_i_150hz_75db_250ff-10p-120.wav,0.0,11.0,i,10,p,120,150.0
3530,12.0,1.0,12,h,True,main_files/trial_i/07_i_150hz_75db_250ff-40p-40.wav,2.4036,11.0,i,40,p,40,155.0
3530,10.0,2.0,"9,10",l,True,main_files/trial_i/07_i_150hz_75db_250ff-30n-40.wav,3.754400001,11.0,i,30,n,40,145.0
3530,10.0,1.0,10,l,True,main_files/trial_i/07_i_150hz_75db_250ff-10n-120.wav,2.6179,11.0,i,10,n,120,145.0
3530,13.0,1.0,13,h,True,main_files/trial_i/07_i_150hz_75db_250ff-20p-100.wav,2.2058,11.0,i,20,p,100,160.0
3530,10.0,2.0,"12,10",l,False,main_files/trial_i/07_i_150hz_75db_250ff-000-120.wav,5.033700001,11.0,i,0,0,0,145.0
3530,8.0,1.0,8,l,True,main_files/trial_i/07_i_150hz_75db_250ff-40n-250.wav,2.2648,11.0,i,40,n,250,135.0
3530,9.0,1.0,9,l,True,main_files/trial_i/07_i_150hz_75db_250ff-20n-250.wav,2.4985,11.0,i,20,n,250,140.0
3530,12.0,2.0,"13,12",h,True,main_files/trial_i/07_i_150hz_75db_250ff-30p-80.wav,8.8877,11.0,i,30,p,80,155.0
3530,10.0,2.0,"9,10",l,True,main_files/trial_i/07_i_150hz_75db_250ff-30n-80.wav,4.4785,11.0,i,30,n,80,145.0
3530,10.0,2.0,"9,10",l,True,main_files/trial_i/07_i_150hz_75db_250ff-10n-60.wav,4.7044,11.0,i,10,n,60,145.0
3530,10.0,1.0,10,l,True,main_files/trial_i/07_i_150hz_75db_250ff-20n-120.wav,2.7219,11.0,i,20,n,120,145.0
3530,8.0,1.0,8,l,True,main_files/trial_i/07_i_150hz_75db_250ff-20n-80.wav,2.31,11.0,i,20,n,80,135.0
3530,12.0,3.0,"14,13,12",h,True,main_files/trial_i/07_i_150hz_75db_250ff-30p-120.wav,5.8646,11.0,i,30,p,120,155.0
3530,12.0,1.0,12,h,True,main_files/trial_i/07_i_150hz_75db_250ff-20p-80.wav,2.3282,11.0,i,20,p,80,155.0
3530,12.0,1.0,12,h,True,main_files/trial_i/07_i_150hz_75db_250ff-30p-100.wav,2.2387,11.0,i,30,p,100,155.0
3530,13.0,1.0,13,h,True,main_files/trial_i/07_i_150hz_75db_250ff-30p-250.wav,2.494900001,11.0,i,30,p,250,160.0
3530,10.0,1.0,10,l,False,main_files/trial_i/07_i_150hz_75db_250ff-30p-40.wav,2.1857,11.0,i,30,p,40,145.0
3530,11.0,0.0,,l,False,main_files/trial_i/07_i_150hz_75db_250ff-10p-100.wav,0.0,11.0,i,10,p,100,150.0
3530,9.0,1.0,9,l,True,main_files/trial_i/07_i_150hz_75db_250ff-40n-80.wav,2.1113,11.0,i,40,n,80,140.0
3530,12.0,3.0,"14,13,12",h,False,main_files/trial_i/07_i_150hz_75db_250ff-000-60.wav,5.9881,11.0,i,0,0,0,155.0
3530,11.0,0.0,,l,False,main_files/trial_i/07_i_150hz_75db_250ff-000-100.wav,0.0,11.0,i,0,0,0,150.0
3530,11.0,3.0,"12,10,11",m,True,main_files/trial_i/07_i_150hz_75db_250ff-000-40.wav,6.7907,11.0,i,0,0,0,150.0
3530,13.0,1.0,13,h,True,main_files/trial_i/07_i_150hz_75db_250ff-20p-60.wav,2.7614,11.0,i,20,p,60,160.0
3530,12.0,1.0,12,h,True,main_files/trial_i/07_i_150hz_75db_250ff-10p-80.wav,2.596700001,11.0,i,10,p,80,155.0
3530,10.0,2.0,"9,10",l,True,main_files/trial_i/07_i_150hz_75db_250ff-10n-250.wav,3.7994,11.0,i,10,n,250,145.0
3530,9.0,1.0,9,l,True,main_files/trial_i/07_i_150hz_75db_250ff-40n-40.wav,2.334,11.0,i,40,n,40,140.0
3530,12.0,2.0,"13,12",h,True,main_files/trial_i/07_i_150hz_75db_250ff-40p-60.wav,4.7841,11.0,i,40,p,60,155.0
3530,9.0,1.0,9,l,True,main_files/trial_i/07_i_150hz_75db_250ff-20n-40.wav,2.5413,11.0,i,20,n,40,140.0
3530,9.0,1.0,9,l,True,main_files/trial_i/07_i_150hz_75db_250ff-40n-60.wav,2.275099999,11.0,i,40,n,60,140.0
3530,10.0,2.0,"13,10",l,False,main_files/trial_i/07_i_150hz_75db_250ff-000-250.wav,5.6378,11.0,i,0,0,0,145.0
3530,8.0,2.0,"12,8",l,True,main_files/trial_i/07_i_150hz_75db_250ff-10n-100.wav,5.4869,11.0,i,10,n,100,135.0
4545,11.0,4.0,"10,11,12,11",m,False,main_files/trial_i/07_i_150hz_75db_250ff-40p-80.wav,11.424,0.0,i,40,p,80,150.0
4545,11.0,4.0,"10,11,10,11",m,False,main_files/trial_i/07_i_150hz_75db_250ff-30n-100.wav,7.801,0.0,i,30,n,100,150.0
4545,12.0,3.0,"10,13,12",h,True,main_files/trial_i/07_i_150hz_75db_250ff-20p-250.wav,6.621,0.0,i,20,p,250,155.0
4545,11.0,2.0,"10,11",m,False,main_files/trial_i/07_i_150hz_75db_250ff-10p-60.wav,4.703,0.0,i,10,p,60,150.0
4545,9.0,6.0,"12,13,8,9,10,9",l,True,main_files/trial_i/07_i_150hz_75db_250ff-30n-250.wav,10.972,0.0,i,30,n,250,140.0
4545,11.0,0.0,,l,False,main_files/trial_i/07_i_150hz_75db_250ff-40p-120.wav,0.0,0.0,i,40,p,120,150.0
4545,11.0,2.0,"10,11",m,False,main_files/trial_i/07_i_150hz_75db_250ff-10p-40.wav,7.211,0.0,i,10,p,40,150.0
4545,11.0,2.0,"12,11",m,False,main_files/trial_i/07_i_150hz_75db_250ff-30n-60.wav,5.44,0.0,i,30,n,60,150.0
4545,11.0,0.0,,l,True,main_files/trial_i/07_i_150hz_75db_250ff-10n-40.wav,0.0,0.0,i,10,n,40,150.0
4545,12.0,1.0,12,h,True,main_files/trial_i/07_i_150hz_75db_250ff-10p-250.wav,2.735,0.0,i,10,p,250,155.0
4545,11.0,0.0,,l,True,main_files/trial_i/07_i_150hz_75db_250ff-20n-60.wav,0.0,0.0,i,20,n,60,150.0
4545,11.0,0.0,,l,True,main_files/trial_i/07_i_150hz_75db_250ff-20n-100.wav,0.0,0.0,i,20,n,100,150.0
4545,11.0,0.0,,l,True,main_files/trial_i/07_i_150hz_75db_250ff-10n-80.wav,0.0,0.0,i,10,n,80,150.0
4545,11.0,0.0,,l,False,main_files/trial_i/07_i_150hz_75db_250ff-30p-60.wav,0.0,0.0,i,30,p,60,150.0
4545,11.0,0.0,,l,False,main_files/trial_i/07_i_150hz_75db_250ff-000-80.wav,0.0,0.0,i,0,0,0,150.0
4545,10.0,1.0,10,l,True,main_files/trial_i/07_i_150hz_75db_250ff-30n-120.wav,2.005,0.0,i,30,n,120,145.0
4545,11.0,0.0,,l,False,main_files/trial_i/07_i_150hz_75db_250ff-40p-100.wav,0.0,0.0,i,40,p,100,150.0
4545,11.0,0.0,,l,True,main_files/trial_i/07_i_150hz_75db_250ff-40n-100.wav,0.0,0.0,i,40,n,100,150.0
4545,12.0,1.0,12,h,False,main_files/trial_i/07_i_150hz_75db_250ff-40n-120.wav,2.205,0.0,i,40,n,120,155.0
4545,11.0,0.0,,l,False,main_files/trial_i/07_i_150hz_75db_250ff-20p-40.wav,0.0,0.0,i,20,p,40,150.0
4545,11.0,0.0,,l,False,main_files/trial_i/07_i_150hz_75db_250ff-20p-120.wav,0.0,0.0,i,20,p,120,150.0
4545,14.0,2.0,"13,14",h,True,main_files/trial_i/07_i_150hz_75db_250ff-40p-250.wav,4.481,0.0,i,40,p,250,165.0
4545,11.0,0.0,,l,False,main_files/trial_i/07_i_150hz_75db_250ff-10p-120.wav,0.0,0.0,i,10,p,120,150.0
4545,11.0,0.0,,l,False,main_files/trial_i/07_i_150hz_75db_250ff-40p-40.wav,0.0,0.0,i,40,p,40,150.0
4545,11.0,0.0,,l,True,main_files/trial_i/07_i_150hz_75db_250ff-30n-40.wav,0.0,0.0,i,30,n,40,150.0
4545,11.0,0.0,,l,True,main_files/trial_i/07_i_150hz_75db_250ff-10n-120.wav,0.0,0.0,i,10,n,120,150.0
4545,11.0,0.0,,l,False,main_files/trial_i/07_i_150hz_75db_250ff-20p-100.wav,0.0,0.0,i,20,p,100,150.0
4545,11.0,0.0,,l,False,main_files/trial_i/07_i_150hz_75db_250ff-000-120.wav,0.0,0.0,i,0,0,0,150.0
4545,10.0,2.0,"9,10",l,True,main_files/trial_i/07_i_150hz_75db_250ff-40n-250.wav,3.972,0.0,i,40,n,250,145.0
4545,10.0,3.0,"10,11,10",l,True,main_files/trial_i/07_i_150hz_75db_250ff-20n-250.wav,6.435,0.0,i,20,n,250,145.0
4545,11.0,0.0,,l,False,main_files/trial_i/07_i_150hz_75db_250ff-30p-80.wav,0.0,0.0,i,30,p,80,150.0
4545,11.0,0.0,,l,True,main_files/trial_i/07_i_150hz_75db_250ff-30n-80.wav,0.0,0.0,i,30,n,80,150.0
4545,11.0,0.0,,l,True,main_files/trial_i/07_i_150hz_75db_250ff-10n-60.wav,0.0,0.0,i,10,n,60,150.0
4545,11.0,0.0,,l,True,main_files/trial_i/07_i_150hz_75db_250ff-20n-120.wav,0.0,0.0,i,20,n,120,150.0
4545,11.0,0.0,,l,True,main_files/trial_i/07_i_150hz_75db_250ff-20n-80.wav,0.0,0.0,i,20,n,80,150.0
4545,12.0,1.0,12,h,True,main_files/trial_i/07_i_150hz_75db_250ff-30p-120.wav,1.667,0.0,i,30,p,120,155.0
4545,11.0,0.0,,l,False,main_files/trial_i/07_i_150hz_75db_250ff-20p-80.wav,0.0,0.0,i,20,p,80,150.0
4545,11.0,0.0,,l,False,main_files/trial_i/07_i_150hz_75db_250ff-30p-100.wav,0.0,0.0,i,30,p,100,150.0
4545,12.0,1.0,12,h,True,main_files/trial_i/07_i_150hz_75db_250ff-30p-250.wav,2.285,0.0,i,30,p,250,155.0
4545,11.0,0.0,,l,False,main_files/trial_i/07_i_150hz_75db_250ff-30p-40.wav,0.0,0.0,i,30,p,40,150.0
4545,11.0,0.0,,l,False,main_files/trial_i/07_i_150hz_75db_250ff-10p-100.wav,0.0,0.0,i,10,p,100,150.0
4545,10.0,6.0,"10,12,11,10,11,10",l,True,main_files/trial_i/07_i_150hz_75db_250ff-40n-80.wav,13.82,0.0,i,40,n,80,145.0
4545,11.0,0.0,,l,False,main_files/trial_i/07_i_150hz_75db_250ff-000-60.wav,0.0,0.0,i,0,0,0,150.0
4545,11.0,0.0,,l,False,main_files/trial_i/07_i_150hz_75db_250ff-000-100.wav,0.0,0.0,i,0,0,0,150.0
4545,11.0,0.0,,l,False,main_files/trial_i/07_i_150hz_75db_250ff-000-40.wav,0.0,0.0,i,0,0,0,150.0
4545,11.0,0.0,,l,False,main_files/trial_i/07_i_150hz_75db_250ff-20p-60.wav,0.0,0.0,i,20,p,60,150.0
4545,11.0,0.0,,l,False,main_files/trial_i/07_i_150hz_75db_250ff-10p-80.wav,0.0,0.0,i,10,p,80,150.0
4545,10.0,1.0,10,l,True,main_files/trial_i/07_i_150hz_75db_250ff-10n-250.wav,1.915,0.0,i,10,n,250,145.0
4545,11.0,0.0,,l,True,main_files/trial_i/07_i_150hz_75db_250ff-40n-40.wav,0.0,0.0,i,40,n,40,150.0
4545,11.0,0.0,,l,False,main_files/trial_i/07_i_150hz_75db_250ff-40p-60.wav,0.0,0.0,i,40,p,60,150.0
4545,11.0,0.0,,l,True,main_files/trial_i/07_i_150hz_75db_250ff-20n-40.wav,0.0,0.0,i,20,n,40,150.0
4545,11.0,0.0,,l,True,main_files/trial_i/07_i_150hz_75db_250ff-40n-60.wav,0.0,0.0,i,40,n,60,150.0
4545,11.0,0.0,,l,False,main_files/trial_i/07_i_150hz_75db_250ff-000-250.wav,0.0,0.0,i,0,0,0,150.0
4545,11.0,0.0,,l,True,main_files/trial_i/07_i_150hz_75db_250ff-10n-100.wav,0.0,0.0,i,10,n,100,150.0
4545,11.0,0.0,,l,False,main_files/trial_tone/tone_150hz_75db_250ff-000-100.wav,0.0,0.0,tone,0,0,0,150.0
4545,10.0,1.0,10,l,True,main_files/trial_tone/tone_150hz_75db_250ff-30n-120.wav,2.807,0.0,tone,30,n,120,145.0
4545,12.0,1.0,12,h,True,main_files/trial_tone/tone_150hz_75db_250ff-10p-250.wav,3.06,0.0,tone,10,p,250,155.0
4545,11.0,2.0,"10,11",m,False,main_files/trial_tone/tone_150hz_75db_250ff-10p-80.wav,5.266,0.0,tone,10,p,80,150.0
4545,12.0,1.0,12,h,True,main_files/trial_tone/tone_150hz_75db_250ff-30p-250.wav,1.794,0.0,tone,30,p,250,155.0
4545,11.0,0.0,,l,False,main_files/trial_tone/tone_150hz_75db_250ff-40p-40.wav,0.0,0.0,tone,40,p,40,150.0
4545,11.0,0.0,,l,False,main_files/trial_tone/tone_150hz_75db_250ff-10p-60.wav,0.0,0.0,tone,10,p,60,150.0
4545,11.0,0.0,,l,True,main_files/trial_tone/tone_150hz_75db_250ff-30n-80.wav,0.0,0.0,tone,30,n,80,150.0
4545,11.0,0.0,,l,True,main_files/trial_tone/tone_150hz_75db_250ff-10n-40.wav,0.0,0.0,tone,10,n,40,150.0
4545,11.0,0.0,,l,False,main_files/trial_tone/tone_150hz_75db_250ff-10p-120.wav,0.0,0.0,tone,10,p,120,150.0
4545,11.0,0.0,,l,True,main_files/trial_tone/tone_150hz_75db_250ff-20n-80.wav,0.0,0.0,tone,20,n,80,150.0
4545,11.0,0.0,,l,True,main_files/trial_tone/tone_150hz_75db_250ff-20n-120.wav,0.0,0.0,tone,20,n,120,150.0
4545,11.0,0.0,,l,True,main_files/trial_tone/tone_150hz_75db_250ff-10n-80.wav,0.0,0.0,tone,10,n,80,150.0
4545,11.0,0.0,,l,False,main_files/trial_tone/tone_150hz_75db_250ff-30p-80.wav,0.0,0.0,tone,30,p,80,150.0
4545,11.0,0.0,,l,False,main_files/trial_tone/tone_150hz_75db_250ff-000-250.wav,0.0,0.0,tone,0,0,0,150.0
4545,11.0,0.0,,l,True,main_files/trial_tone/tone_150hz_75db_250ff-30n-40.wav,0.0,0.0,tone,30,n,40,150.0
4545,11.0,0.0,,l,False,main_files/trial_tone/tone_150hz_75db_250ff-40p-120.wav,0.0,0.0,tone,40,p,120,150.0
4545,10.0,1.0,10,l,True,main_files/trial_tone/tone_150hz_75db_250ff-40n-120.wav,2.587,0.0,tone,40,n,120,145.0
4545,11.0,0.0,,l,True,main_files/trial_tone/tone_150hz_75db_250ff-40n-40.wav,0.0,0.0,tone,40,n,40,150.0
4545,11.0,0.0,,l,False,main_files/trial_tone/tone_150hz_75db_250ff-20p-60.wav,0.0,0.0,tone,20,p,60,150.0
4545,11.0,0.0,,l,False,main_files/trial_tone/tone_150hz_75db_250ff-20p-40.wav,0.0,0.0,tone,20,p,40,150.0
4545,10.0,2.0,"9,10",l,True,main_files/trial_tone/tone_150hz_75db_250ff-40n-250.wav,3.764,0.0,tone,40,n,250,145.0
4545,11.0,0.0,,l,False,main_files/trial_tone/tone_150hz_75db_250ff-10p-40.wav,0.0,0.0,tone,10,p,40,150.0
4545,11.0,0.0,,l,False,main_files/trial_tone/tone_150hz_75db_250ff-40p-60.wav,0.0,0.0,tone,40,p,60,150.0
4545,11.0,0.0,,l,True,main_files/trial_tone/tone_150hz_75db_250ff-30n-60.wav,0.0,0.0,tone,30,n,60,150.0
4545,11.0,0.0,,l,True,main_files/trial_tone/tone_150hz_75db_250ff-10n-120.wav,0.0,0.0,tone,10,n,120,150.0
4545,11.0,0.0,,l,False,main_files/trial_tone/tone_150hz_75db_250ff-20p-120.wav,0.0,0.0,tone,20,p,120,150.0
4545,11.0,0.0,,l,False,main_files/trial_tone/tone_150hz_75db_250ff-000-40.wav,0.0,0.0,tone,0,0,0,150.0
4545,12.0,1.0,12,h,True,main_files/trial_tone/tone_150hz_75db_250ff-40p-250.wav,1.63,0.0,tone,40,p,250,155.0
4545,9.0,3.0,"10,11,9",l,True,main_files/trial_tone/tone_150hz_75db_250ff-20n-250.wav,7.146,0.0,tone,20,n,250,140.0
4545,11.0,0.0,,l,True,main_files/trial_tone/tone_150hz_75db_250ff-40n-100.wav,0.0,0.0,tone,40,n,100,150.0
4545,11.0,0.0,,l,False,main_files/trial_tone/tone_150hz_75db_250ff-30p-100.wav,0.0,0.0,tone,30,p,100,150.0
4545,11.0,0.0,,l,True,main_files/trial_tone/tone_150hz_75db_250ff-10n-60.wav,0.0,0.0,tone,10,n,60,150.0
4545,11.0,0.0,,l,True,main_files/trial_tone/tone_150hz_75db_250ff-20n-40.wav,0.0,0.0,tone,20,n,40,150.0
4545,11.0,0.0,,l,False,main_files/trial_tone/tone_150hz_75db_250ff-20p-100.wav,0.0,0.0,tone,20,p,100,150.0
4545,11.0,3.0,"12,10,11",m,False,main_files/trial_tone/tone_150hz_75db_250ff-30p-40.wav,6.882,0.0,tone,30,p,40,150.0
4545,11.0,0.0,,l,True,main_files/trial_tone/tone_150hz_75db_250ff-30n-100.wav,0.0,0.0,tone,30,n,100,150.0
4545,11.0,0.0,,l,False,main_files/trial_tone/tone_150hz_75db_250ff-30p-120.wav,0.0,0.0,tone,30,p,120,150.0
4545,10.0,1.0,10,l,True,main_files/trial_tone/tone_150hz_75db_250ff-30n-250.wav,1.862,0.0,tone,30,n,250,145.0
4545,11.0,0.0,,l,False,main_files/trial_tone/tone_150hz_75db_250ff-30p-60.wav,0.0,0.0,tone,30,p,60,150.0
4545,11.0,0.0,,l,False,main_files/trial_tone/tone_150hz_75db_250ff-10p-100.wav,0.0,0.0,tone,10,p,100,150.0
4545,11.0,0.0,,l,False,main_files/trial_tone/tone_150hz_75db_250ff-40p-100.wav,0.0,0.0,tone,40,p,100,150.0
4545,11.0,0.0,,l,False,main_files/trial_tone/tone_150hz_75db_250ff-000-80.wav,0.0,0.0,tone,0,0,0,150.0
4545,11.0,0.0,,l,False,main_files/trial_tone/tone_150hz_75db_250ff-000-120.wav,0.0,0.0,tone,0,0,0,150.0
4545,11.0,0.0,,l,False,main_files/trial_tone/tone_150hz_75db_250ff-000-60.wav,0.0,0.0,tone,0,0,0,150.0
4545,11.0,0.0,,l,False,main_files/trial_tone/tone_150hz_75db_250ff-20p-80.wav,0.0,0.0,tone,20,p,80,150.0
4545,10.0,1.0,10,l,True,main_files/trial_tone/tone_150hz_75db_250ff-20n-100.wav,2.087,0.0,tone,20,n,100,145.0
4545,10.0,1.0,10,l,True,main_files/trial_tone/tone_150hz_75db_250ff-10n-250.wav,1.944,0.0,tone,10,n,250,145.0
4545,11.0,0.0,,l,True,main_files/trial_tone/tone_150hz_75db_250ff-40n-60.wav,0.0,0.0,tone,40,n,60,150.0
4545,12.0,5.0,"12,16,6,13,12",h,True,main_files/trial_tone/tone_150hz_75db_250ff-40p-80.wav,9.908,0.0,tone,40,p,80,155.0
4545,11.0,0.0,,l,True,main_files/trial_tone/tone_150hz_75db_250ff-20n-60.wav,0.0,0.0,tone,20,n,60,150.0
4545,11.0,0.0,,l,True,main_files/trial_tone/tone_150hz_75db_250ff-40n-80.wav,0.0,0.0,tone,40,n,80,150.0
4545,12.0,1.0,12,h,True,main_files/trial_tone/tone_150hz_75db_250ff-20p-250.wav,2.008,0.0,tone,20,p,250,155.0
4545,11.0,0.0,,l,True,main_files/trial_tone/tone_150hz_75db_250ff-10n-100.wav,0.0,0.0,tone,10,n,100,150.0
4545,11.0,0.0,,l,False,main_files/trial_di/07_di_cross_150hz_75db_250ff-000-100.wav,0.0,0.0,di,0,0,0,150.0
4545,10.0,1.0,10,l,True,main_files/trial_di/07_di_cross_150hz_75db_250ff-30n-120.wav,1.95,0.0,di,30,n,120,145.0
4545,11.0,0.0,,l,False,main_files/trial_di/07_di_cross_150hz_75db_250ff-10p-250.wav,0.0,0.0,di,10,p,250,150.0
4545,11.0,0.0,,l,False,main_files/trial_di/07_di_cross_150hz_75db_250ff-10p-80.wav,0.0,0.0,di,10,p,80,150.0
4545,12.0,1.0,12,h,True,main_files/trial_di/07_di_cross_150hz_75db_250ff-30p-250.wav,1.809,0.0,di,30,p,250,155.0
4545,11.0,0.0,,l,False,main_files/trial_di/07_di_cross_150hz_75db_250ff-40p-40.wav,0.0,0.0,di,40,p,40,150.0
4545,11.0,0.0,,l,False,main_files/trial_di/07_di_cross_150hz_75db_250ff-10p-60.wav,0.0,0.0,di,10,p,60,150.0
4545,11.0,0.0,,l,True,main_files/trial_di/07_di_cross_150hz_75db_250ff-30n-80.wav,0.0,0.0,di,30,n,80,150.0
4545,11.0,0.0,,l,True,main_files/trial_di/07_di_cross_150hz_75db_250ff-10n-40.wav,0.0,0.0,di,10,n,40,150.0
4545,11.0,0.0,,l,False,main_files/trial_di/07_di_cross_150hz_75db_250ff-10p-120.wav,0.0,0.0,di,10,p,120,150.0
4545,11.0,0.0,,l,True,main_files/trial_di/07_di_cross_150hz_75db_250ff-20n-80.wav,0.0,0.0,di,20,n,80,150.0
4545,11.0,0.0,,l,True,main_files/trial_di/07_di_cross_150hz_75db_250ff-20n-120.wav,0.0,0.0,di,20,n,120,150.0
4545,11.0,0.0,,l,True,main_files/trial_di/07_di_cross_150hz_75db_250ff-10n-80.wav,0.0,0.0,di,10,n,80,150.0
4545,11.0,0.0,,l,False,main_files/trial_di/07_di_cross_150hz_75db_250ff-30p-80.wav,0.0,0.0,di,30,p,80,150.0
4545,11.0,0.0,,l,False,main_files/trial_di/07_di_cross_150hz_75db_250ff-000-250.wav,0.0,0.0,di,0,0,0,150.0
4545,11.0,0.0,,l,True,main_files/trial_di/07_di_cross_150hz_75db_250ff-30n-40.wav,0.0,0.0,di,30,n,40,150.0
4545,12.0,1.0,12,h,True,main_files/trial_di/07_di_cross_150hz_75db_250ff-40p-120.wav,2.407,0.0,di,40,p,120,155.0
4545,11.0,0.0,,l,True,main_files/trial_di/07_di_cross_150hz_75db_250ff-40n-120.wav,0.0,0.0,di,40,n,120,150.0
4545,11.0,0.0,,l,True,main_files/trial_di/07_di_cross_150hz_75db_250ff-40n-40.wav,0.0,0.0,di,40,n,40,150.0
4545,11.0,0.0,,l,False,main_files/trial_di/07_di_cross_150hz_75db_250ff-20p-60.wav,0.0,0.0,di,20,p,60,150.0
4545,11.0,0.0,,l,False,main_files/trial_di/07_di_cross_150hz_75db_250ff-20p-40.wav,0.0,0.0,di,20,p,40,150.0
4545,10.0,1.0,10,l,True,main_files/trial_di/07_di_cross_150hz_75db_250ff-40n-250.wav,1.942,0.0,di,40,n,250,145.0
4545,11.0,0.0,,l,False,main_files/trial_di/07_di_cross_150hz_75db_250ff-10p-40.wav,0.0,0.0,di,10,p,40,150.0
4545,11.0,0.0,,l,False,main_files/trial_di/07_di_cross_150hz_75db_250ff-40p-60.wav,0.0,0.0,di,40,p,60,150.0
4545,11.0,0.0,,l,True,main_files/trial_di/07_di_cross_150hz_75db_250ff-30n-60.wav,0.0,0.0,di,30,n,60,150.0
4545,11.0,0.0,,l,True,main_files/trial_di/07_di_cross_150hz_75db_250ff-10n-120.wav,0.0,0.0,di,10,n,120,150.0
4545,11.0,0.0,,l,False,main_files/trial_di/07_di_cross_150hz_75db_250ff-20p-120.wav,0.0,0.0,di,20,p,120,150.0
4545,11.0,0.0,,l,False,main_files/trial_di/07_di_cross_150hz_75db_250ff-000-40.wav,0.0,0.0,di,0,0,0,150.0
4545,13.0,2.0,"14,13",h,True,main_files/trial_di/07_di_cross_150hz_75db_250ff-40p-250.wav,3.938,0.0,di,40,p,250,160.0
4545,11.0,0.0,,l,True,main_files/trial_di/07_di_cross_150hz_75db_250ff-20n-250.wav,0.0,0.0,di,20,n,250,150.0
4545,10.0,1.0,10,l,True,main_files/trial_di/07_di_cross_150hz_75db_250ff-40n-100.wav,1.426,0.0,di,40,n,100,145.0
4545,10.0,1.0,10,l,False,main_files/trial_di/07_di_cross_150hz_75db_250ff-30p-100.wav,2.288,0.0,di,30,p,100,145.0
4545,12.0,1.0,12,h,False,main_files/trial_di/07_di_cross_150hz_75db_250ff-10n-60.wav,2.932,0.0,di,10,n,60,155.0
4545,12.0,1.0,12,h,False,main_files/trial_di/07_di_cross_150hz_75db_250ff-20n-40.wav,2.649,0.0,di,20,n,40,155.0
4545,10.0,1.0,10,l,False,main_files/trial_di/07_di_cross_150hz_75db_250ff-20p-100.wav,1.868,0.0,di,20,p,100,145.0
4545,12.0,1.0,12,h,True,main_files/trial_di/07_di_cross_150hz_75db_250ff-30p-40.wav,2.027,0.0,di,30,p,40,155.0
4545,10.0,1.0,10,l,True,main_files/trial_di/07_di_cross_150hz_75db_250ff-30n-100.wav,2.254,0.0,di,30,n,100,145.0
4545,12.0,1.0,12,h,True,main_files/trial_di/07_di_cross_150hz_75db_250ff-30p-120.wav,1.777,0.0,di,30,p,120,155.0
4545,10.0,1.0,10,l,True,main_files/trial_di/07_di_cross_150hz_75db_250ff-30n-250.wav,2.199,0.0,di,30,n,250,145.0
4545,12.0,1.0,12,h,True,main_files/trial_di/07_di_cross_150hz_75db_250ff-30p-60.wav,2.466,0.0,di,30,p,60,155.0
4545,12.0,1.0,12,h,True,main_files/trial_di/07_di_cross_150hz_75db_250ff-10p-100.wav,2.795,0.0,di,10,p,100,155.0
4545,12.0,1.0,12,h,True,main_files/trial_di/07_di_cross_150hz_75db_250ff-40p-100.wav,2.384,0.0,di,40,p,100,155.0
4545,12.0,2.0,"10,12",h,False,main_files/trial_di/07_di_cross_150hz_75db_250ff-000-80.wav,3.367,0.0,di,0,0,0,155.0
4545,12.0,1.0,12,h,False,main_files/trial_di/07_di_cross_150hz_75db_250ff-000-120.wav,3.07,0.0,di,0,0,0,155.0
4545,12.0,1.0,12,h,False,main_files/trial_di/07_di_cross_150hz_75db_250ff-000-60.wav,2.742,0.0,di,0,0,0,155.0
4545,12.0,1.0,12,h,True,main_files/trial_di/07_di_cross_150hz_75db_250ff-20p-80.wav,2.318,0.0,di,20,p,80,155.0
4545,12.0,1.0,12,h,False,main_files/trial_di/07_di_cross_150hz_75db_250ff-20n-100.wav,2.045,0.0,di,20,n,100,155.0
4545,12.0,1.0,12,h,False,main_files/trial_di/07_di_cross_150hz_75db_250ff-10n-250.wav,2.157,0.0,di,10,n,250,155.0
4545,12.0,1.0,12,h,False,main_files/trial_di/07_di_cross_150hz_75db_250ff-40n-60.wav,2.115,0.0,di,40,n,60,155.0
4545,12.0,1.0,12,h,True,main_files/trial_di/07_di_cross_150hz_75db_250ff-40p-80.wav,2.366,0.0,di,40,p,80,155.0
4545,11.0,0.0,,l,True,main_files/trial_di/07_di_cross_150hz_75db_250ff-20n-60.wav,0.0,0.0,di,20,n,60,150.0
4545,10.0,1.0,10,l,True,main_files/trial_di/07_di_cross_150hz_75db_250ff-40n-80.wav,1.762,0.0,di,40,n,80,145.0
4545,12.0,1.0,12,h,True,main_files/trial_di/07_di_cross_150hz_75db_250ff-20p-250.wav,1.902,0.0,di,20,p,250,155.0
4545,10.0,1.0,10,l,True,main_files/trial_di/07_di_cross_150hz_75db_250ff-10n-100.wav,2.059,0.0,di,10,n,100,145.0
513,11.0,0.0,,l,False,main_files/trial_di/07_di_cross_150hz_75db_250ff-000-100.wav,0.0,24.0,di,0,0,0,150.0
513,11.0,6.0,"10,11,10,9,10,11",m,False,main_files/trial_di/07_di_cross_150hz_75db_250ff-30n-120.wav,12.5947,24.0,di,30,n,120,150.0
513,12.0,1.0,12,h,True,main_files/trial_di/07_di_cross_150hz_75db_250ff-10p-250.wav,2.3122,24.0,di,10,p,250,155.0
513,11.0,2.0,"12,11",m,False,main_files/trial_di/07_di_cross_150hz_75db_250ff-10p-80.wav,3.9627,24.0,di,10,p,80,150.0
513,14.0,7.0,"12,13,14,20,14,13,14",h,True,main_files/trial_di/07_di_cross_150hz_75db_250ff-30p-250.wav,14.2294,24.0,di,30,p,250,165.0
513,11.0,10.0,"12,13,12,11,12,11,10,11,12,11",m,False,main_files/trial_di/07_di_cross_150hz_75db_250ff-40p-40.wav,21.8446,24.0,di,40,p,40,150.0
513,12.0,7.0,"12,11,12,11,12,11,12",h,True,main_files/trial_di/07_di_cross_150hz_75db_250ff-10p-60.wav,13.0947,24.0,di,10,p,60,155.0
513,11.0,0.0,,l,True,main_files/trial_di/07_di_cross_150hz_75db_250ff-30n-80.wav,0.0,24.0,di,30,n,80,150.0
513,11.0,0.0,,l,True,main_files/trial_di/07_di_cross_150hz_75db_250ff-10n-40.wav,0.0,24.0,di,10,n,40,150.0
513,11.0,0.0,,l,False,main_files/trial_di/07_di_cross_150hz_75db_250ff-10p-120.wav,0.0,24.0,di,10,p,120,150.0
513,11.0,0.0,,l,True,main_files/trial_di/07_di_cross_150hz_75db_250ff-20n-80.wav,0.0,24.0,di,20,n,80,150.0
513,11.0,0.0,,l,True,main_files/trial_di/07_di_cross_150hz_75db_250ff-20n-120.wav,0.0,24.0,di,20,n,120,150.0
513,11.0,3.0,"10,12,11",m,False,main_files/trial_di/07_di_cross_150hz_75db_250ff-10n-80.wav,6.6632,24.0,di,10,n,80,150.0
513,11.0,5.0,"12,10,11,12,11",m,False,main_files/trial_di/07_di_cross_150hz_75db_250ff-30p-80.wav,9.729,24.0,di,30,p,80,150.0
513,11.0,0.0,,l,False,main_files/trial_di/07_di_cross_150hz_75db_250ff-000-250.wav,0.0,24.0,di,0,0,0,150.0
513,11.0,0.0,,l,True,main_files/trial_di/07_di_cross_150hz_75db_250ff-30n-40.wav,0.0,24.0,di,30,n,40,150.0
513,12.0,23.0,"12,10,12,10,11,12,11,12,11,10,11,12,11,12,11,13,12,11,12,11,12,10,12",h,True,main_files/trial_di/07_di_cross_150hz_75db_250ff-40p-120.wav,36.6123,24.0,di,40,p,120,155.0
513,11.0,0.0,,l,True,main_files/trial_di/07_di_cross_150hz_75db_250ff-40n-120.wav,0.0,24.0,di,40,n,120,150.0
513,11.0,0.0,,l,True,main_files/trial_di/07_di_cross_150hz_75db_250ff-40n-40.wav,0.0,24.0,di,40,n,40,150.0
513,11.0,0.0,,l,False,main_files/trial_di/07_di_cross_150hz_75db_250ff-20p-60.wav,0.0,24.0,di,20,p,60,150.0
513,11.0,0.0,,l,False,main_files/trial_di/07_di_cross_150hz_75db_250ff-20p-40.wav,0.0,24.0,di,20,p,40,150.0
513,10.0,3.0,"10,9,10",l,True,main_files/trial_di/07_di_cross_150hz_75db_250ff-40n-250.wav,6.7445,24.0,di,40,n,250,145.0
513,11.0,0.0,,l,False,main_files/trial_di/07_di_cross_150hz_75db_250ff-10p-40.wav,0.0,24.0,di,10,p,40,150.0
513,11.0,0.0,,l,False,main_files/trial_di/07_di_cross_150hz_75db_250ff-40p-60.wav,0.0,24.0,di,40,p,60,150.0
513,11.0,0.0,,l,True,main_files/trial_di/07_di_cross_150hz_75db_250ff-30n-60.wav,0.0,24.0,di,30,n,60,150.0
513,11.0,0.0,,l,True,main_files/trial_di/07_di_cross_150hz_75db_250ff-10n-120.wav,0.0,24.0,di,10,n,120,150.0
513,11.0,0.0,,l,False,main_files/trial_di/07_di_cross_150hz_75db_250ff-20p-120.wav,0.0,24.0,di,20,p,120,150.0
513,11.0,0.0,,l,False,main_files/trial_di/07_di_cross_150hz_75db_250ff-000-40.wav,0.0,24.0,di,0,0,0,150.0
513,13.0,2.0,"12,13",h,True,main_files/trial_di/07_di_cross_150hz_75db_250ff-40p-250.wav,4.362,24.0,di,40,p,250,160.0
513,10.0,1.0,10,l,True,main_files/trial_di/07_di_cross_150hz_75db_250ff-20n-250.wav,3.5455,24.0,di,20,n,250,145.0
513,11.0,0.0,,l,True,main_files/trial_di/07_di_cross_150hz_75db_250ff-40n-100.wav,0.0,24.0,di,40,n,100,150.0
513,12.0,1.0,12,h,True,main_files/trial_di/07_di_cross_150hz_75db_250ff-30p-100.wav,2.1452,24.0,di,30,p,100,155.0
513,11.0,0.0,,l,True,main_files/trial_di/07_di_cross_150hz_75db_250ff-10n-60.wav,0.0,24.0,di,10,n,60,150.0
513,11.0,0.0,,l,True,main_files/trial_di/07_di_cross_150hz_75db_250ff-20n-40.wav,0.0,24.0,di,20,n,40,150.0
513,11.0,0.0,,l,False,main_files/trial_di/07_di_cross_150hz_75db_250ff-20p-100.wav,0.0,24.0,di,20,p,100,150.0
513,11.0,0.0,,l,False,main_files/trial_di/07_di_cross_150hz_75db_250ff-30p-40.wav,0.0,24.0,di,30,p,40,150.0
513,11.0,0.0,,l,True,main_files/trial_di/07_di_cross_150hz_75db_250ff-30n-100.wav,0.0,24.0,di,30,n,100,150.0
513,12.0,3.0,"12,13,12",h,True,main_files/trial_di/07_di_cross_150hz_75db_250ff-30p-120.wav,5.2459,24.0,di,30,p,120,155.0
513,12.0,2.0,"10,12",h,False,main_files/trial_di/07_di_cross_150hz_75db_250ff-30n-250.wav,5.063,24.0,di,30,n,250,155.0
513,11.0,0.0,,l,False,main_files/trial_di/07_di_cross_150hz_75db_250ff-30p-60.wav,0.0,24.0,di,30,p,60,150.0
513,11.0,0.0,,l,False,main_files/trial_di/07_di_cross_150hz_75db_250ff-10p-100.wav,0.0,24.0,di,10,p,100,150.0
513,11.0,0.0,,l,False,main_files/trial_di/07_di_cross_150hz_75db_250ff-40p-100.wav,0.0,24.0,di,40,p,100,150.0
513,11.0,0.0,,l,False,main_files/trial_di/07_di_cross_150hz_75db_250ff-000-80.wav,0.0,24.0,di,0,0,0,150.0
513,11.0,0.0,,l,False,main_files/trial_di/07_di_cross_150hz_75db_250ff-000-120.wav,0.0,24.0,di,0,0,0,150.0
513,11.0,0.0,,l,False,main_files/trial_di/07_di_cross_150hz_75db_250ff-000-60.wav,0.0,24.0,di,0,0,0,150.0
513,11.0,0.0,,l,False,main_files/trial_di/07_di_cross_150hz_75db_250ff-20p-80.wav,0.0,24.0,di,20,p,80,150.0
513,11.0,0.0,,l,True,main_files/trial_di/07_di_cross_150hz_75db_250ff-20n-100.wav,0.0,24.0,di,20,n,100,150.0
513,11.0,0.0,,l,True,main_files/trial_di/07_di_cross_150hz_75db_250ff-10n-250.wav,0.0,24.0,di,10,n,250,150.0
513,11.0,0.0,,l,True,main_files/trial_di/07_di_cross_150hz_75db_250ff-40n-60.wav,0.0,24.0,di,40,n,60,150.0
513,12.0,1.0,12,h,True,main_files/trial_di/07_di_cross_150hz_75db_250ff-40p-80.wav,1.7955,24.0,di,40,p,80,155.0
513,11.0,0.0,,l,True,main_files/trial_di/07_di_cross_150hz_75db_250ff-20n-60.wav,0.0,24.0,di,20,n,60,150.0
513,11.0,0.0,,l,True,main_files/trial_di/07_di_cross_150hz_75db_250ff-40n-80.wav,0.0,24.0,di,40,n,80,150.0
513,13.0,2.0,"12,13",h,True,main_files/trial_di/07_di_cross_150hz_75db_250ff-20p-250.wav,3.7296,24.0,di,20,p,250,160.0
513,11.0,0.0,,l,True,main_files/trial_di/07_di_cross_150hz_75db_250ff-10n-100.wav,0.0,24.0,di,10,n,100,150.0
513,13.0,8.0,"12,10,13,11,12,13,12,13",h,True,main_files/trial_i/07_i_150hz_75db_250ff-40p-80.wav,15.4586,24.0,i,40,p,80,160.0
513,11.0,3.0,"12,10,11",m,False,main_files/trial_i/07_i_150hz_75db_250ff-30n-100.wav,7.127,24.0,i,30,n,100,150.0
513,13.0,2.0,"12,13",h,True,main_files/trial_i/07_i_150hz_75db_250ff-20p-250.wav,3.9118,24.0,i,20,p,250,160.0
513,11.0,7.0,"12,13,12,11,12,9,11",m,False,main_files/trial_i/07_i_150hz_75db_250ff-10p-60.wav,13.6628,24.0,i,10,p,60,150.0
513,10.0,3.0,"10,9,10",l,True,main_files/trial_i/07_i_150hz_75db_250ff-30n-250.wav,5.5451,24.0,i,30,n,250,145.0
513,12.0,2.0,"13,12",h,True,main_files/trial_i/07_i_150hz_75db_250ff-40p-120.wav,3.3449,24.0,i,40,p,120,155.0
513,11.0,2.0,"12,11",m,False,main_files/trial_i/07_i_150hz_75db_250ff-10p-40.wav,4.1801,24.0,i,10,p,40,150.0
513,11.0,9.0,"12,11,10,12,11,10,11,12,11",m,False,main_files/trial_i/07_i_150hz_75db_250ff-30n-60.wav,20.8457,24.0,i,30,n,60,150.0
513,11.0,0.0,,l,True,main_files/trial_i/07_i_150hz_75db_250ff-10n-40.wav,0.0,24.0,i,10,n,40,150.0
513,12.0,1.0,12,h,True,main_files/trial_i/07_i_150hz_75db_250ff-10p-250.wav,2.2297,24.0,i,10,p,250,155.0
513,11.0,0.0,,l,True,main_files/trial_i/07_i_150hz_75db_250ff-20n-60.wav,0.0,24.0,i,20,n,60,150.0
513,11.0,2.0,"12,11",m,False,main_files/trial_i/07_i_150hz_75db_250ff-20n-100.wav,4.596,24.0,i,20,n,100,150.0
513,11.0,5.0,"9,10,11,12,11",m,False,main_files/trial_i/07_i_150hz_75db_250ff-10n-80.wav,8.5626,24.0,i,10,n,80,150.0
513,11.0,0.0,,l,False,main_files/trial_i/07_i_150hz_75db_250ff-30p-60.wav,0.0,24.0,i,30,p,60,150.0
513,11.0,0.0,,l,False,main_files/trial_i/07_i_150hz_75db_250ff-000-80.wav,0.0,24.0,i,0,0,0,150.0
513,11.0,0.0,,l,True,main_files/trial_i/07_i_150hz_75db_250ff-30n-120.wav,0.0,24.0,i,30,n,120,150.0
513,11.0,0.0,,l,False,main_files/trial_i/07_i_150hz_75db_250ff-40p-100.wav,0.0,24.0,i,40,p,100,150.0
513,11.0,0.0,,l,True,main_files/trial_i/07_i_150hz_75db_250ff-40n-100.wav,0.0,24.0,i,40,n,100,150.0
513,10.0,1.0,10,l,True,main_files/trial_i/07_i_150hz_75db_250ff-40n-120.wav,2.8291,24.0,i,40,n,120,145.0
513,11.0,2.0,"12,11",m,False,main_files/trial_i/07_i_150hz_75db_250ff-20p-40.wav,3.813,24.0,i,20,p,40,150.0
513,11.0,0.0,,l,False,main_files/trial_i/07_i_150hz_75db_250ff-20p-120.wav,0.0,24.0,i,20,p,120,150.0
513,13.0,4.0,"12,13,14,13",h,True,main_files/trial_i/07_i_150hz_75db_250ff-40p-250.wav,7.0455,24.0,i,40,p,250,160.0
513,12.0,3.0,"12,13,12",h,True,main_files/trial_i/07_i_150hz_75db_250ff-10p-120.wav,5.6942,24.0,i,10,p,120,155.0
513,12.0,1.0,12,h,True,main_files/trial_i/07_i_150hz_75db_250ff-40p-40.wav,1.9125,24.0,i,40,p,40,155.0
513,11.0,5.0,"12,11,9,10,11",m,False,main_files/trial_i/07_i_150hz_75db_250ff-30n-40.wav,8.4635,24.0,i,30,n,40,150.0
513,11.0,0.0,,l,True,main_files/trial_i/07_i_150hz_75db_250ff-10n-120.wav,0.0,24.0,i,10,n,120,150.0
513,12.0,1.0,12,h,True,main_files/trial_i/07_i_150hz_75db_250ff-20p-100.wav,1.7632,24.0,i,20,p,100,155.0
513,11.0,0.0,,l,False,main_files/trial_i/07_i_150hz_75db_250ff-000-120.wav,0.0,24.0,i,0,0,0,150.0
513,10.0,2.0,"9,10",l,True,main_files/trial_i/07_i_150hz_75db_250ff-40n-250.wav,3.262,24.0,i,40,n,250,145.0
513,10.0,1.0,10,l,True,main_files/trial_i/07_i_150hz_75db_250ff-20n-250.wav,1.5628,24.0,i,20,n,250,145.0
513,12.0,3.0,"12,13,12",h,True,main_files/trial_i/07_i_150hz_75db_250ff-30p-80.wav,5.662,24.0,i,30,p,80,155.0
513,12.0,1.0,12,h,False,main_files/trial_i/07_i_150hz_75db_250ff-30n-80.wav,1.6257,24.0,i,30,n,80,155.0
513,12.0,1.0,12,h,False,main_files/trial_i/07_i_150hz_75db_250ff-10n-60.wav,1.6123,24.0,i,10,n,60,155.0
513,11.0,2.0,"10,11",m,False,main_files/trial_i/07_i_150hz_75db_250ff-20n-120.wav,4.0299,24.0,i,20,n,120,150.0
513,11.0,0.0,,l,True,main_files/trial_i/07_i_150hz_75db_250ff-20n-80.wav,0.0,24.0,i,20,n,80,150.0
513,12.0,1.0,12,h,True,main_files/trial_i/07_i_150hz_75db_250ff-30p-120.wav,1.4459,24.0,i,30,p,120,155.0
513,12.0,1.0,12,h,True,main_files/trial_i/07_i_150hz_75db_250ff-20p-80.wav,1.7126,24.0,i,20,p,80,155.0
513,13.0,2.0,"12,13",h,True,main_files/trial_i/07_i_150hz_75db_250ff-30p-100.wav,2.6283,24.0,i,30,p,100,160.0
513,13.0,2.0,"12,13",h,True,main_files/trial_i/07_i_150hz_75db_250ff-30p-250.wav,4.3626,24.0,i,30,p,250,160.0
513,12.0,1.0,12,h,True,main_files/trial_i/07_i_150hz_75db_250ff-30p-40.wav,1.5952,24.0,i,30,p,40,155.0
513,12.0,3.0,"12,13,12",h,True,main_files/trial_i/07_i_150hz_75db_250ff-10p-100.wav,7.328,24.0,i,10,p,100,155.0
513,11.0,17.0,"12,11,14,11,1,6,7,11,12,11,10,15,13,12,11,10,11",m,False,main_files/trial_i/07_i_150hz_75db_250ff-40n-80.wav,23.446,24.0,i,40,n,80,150.0
513,11.0,0.0,,l,False,main_files/trial_i/07_i_150hz_75db_250ff-000-60.wav,0.0,24.0,i,0,0,0,150.0
513,11.0,0.0,,l,False,main_files/trial_i/07_i_150hz_75db_250ff-000-100.wav,0.0,24.0,i,0,0,0,150.0
513,11.0,0.0,,l,False,main_files/trial_i/07_i_150hz_75db_250ff-000-40.wav,0.0,24.0,i,0,0,0,150.0
513,11.0,2.0,"12,11",m,False,main_files/trial_i/07_i_150hz_75db_250ff-20p-60.wav,4.1786,24.0,i,20,p,60,150.0
513,11.0,0.0,,l,False,main_files/trial_i/07_i_150hz_75db_250ff-10p-80.wav,0.0,24.0,i,10,p,80,150.0
513,10.0,1.0,10,l,True,main_files/trial_i/07_i_150hz_75db_250ff-10n-250.wav,1.8622,24.0,i,10,n,250,145.0
513,10.0,1.0,10,l,True,main_files/trial_i/07_i_150hz_75db_250ff-40n-40.wav,2.0114,24.0,i,40,n,40,145.0
513,12.0,1.0,12,h,True,main_files/trial_i/07_i_150hz_75db_250ff-40p-60.wav,1.712,24.0,i,40,p,60,155.0
513,11.0,2.0,"12,11",m,False,main_files/trial_i/07_i_150hz_75db_250ff-20n-40.wav,3.8948,24.0,i,20,n,40,150.0
513,11.0,0.0,,l,True,main_files/trial_i/07_i_150hz_75db_250ff-40n-60.wav,0.0,24.0,i,40,n,60,150.0
513,11.0,0.0,,l,False,main_files/trial_i/07_i_150hz_75db_250ff-000-250.wav,0.0,24.0,i,0,0,0,150.0
513,11.0,0.0,,l,True,main_files/trial_i/07_i_150hz_75db_250ff-10n-100.wav,0.0,24.0,i,10,n,100,150.0
513,11.0,5.0,"9,10,11,12,11",m,True,main_files/trial_tone/tone_150hz_75db_250ff-000-100.wav,8.0231,24.0,tone,0,0,0,150.0
513,11.0,0.0,,l,True,main_files/trial_tone/tone_150hz_75db_250ff-30n-120.wav,0.0,24.0,tone,30,n,120,150.0
513,11.0,0.0,,l,False,main_files/trial_tone/tone_150hz_75db_250ff-10p-250.wav,0.0,24.0,tone,10,p,250,150.0
513,11.0,0.0,,l,False,main_files/trial_tone/tone_150hz_75db_250ff-10p-80.wav,0.0,24.0,tone,10,p,80,150.0
513,11.0,0.0,,l,False,main_files/trial_tone/tone_150hz_75db_250ff-30p-250.wav,0.0,24.0,tone,30,p,250,150.0
513,11.0,0.0,,l,False,main_files/trial_tone/tone_150hz_75db_250ff-40p-40.wav,0.0,24.0,tone,40,p,40,150.0
513,11.0,0.0,,l,False,main_files/trial_tone/tone_150hz_75db_250ff-10p-60.wav,0.0,24.0,tone,10,p,60,150.0
513,11.0,0.0,,l,True,main_files/trial_tone/tone_150hz_75db_250ff-30n-80.wav,0.0,24.0,tone,30,n,80,150.0
513,11.0,0.0,,l,True,main_files/trial_tone/tone_150hz_75db_250ff-10n-40.wav,0.0,24.0,tone,10,n,40,150.0
513,11.0,0.0,,l,False,main_files/trial_tone/tone_150hz_75db_250ff-10p-120.wav,0.0,24.0,tone,10,p,120,150.0
513,11.0,2.0,"16,11",m,False,main_files/trial_tone/tone_150hz_75db_250ff-20n-80.wav,3.329,24.0,tone,20,n,80,150.0
513,11.0,0.0,,l,True,main_files/trial_tone/tone_150hz_75db_250ff-20n-120.wav,0.0,24.0,tone,20,n,120,150.0
513,11.0,0.0,,l,True,main_files/trial_tone/tone_150hz_75db_250ff-10n-80.wav,0.0,24.0,tone,10,n,80,150.0
513,12.0,1.0,12,h,True,main_files/trial_tone/tone_150hz_75db_250ff-30p-80.wav,1.6299,24.0,tone,30,p,80,155.0
513,9.0,1.0,9,l,False,main_files/trial_tone/tone_150hz_75db_250ff-000-250.wav,2.0133,24.0,tone,0,0,0,140.0
513,15.0,1.0,15,h,False,main_files/trial_tone/tone_150hz_75db_250ff-30n-40.wav,1.747,24.0,tone,30,n,40,170.0
513,11.0,4.0,"12,11,10,11",m,False,main_files/trial_tone/tone_150hz_75db_250ff-40p-120.wav,4.4617,24.0,tone,40,p,120,150.0
513,12.0,1.0,12,h,False,main_files/trial_tone/tone_150hz_75db_250ff-40n-120.wav,1.8458,24.0,tone,40,n,120,155.0
513,10.0,1.0,10,l,True,main_files/trial_tone/tone_150hz_75db_250ff-40n-40.wav,1.7308,24.0,tone,40,n,40,145.0
513,11.0,0.0,,l,False,main_files/trial_tone/tone_150hz_75db_250ff-20p-60.wav,0.0,24.0,tone,20,p,60,150.0
513,11.0,0.0,,l,False,main_files/trial_tone/tone_150hz_75db_250ff-20p-40.wav,0.0,24.0,tone,20,p,40,150.0
513,10.0,1.0,10,l,True,main_files/trial_tone/tone_150hz_75db_250ff-40n-250.wav,1.5958,24.0,tone,40,n,250,145.0
513,11.0,0.0,,l,False,main_files/trial_tone/tone_150hz_75db_250ff-10p-40.wav,0.0,24.0,tone,10,p,40,150.0
513,12.0,1.0,12,h,True,main_files/trial_tone/tone_150hz_75db_250ff-40p-60.wav,1.6625,24.0,tone,40,p,60,155.0
513,9.0,1.0,9,l,True,main_files/trial_tone/tone_150hz_75db_250ff-30n-60.wav,0.9962,24.0,tone,30,n,60,140.0
513,12.0,1.0,12,h,False,main_files/trial_tone/tone_150hz_75db_250ff-10n-120.wav,0.9121,24.0,tone,10,n,120,155.0
513,10.0,1.0,10,l,False,main_files/trial_tone/tone_150hz_75db_250ff-20p-120.wav,0.7621,24.0,tone,20,p,120,145.0
513,12.0,1.0,12,h,False,main_files/trial_tone/tone_150hz_75db_250ff-000-40.wav,1.4806,24.0,tone,0,0,0,155.0
513,10.0,1.0,10,l,False,main_files/trial_tone/tone_150hz_75db_250ff-40p-250.wav,1.412,24.0,tone,40,p,250,145.0
513,12.0,1.0,12,h,False,main_files/trial_tone/tone_150hz_75db_250ff-20n-250.wav,1.4124,24.0,tone,20,n,250,155.0
513,10.0,1.0,10,l,True,main_files/trial_tone/tone_150hz_75db_250ff-40n-100.wav,1.8118,24.0,tone,40,n,100,145.0
513,10.0,1.0,10,l,False,main_files/trial_tone/tone_150hz_75db_250ff-30p-100.wav,1.8952,24.0,tone,30,p,100,145.0
513,10.0,1.0,10,l,True,main_files/trial_tone/tone_150hz_75db_250ff-10n-60.wav,1.2303,24.0,tone,10,n,60,145.0
513,12.0,1.0,12,h,False,main_files/trial_tone/tone_150hz_75db_250ff-20n-40.wav,0.9453,24.0,tone,20,n,40,155.0
513,10.0,1.0,10,l,False,main_files/trial_tone/tone_150hz_75db_250ff-20p-100.wav,1.6134,24.0,tone,20,p,100,145.0
513,10.0,1.0,10,l,False,main_files/trial_tone/tone_150hz_75db_250ff-30p-40.wav,0.8959,24.0,tone,30,p,40,145.0
513,12.0,1.0,12,h,False,main_files/trial_tone/tone_150hz_75db_250ff-30n-100.wav,0.7635,24.0,tone,30,n,100,155.0
513,11.0,3.0,"19,12,11",m,False,main_files/trial_tone/tone_150hz_75db_250ff-30p-120.wav,9.1801,24.0,tone,30,p,120,150.0
513,11.0,0.0,,l,True,main_files/trial_tone/tone_150hz_75db_250ff-30n-250.wav,0.0,24.0,tone,30,n,250,150.0
513,11.0,0.0,,l,False,main_files/trial_tone/tone_150hz_75db_250ff-30p-60.wav,0.0,24.0,tone,30,p,60,150.0
513,11.0,0.0,,l,False,main_files/trial_tone/tone_150hz_75db_250ff-10p-100.wav,0.0,24.0,tone,10,p,100,150.0
513,11.0,0.0,,l,False,main_files/trial_tone/tone_150hz_75db_250ff-40p-100.wav,0.0,24.0,tone,40,p,100,150.0
513,11.0,0.0,,l,False,main_files/trial_tone/tone_150hz_75db_250ff-000-80.wav,0.0,24.0,tone,0,0,0,150.0
513,11.0,0.0,,l,False,main_files/trial_tone/tone_150hz_75db_250ff-000-120.wav,0.0,24.0,tone,0,0,0,150.0
513,11.0,0.0,,l,False,main_files/trial_tone/tone_150hz_75db_250ff-000-60.wav,0.0,24.0,tone,0,0,0,150.0
513,11.0,0.0,,l,False,main_files/trial_tone/tone_150hz_75db_250ff-20p-80.wav,0.0,24.0,tone,20,p,80,150.0
513,11.0,0.0,,l,True,main_files/trial_tone/tone_150hz_75db_250ff-20n-100.wav,0.0,24.0,tone,20,n,100,150.0
513,11.0,0.0,,l,True,main_files/trial_tone/tone_150hz_75db_250ff-10n-250.wav,0.0,24.0,tone,10,n,250,150.0
513,11.0,2.0,"10,11",m,False,main_files/trial_tone/tone_150hz_75db_250ff-40n-60.wav,3.3788,24.0,tone,40,n,60,150.0
513,11.0,0.0,,l,False,main_files/trial_tone/tone_150hz_75db_250ff-40p-80.wav,0.0,24.0,tone,40,p,80,150.0
513,11.0,0.0,,l,True,main_files/trial_tone/tone_150hz_75db_250ff-20n-60.wav,0.0,24.0,tone,20,n,60,150.0
513,11.0,0.0,,l,True,main_files/trial_tone/tone_150hz_75db_250ff-40n-80.wav,0.0,24.0,tone,40,n,80,150.0
513,11.0,0.0,,l,False,main_files/trial_tone/tone_150hz_75db_250ff-20p-250.wav,0.0,24.0,tone,20,p,250,150.0
513,11.0,0.0,,l,True,main_files/trial_tone/tone_150hz_75db_250ff-10n-100.wav,0.0,24.0,tone,10,n,100,150.0
1944,11.0,2.0,"12,11",m,True,main_files/trial_di/07_di_cross_150hz_75db_250ff-000-100.wav,6.3564,30.0,di,0,0,0,150.0
1944,9.0,3.0,"9,10,9",l,True,main_files/trial_di/07_di_cross_150hz_75db_250ff-30n-120.wav,13.5737,30.0,di,30,n,120,140.0
1944,12.0,3.0,"12,11,12",h,True,main_files/trial_di/07_di_cross_150hz_75db_250ff-10p-250.wav,8.4274,30.0,di,10,p,250,155.0
1944,11.0,0.0,,l,False,main_files/trial_di/07_di_cross_150hz_75db_250ff-10p-80.wav,0.0,30.0,di,10,p,80,150.0
1944,14.0,2.0,"13,14",h,True,main_files/trial_di/07_di_cross_150hz_75db_250ff-30p-250.wav,4.2661,30.0,di,30,p,250,165.0
1944,11.0,2.0,"12,11",m,False,main_files/trial_di/07_di_cross_150hz_75db_250ff-40p-40.wav,4.4454,30.0,di,40,p,40,150.0
1944,11.0,2.0,"12,11",m,False,main_files/trial_di/07_di_cross_150hz_75db_250ff-10p-60.wav,4.4935,30.0,di,10,p,60,150.0
1944,10.0,4.0,"9,10,9,10",l,True,main_files/trial_di/07_di_cross_150hz_75db_250ff-30n-80.wav,8.2642,30.0,di,30,n,80,145.0
1944,11.0,0.0,,l,True,main_files/trial_di/07_di_cross_150hz_75db_250ff-10n-40.wav,0.0,30.0,di,10,n,40,150.0
1944,12.0,1.0,12,h,True,main_files/trial_di/07_di_cross_150hz_75db_250ff-10p-120.wav,2.2956,30.0,di,10,p,120,155.0
1944,11.0,0.0,,l,True,main_files/trial_di/07_di_cross_150hz_75db_250ff-20n-80.wav,0.0,30.0,di,20,n,80,150.0
1944,9.0,3.0,"9,10,9",l,True,main_files/trial_di/07_di_cross_150hz_75db_250ff-20n-120.wav,6.0786,30.0,di,20,n,120,140.0
1944,11.0,2.0,"12,11",m,False,main_files/trial_di/07_di_cross_150hz_75db_250ff-10n-80.wav,3.8626,30.0,di,10,n,80,150.0
1944,14.0,2.0,"13,14",h,True,main_files/trial_di/07_di_cross_150hz_75db_250ff-30p-80.wav,4.0464,30.0,di,30,p,80,165.0
1944,11.0,0.0,,l,False,main_files/trial_di/07_di_cross_150hz_75db_250ff-000-250.wav,0.0,30.0,di,0,0,0,150.0
1944,10.0,1.0,10,l,True,main_files/trial_di/07_di_cross_150hz_75db_250ff-30n-40.wav,2.1173,30.0,di,30,n,40,145.0
1944,14.0,2.0,"15,14",h,True,main_files/trial_di/07_di_cross_150hz_75db_250ff-40p-120.wav,4.3606,30.0,di,40,p,120,165.0
1944,8.0,4.0,"9,8,9,8",l,True,main_files/trial_di/07_di_cross_150hz_75db_250ff-40n-120.wav,11.5419,30.0,di,40,n,120,135.0
1944,11.0,2.0,"12,11",m,False,main_files/trial_di/07_di_cross_150hz_75db_250ff-40n-40.wav,3.5688,30.0,di,40,n,40,150.0
1944,11.0,0.0,,l,False,main_files/trial_di/07_di_cross_150hz_75db_250ff-20p-60.wav,0.0,30.0,di,20,p,60,150.0
1944,12.0,1.0,12,h,True,main_files/trial_di/07_di_cross_150hz_75db_250ff-20p-40.wav,1.9974,30.0,di,20,p,40,155.0
1944,7.0,3.0,"7,8,7",l,True,main_files/trial_di/07_di_cross_150hz_75db_250ff-40n-250.wav,6.1048,30.0,di,40,n,250,130.0
1944,11.0,2.0,"12,11",m,False,main_files/trial_di/07_di_cross_150hz_75db_250ff-10p-40.wav,3.9688,30.0,di,10,p,40,150.0
1944,14.0,2.0,"13,14",h,True,main_files/trial_di/07_di_cross_150hz_75db_250ff-40p-60.wav,4.4134,30.0,di,40,p,60,165.0
1944,11.0,0.0,,l,True,main_files/trial_di/07_di_cross_150hz_75db_250ff-30n-60.wav,0.0,30.0,di,30,n,60,150.0
1944,11.0,2.0,"10,11",m,False,main_files/trial_di/07_di_cross_150hz_75db_250ff-10n-120.wav,5.7295,30.0,di,10,n,120,150.0
1944,14.0,2.0,"13,14",h,True,main_files/trial_di/07_di_cross_150hz_75db_250ff-20p-120.wav,4.5008,30.0,di,20,p,120,165.0
1944,11.0,0.0,,l,False,main_files/trial_di/07_di_cross_150hz_75db_250ff-000-40.wav,0.0,30.0,di,0,0,0,150.0
1944,16.0,2.0,"15,16",h,True,main_files/trial_di/07_di_cross_150hz_75db_250ff-40p-250.wav,4.6297,30.0,di,40,p,250,175.0
1944,9.0,2.0,"8,9",l,True,main_files/trial_di/07_di_cross_150hz_75db_250ff-20n-250.wav,3.7788,30.0,di,20,n,250,140.0
1944,10.0,1.0,10,l,True,main_files/trial_di/07_di_cross_150hz_75db_250ff-40n-100.wav,2.165,30.0,di,40,n,100,145.0
1944,14.0,1.0,14,h,True,main_files/trial_di/07_di_cross_150hz_75db_250ff-30p-100.wav,2.1206,30.0,di,30,p,100,165.0
1944,11.0,0.0,,l,True,main_files/trial_di/07_di_cross_150hz_75db_250ff-10n-60.wav,0.0,30.0,di,10,n,60,150.0
1944,11.0,0.0,,l,True,main_files/trial_di/07_di_cross_150hz_75db_250ff-20n-40.wav,0.0,30.0,di,20,n,40,150.0
1944,13.0,2.0,"12,13",h,True,main_files/trial_di/07_di_cross_150hz_75db_250ff-20p-100.wav,4.146,30.0,di,20,p,100,160.0
1944,11.0,2.0,"12,11",m,False,main_files/trial_di/07_di_cross_150hz_75db_250ff-30p-40.wav,3.9511,30.0,di,30,p,40,150.0
1944,10.0,2.0,"9,10",l,True,main_files/trial_di/07_di_cross_150hz_75db_250ff-30n-100.wav,4.0526,30.0,di,30,n,100,145.0
1944,14.0,1.0,14,h,True,main_files/trial_di/07_di_cross_150hz_75db_250ff-30p-120.wav,2.0367,30.0,di,30,p,120,165.0
1944,8.0,3.0,"8,7,8",l,True,main_files/trial_di/07_di_cross_150hz_75db_250ff-30n-250.wav,6.5284,30.0,di,30,n,250,135.0
1944,14.0,1.0,14,h,True,main_files/trial_di/07_di_cross_150hz_75db_250ff-30p-60.wav,2.1196,30.0,di,30,p,60,165.0
1944,12.0,3.0,"12,11,12",h,True,main_files/trial_di/07_di_cross_150hz_75db_250ff-10p-100.wav,5.5939,30.0,di,10,p,100,155.0
1944,14.0,2.0,"13,14",h,True,main_files/trial_di/07_di_cross_150hz_75db_250ff-40p-100.wav,5.0271,30.0,di,40,p,100,165.0
1944,11.0,0.0,,l,False,main_files/trial_di/07_di_cross_150hz_75db_250ff-000-80.wav,0.0,30.0,di,0,0,0,150.0
1944,11.0,0.0,,l,False,main_files/trial_di/07_di_cross_150hz_75db_250ff-000-120.wav,0.0,30.0,di,0,0,0,150.0
1944,11.0,0.0,,l,False,main_files/trial_di/07_di_cross_150hz_75db_250ff-000-60.wav,0.0,30.0,di,0,0,0,150.0
1944,12.0,1.0,12,h,True,main_files/trial_di/07_di_cross_150hz_75db_250ff-20p-80.wav,1.9633,30.0,di,20,p,80,155.0
1944,10.0,1.0,10,l,True,main_files/trial_di/07_di_cross_150hz_75db_250ff-20n-100.wav,2.2378,30.0,di,20,n,100,145.0
1944,10.0,3.0,"10,11,10",l,True,main_files/trial_di/07_di_cross_150hz_75db_250ff-10n-250.wav,6.5445,30.0,di,10,n,250,145.0
1944,10.0,1.0,10,l,True,main_files/trial_di/07_di_cross_150hz_75db_250ff-40n-60.wav,2.4624,30.0,di,40,n,60,145.0
1944,15.0,2.0,"14,15",h,True,main_files/trial_di/07_di_cross_150hz_75db_250ff-40p-80.wav,5.473,30.0,di,40,p,80,170.0
1944,11.0,0.0,,l,True,main_files/trial_di/07_di_cross_150hz_75db_250ff-20n-60.wav,0.0,30.0,di,20,n,60,150.0
1944,9.0,1.0,9,l,True,main_files/trial_di/07_di_cross_150hz_75db_250ff-40n-80.wav,2.1036,30.0,di,40,n,80,140.0
1944,15.0,2.0,"14,15",h,True,main_files/trial_di/07_di_cross_150hz_75db_250ff-20p-250.wav,3.8973,30.0,di,20,p,250,170.0
1944,11.0,0.0,,l,True,main_files/trial_di/07_di_cross_150hz_75db_250ff-10n-100.wav,0.0,30.0,di,10,n,100,150.0
1944,14.0,4.0,"10,14,15,14",h,True,main_files/trial_i/07_i_150hz_75db_250ff-40p-80.wav,10.8905,30.0,i,40,p,80,165.0
1944,9.0,3.0,"9,8,9",l,True,main_files/trial_i/07_i_150hz_75db_250ff-30n-100.wav,6.4127,30.0,i,30,n,100,140.0
1944,14.0,2.0,"13,14",h,True,main_files/trial_i/07_i_150hz_75db_250ff-20p-250.wav,4.5468,30.0,i,20,p,250,165.0
1944,11.0,0.0,,l,False,main_files/trial_i/07_i_150hz_75db_250ff-10p-60.wav,0.0,30.0,i,10,p,60,150.0
1944,8.0,5.0,"8,7,8,7,8",l,True,main_files/trial_i/07_i_150hz_75db_250ff-30n-250.wav,13.1072,30.0,i,30,n,250,135.0
1944,14.0,3.0,"14,15,14",h,True,main_files/trial_i/07_i_150hz_75db_250ff-40p-120.wav,7.5312,30.0,i,40,p,120,165.0
1944,11.0,0.0,,l,False,main_files/trial_i/07_i_150hz_75db_250ff-10p-40.wav,0.0,30.0,i,10,p,40,150.0
1944,10.0,3.0,"10,11,10",l,True,main_files/trial_i/07_i_150hz_75db_250ff-30n-60.wav,6.3738,30.0,i,30,n,60,145.0
1944,11.0,0.0,,l,True,main_files/trial_i/07_i_150hz_75db_250ff-10n-40.wav,0.0,30.0,i,10,n,40,150.0
1944,12.0,1.0,12,h,True,main_files/trial_i/07_i_150hz_75db_250ff-10p-250.wav,2.2628,30.0,i,10,p,250,155.0
1944,11.0,2.0,"12,11",m,False,main_files/trial_i/07_i_150hz_75db_250ff-20n-60.wav,7.3787,30.0,i,20,n,60,150.0
1944,11.0,2.0,"12,11",m,False,main_files/trial_i/07_i_150hz_75db_250ff-20n-100.wav,4.0338,30.0,i,20,n,100,150.0
1944,11.0,0.0,,l,True,main_files/trial_i/07_i_150hz_75db_250ff-10n-80.wav,0.0,30.0,i,10,n,80,150.0
1944,13.0,2.0,"12,13",h,True,main_files/trial_i/07_i_150hz_75db_250ff-30p-60.wav,4.4447,30.0,i,30,p,60,160.0
1944,11.0,0.0,,l,False,main_files/trial_i/07_i_150hz_75db_250ff-000-80.wav,0.0,30.0,i,0,0,0,150.0
1944,8.0,4.0,"9,8,9,8",l,True,main_files/trial_i/07_i_150hz_75db_250ff-30n-120.wav,8.9305,30.0,i,30,n,120,135.0
1944,14.0,3.0,"14,13,14",h,True,main_files/trial_i/07_i_150hz_75db_250ff-40p-100.wav,7.3997,30.0,i,40,p,100,165.0
1944,9.0,2.0,"10,9",l,True,main_files/trial_i/07_i_150hz_75db_250ff-40n-100.wav,4.3271,30.0,i,40,n,100,140.0
1944,10.0,1.0,10,l,True,main_files/trial_i/07_i_150hz_75db_250ff-40n-120.wav,2.2866,30.0,i,40,n,120,145.0
1944,12.0,1.0,12,h,True,main_files/trial_i/07_i_150hz_75db_250ff-20p-40.wav,2.4519,30.0,i,20,p,40,155.0
1944,13.0,2.0,"12,13",h,True,main_files/trial_i/07_i_150hz_75db_250ff-20p-120.wav,4.8846,30.0,i,20,p,120,160.0
1944,15.0,4.0,"14,15,16,15",h,True,main_files/trial_i/07_i_150hz_75db_250ff-40p-250.wav,9.1152,30.0,i,40,p,250,170.0
1944,12.0,2.0,"10,12",h,True,main_files/trial_i/07_i_150hz_75db_250ff-10p-120.wav,4.034,30.0,i,10,p,120,155.0
1944,11.0,0.0,,l,False,main_files/trial_i/07_i_150hz_75db_250ff-40p-40.wav,0.0,30.0,i,40,p,40,150.0
1944,11.0,0.0,,l,True,main_files/trial_i/07_i_150hz_75db_250ff-30n-40.wav,0.0,30.0,i,30,n,40,150.0
1944,11.0,2.0,"10,11",m,False,main_files/trial_i/07_i_150hz_75db_250ff-10n-120.wav,4.5982,30.0,i,10,n,120,150.0
1944,13.0,2.0,"12,13",h,True,main_files/trial_i/07_i_150hz_75db_250ff-20p-100.wav,4.5807,30.0,i,20,p,100,160.0
1944,11.0,0.0,,l,False,main_files/trial_i/07_i_150hz_75db_250ff-000-120.wav,0.0,30.0,i,0,0,0,150.0
1944,6.0,4.0,"7,6,7,6",l,True,main_files/trial_i/07_i_150hz_75db_250ff-40n-250.wav,9.6595,30.0,i,40,n,250,125.0
1944,8.0,2.0,"9,8",l,True,main_files/trial_i/07_i_150hz_75db_250ff-20n-250.wav,4.6795,30.0,i,20,n,250,135.0
1944,14.0,2.0,"15,14",h,True,main_files/trial_i/07_i_150hz_75db_250ff-30p-80.wav,4.4849,30.0,i,30,p,80,165.0
1944,10.0,1.0,10,l,True,main_files/trial_i/07_i_150hz_75db_250ff-30n-80.wav,2.2477,30.0,i,30,n,80,145.0
1944,11.0,0.0,,l,True,main_files/trial_i/07_i_150hz_75db_250ff-10n-60.wav,0.0,30.0,i,10,n,60,150.0
1944,11.0,0.0,,l,True,main_files/trial_i/07_i_150hz_75db_250ff-20n-120.wav,0.0,30.0,i,20,n,120,150.0
1944,11.0,0.0,,l,True,main_files/trial_i/07_i_150hz_75db_250ff-20n-80.wav,0.0,30.0,i,20,n,80,150.0
1944,15.0,3.0,"13,14,15",h,True,main_files/trial_i/07_i_150hz_75db_250ff-30p-120.wav,6.3503,30.0,i,30,p,120,170.0
1944,13.0,3.0,"13,12,13",h,True,main_files/trial_i/07_i_150hz_75db_250ff-20p-80.wav,6.1931,30.0,i,20,p,80,160.0
1944,13.0,3.0,"13,12,13",h,True,main_files/trial_i/07_i_150hz_75db_250ff-30p-100.wav,8.2935,30.0,i,30,p,100,160.0
1944,15.0,2.0,"14,15",h,True,main_files/trial_i/07_i_150hz_75db_250ff-30p-250.wav,6.0325,30.0,i,30,p,250,170.0
1944,12.0,1.0,12,h,True,main_files/trial_i/07_i_150hz_75db_250ff-30p-40.wav,3.1791,30.0,i,30,p,40,155.0
1944,12.0,1.0,12,h,True,main_files/trial_i/07_i_150hz_75db_250ff-10p-100.wav,4.6694,30.0,i,10,p,100,155.0
1944,9.0,1.0,9,l,True,main_files/trial_i/07_i_150hz_75db_250ff-40n-80.wav,2.3118,30.0,i,40,n,80,140.0
1944,12.0,2.0,"13,12",h,False,main_files/trial_i/07_i_150hz_75db_250ff-000-60.wav,4.2948,30.0,i,0,0,0,155.0
1944,11.0,0.0,,l,False,main_files/trial_i/07_i_150hz_75db_250ff-000-100.wav,0.0,30.0,i,0,0,0,150.0
1944,11.0,0.0,,l,False,main_files/trial_i/07_i_150hz_75db_250ff-000-40.wav,0.0,30.0,i,0,0,0,150.0
1944,12.0,1.0,12,h,True,main_files/trial_i/07_i_150hz_75db_250ff-20p-60.wav,2.2153,30.0,i,20,p,60,155.0
1944,11.0,0.0,,l,False,main_files/trial_i/07_i_150hz_75db_250ff-10p-80.wav,0.0,30.0,i,10,p,80,150.0
1944,10.0,1.0,10,l,True,main_files/trial_i/07_i_150hz_75db_250ff-10n-250.wav,2.171,30.0,i,10,n,250,145.0
1944,11.0,2.0,"12,11",m,False,main_files/trial_i/07_i_150hz_75db_250ff-40n-40.wav,4.3031,30.0,i,40,n,40,150.0
1944,13.0,2.0,"12,13",h,True,main_files/trial_i/07_i_150hz_75db_250ff-40p-60.wav,5.1379,30.0,i,40,p,60,160.0
1944,11.0,2.0,"10,11",m,False,main_files/trial_i/07_i_150hz_75db_250ff-20n-40.wav,6.7328,30.0,i,20,n,40,150.0
1944,8.0,3.0,"8,9,8",l,True,main_files/trial_i/07_i_150hz_75db_250ff-40n-60.wav,9.777,30.0,i,40,n,60,135.0
1944,11.0,0.0,,l,False,main_files/trial_i/07_i_150hz_75db_250ff-000-250.wav,0.0,30.0,i,0,0,0,150.0
1944,10.0,1.0,10,l,True,main_files/trial_i/07_i_150hz_75db_250ff-10n-100.wav,2.0673,30.0,i,10,n,100,145.0
1944,11.0,2.0,"12,11",m,True,main_files/trial_tone/tone_150hz_75db_250ff-000-100.wav,4.8633,30.0,tone,0,0,0,150.0
1944,10.0,5.0,"9,10,9,8,10",l,True,main_files/trial_tone/tone_150hz_75db_250ff-30n-120.wav,10.7303,30.0,tone,30,n,120,145.0
1944,12.0,1.0,12,h,True,main_files/trial_tone/tone_150hz_75db_250ff-10p-250.wav,2.2445,30.0,tone,10,p,250,155.0
1944,12.0,3.0,"12,13,12",h,True,main_files/trial_tone/tone_150hz_75db_250ff-10p-80.wav,7.0595,30.0,tone,10,p,80,155.0
1944,14.0,2.0,"13,14",h,True,main_files/trial_tone/tone_150hz_75db_250ff-30p-250.wav,4.3877,30.0,tone,30,p,250,165.0
1944,13.0,4.0,"12,13,12,13",h,True,main_files/trial_tone/tone_150hz_75db_250ff-40p-40.wav,10.2649,30.0,tone,40,p,40,160.0
1944,11.0,2.0,"12,11",m,False,main_files/trial_tone/tone_150hz_75db_250ff-10p-60.wav,4.1321,30.0,tone,10,p,60,150.0
1944,9.0,4.0,"8,9,8,9",l,True,main_files/trial_tone/tone_150hz_75db_250ff-30n-80.wav,8.2237,30.0,tone,30,n,80,140.0
1944,11.0,0.0,,l,True,main_files/trial_tone/tone_150hz_75db_250ff-10n-40.wav,0.0,30.0,tone,10,n,40,150.0
1944,12.0,4.0,"13,12,11,12",h,True,main_files/trial_tone/tone_150hz_75db_250ff-10p-120.wav,9.8852,30.0,tone,10,p,120,155.0
1944,8.0,2.0,"9,8",l,True,main_files/trial_tone/tone_150hz_75db_250ff-20n-80.wav,4.4133,30.0,tone,20,n,80,135.0
1944,8.0,3.0,"8,7,8",l,True,main_files/trial_tone/tone_150hz_75db_250ff-20n-120.wav,6.8119,30.0,tone,20,n,120,135.0
1944,10.0,2.0,"12,10",l,True,main_files/trial_tone/tone_150hz_75db_250ff-10n-80.wav,4.3818,30.0,tone,10,n,80,145.0
1944,15.0,5.0,"14,15,14,13,15",h,True,main_files/trial_tone/tone_150hz_75db_250ff-30p-80.wav,11.7166,30.0,tone,30,p,80,170.0
1944,11.0,0.0,,l,False,main_files/trial_tone/tone_150hz_75db_250ff-000-250.wav,0.0,30.0,tone,0,0,0,150.0
1944,9.0,2.0,"10,9",l,True,main_files/trial_tone/tone_150hz_75db_250ff-30n-40.wav,3.729,30.0,tone,30,n,40,140.0
1944,15.0,2.0,"14,15",h,True,main_files/trial_tone/tone_150hz_75db_250ff-40p-120.wav,4.0895,30.0,tone,40,p,120,170.0
1944,8.0,4.0,"8,9,7,8",l,True,main_files/trial_tone/tone_150hz_75db_250ff-40n-120.wav,9.893,30.0,tone,40,n,120,135.0
1944,10.0,1.0,10,l,True,main_files/trial_tone/tone_150hz_75db_250ff-40n-40.wav,2.3912,30.0,tone,40,n,40,145.0
1944,14.0,2.0,"13,14",h,True,main_files/trial_tone/tone_150hz_75db_250ff-20p-60.wav,4.2666,30.0,tone,20,p,60,165.0
1944,12.0,1.0,12,h,True,main_files/trial_tone/tone_150hz_75db_250ff-20p-40.wav,2.0186,30.0,tone,20,p,40,155.0
1944,7.0,3.0,"7,8,7",l,True,main_files/trial_tone/tone_150hz_75db_250ff-40n-250.wav,6.9187,30.0,tone,40,n,250,130.0
1944,11.0,2.0,"12,11",m,False,main_files/trial_tone/tone_150hz_75db_250ff-10p-40.wav,4.3357,30.0,tone,10,p,40,150.0
1944,14.0,3.0,"14,15,14",h,True,main_files/trial_tone/tone_150hz_75db_250ff-40p-60.wav,6.3598,30.0,tone,40,p,60,165.0
1944,11.0,0.0,,l,True,main_files/trial_tone/tone_150hz_75db_250ff-30n-60.wav,0.0,30.0,tone,30,n,60,150.0
1944,10.0,2.0,"9,10",l,True,main_files/trial_tone/tone_150hz_75db_250ff-10n-120.wav,3.4801,30.0,tone,10,n,120,145.0
1944,14.0,2.0,"13,14",h,True,main_files/trial_tone/tone_150hz_75db_250ff-20p-120.wav,3.9459,30.0,tone,20,p,120,165.0
1944,11.0,0.0,,l,False,main_files/trial_tone/tone_150hz_75db_250ff-000-40.wav,0.0,30.0,tone,0,0,0,150.0
1944,16.0,3.0,"16,17,16",h,True,main_files/trial_tone/tone_150hz_75db_250ff-40p-250.wav,7.0568,30.0,tone,40,p,250,175.0
1944,8.0,2.0,"7,8",l,True,main_files/trial_tone/tone_150hz_75db_250ff-20n-250.wav,4.1947,30.0,tone,20,n,250,135.0
1944,7.0,2.0,"8,7",l,True,main_files/trial_tone/tone_150hz_75db_250ff-40n-100.wav,5.277,30.0,tone,40,n,100,130.0
1944,15.0,2.0,"16,15",h,True,main_files/trial_tone/tone_150hz_75db_250ff-30p-100.wav,3.7963,30.0,tone,30,p,100,170.0
1944,11.0,2.0,"10,11",m,False,main_files/trial_tone/tone_150hz_75db_250ff-10n-60.wav,4.5955,30.0,tone,10,n,60,150.0
1944,11.0,2.0,"10,11",m,False,main_files/trial_tone/tone_150hz_75db_250ff-20n-40.wav,3.9993,30.0,tone,20,n,40,150.0
1944,14.0,2.0,"13,14",h,True,main_files/trial_tone/tone_150hz_75db_250ff-20p-100.wav,3.7843,30.0,tone,20,p,100,165.0
1944,12.0,1.0,12,h,True,main_files/trial_tone/tone_150hz_75db_250ff-30p-40.wav,2.1285,30.0,tone,30,p,40,155.0
1944,8.0,2.0,"9,8",l,True,main_files/trial_tone/tone_150hz_75db_250ff-30n-100.wav,4.2874,30.0,tone,30,n,100,135.0
1944,15.0,3.0,"15,16,15",h,True,main_files/trial_tone/tone_150hz_75db_250ff-30p-120.wav,6.2287,30.0,tone,30,p,120,170.0
1944,7.0,2.0,"8,7",l,True,main_files/trial_tone/tone_150hz_75db_250ff-30n-250.wav,4.2787,30.0,tone,30,n,250,130.0
1944,15.0,2.0,"14,15",h,True,main_files/trial_tone/tone_150hz_75db_250ff-30p-60.wav,4.2612,30.0,tone,30,p,60,170.0
1944,12.0,1.0,12,h,True,main_files/trial_tone/tone_150hz_75db_250ff-10p-100.wav,2.6975,30.0,tone,10,p,100,155.0
1944,15.0,2.0,"14,15",h,True,main_files/trial_tone/tone_150hz_75db_250ff-40p-100.wav,4.0808,30.0,tone,40,p,100,170.0
1944,11.0,0.0,,l,False,main_files/trial_tone/tone_150hz_75db_250ff-000-80.wav,0.0,30.0,tone,0,0,0,150.0
1944,11.0,0.0,,l,False,main_files/trial_tone/tone_150hz_75db_250ff-000-120.wav,0.0,30.0,tone,0,0,0,150.0
1944,11.0,0.0,,l,False,main_files/trial_tone/tone_150hz_75db_250ff-000-60.wav,0.0,30.0,tone,0,0,0,150.0
1944,12.0,1.0,12,h,True,main_files/trial_tone/tone_150hz_75db_250ff-20p-80.wav,2.2447,30.0,tone,20,p,80,155.0
1944,9.0,1.0,9,l,True,main_files/trial_tone/tone_150hz_75db_250ff-20n-100.wav,3.5623,30.0,tone,20,n,100,140.0
1944,9.0,2.0,"10,9",l,True,main_files/trial_tone/tone_150hz_75db_250ff-10n-250.wav,4.758,30.0,tone,10,n,250,140.0
1944,7.0,4.0,"8,7,8,7",l,True,main_files/trial_tone/tone_150hz_75db_250ff-40n-60.wav,8.4194,30.0,tone,40,n,60,130.0
1944,15.0,3.0,"15,14,15",h,True,main_files/trial_tone/tone_150hz_75db_250ff-40p-80.wav,6.1445,30.0,tone,40,p,80,170.0
1944,10.0,1.0,10,l,True,main_files/trial_tone/tone_150hz_75db_250ff-20n-60.wav,1.8797,30.0,tone,20,n,60,145.0
1944,10.0,3.0,"12,11,10",l,True,main_files/trial_tone/tone_150hz_75db_250ff-40n-80.wav,5.8442,30.0,tone,40,n,80,145.0
1944,16.0,2.0,"15,16",h,True,main_files/trial_tone/tone_150hz_75db_250ff-20p-250.wav,4.2634,30.0,tone,20,p,250,175.0
1944,10.0,7.0,"10,9,10,9,10,11,10",l,True,main_files/trial_tone/tone_150hz_75db_250ff-10n-100.wav,12.9956,30.0,tone,10,n,100,145.0
8542,11.0,2.0,"10,11",m,False,main_files/trial_i/07_i_150hz_75db_250ff-40p-80.wav,6.5782,37.0,i,40,p,80,150.0
8542,10.0,2.0,"9,10",l,True,main_files/trial_i/07_i_150hz_75db_250ff-30n-100.wav,6.197,37.0,i,30,n,100,145.0
8542,11.0,2.0,"10,11",m,False,main_files/trial_i/07_i_150hz_75db_250ff-20p-250.wav,6.3986,37.0,i,20,p,250,150.0
8542,9.0,7.0,"9,13,12,11,7,8,9",l,False,main_files/trial_i/07_i_150hz_75db_250ff-10p-60.wav,18.7486,37.0,i,10,p,60,140.0
8542,7.0,5.0,"9,10,7,8,7",l,True,main_files/trial_i/07_i_150hz_75db_250ff-30n-250.wav,13.141,37.0,i,30,n,250,130.0
8542,12.0,3.0,"10,9,12",h,True,main_files/trial_i/07_i_150hz_75db_250ff-40p-120.wav,9.4425,37.0,i,40,p,120,155.0
8542,11.0,3.0,"10,12,11",m,False,main_files/trial_i/07_i_150hz_75db_250ff-10p-40.wav,7.6645,37.0,i,10,p,40,150.0
8542,11.0,0.0,,m,False,main_files/trial_i/07_i_150hz_75db_250ff-30n-60.wav,3.1613,37.0,i,30,n,60,150.0
8542,10.0,2.0,"9,10",l,True,main_files/trial_i/07_i_150hz_75db_250ff-10n-40.wav,4.7816,37.0,i,10,n,40,145.0
8542,12.0,3.0,"10,8,12",h,True,main_files/trial_i/07_i_150hz_75db_250ff-10p-250.wav,9.8489,37.0,i,10,p,250,155.0
8542,11.0,7.0,"10,3,1,19,15,12,11",m,False,main_files/trial_i/07_i_150hz_75db_250ff-20n-60.wav,18.4818,37.0,i,20,n,60,150.0
8542,9.0,9.0,"9,10,13,9,8,10,11,10,9",l,True,main_files/trial_i/07_i_150hz_75db_250ff-20n-100.wav,22.3475,37.0,i,20,n,100,140.0
8542,11.0,2.0,"10,11",m,False,main_files/trial_i/07_i_150hz_75db_250ff-10n-80.wav,4.8815,37.0,i,10,n,80,150.0
8542,9.0,2.0,"8,9",l,False,main_files/trial_i/07_i_150hz_75db_250ff-30p-60.wav,5.0302,37.0,i,30,p,60,140.0
8542,11.0,0.0,,l,False,main_files/trial_i/07_i_150hz_75db_250ff-000-80.wav,0.0,37.0,i,0,0,0,150.0
8542,10.0,3.0,"8,9,10",l,True,main_files/trial_i/07_i_150hz_75db_250ff-30n-120.wav,5.6126,37.0,i,30,n,120,145.0
8542,9.0,9.0,"10,9,8,12,7,8,9,8,9",l,False,main_files/trial_i/07_i_150hz_75db_250ff-40p-100.wav,20.132,37.0,i,40,p,100,140.0
8542,11.0,0.0,,l,True,main_files/trial_i/07_i_150hz_75db_250ff-40n-100.wav,0.0,37.0,i,40,n,100,150.0
8542,11.0,0.0,,l,True,main_files/trial_i/07_i_150hz_75db_250ff-40n-120.wav,0.0,37.0,i,40,n,120,150.0
8542,10.0,3.0,"8,9,10",l,False,main_files/trial_i/07_i_150hz_75db_250ff-20p-40.wav,5.8796,37.0,i,20,p,40,145.0
8542,11.0,0.0,,l,False,main_files/trial_i/07_i_150hz_75db_250ff-20p-120.wav,0.0,37.0,i,20,p,120,150.0
8542,11.0,0.0,,l,False,main_files/trial_i/07_i_150hz_75db_250ff-40p-250.wav,0.0,37.0,i,40,p,250,150.0
8542,10.0,2.0,"9,10",l,False,main_files/trial_i/07_i_150hz_75db_250ff-10p-120.wav,4.1995,37.0,i,10,p,120,145.0
8542,10.0,4.0,"7,8,9,10",l,False,main_files/trial_i/07_i_150hz_75db_250ff-40p-40.wav,9.0136,37.0,i,40,p,40,145.0
8542,11.0,0.0,,l,True,main_files/trial_i/07_i_150hz_75db_250ff-30n-40.wav,0.0,37.0,i,30,n,40,150.0
8542,11.0,0.0,,l,True,main_files/trial_i/07_i_150hz_75db_250ff-10n-120.wav,0.0,37.0,i,10,n,120,150.0
8542,11.0,2.0,"10,11",m,False,main_files/trial_i/07_i_150hz_75db_250ff-20p-100.wav,5.6308,37.0,i,20,p,100,150.0
8542,11.0,0.0,,l,False,main_files/trial_i/07_i_150hz_75db_250ff-000-120.wav,0.0,37.0,i,0,0,0,150.0
8542,9.0,1.0,9,l,True,main_files/trial_i/07_i_150hz_75db_250ff-40n-250.wav,2.0962,37.0,i,40,n,250,140.0
8542,11.0,0.0,,l,True,main_files/trial_i/07_i_150hz_75db_250ff-20n-250.wav,0.0,37.0,i,20,n,250,150.0
8542,11.0,0.0,,l,False,main_files/trial_i/07_i_150hz_75db_250ff-30p-80.wav,0.0,37.0,i,30,p,80,150.0
8542,11.0,0.0,,l,True,main_files/trial_i/07_i_150hz_75db_250ff-30n-80.wav,0.0,37.0,i,30,n,80,150.0
8542,11.0,0.0,,l,True,main_files/trial_i/07_i_150hz_75db_250ff-10n-60.wav,0.0,37.0,i,10,n,60,150.0
8542,11.0,0.0,,l,True,main_files/trial_i/07_i_150hz_75db_250ff-20n-120.wav,0.0,37.0,i,20,n,120,150.0
8542,11.0,0.0,,l,True,main_files/trial_i/07_i_150hz_75db_250ff-20n-80.wav,0.0,37.0,i,20,n,80,150.0
8542,12.0,1.0,12,h,True,main_files/trial_i/07_i_150hz_75db_250ff-30p-120.wav,1.8477,37.0,i,30,p,120,155.0
8542,11.0,0.0,,l,False,main_files/trial_i/07_i_150hz_75db_250ff-20p-80.wav,0.0,37.0,i,20,p,80,150.0
8542,11.0,0.0,,l,False,main_files/trial_i/07_i_150hz_75db_250ff-30p-100.wav,0.0,37.0,i,30,p,100,150.0
8542,11.0,0.0,,l,False,main_files/trial_i/07_i_150hz_75db_250ff-30p-250.wav,0.0,37.0,i,30,p,250,150.0
8542,10.0,2.0,"9,10",l,False,main_files/trial_i/07_i_150hz_75db_250ff-30p-40.wav,3.2645,37.0,i,30,p,40,145.0
8542,11.0,0.0,,l,False,main_files/trial_i/07_i_150hz_75db_250ff-10p-100.wav,0.0,37.0,i,10,p,100,150.0
8542,10.0,2.0,"9,10",l,True,main_files/trial_i/07_i_150hz_75db_250ff-40n-80.wav,4.9645,37.0,i,40,n,80,145.0
8542,11.0,0.0,,l,False,main_files/trial_i/07_i_150hz_75db_250ff-000-60.wav,0.0,37.0,i,0,0,0,150.0
8542,11.0,0.0,,l,False,main_files/trial_i/07_i_150hz_75db_250ff-000-100.wav,0.0,37.0,i,0,0,0,150.0
8542,11.0,0.0,,l,False,main_files/trial_i/07_i_150hz_75db_250ff-000-40.wav,0.0,37.0,i,0,0,0,150.0
8542,11.0,0.0,,l,False,main_files/trial_i/07_i_150hz_75db_250ff-20p-60.wav,0.0,37.0,i,20,p,60,150.0
8542,11.0,0.0,,l,False,main_files/trial_i/07_i_150hz_75db_250ff-10p-80.wav,0.0,37.0,i,10,p,80,150.0
8542,10.0,2.0,"9,10",l,True,main_files/trial_i/07_i_150hz_75db_250ff-10n-250.wav,3.747,37.0,i,10,n,250,145.0
8542,11.0,0.0,,l,True,main_files/trial_i/07_i_150hz_75db_250ff-40n-40.wav,0.0,37.0,i,40,n,40,150.0
8542,11.0,4.0,"12,9,10,11",m,False,main_files/trial_i/07_i_150hz_75db_250ff-40p-60.wav,7.7972,37.0,i,40,p,60,150.0
8542,11.0,0.0,,l,True,main_files/trial_i/07_i_150hz_75db_250ff-20n-40.wav,0.0,37.0,i,20,n,40,150.0
8542,11.0,0.0,,l,True,main_files/trial_i/07_i_150hz_75db_250ff-40n-60.wav,0.0,37.0,i,40,n,60,150.0
8542,11.0,0.0,,l,False,main_files/trial_i/07_i_150hz_75db_250ff-000-250.wav,0.0,37.0,i,0,0,0,150.0
8542,11.0,0.0,,l,True,main_files/trial_i/07_i_150hz_75db_250ff-10n-100.wav,0.0,37.0,i,10,n,100,150.0
8542,11.0,0.0,,m,True,main_files/trial_tone/tone_150hz_75db_250ff-000-100.wav,3.8266,37.0,tone,0,0,0,150.0
8542,11.0,0.0,,l,True,main_files/trial_tone/tone_150hz_75db_250ff-30n-120.wav,0.0,37.0,tone,30,n,120,150.0
8542,11.0,5.0,"12,11,10,12,11",m,False,main_files/trial_tone/tone_150hz_75db_250ff-10p-250.wav,13.8802,37.0,tone,10,p,250,150.0
8542,11.0,0.0,,l,False,main_files/trial_tone/tone_150hz_75db_250ff-10p-80.wav,0.0,37.0,tone,10,p,80,150.0
8542,12.0,2.0,"10,12",h,True,main_files/trial_tone/tone_150hz_75db_250ff-30p-250.wav,6.6284,37.0,tone,30,p,250,155.0
8542,11.0,0.0,,l,False,main_files/trial_tone/tone_150hz_75db_250ff-40p-40.wav,0.0,37.0,tone,40,p,40,150.0
8542,11.0,0.0,,l,False,main_files/trial_tone/tone_150hz_75db_250ff-10p-60.wav,0.0,37.0,tone,10,p,60,150.0
8542,11.0,0.0,,l,True,main_files/trial_tone/tone_150hz_75db_250ff-30n-80.wav,0.0,37.0,tone,30,n,80,150.0
8542,11.0,0.0,,l,True,main_files/trial_tone/tone_150hz_75db_250ff-10n-40.wav,0.0,37.0,tone,10,n,40,150.0
8542,11.0,0.0,,l,False,main_files/trial_tone/tone_150hz_75db_250ff-10p-120.wav,0.0,37.0,tone,10,p,120,150.0
8542,11.0,0.0,,l,True,main_files/trial_tone/tone_150hz_75db_250ff-20n-80.wav,0.0,37.0,tone,20,n,80,150.0
8542,11.0,0.0,,l,True,main_files/trial_tone/tone_150hz_75db_250ff-20n-120.wav,0.0,37.0,tone,20,n,120,150.0
8542,11.0,0.0,,l,True,main_files/trial_tone/tone_150hz_75db_250ff-10n-80.wav,0.0,37.0,tone,10,n,80,150.0
8542,12.0,1.0,12,h,True,main_files/trial_tone/tone_150hz_75db_250ff-30p-80.wav,2.6292,37.0,tone,30,p,80,155.0
8542,11.0,2.0,"10,11",m,True,main_files/trial_tone/tone_150hz_75db_250ff-000-250.wav,5.1983,37.0,tone,0,0,0,150.0
8542,11.0,0.0,,l,True,main_files/trial_tone/tone_150hz_75db_250ff-30n-40.wav,0.0,37.0,tone,30,n,40,150.0
8542,12.0,1.0,12,h,True,main_files/trial_tone/tone_150hz_75db_250ff-40p-120.wav,1.8807,37.0,tone,40,p,120,155.0
8542,11.0,0.0,,l,True,main_files/trial_tone/tone_150hz_75db_250ff-40n-120.wav,0.0,37.0,tone,40,n,120,150.0
8542,11.0,0.0,,l,True,main_files/trial_tone/tone_150hz_75db_250ff-40n-40.wav,0.0,37.0,tone,40,n,40,150.0
8542,11.0,0.0,,l,False,main_files/trial_tone/tone_150hz_75db_250ff-20p-60.wav,0.0,37.0,tone,20,p,60,150.0
8542,11.0,0.0,,l,False,main_files/trial_tone/tone_150hz_75db_250ff-20p-40.wav,0.0,37.0,tone,20,p,40,150.0
8542,10.0,1.0,10,l,True,main_files/trial_tone/tone_150hz_75db_250ff-40n-250.wav,1.914,37.0,tone,40,n,250,145.0
8542,11.0,0.0,,l,False,main_files/trial_tone/tone_150hz_75db_250ff-10p-40.wav,0.0,37.0,tone,10,p,40,150.0
8542,11.0,0.0,,l,False,main_files/trial_tone/tone_150hz_75db_250ff-40p-60.wav,0.0,37.0,tone,40,p,60,150.0
8542,11.0,0.0,,l,True,main_files/trial_tone/tone_150hz_75db_250ff-30n-60.wav,0.0,37.0,tone,30,n,60,150.0
8542,11.0,0.0,,l,True,main_files/trial_tone/tone_150hz_75db_250ff-10n-120.wav,0.0,37.0,tone,10,n,120,150.0
8542,12.0,1.0,12,h,True,main_files/trial_tone/tone_150hz_75db_250ff-20p-120.wav,2.9469,37.0,tone,20,p,120,155.0
8542,11.0,0.0,,l,False,main_files/trial_tone/tone_150hz_75db_250ff-000-40.wav,0.0,37.0,tone,0,0,0,150.0
8542,11.0,4.0,"12,11,10,11",m,False,main_files/trial_tone/tone_150hz_75db_250ff-40p-250.wav,8.1479,37.0,tone,40,p,250,150.0
8542,11.0,0.0,,l,True,main_files/trial_tone/tone_150hz_75db_250ff-20n-250.wav,0.0,37.0,tone,20,n,250,150.0
8542,11.0,0.0,,l,True,main_files/trial_tone/tone_150hz_75db_250ff-40n-100.wav,0.0,37.0,tone,40,n,100,150.0
8542,11.0,0.0,,l,False,main_files/trial_tone/tone_150hz_75db_250ff-30p-100.wav,0.0,37.0,tone,30,p,100,150.0
8542,11.0,0.0,,l,True,main_files/trial_tone/tone_150hz_75db_250ff-10n-60.wav,0.0,37.0,tone,10,n,60,150.0
8542,11.0,0.0,,l,True,main_files/trial_tone/tone_150hz_75db_250ff-20n-40.wav,0.0,37.0,tone,20,n,40,150.0
8542,11.0,0.0,,l,False,main_files/trial_tone/tone_150hz_75db_250ff-20p-100.wav,0.0,37.0,tone,20,p,100,150.0
8542,11.0,0.0,,l,False,main_files/trial_tone/tone_150hz_75db_250ff-30p-40.wav,0.0,37.0,tone,30,p,40,150.0
8542,11.0,0.0,,l,True,main_files/trial_tone/tone_150hz_75db_250ff-30n-100.wav,0.0,37.0,tone,30,n,100,150.0
8542,11.0,0.0,,l,False,main_files/trial_tone/tone_150hz_75db_250ff-30p-120.wav,0.0,37.0,tone,30,p,120,150.0
8542,11.0,0.0,,l,True,main_files/trial_tone/tone_150hz_75db_250ff-30n-250.wav,0.0,37.0,tone,30,n,250,150.0
8542,11.0,0.0,,l,False,main_files/trial_tone/tone_150hz_75db_250ff-30p-60.wav,0.0,37.0,tone,30,p,60,150.0
8542,11.0,0.0,,l,False,main_files/trial_tone/tone_150hz_75db_250ff-10p-100.wav,0.0,37.0,tone,10,p,100,150.0
8542,11.0,0.0,,l,False,main_files/trial_tone/tone_150hz_75db_250ff-40p-100.wav,0.0,37.0,tone,40,p,100,150.0
8542,11.0,0.0,,l,False,main_files/trial_tone/tone_150hz_75db_250ff-000-80.wav,0.0,37.0,tone,0,0,0,150.0
8542,11.0,0.0,,l,False,main_files/trial_tone/tone_150hz_75db_250ff-000-120.wav,0.0,37.0,tone,0,0,0,150.0
8542,11.0,0.0,,l,False,main_files/trial_tone/tone_150hz_75db_250ff-000-60.wav,0.0,37.0,tone,0,0,0,150.0
8542,11.0,0.0,,l,False,main_files/trial_tone/tone_150hz_75db_250ff-20p-80.wav,0.0,37.0,tone,20,p,80,150.0
8542,11.0,0.0,,l,True,main_files/trial_tone/tone_150hz_75db_250ff-20n-100.wav,0.0,37.0,tone,20,n,100,150.0
8542,11.0,0.0,,l,True,main_files/trial_tone/tone_150hz_75db_250ff-10n-250.wav,0.0,37.0,tone,10,n,250,150.0
8542,11.0,0.0,,l,True,main_files/trial_tone/tone_150hz_75db_250ff-40n-60.wav,0.0,37.0,tone,40,n,60,150.0
8542,11.0,0.0,,l,False,main_files/trial_tone/tone_150hz_75db_250ff-40p-80.wav,0.0,37.0,tone,40,p,80,150.0
8542,11.0,0.0,,l,True,main_files/trial_tone/tone_150hz_75db_250ff-20n-60.wav,0.0,37.0,tone,20,n,60,150.0
8542,11.0,0.0,,l,True,main_files/trial_tone/tone_150hz_75db_250ff-40n-80.wav,0.0,37.0,tone,40,n,80,150.0
8542,12.0,1.0,12,h,True,main_files/trial_tone/tone_150hz_75db_250ff-20p-250.wav,2.3305,37.0,tone,20,p,250,155.0
8542,11.0,0.0,,l,True,main_files/trial_tone/tone_150hz_75db_250ff-10n-100.wav,0.0,37.0,tone,10,n,100,150.0
8542,11.0,0.0,,l,False,main_files/trial_di/07_di_cross_150hz_75db_250ff-000-100.wav,0.0,37.0,di,0,0,0,150.0
8542,11.0,0.0,,l,True,main_files/trial_di/07_di_cross_150hz_75db_250ff-30n-120.wav,0.0,37.0,di,30,n,120,150.0
8542,12.0,1.0,12,h,True,main_files/trial_di/07_di_cross_150hz_75db_250ff-10p-250.wav,2.132,37.0,di,10,p,250,155.0
8542,11.0,0.0,,l,False,main_files/trial_di/07_di_cross_150hz_75db_250ff-10p-80.wav,0.0,37.0,di,10,p,80,150.0
8542,12.0,1.0,12,h,True,main_files/trial_di/07_di_cross_150hz_75db_250ff-30p-250.wav,1.8636,37.0,di,30,p,250,155.0
8542,11.0,0.0,,l,False,main_files/trial_di/07_di_cross_150hz_75db_250ff-40p-40.wav,0.0,37.0,di,40,p,40,150.0
8542,11.0,0.0,,l,False,main_files/trial_di/07_di_cross_150hz_75db_250ff-10p-60.wav,0.0,37.0,di,10,p,60,150.0
8542,11.0,0.0,,l,True,main_files/trial_di/07_di_cross_150hz_75db_250ff-30n-80.wav,0.0,37.0,di,30,n,80,150.0
8542,11.0,0.0,,l,True,main_files/trial_di/07_di_cross_150hz_75db_250ff-10n-40.wav,0.0,37.0,di,10,n,40,150.0
8542,12.0,1.0,12,h,True,main_files/trial_di/07_di_cross_150hz_75db_250ff-10p-120.wav,2.2133,37.0,di,10,p,120,155.0
8542,11.0,0.0,,l,True,main_files/trial_di/07_di_cross_150hz_75db_250ff-20n-80.wav,0.0,37.0,di,20,n,80,150.0
8542,11.0,0.0,,l,True,main_files/trial_di/07_di_cross_150hz_75db_250ff-20n-120.wav,0.0,37.0,di,20,n,120,150.0
8542,11.0,0.0,,l,True,main_files/trial_di/07_di_cross_150hz_75db_250ff-10n-80.wav,0.0,37.0,di,10,n,80,150.0
8542,12.0,1.0,12,h,True,main_files/trial_di/07_di_cross_150hz_75db_250ff-30p-80.wav,2.3626,37.0,di,30,p,80,155.0
8542,11.0,0.0,,l,False,main_files/trial_di/07_di_cross_150hz_75db_250ff-000-250.wav,0.0,37.0,di,0,0,0,150.0
8542,11.0,0.0,,l,True,main_files/trial_di/07_di_cross_150hz_75db_250ff-30n-40.wav,0.0,37.0,di,30,n,40,150.0
8542,10.0,4.0,"12,10,11,10",l,False,main_files/trial_di/07_di_cross_150hz_75db_250ff-40p-120.wav,7.2965,37.0,di,40,p,120,145.0
8542,11.0,4.0,"10,11,10,11",m,False,main_files/trial_di/07_di_cross_150hz_75db_250ff-40n-120.wav,8.6131,37.0,di,40,n,120,150.0
8542,11.0,0.0,,l,True,main_files/trial_di/07_di_cross_150hz_75db_250ff-40n-40.wav,0.0,37.0,di,40,n,40,150.0
8542,11.0,0.0,,l,False,main_files/trial_di/07_di_cross_150hz_75db_250ff-20p-60.wav,0.0,37.0,di,20,p,60,150.0
8542,11.0,0.0,,l,False,main_files/trial_di/07_di_cross_150hz_75db_250ff-20p-40.wav,0.0,37.0,di,20,p,40,150.0
8542,10.0,2.0,"9,10",l,True,main_files/trial_di/07_di_cross_150hz_75db_250ff-40n-250.wav,3.2963,37.0,di,40,n,250,145.0
8542,11.0,0.0,,l,False,main_files/trial_di/07_di_cross_150hz_75db_250ff-10p-40.wav,0.0,37.0,di,10,p,40,150.0
8542,11.0,0.0,,l,False,main_files/trial_di/07_di_cross_150hz_75db_250ff-40p-60.wav,0.0,37.0,di,40,p,60,150.0
8542,11.0,0.0,,l,True,main_files/trial_di/07_di_cross_150hz_75db_250ff-30n-60.wav,0.0,37.0,di,30,n,60,150.0
8542,11.0,0.0,,l,True,main_files/trial_di/07_di_cross_150hz_75db_250ff-10n-120.wav,0.0,37.0,di,10,n,120,150.0
8542,12.0,1.0,12,h,True,main_files/trial_di/07_di_cross_150hz_75db_250ff-20p-120.wav,1.7144,37.0,di,20,p,120,155.0
8542,11.0,0.0,,l,False,main_files/trial_di/07_di_cross_150hz_75db_250ff-000-40.wav,0.0,37.0,di,0,0,0,150.0
8542,12.0,1.0,12,h,True,main_files/trial_di/07_di_cross_150hz_75db_250ff-40p-250.wav,1.831,37.0,di,40,p,250,155.0
8542,11.0,0.0,,l,True,main_files/trial_di/07_di_cross_150hz_75db_250ff-20n-250.wav,0.0,37.0,di,20,n,250,150.0
8542,11.0,2.0,"10,11",m,False,main_files/trial_di/07_di_cross_150hz_75db_250ff-40n-100.wav,3.8145,37.0,di,40,n,100,150.0
8542,11.0,0.0,,l,False,main_files/trial_di/07_di_cross_150hz_75db_250ff-30p-100.wav,0.0,37.0,di,30,p,100,150.0
8542,11.0,0.0,,l,True,main_files/trial_di/07_di_cross_150hz_75db_250ff-10n-60.wav,0.0,37.0,di,10,n,60,150.0
8542,11.0,0.0,,l,True,main_files/trial_di/07_di_cross_150hz_75db_250ff-20n-40.wav,0.0,37.0,di,20,n,40,150.0
8542,11.0,0.0,,l,False,main_files/trial_di/07_di_cross_150hz_75db_250ff-20p-100.wav,0.0,37.0,di,20,p,100,150.0
8542,11.0,0.0,,l,False,main_files/trial_di/07_di_cross_150hz_75db_250ff-30p-40.wav,0.0,37.0,di,30,p,40,150.0
8542,11.0,0.0,,l,True,main_files/trial_di/07_di_cross_150hz_75db_250ff-30n-100.wav,0.0,37.0,di,30,n,100,150.0
8542,11.0,0.0,,l,False,main_files/trial_di/07_di_cross_150hz_75db_250ff-30p-120.wav,0.0,37.0,di,30,p,120,150.0
8542,11.0,0.0,,l,True,main_files/trial_di/07_di_cross_150hz_75db_250ff-30n-250.wav,0.0,37.0,di,30,n,250,150.0
8542,11.0,0.0,,l,False,main_files/trial_di/07_di_cross_150hz_75db_250ff-30p-60.wav,0.0,37.0,di,30,p,60,150.0
8542,11.0,0.0,,l,False,main_files/trial_di/07_di_cross_150hz_75db_250ff-10p-100.wav,0.0,37.0,di,10,p,100,150.0
8542,11.0,0.0,,l,False,main_files/trial_di/07_di_cross_150hz_75db_250ff-40p-100.wav,0.0,37.0,di,40,p,100,150.0
8542,11.0,0.0,,l,False,main_files/trial_di/07_di_cross_150hz_75db_250ff-000-80.wav,0.0,37.0,di,0,0,0,150.0
8542,11.0,0.0,,l,False,main_files/trial_di/07_di_cross_150hz_75db_250ff-000-120.wav,0.0,37.0,di,0,0,0,150.0
8542,11.0,0.0,,l,False,main_files/trial_di/07_di_cross_150hz_75db_250ff-000-60.wav,0.0,37.0,di,0,0,0,150.0
8542,11.0,0.0,,l,False,main_files/trial_di/07_di_cross_150hz_75db_250ff-20p-80.wav,0.0,37.0,di,20,p,80,150.0
8542,11.0,0.0,,l,True,main_files/trial_di/07_di_cross_150hz_75db_250ff-20n-100.wav,0.0,37.0,di,20,n,100,150.0
8542,11.0,0.0,,l,True,main_files/trial_di/07_di_cross_150hz_75db_250ff-10n-250.wav,0.0,37.0,di,10,n,250,150.0
8542,11.0,0.0,,l,True,main_files/trial_di/07_di_cross_150hz_75db_250ff-40n-60.wav,0.0,37.0,di,40,n,60,150.0
8542,12.0,1.0,12,h,True,main_files/trial_di/07_di_cross_150hz_75db_250ff-40p-80.wav,1.8144,37.0,di,40,p,80,155.0
8542,11.0,0.0,,l,True,main_files/trial_di/07_di_cross_150hz_75db_250ff-20n-60.wav,0.0,37.0,di,20,n,60,150.0
8542,11.0,0.0,,l,True,main_files/trial_di/07_di_cross_150hz_75db_250ff-40n-80.wav,0.0,37.0,di,40,n,80,150.0
8542,12.0,1.0,12,h,True,main_files/trial_di/07_di_cross_150hz_75db_250ff-20p-250.wav,2.0612,37.0,di,20,p,250,155.0
8542,11.0,0.0,,l,True,main_files/trial_di/07_di_cross_150hz_75db_250ff-10n-100.wav,0.0,37.0,di,10,n,100,150.0
6102004,11.0,0.0,,l,False,main_files/trial_tone/tone_150hz_75db_250ff-000-100.wav,0.0,14.0,tone,0,0,0,150.0
6102004,11.0,4.0,"10,11,12,11",m,False,main_files/trial_tone/tone_150hz_75db_250ff-30n-120.wav,9.6002,14.0,tone,30,n,120,150.0
6102004,11.0,0.0,,l,False,main_files/trial_tone/tone_150hz_75db_250ff-10p-250.wav,0.0,14.0,tone,10,p,250,150.0
6102004,11.0,0.0,,l,False,main_files/trial_tone/tone_150hz_75db_250ff-10p-80.wav,0.0,14.0,tone,10,p,80,150.0
6102004,14.0,2.0,"13,14",h,True,main_files/trial_tone/tone_150hz_75db_250ff-30p-250.wav,8.3223,14.0,tone,30,p,250,165.0
6102004,12.0,5.0,"10,11,10,11,12",h,True,main_files/trial_tone/tone_150hz_75db_250ff-40p-40.wav,13.931,14.0,tone,40,p,40,155.0
6102004,11.0,0.0,,l,False,main_files/trial_tone/tone_150hz_75db_250ff-10p-60.wav,0.0,14.0,tone,10,p,60,150.0
6102004,11.0,5.0,"12,11,9,10,11",m,False,main_files/trial_tone/tone_150hz_75db_250ff-30n-80.wav,11.1492,14.0,tone,30,n,80,150.0
6102004,12.0,1.0,12,h,False,main_files/trial_tone/tone_150hz_75db_250ff-10n-40.wav,2.7171,14.0,tone,10,n,40,155.0
6102004,10.0,2.0,"9,10",l,False,main_files/trial_tone/tone_150hz_75db_250ff-10p-120.wav,4.2152,14.0,tone,10,p,120,145.0
6102004,10.0,1.0,10,l,True,main_files/trial_tone/tone_150hz_75db_250ff-20n-80.wav,4.2449,14.0,tone,20,n,80,145.0
6102004,11.0,0.0,,l,True,main_files/trial_tone/tone_150hz_75db_250ff-20n-120.wav,0.0,14.0,tone,20,n,120,150.0
6102004,11.0,0.0,,l,True,main_files/trial_tone/tone_150hz_75db_250ff-10n-80.wav,0.0,14.0,tone,10,n,80,150.0
6102004,11.0,0.0,,l,False,main_files/trial_tone/tone_150hz_75db_250ff-30p-80.wav,0.0,14.0,tone,30,p,80,150.0
6102004,12.0,1.0,12,h,False,main_files/trial_tone/tone_150hz_75db_250ff-000-250.wav,3.967,14.0,tone,0,0,0,155.0
6102004,12.0,3.0,"10,11,12",h,False,main_files/trial_tone/tone_150hz_75db_250ff-30n-40.wav,6.5121,14.0,tone,30,n,40,155.0
6102004,13.0,1.0,13,h,True,main_files/trial_tone/tone_150hz_75db_250ff-40p-120.wav,3.074,14.0,tone,40,p,120,160.0
6102004,11.0,6.0,"10,11,12,10,9,11",m,False,main_files/trial_tone/tone_150hz_75db_250ff-40n-120.wav,12.3208,14.0,tone,40,n,120,150.0
6102004,12.0,2.0,"10,12",h,False,main_files/trial_tone/tone_150hz_75db_250ff-40n-40.wav,6.9364,14.0,tone,40,n,40,155.0
6102004,11.0,4.0,"12,11,10,11",m,False,main_files/trial_tone/tone_150hz_75db_250ff-20p-60.wav,10.2495,14.0,tone,20,p,60,150.0
6102004,10.0,4.0,"9,10,11,10",l,False,main_files/trial_tone/tone_150hz_75db_250ff-20p-40.wav,9.603,14.0,tone,20,p,40,145.0
6102004,7.0,2.0,"6,7",l,True,main_files/trial_tone/tone_150hz_75db_250ff-40n-250.wav,4.4656,14.0,tone,40,n,250,130.0
6102004,12.0,3.0,"12,13,12",h,True,main_files/trial_tone/tone_150hz_75db_250ff-10p-40.wav,5.5292,14.0,tone,10,p,40,155.0
6102004,12.0,5.0,"9,13,12,11,12",h,True,main_files/trial_tone/tone_150hz_75db_250ff-40p-60.wav,11.8983,14.0,tone,40,p,60,155.0
6102004,12.0,1.0,12,h,False,main_files/trial_tone/tone_150hz_75db_250ff-30n-60.wav,2.5966,14.0,tone,30,n,60,155.0
6102004,12.0,2.0,"10,12",h,False,main_files/trial_tone/tone_150hz_75db_250ff-10n-120.wav,4.3377,14.0,tone,10,n,120,155.0
6102004,12.0,4.0,"13,12,11,12",h,True,main_files/trial_tone/tone_150hz_75db_250ff-20p-120.wav,10.5779,14.0,tone,20,p,120,155.0
6102004,11.0,0.0,,l,False,main_files/trial_tone/tone_150hz_75db_250ff-000-40.wav,0.0,14.0,tone,0,0,0,150.0
6102004,14.0,6.0,"9,14,15,14,15,14",h,True,main_files/trial_tone/tone_150hz_75db_250ff-40p-250.wav,14.7744,14.0,tone,40,p,250,165.0
6102004,10.0,1.0,10,l,True,main_files/trial_tone/tone_150hz_75db_250ff-20n-250.wav,2.5225,14.0,tone,20,n,250,145.0
6102004,9.0,2.0,"8,9",l,True,main_files/trial_tone/tone_150hz_75db_250ff-40n-100.wav,6.3768,14.0,tone,40,n,100,140.0
6102004,14.0,3.0,"12,13,14",h,True,main_files/trial_tone/tone_150hz_75db_250ff-30p-100.wav,7.0271,14.0,tone,30,p,100,165.0
6102004,12.0,4.0,"8,9,10,12",h,False,main_files/trial_tone/tone_150hz_75db_250ff-10n-60.wav,11.1105,14.0,tone,10,n,60,155.0
6102004,11.0,0.0,,l,True,main_files/trial_tone/tone_150hz_75db_250ff-20n-40.wav,0.0,14.0,tone,20,n,40,150.0
6102004,11.0,0.0,,l,False,main_files/trial_tone/tone_150hz_75db_250ff-20p-100.wav,0.0,14.0,tone,20,p,100,150.0
6102004,12.0,2.0,"10,12",h,True,main_files/trial_tone/tone_150hz_75db_250ff-30p-40.wav,4.9498,14.0,tone,30,p,40,155.0
6102004,11.0,0.0,,l,True,main_files/trial_tone/tone_150hz_75db_250ff-30n-100.wav,0.0,14.0,tone,30,n,100,150.0
6102004,11.0,0.0,,l,False,main_files/trial_tone/tone_150hz_75db_250ff-30p-120.wav,0.0,14.0,tone,30,p,120,150.0
6102004,8.0,2.0,"9,8",l,True,main_files/trial_tone/tone_150hz_75db_250ff-30n-250.wav,5.1077,14.0,tone,30,n,250,135.0
6102004,13.0,5.0,"13,15,14,12,13",h,True,main_files/trial_tone/tone_150hz_75db_250ff-30p-60.wav,10.6322,14.0,tone,30,p,60,160.0
6102004,13.0,2.0,"12,13",h,True,main_files/trial_tone/tone_150hz_75db_250ff-10p-100.wav,5.4057,14.0,tone,10,p,100,160.0
6102004,14.0,4.0,"10,12,13,14",h,True,main_files/trial_tone/tone_150hz_75db_250ff-40p-100.wav,7.469,14.0,tone,40,p,100,165.0
6102004,14.0,6.0,"9,12,13,14,15,14",h,False,main_files/trial_tone/tone_150hz_75db_250ff-000-80.wav,13.1676,14.0,tone,0,0,0,165.0
6102004,12.0,6.0,"13,10,11,12,11,12",h,False,main_files/trial_tone/tone_150hz_75db_250ff-000-120.wav,13.3742,14.0,tone,0,0,0,155.0
6102004,11.0,0.0,,l,False,main_files/trial_tone/tone_150hz_75db_250ff-000-60.wav,0.0,14.0,tone,0,0,0,150.0
6102004,11.0,0.0,,l,False,main_files/trial_tone/tone_150hz_75db_250ff-20p-80.wav,0.0,14.0,tone,20,p,80,150.0
6102004,11.0,3.0,"12,10,11",m,False,main_files/trial_tone/tone_150hz_75db_250ff-20n-100.wav,6.9606,14.0,tone,20,n,100,150.0
6102004,12.0,1.0,12,h,False,main_files/trial_tone/tone_150hz_75db_250ff-10n-250.wav,2.6239,14.0,tone,10,n,250,155.0
6102004,13.0,1.0,13,h,False,main_files/trial_tone/tone_150hz_75db_250ff-40n-60.wav,3.385,14.0,tone,40,n,60,160.0
6102004,13.0,3.0,"13,12,13",h,True,main_files/trial_tone/tone_150hz_75db_250ff-40p-80.wav,7.484,14.0,tone,40,p,80,160.0
6102004,12.0,1.0,12,h,False,main_files/trial_tone/tone_150hz_75db_250ff-20n-60.wav,3.7317,14.0,tone,20,n,60,155.0
6102004,10.0,3.0,"10,9,10",l,True,main_files/trial_tone/tone_150hz_75db_250ff-40n-80.wav,9.0125,14.0,tone,40,n,80,145.0
6102004,14.0,5.0,"14,15,14,13,14",h,True,main_files/trial_tone/tone_150hz_75db_250ff-20p-250.wav,10.6181,14.0,tone,20,p,250,165.0
6102004,10.0,2.0,"9,10",l,True,main_files/trial_tone/tone_150hz_75db_250ff-10n-100.wav,6.3642,14.0,tone,10,n,100,145.0
6102004,12.0,5.0,"12,13,12,13,12",h,False,main_files/trial_di/07_di_cross_150hz_75db_250ff-000-100.wav,12.8185,14.0,di,0,0,0,155.0
6102004,10.0,6.0,"10,9,10,12,13,10",l,True,main_files/trial_di/07_di_cross_150hz_75db_250ff-30n-120.wav,11.6765,14.0,di,30,n,120,145.0
6102004,10.0,3.0,"10,9,10",l,False,main_files/trial_di/07_di_cross_150hz_75db_250ff-10p-250.wav,7.0095,14.0,di,10,p,250,145.0
6102004,11.0,0.0,,l,False,main_files/trial_di/07_di_cross_150hz_75db_250ff-10p-80.wav,0.0,14.0,di,10,p,80,150.0
6102004,14.0,3.0,"12,13,14",h,True,main_files/trial_di/07_di_cross_150hz_75db_250ff-30p-250.wav,7.2038,14.0,di,30,p,250,165.0
6102004,14.0,4.0,"13,14,15,14",h,True,main_files/trial_di/07_di_cross_150hz_75db_250ff-40p-40.wav,9.7631,14.0,di,40,p,40,165.0
6102004,14.0,6.0,"13,14,15,16,15,14",h,True,main_files/trial_di/07_di_cross_150hz_75db_250ff-10p-60.wav,15.1228,14.0,di,10,p,60,165.0
6102004,12.0,2.0,"10,12",h,False,main_files/trial_di/07_di_cross_150hz_75db_250ff-30n-80.wav,4.3442,14.0,di,30,n,80,155.0
6102004,11.0,6.0,"12,13,10,11,12,11",m,False,main_files/trial_di/07_di_cross_150hz_75db_250ff-10n-40.wav,11.9844,14.0,di,10,n,40,150.0
6102004,13.0,5.0,"10,12,13,14,13",h,True,main_files/trial_di/07_di_cross_150hz_75db_250ff-10p-120.wav,9.2318,14.0,di,10,p,120,160.0
6102004,11.0,0.0,,l,True,main_files/trial_di/07_di_cross_150hz_75db_250ff-20n-80.wav,0.0,14.0,di,20,n,80,150.0
6102004,10.0,3.0,"10,12,10",l,True,main_files/trial_di/07_di_cross_150hz_75db_250ff-20n-120.wav,6.6082,14.0,di,20,n,120,145.0
6102004,12.0,1.0,12,h,False,main_files/trial_di/07_di_cross_150hz_75db_250ff-10n-80.wav,2.9744,14.0,di,10,n,80,155.0
6102004,12.0,5.0,"12,13,12,11,12",h,True,main_files/trial_di/07_di_cross_150hz_75db_250ff-30p-80.wav,10.1312,14.0,di,30,p,80,155.0
6102004,12.0,3.0,"12,13,12",h,False,main_files/trial_di/07_di_cross_150hz_75db_250ff-000-250.wav,7.2431,14.0,di,0,0,0,155.0
6102004,11.0,2.0,"10,11",m,False,main_files/trial_di/07_di_cross_150hz_75db_250ff-30n-40.wav,6.6008,14.0,di,30,n,40,150.0
6102004,12.0,4.0,"12,10,13,12",h,True,main_files/trial_di/07_di_cross_150hz_75db_250ff-40p-120.wav,8.2923,14.0,di,40,p,120,155.0
6102004,10.0,1.0,10,l,True,main_files/trial_di/07_di_cross_150hz_75db_250ff-40n-120.wav,2.7391,14.0,di,40,n,120,145.0
6102004,10.0,2.0,"9,10",l,True,main_files/trial_di/07_di_cross_150hz_75db_250ff-40n-40.wav,4.176,14.0,di,40,n,40,145.0
6102004,11.0,6.0,"12,13,12,11,10,11",m,False,main_files/trial_di/07_di_cross_150hz_75db_250ff-20p-60.wav,12.607,14.0,di,20,p,60,150.0
6102004,13.0,6.0,"12,13,12,13,12,13",h,True,main_files/trial_di/07_di_cross_150hz_75db_250ff-20p-40.wav,10.5793,14.0,di,20,p,40,160.0
6102004,10.0,3.0,"8,9,10",l,True,main_files/trial_di/07_di_cross_150hz_75db_250ff-40n-250.wav,6.6448,14.0,di,40,n,250,145.0
6102004,11.0,0.0,,l,False,main_files/trial_di/07_di_cross_150hz_75db_250ff-10p-40.wav,0.0,14.0,di,10,p,40,150.0
6102004,12.0,3.0,"12,13,12",h,True,main_files/trial_di/07_di_cross_150hz_75db_250ff-40p-60.wav,6.569,14.0,di,40,p,60,155.0
6102004,12.0,3.0,"9,11,12",h,False,main_files/trial_di/07_di_cross_150hz_75db_250ff-30n-60.wav,7.778,14.0,di,30,n,60,155.0
6102004,11.0,5.0,"12,10,11,12,11",m,False,main_files/trial_di/07_di_cross_150hz_75db_250ff-10n-120.wav,14.7367,14.0,di,10,n,120,150.0
6102004,12.0,8.0,"9,8,9,10,11,12,13,12",h,True,main_files/trial_di/07_di_cross_150hz_75db_250ff-20p-120.wav,18.2247,14.0,di,20,p,120,155.0
6102004,12.0,1.0,12,h,False,main_files/trial_di/07_di_cross_150hz_75db_250ff-000-40.wav,2.347,14.0,di,0,0,0,155.0
6102004,14.0,2.0,"13,14",h,True,main_files/trial_di/07_di_cross_150hz_75db_250ff-40p-250.wav,6.043,14.0,di,40,p,250,165.0
6102004,10.0,4.0,"12,10,9,10",l,True,main_files/trial_di/07_di_cross_150hz_75db_250ff-20n-250.wav,7.8013,14.0,di,20,n,250,145.0
6102004,10.0,2.0,"12,10",l,True,main_files/trial_di/07_di_cross_150hz_75db_250ff-40n-100.wav,4.1035,14.0,di,40,n,100,145.0
6102004,13.0,4.0,"12,13,14,13",h,True,main_files/trial_di/07_di_cross_150hz_75db_250ff-30p-100.wav,8.7386,14.0,di,30,p,100,160.0
6102004,10.0,2.0,"9,10",l,True,main_files/trial_di/07_di_cross_150hz_75db_250ff-10n-60.wav,3.8995,14.0,di,10,n,60,145.0
6102004,11.0,3.0,"12,10,11",m,False,main_files/trial_di/07_di_cross_150hz_75db_250ff-20n-40.wav,6.2365,14.0,di,20,n,40,150.0
6102004,11.0,3.0,"12,10,11",m,False,main_files/trial_di/07_di_cross_150hz_75db_250ff-20p-100.wav,5.9562,14.0,di,20,p,100,150.0
6102004,12.0,4.0,"12,13,11,12",h,True,main_files/trial_di/07_di_cross_150hz_75db_250ff-30p-40.wav,8.5151,14.0,di,30,p,40,155.0
6102004,10.0,4.0,"9,10,9,10",l,True,main_files/trial_di/07_di_cross_150hz_75db_250ff-30n-100.wav,7.2285,14.0,di,30,n,100,145.0
6102004,12.0,7.0,"10,9,12,13,12,11,12",h,True,main_files/trial_di/07_di_cross_150hz_75db_250ff-30p-120.wav,15.5839,14.0,di,30,p,120,155.0
6102004,8.0,2.0,"7,8",l,True,main_files/trial_di/07_di_cross_150hz_75db_250ff-30n-250.wav,4.5999,14.0,di,30,n,250,135.0
6102004,13.0,3.0,"12,10,13",h,True,main_files/trial_di/07_di_cross_150hz_75db_250ff-30p-60.wav,7.7764,14.0,di,30,p,60,160.0
6102004,10.0,3.0,"9,8,10",l,False,main_files/trial_di/07_di_cross_150hz_75db_250ff-10p-100.wav,29.9833,14.0,di,10,p,100,145.0
6102004,13.0,1.0,13,h,True,main_files/trial_di/07_di_cross_150hz_75db_250ff-40p-100.wav,2.1769,14.0,di,40,p,100,160.0
6102004,12.0,3.0,"12,11,12",h,False,main_files/trial_di/07_di_cross_150hz_75db_250ff-000-80.wav,6.2459,14.0,di,0,0,0,155.0
6102004,11.0,2.0,"10,11",m,True,main_files/trial_di/07_di_cross_150hz_75db_250ff-000-120.wav,4.9546,14.0,di,0,0,0,150.0
6102004,11.0,8.0,"13,12,11,12,10,11,10,11",m,True,main_files/trial_di/07_di_cross_150hz_75db_250ff-000-60.wav,18.0597,14.0,di,0,0,0,150.0
6102004,12.0,6.0,"12,11,10,12,13,12",h,True,main_files/trial_di/07_di_cross_150hz_75db_250ff-20p-80.wav,11.0679,14.0,di,20,p,80,155.0
6102004,10.0,6.0,"9,8,9,10,11,10",l,True,main_files/trial_di/07_di_cross_150hz_75db_250ff-20n-100.wav,11.8771,14.0,di,20,n,100,145.0
6102004,9.0,5.0,"12,10,9,10,9",l,True,main_files/trial_di/07_di_cross_150hz_75db_250ff-10n-250.wav,9.6841,14.0,di,10,n,250,140.0
6102004,10.0,3.0,"8,9,10",l,True,main_files/trial_di/07_di_cross_150hz_75db_250ff-40n-60.wav,6.8751,14.0,di,40,n,60,145.0
6102004,13.0,5.0,"7,19,17,16,13",h,True,main_files/trial_di/07_di_cross_150hz_75db_250ff-40p-80.wav,10.8606,14.0,di,40,p,80,160.0
6102004,14.0,2.0,"13,14",h,False,main_files/trial_di/07_di_cross_150hz_75db_250ff-20n-60.wav,4.8865,14.0,di,20,n,60,165.0
6102004,12.0,3.0,"13,14,12",h,False,main_files/trial_di/07_di_cross_150hz_75db_250ff-40n-80.wav,9.1407,14.0,di,40,n,80,155.0
6102004,13.0,1.0,13,h,True,main_files/trial_di/07_di_cross_150hz_75db_250ff-20p-250.wav,2.7791,14.0,di,20,p,250,160.0
6102004,12.0,2.0,"13,12",h,False,main_files/trial_di/07_di_cross_150hz_75db_250ff-10n-100.wav,5.0822,14.0,di,10,n,100,155.0
6102004,13.0,4.0,"10,11,12,13",h,True,main_files/trial_i/07_i_150hz_75db_250ff-40p-80.wav,8.6211,14.0,i,40,p,80,160.0
6102004,11.0,5.0,"9,10,11,10,11",m,False,main_files/trial_i/07_i_150hz_75db_250ff-30n-100.wav,8.9094,14.0,i,30,n,100,150.0
6102004,14.0,2.0,"13,14",h,True,main_files/trial_i/07_i_150hz_75db_250ff-20p-250.wav,4.555,14.0,i,20,p,250,165.0
6102004,11.0,3.0,"9,10,11",m,False,main_files/trial_i/07_i_150hz_75db_250ff-10p-60.wav,6.3698,14.0,i,10,p,60,150.0
6102004,9.0,3.0,"13,8,9",l,True,main_files/trial_i/07_i_150hz_75db_250ff-30n-250.wav,6.106,14.0,i,30,n,250,140.0
6102004,13.0,2.0,"14,13",h,True,main_files/trial_i/07_i_150hz_75db_250ff-40p-120.wav,4.2726,14.0,i,40,p,120,160.0
6102004,11.0,6.0,"12,10,9,11,12,11",m,False,main_files/trial_i/07_i_150hz_75db_250ff-10p-40.wav,11.7576,14.0,i,10,p,40,150.0
6102004,11.0,3.0,"10,12,11",m,False,main_files/trial_i/07_i_150hz_75db_250ff-30n-60.wav,7.1457,14.0,i,30,n,60,150.0
6102004,10.0,3.0,"10,9,10",l,True,main_files/trial_i/07_i_150hz_75db_250ff-10n-40.wav,8.8157,14.0,i,10,n,40,145.0
6102004,13.0,7.0,"12,13,12,14,13,12,13",h,True,main_files/trial_i/07_i_150hz_75db_250ff-10p-250.wav,13.2737,14.0,i,10,p,250,160.0
6102004,13.0,4.0,"12,13,12,13",h,False,main_files/trial_i/07_i_150hz_75db_250ff-20n-60.wav,11.1697,14.0,i,20,n,60,160.0
6102004,11.0,4.0,"10,13,12,11",m,False,main_files/trial_i/07_i_150hz_75db_250ff-20n-100.wav,7.7394,14.0,i,20,n,100,150.0
6102004,11.0,0.0,,l,True,main_files/trial_i/07_i_150hz_75db_250ff-10n-80.wav,0.0,14.0,i,10,n,80,150.0
6102004,12.0,2.0,"10,12",h,True,main_files/trial_i/07_i_150hz_75db_250ff-30p-60.wav,4.4747,14.0,i,30,p,60,155.0
6102004,13.0,6.0,"12,13,12,13,14,13",h,False,main_files/trial_i/07_i_150hz_75db_250ff-000-80.wav,14.14,14.0,i,0,0,0,160.0
6102004,11.0,2.0,"10,11",m,False,main_files/trial_i/07_i_150hz_75db_250ff-30n-120.wav,5.7223,14.0,i,30,n,120,150.0
6102004,15.0,4.0,"12,13,14,15",h,True,main_files/trial_i/07_i_150hz_75db_250ff-40p-100.wav,7.8103,14.0,i,40,p,100,170.0
6102004,10.0,2.0,"9,10",l,True,main_files/trial_i/07_i_150hz_75db_250ff-40n-100.wav,3.9296,14.0,i,40,n,100,145.0
6102004,10.0,3.0,"8,9,10",l,True,main_files/trial_i/07_i_150hz_75db_250ff-40n-120.wav,6.8341,14.0,i,40,n,120,145.0
6102004,11.0,0.0,,l,False,main_files/trial_i/07_i_150hz_75db_250ff-20p-40.wav,0.0,14.0,i,20,p,40,150.0
6102004,12.0,1.0,12,h,True,main_files/trial_i/07_i_150hz_75db_250ff-20p-120.wav,1.9803,14.0,i,20,p,120,155.0
6102004,14.0,2.0,"13,14",h,True,main_files/trial_i/07_i_150hz_75db_250ff-40p-250.wav,4.6795,14.0,i,40,p,250,165.0
6102004,14.0,3.0,"10,13,14",h,True,main_files/trial_i/07_i_150hz_75db_250ff-10p-120.wav,7.8655,14.0,i,10,p,120,165.0
6102004,10.0,7.0,"9,10,11,12,10,11,10",l,False,main_files/trial_i/07_i_150hz_75db_250ff-40p-40.wav,13.2865,14.0,i,40,p,40,145.0
6102004,12.0,3.0,"12,13,12",h,False,main_files/trial_i/07_i_150hz_75db_250ff-30n-40.wav,5.4075,14.0,i,30,n,40,155.0
6102004,10.0,2.0,"9,10",l,True,main_files/trial_i/07_i_150hz_75db_250ff-10n-120.wav,4.0375,14.0,i,10,n,120,145.0
6102004,12.0,1.0,12,h,True,main_files/trial_i/07_i_150hz_75db_250ff-20p-100.wav,2.6433,14.0,i,20,p,100,155.0
6102004,10.0,6.0,"10,9,10,11,9,10",l,False,main_files/trial_i/07_i_150hz_75db_250ff-000-120.wav,12.7282,14.0,i,0,0,0,145.0
6102004,11.0,4.0,"12,13,12,11",m,False,main_files/trial_i/07_i_150hz_75db_250ff-40n-250.wav,8.9863,14.0,i,40,n,250,150.0
6102004,10.0,3.0,"10,9,10",l,True,main_files/trial_i/07_i_150hz_75db_250ff-20n-250.wav,5.8487,14.0,i,20,n,250,145.0
6102004,14.0,3.0,"14,15,14",h,True,main_files/trial_i/07_i_150hz_75db_250ff-30p-80.wav,7.2009,14.0,i,30,p,80,165.0
6102004,11.0,3.0,"9,10,11",m,False,main_files/trial_i/07_i_150hz_75db_250ff-30n-80.wav,6.8063,14.0,i,30,n,80,150.0
6102004,10.0,1.0,10,l,True,main_files/trial_i/07_i_150hz_75db_250ff-10n-60.wav,1.8425,14.0,i,10,n,60,145.0
6102004,10.0,3.0,"10,9,10",l,True,main_files/trial_i/07_i_150hz_75db_250ff-20n-120.wav,6.2167,14.0,i,20,n,120,145.0
6102004,12.0,6.0,"10,12,13,12,11,12",h,False,main_files/trial_i/07_i_150hz_75db_250ff-20n-80.wav,10.7299,14.0,i,20,n,80,155.0
6102004,12.0,10.0,"10,9,12,11,10,16,15,14,13,12",h,True,main_files/trial_i/07_i_150hz_75db_250ff-30p-120.wav,18.2635,14.0,i,30,p,120,155.0
6102004,11.0,0.0,,l,False,main_files/trial_i/07_i_150hz_75db_250ff-20p-80.wav,0.0,14.0,i,20,p,80,150.0
6102004,12.0,1.0,12,h,True,main_files/trial_i/07_i_150hz_75db_250ff-30p-100.wav,2.3132,14.0,i,30,p,100,155.0
6102004,11.0,0.0,,l,False,main_files/trial_i/07_i_150hz_75db_250ff-30p-250.wav,0.0,14.0,i,30,p,250,150.0
6102004,14.0,3.0,"12,13,14",h,True,main_files/trial_i/07_i_150hz_75db_250ff-30p-40.wav,6.414,14.0,i,30,p,40,165.0
6102004,11.0,2.0,"10,11",m,False,main_files/trial_i/07_i_150hz_75db_250ff-10p-100.wav,5.6815,14.0,i,10,p,100,150.0
6102004,11.0,5.0,"10,12,11,10,11",m,False,main_files/trial_i/07_i_150hz_75db_250ff-40n-80.wav,11.038,14.0,i,40,n,80,150.0
6102004,12.0,4.0,"9,12,13,12",h,False,main_files/trial_i/07_i_150hz_75db_250ff-000-60.wav,9.4625,14.0,i,0,0,0,155.0
6102004,12.0,5.0,"10,13,14,13,12",h,False,main_files/trial_i/07_i_150hz_75db_250ff-000-100.wav,10.5474,14.0,i,0,0,0,155.0
6102004,10.0,3.0,"10,9,10",l,False,main_files/trial_i/07_i_150hz_75db_250ff-000-40.wav,7.4208,14.0,i,0,0,0,145.0
6102004,12.0,2.0,"9,12",h,True,main_files/trial_i/07_i_150hz_75db_250ff-20p-60.wav,4.1794,14.0,i,20,p,60,155.0
6102004,12.0,1.0,12,h,True,main_files/trial_i/07_i_150hz_75db_250ff-10p-80.wav,1.9005,14.0,i,10,p,80,155.0
6102004,13.0,6.0,"13,14,15,14,12,13",h,False,main_files/trial_i/07_i_150hz_75db_250ff-10n-250.wav,12.6949,14.0,i,10,n,250,160.0
6102004,12.0,1.0,12,h,False,main_files/trial_i/07_i_150hz_75db_250ff-40n-40.wav,3.6741,14.0,i,40,n,40,155.0
6102004,13.0,1.0,13,h,True,main_files/trial_i/07_i_150hz_75db_250ff-40p-60.wav,2.6386,14.0,i,40,p,60,160.0
6102004,12.0,1.0,12,h,False,main_files/trial_i/07_i_150hz_75db_250ff-20n-40.wav,2.4295,14.0,i,20,n,40,155.0
6102004,11.0,4.0,"15,14,12,11",m,False,main_files/trial_i/07_i_150hz_75db_250ff-40n-60.wav,8.8446,14.0,i,40,n,60,150.0
6102004,11.0,3.0,"9,10,11",m,True,main_files/trial_i/07_i_150hz_75db_250ff-000-250.wav,10.9766,14.0,i,0,0,0,150.0
6102004,12.0,1.0,12,h,False,main_files/trial_i/07_i_150hz_75db_250ff-10n-100.wav,1.9769,14.0,i,10,n,100,155.0
9891,10.0,2.0,"9,10",l,False,main_files/trial_i/07_i_150hz_75db_250ff-40p-80.wav,6.3116,12.0,i,40,p,80,145.0
9891,10.0,1.0,10,l,True,main_files/trial_i/07_i_150hz_75db_250ff-30n-100.wav,2.5791,12.0,i,30,n,100,145.0
9891,11.0,2.0,"12,11",m,False,main_files/trial_i/07_i_150hz_75db_250ff-20p-250.wav,6.3643,12.0,i,20,p,250,150.0
9891,11.0,2.0,"10,11",m,False,main_files/trial_i/07_i_150hz_75db_250ff-10p-60.wav,5.9162,12.0,i,10,p,60,150.0
9891,11.0,2.0,"10,11",m,False,main_files/trial_i/07_i_150hz_75db_250ff-30n-250.wav,6.0812,12.0,i,30,n,250,150.0
9891,11.0,2.0,"12,11",m,False,main_files/trial_i/07_i_150hz_75db_250ff-40p-120.wav,5.8904,12.0,i,40,p,120,150.0
9891,11.0,2.0,"10,11",m,False,main_files/trial_i/07_i_150hz_75db_250ff-10p-40.wav,5.0367,12.0,i,10,p,40,150.0
9891,11.0,2.0,"10,11",m,False,main_files/trial_i/07_i_150hz_75db_250ff-30n-60.wav,4.8367,12.0,i,30,n,60,150.0
9891,11.0,2.0,"12,11",m,False,main_files/trial_i/07_i_150hz_75db_250ff-10n-40.wav,5.4618,12.0,i,10,n,40,150.0
9891,10.0,1.0,10,l,False,main_files/trial_i/07_i_150hz_75db_250ff-10p-250.wav,4.6204,12.0,i,10,p,250,145.0
9891,11.0,2.0,"10,11",m,False,main_files/trial_i/07_i_150hz_75db_250ff-20n-60.wav,5.5287,12.0,i,20,n,60,150.0
9891,11.0,2.0,"12,11",m,False,main_files/trial_i/07_i_150hz_75db_250ff-20n-100.wav,4.1204,12.0,i,20,n,100,150.0
9891,11.0,2.0,"10,11",m,False,main_files/trial_i/07_i_150hz_75db_250ff-10n-80.wav,5.7246,12.0,i,10,n,80,150.0
9891,10.0,3.0,"10,11,10",l,False,main_files/trial_i/07_i_150hz_75db_250ff-30p-60.wav,6.1887,12.0,i,30,p,60,145.0
9891,11.0,2.0,"10,11",m,True,main_files/trial_i/07_i_150hz_75db_250ff-000-80.wav,4.6243,12.0,i,0,0,0,150.0
9891,11.0,0.0,,m,False,main_files/trial_i/07_i_150hz_75db_250ff-30n-120.wav,3.0816,12.0,i,30,n,120,150.0
9891,11.0,0.0,,l,False,main_files/trial_i/07_i_150hz_75db_250ff-40p-100.wav,0.0,12.0,i,40,p,100,150.0
9891,11.0,0.0,,l,True,main_files/trial_i/07_i_150hz_75db_250ff-40n-100.wav,0.0,12.0,i,40,n,100,150.0
9891,11.0,0.0,,l,True,main_files/trial_i/07_i_150hz_75db_250ff-40n-120.wav,0.0,12.0,i,40,n,120,150.0
9891,11.0,0.0,,l,False,main_files/trial_i/07_i_150hz_75db_250ff-20p-40.wav,0.0,12.0,i,20,p,40,150.0
9891,11.0,2.0,"10,11",m,False,main_files/trial_i/07_i_150hz_75db_250ff-20p-120.wav,4.9426,12.0,i,20,p,120,150.0
9891,10.0,1.0,10,l,False,main_files/trial_i/07_i_150hz_75db_250ff-40p-250.wav,2.5541,12.0,i,40,p,250,145.0
9891,11.0,0.0,,l,False,main_files/trial_i/07_i_150hz_75db_250ff-10p-120.wav,0.0,12.0,i,10,p,120,150.0
9891,11.0,0.0,,l,False,main_files/trial_i/07_i_150hz_75db_250ff-40p-40.wav,0.0,12.0,i,40,p,40,150.0
9891,11.0,0.0,,l,True,main_files/trial_i/07_i_150hz_75db_250ff-30n-40.wav,0.0,12.0,i,30,n,40,150.0
9891,10.0,1.0,10,l,True,main_files/trial_i/07_i_150hz_75db_250ff-10n-120.wav,3.3545,12.0,i,10,n,120,145.0
9891,11.0,0.0,,l,False,main_files/trial_i/07_i_150hz_75db_250ff-20p-100.wav,0.0,12.0,i,20,p,100,150.0
9891,11.0,0.0,,l,False,main_files/trial_i/07_i_150hz_75db_250ff-000-120.wav,0.0,12.0,i,0,0,0,150.0
9891,10.0,1.0,10,l,True,main_files/trial_i/07_i_150hz_75db_250ff-40n-250.wav,2.4227,12.0,i,40,n,250,145.0
9891,10.0,1.0,10,l,True,main_files/trial_i/07_i_150hz_75db_250ff-20n-250.wav,2.4222,12.0,i,20,n,250,145.0
9891,10.0,1.0,10,l,False,main_files/trial_i/07_i_150hz_75db_250ff-30p-80.wav,2.2233,12.0,i,30,p,80,145.0
9891,10.0,1.0,10,l,True,main_files/trial_i/07_i_150hz_75db_250ff-30n-80.wav,2.225,12.0,i,30,n,80,145.0
9891,10.0,1.0,10,l,True,main_files/trial_i/07_i_150hz_75db_250ff-10n-60.wav,2.495,12.0,i,10,n,60,145.0
9891,10.0,1.0,10,l,True,main_files/trial_i/07_i_150hz_75db_250ff-20n-120.wav,2.7598,12.0,i,20,n,120,145.0
9891,11.0,0.0,,l,True,main_files/trial_i/07_i_150hz_75db_250ff-20n-80.wav,0.0,12.0,i,20,n,80,150.0
9891,11.0,0.0,,l,False,main_files/trial_i/07_i_150hz_75db_250ff-30p-120.wav,0.0,12.0,i,30,p,120,150.0
9891,11.0,0.0,,l,False,main_files/trial_i/07_i_150hz_75db_250ff-20p-80.wav,0.0,12.0,i,20,p,80,150.0
9891,11.0,0.0,,l,False,main_files/trial_i/07_i_150hz_75db_250ff-30p-100.wav,0.0,12.0,i,30,p,100,150.0
9891,10.0,1.0,10,l,False,main_files/trial_i/07_i_150hz_75db_250ff-30p-250.wav,2.0066,12.0,i,30,p,250,145.0
9891,11.0,0.0,,l,False,main_files/trial_i/07_i_150hz_75db_250ff-30p-40.wav,0.0,12.0,i,30,p,40,150.0
9891,11.0,0.0,,l,False,main_files/trial_i/07_i_150hz_75db_250ff-10p-100.wav,0.0,12.0,i,10,p,100,150.0
9891,10.0,1.0,10,l,True,main_files/trial_i/07_i_150hz_75db_250ff-40n-80.wav,4.0874,12.0,i,40,n,80,145.0
9891,11.0,0.0,,l,False,main_files/trial_i/07_i_150hz_75db_250ff-000-60.wav,0.0,12.0,i,0,0,0,150.0
9891,11.0,2.0,"12,11",m,True,main_files/trial_i/07_i_150hz_75db_250ff-000-100.wav,5.2541,12.0,i,0,0,0,150.0
9891,11.0,0.0,,l,False,main_files/trial_i/07_i_150hz_75db_250ff-000-40.wav,0.0,12.0,i,0,0,0,150.0
9891,11.0,0.0,,l,False,main_files/trial_i/07_i_150hz_75db_250ff-20p-60.wav,0.0,12.0,i,20,p,60,150.0
9891,11.0,0.0,,l,False,main_files/trial_i/07_i_150hz_75db_250ff-10p-80.wav,0.0,12.0,i,10,p,80,150.0
9891,11.0,0.0,,l,True,main_files/trial_i/07_i_150hz_75db_250ff-10n-250.wav,0.0,12.0,i,10,n,250,150.0
9891,11.0,0.0,,l,True,main_files/trial_i/07_i_150hz_75db_250ff-40n-40.wav,0.0,12.0,i,40,n,40,150.0
9891,11.0,0.0,,l,False,main_files/trial_i/07_i_150hz_75db_250ff-40p-60.wav,0.0,12.0,i,40,p,60,150.0
9891,11.0,0.0,,l,True,main_files/trial_i/07_i_150hz_75db_250ff-20n-40.wav,0.0,12.0,i,20,n,40,150.0
9891,11.0,0.0,,l,True,main_files/trial_i/07_i_150hz_75db_250ff-40n-60.wav,0.0,12.0,i,40,n,60,150.0
9891,11.0,0.0,,l,False,main_files/trial_i/07_i_150hz_75db_250ff-000-250.wav,0.0,12.0,i,0,0,0,150.0
9891,11.0,0.0,,l,True,main_files/trial_i/07_i_150hz_75db_250ff-10n-100.wav,0.0,12.0,i,10,n,100,150.0
9891,10.0,1.0,10,l,False,main_files/trial_tone/tone_150hz_75db_250ff-000-100.wav,2.8706,12.0,tone,0,0,0,145.0
9891,10.0,1.0,10,l,True,main_files/trial_tone/tone_150hz_75db_250ff-30n-120.wav,2.1368,12.0,tone,30,n,120,145.0
9891,12.0,4.0,"10,12,11,12",h,True,main_files/trial_tone/tone_150hz_75db_250ff-10p-250.wav,7.2375,12.0,tone,10,p,250,155.0
9891,12.0,1.0,12,h,True,main_files/trial_tone/tone_150hz_75db_250ff-10p-80.wav,3.1733,12.0,tone,10,p,80,155.0
9891,10.0,1.0,10,l,False,main_files/trial_tone/tone_150hz_75db_250ff-30p-250.wav,2.1286,12.0,tone,30,p,250,145.0
9891,10.0,1.0,10,l,False,main_files/trial_tone/tone_150hz_75db_250ff-40p-40.wav,1.8282,12.0,tone,40,p,40,145.0
9891,10.0,1.0,10,l,False,main_files/trial_tone/tone_150hz_75db_250ff-10p-60.wav,1.9228,12.0,tone,10,p,60,145.0
9891,10.0,1.0,10,l,True,main_files/trial_tone/tone_150hz_75db_250ff-30n-80.wav,1.915,12.0,tone,30,n,80,145.0
9891,10.0,1.0,10,l,True,main_files/trial_tone/tone_150hz_75db_250ff-10n-40.wav,1.9423,12.0,tone,10,n,40,145.0
9891,10.0,1.0,10,l,False,main_files/trial_tone/tone_150hz_75db_250ff-10p-120.wav,2.1807,12.0,tone,10,p,120,145.0
9891,12.0,2.0,"10,12",h,False,main_files/trial_tone/tone_150hz_75db_250ff-20n-80.wav,3.4381,12.0,tone,20,n,80,155.0
9891,12.0,1.0,12,h,False,main_files/trial_tone/tone_150hz_75db_250ff-20n-120.wav,2.0767,12.0,tone,20,n,120,155.0
9891,12.0,1.0,12,h,False,main_files/trial_tone/tone_150hz_75db_250ff-10n-80.wav,1.893,12.0,tone,10,n,80,155.0
9891,10.0,1.0,10,l,False,main_files/trial_tone/tone_150hz_75db_250ff-30p-80.wav,1.8233,12.0,tone,30,p,80,145.0
9891,10.0,1.0,10,l,False,main_files/trial_tone/tone_150hz_75db_250ff-000-250.wav,1.8718,12.0,tone,0,0,0,145.0
9891,12.0,6.0,"13,12,13,12,13,12",h,False,main_files/trial_tone/tone_150hz_75db_250ff-30n-40.wav,8.2582,12.0,tone,30,n,40,155.0
9891,12.0,1.0,12,h,True,main_files/trial_tone/tone_150hz_75db_250ff-40p-120.wav,2.088,12.0,tone,40,p,120,155.0
9891,10.0,1.0,10,l,True,main_files/trial_tone/tone_150hz_75db_250ff-40n-120.wav,1.9134,12.0,tone,40,n,120,145.0
9891,10.0,1.0,10,l,True,main_files/trial_tone/tone_150hz_75db_250ff-40n-40.wav,1.8157,12.0,tone,40,n,40,145.0
9891,12.0,2.0,"10,12",h,True,main_files/trial_tone/tone_150hz_75db_250ff-20p-60.wav,3.4406,12.0,tone,20,p,60,155.0
9891,12.0,2.0,"10,12",h,True,main_files/trial_tone/tone_150hz_75db_250ff-20p-40.wav,3.0428,12.0,tone,20,p,40,155.0
9891,10.0,2.0,"12,10",l,True,main_files/trial_tone/tone_150hz_75db_250ff-40n-250.wav,3.812,12.0,tone,40,n,250,145.0
9891,10.0,3.0,"10,9,10",l,False,main_files/trial_tone/tone_150hz_75db_250ff-10p-40.wav,5.9594,12.0,tone,10,p,40,145.0
9891,10.0,1.0,10,l,False,main_files/trial_tone/tone_150hz_75db_250ff-40p-60.wav,1.9526,12.0,tone,40,p,60,145.0
9891,12.0,1.0,12,h,False,main_files/trial_tone/tone_150hz_75db_250ff-30n-60.wav,1.9307,12.0,tone,30,n,60,155.0
9891,10.0,1.0,10,l,True,main_files/trial_tone/tone_150hz_75db_250ff-10n-120.wav,1.7882,12.0,tone,10,n,120,145.0
9891,12.0,2.0,"10,12",h,True,main_files/trial_tone/tone_150hz_75db_250ff-20p-120.wav,3.2728,12.0,tone,20,p,120,155.0
9891,10.0,1.0,10,l,False,main_files/trial_tone/tone_150hz_75db_250ff-000-40.wav,2.0887,12.0,tone,0,0,0,145.0
9891,13.0,1.0,13,h,True,main_files/trial_tone/tone_150hz_75db_250ff-40p-250.wav,1.938,12.0,tone,40,p,250,160.0
9891,10.0,2.0,"12,10",l,True,main_files/trial_tone/tone_150hz_75db_250ff-20n-250.wav,3.7377,12.0,tone,20,n,250,145.0
9891,10.0,1.0,10,l,True,main_files/trial_tone/tone_150hz_75db_250ff-40n-100.wav,1.737,12.0,tone,40,n,100,145.0
9891,10.0,1.0,10,l,False,main_files/trial_tone/tone_150hz_75db_250ff-30p-100.wav,1.6208,12.0,tone,30,p,100,145.0
9891,12.0,1.0,12,h,False,main_files/trial_tone/tone_150hz_75db_250ff-10n-60.wav,1.7524,12.0,tone,10,n,60,155.0
9891,10.0,2.0,"12,10",l,True,main_files/trial_tone/tone_150hz_75db_250ff-20n-40.wav,3.8543,12.0,tone,20,n,40,145.0
9891,10.0,1.0,10,l,False,main_files/trial_tone/tone_150hz_75db_250ff-20p-100.wav,1.6787,12.0,tone,20,p,100,145.0
9891,10.0,1.0,10,l,False,main_files/trial_tone/tone_150hz_75db_250ff-30p-40.wav,1.842,12.0,tone,30,p,40,145.0
9891,10.0,2.0,"12,10",l,True,main_files/trial_tone/tone_150hz_75db_250ff-30n-100.wav,3.4129,12.0,tone,30,n,100,145.0
9891,9.0,1.0,9,l,False,main_files/trial_tone/tone_150hz_75db_250ff-30p-120.wav,1.9716,12.0,tone,30,p,120,140.0
9891,9.0,2.0,"8,9",l,True,main_files/trial_tone/tone_150hz_75db_250ff-30n-250.wav,3.6821,12.0,tone,30,n,250,140.0
9891,13.0,1.0,13,h,True,main_files/trial_tone/tone_150hz_75db_250ff-30p-60.wav,2.0896,12.0,tone,30,p,60,160.0
9891,11.0,0.0,,l,False,main_files/trial_tone/tone_150hz_75db_250ff-10p-100.wav,0.0,12.0,tone,10,p,100,150.0
9891,12.0,1.0,12,h,True,main_files/trial_tone/tone_150hz_75db_250ff-40p-100.wav,2.4215,12.0,tone,40,p,100,155.0
9891,12.0,1.0,12,h,False,main_files/trial_tone/tone_150hz_75db_250ff-000-80.wav,1.9959,12.0,tone,0,0,0,155.0
9891,10.0,1.0,10,l,False,main_files/trial_tone/tone_150hz_75db_250ff-000-120.wav,1.6794,12.0,tone,0,0,0,145.0
9891,10.0,1.0,10,l,False,main_files/trial_tone/tone_150hz_75db_250ff-000-60.wav,1.6772,12.0,tone,0,0,0,145.0
9891,12.0,1.0,12,h,True,main_files/trial_tone/tone_150hz_75db_250ff-20p-80.wav,2.1739,12.0,tone,20,p,80,155.0
9891,12.0,1.0,12,h,False,main_files/trial_tone/tone_150hz_75db_250ff-20n-100.wav,1.8731,12.0,tone,20,n,100,155.0
9891,12.0,3.0,"10,11,12",h,False,main_files/trial_tone/tone_150hz_75db_250ff-10n-250.wav,5.708,12.0,tone,10,n,250,155.0
9891,12.0,2.0,"10,12",h,False,main_files/trial_tone/tone_150hz_75db_250ff-40n-60.wav,3.7202,12.0,tone,40,n,60,155.0
9891,12.0,1.0,12,h,True,main_files/trial_tone/tone_150hz_75db_250ff-40p-80.wav,1.7409,12.0,tone,40,p,80,155.0
9891,10.0,1.0,10,l,True,main_files/trial_tone/tone_150hz_75db_250ff-20n-60.wav,1.6641,12.0,tone,20,n,60,145.0
9891,12.0,2.0,"13,12",h,False,main_files/trial_tone/tone_150hz_75db_250ff-40n-80.wav,6.9784,12.0,tone,40,n,80,155.0
9891,10.0,1.0,10,l,False,main_files/trial_tone/tone_150hz_75db_250ff-20p-250.wav,1.8206,12.0,tone,20,p,250,145.0
9891,11.0,0.0,,l,True,main_files/trial_tone/tone_150hz_75db_250ff-10n-100.wav,0.0,12.0,tone,10,n,100,150.0
9891,10.0,1.0,10,l,False,main_files/trial_di/07_di_cross_150hz_75db_250ff-000-100.wav,2.6357,12.0,di,0,0,0,145.0
9891,12.0,1.0,12,h,False,main_files/trial_di/07_di_cross_150hz_75db_250ff-30n-120.wav,1.9381,12.0,di,30,n,120,155.0
9891,9.0,2.0,"10,9",l,False,main_files/trial_di/07_di_cross_150hz_75db_250ff-10p-250.wav,4.3655,12.0,di,10,p,250,140.0
9891,10.0,1.0,10,l,False,main_files/trial_di/07_di_cross_150hz_75db_250ff-10p-80.wav,1.9784,12.0,di,10,p,80,145.0
9891,12.0,1.0,12,h,True,main_files/trial_di/07_di_cross_150hz_75db_250ff-30p-250.wav,1.6387,12.0,di,30,p,250,155.0
9891,12.0,1.0,12,h,True,main_files/trial_di/07_di_cross_150hz_75db_250ff-40p-40.wav,1.6232,12.0,di,40,p,40,155.0
9891,13.0,2.0,"12,13",h,True,main_files/trial_di/07_di_cross_150hz_75db_250ff-10p-60.wav,3.1872,12.0,di,10,p,60,160.0
9891,10.0,1.0,10,l,True,main_files/trial_di/07_di_cross_150hz_75db_250ff-30n-80.wav,1.9938,12.0,di,30,n,80,145.0
9891,10.0,1.0,10,l,True,main_files/trial_di/07_di_cross_150hz_75db_250ff-10n-40.wav,1.9391,12.0,di,10,n,40,145.0
9891,12.0,1.0,12,h,True,main_files/trial_di/07_di_cross_150hz_75db_250ff-10p-120.wav,2.4603,12.0,di,10,p,120,155.0
9891,10.0,1.0,10,l,True,main_files/trial_di/07_di_cross_150hz_75db_250ff-20n-80.wav,2.023,12.0,di,20,n,80,145.0
9891,12.0,1.0,12,h,False,main_files/trial_di/07_di_cross_150hz_75db_250ff-20n-120.wav,1.8407,12.0,di,20,n,120,155.0
9891,12.0,1.0,12,h,False,main_files/trial_di/07_di_cross_150hz_75db_250ff-10n-80.wav,1.9961,12.0,di,10,n,80,155.0
9891,10.0,1.0,10,l,False,main_files/trial_di/07_di_cross_150hz_75db_250ff-30p-80.wav,1.9239,12.0,di,30,p,80,145.0
9891,12.0,1.0,12,h,False,main_files/trial_di/07_di_cross_150hz_75db_250ff-000-250.wav,1.6793,12.0,di,0,0,0,155.0
9891,10.0,1.0,10,l,True,main_files/trial_di/07_di_cross_150hz_75db_250ff-30n-40.wav,2.12,12.0,di,30,n,40,145.0
9891,10.0,4.0,"10,12,13,10",l,False,main_files/trial_di/07_di_cross_150hz_75db_250ff-40p-120.wav,7.2938,12.0,di,40,p,120,145.0
9891,10.0,1.0,10,l,True,main_files/trial_di/07_di_cross_150hz_75db_250ff-40n-120.wav,2.3621,12.0,di,40,n,120,145.0
9891,12.0,1.0,12,h,False,main_files/trial_di/07_di_cross_150hz_75db_250ff-40n-40.wav,1.7924,12.0,di,40,n,40,155.0
9891,10.0,2.0,"9,10",l,False,main_files/trial_di/07_di_cross_150hz_75db_250ff-20p-60.wav,3.8034,12.0,di,20,p,60,145.0
9891,12.0,1.0,12,h,True,main_files/trial_di/07_di_cross_150hz_75db_250ff-20p-40.wav,1.9132,12.0,di,20,p,40,155.0
9891,9.0,1.0,9,l,True,main_files/trial_di/07_di_cross_150hz_75db_250ff-40n-250.wav,2.4044,12.0,di,40,n,250,140.0
9891,10.0,1.0,10,l,False,main_files/trial_di/07_di_cross_150hz_75db_250ff-10p-40.wav,2.0104,12.0,di,10,p,40,145.0
9891,12.0,2.0,"10,12",h,True,main_files/trial_di/07_di_cross_150hz_75db_250ff-40p-60.wav,3.7041,12.0,di,40,p,60,155.0
9891,10.0,1.0,10,l,True,main_files/trial_di/07_di_cross_150hz_75db_250ff-30n-60.wav,1.7582,12.0,di,30,n,60,145.0
9891,10.0,2.0,"12,10",l,True,main_files/trial_di/07_di_cross_150hz_75db_250ff-10n-120.wav,3.331,12.0,di,10,n,120,145.0
9891,10.0,1.0,10,l,False,main_files/trial_di/07_di_cross_150hz_75db_250ff-20p-120.wav,2.3039,12.0,di,20,p,120,145.0
9891,12.0,1.0,12,h,False,main_files/trial_di/07_di_cross_150hz_75db_250ff-000-40.wav,2.1213,12.0,di,0,0,0,155.0
9891,9.0,1.0,9,l,False,main_files/trial_di/07_di_cross_150hz_75db_250ff-40p-250.wav,2.021,12.0,di,40,p,250,140.0
9891,9.0,1.0,9,l,True,main_files/trial_di/07_di_cross_150hz_75db_250ff-20n-250.wav,2.1467,12.0,di,20,n,250,140.0
9891,10.0,1.0,10,l,True,main_files/trial_di/07_di_cross_150hz_75db_250ff-40n-100.wav,1.627,12.0,di,40,n,100,145.0
9891,10.0,1.0,10,l,False,main_files/trial_di/07_di_cross_150hz_75db_250ff-30p-100.wav,1.6254,12.0,di,30,p,100,145.0
9891,10.0,2.0,"12,10",l,True,main_files/trial_di/07_di_cross_150hz_75db_250ff-10n-60.wav,3.8537,12.0,di,10,n,60,145.0
9891,10.0,1.0,10,l,True,main_files/trial_di/07_di_cross_150hz_75db_250ff-20n-40.wav,1.8779,12.0,di,20,n,40,145.0
9891,10.0,1.0,10,l,False,main_files/trial_di/07_di_cross_150hz_75db_250ff-20p-100.wav,2.6892,12.0,di,20,p,100,145.0
9891,12.0,1.0,12,h,True,main_files/trial_di/07_di_cross_150hz_75db_250ff-30p-40.wav,1.7208,12.0,di,30,p,40,155.0
9891,10.0,1.0,10,l,True,main_files/trial_di/07_di_cross_150hz_75db_250ff-30n-100.wav,1.6868,12.0,di,30,n,100,145.0
9891,12.0,1.0,12,h,True,main_files/trial_di/07_di_cross_150hz_75db_250ff-30p-120.wav,2.2772,12.0,di,30,p,120,155.0
9891,10.0,1.0,10,l,True,main_files/trial_di/07_di_cross_150hz_75db_250ff-30n-250.wav,1.7794,12.0,di,30,n,250,145.0
9891,12.0,1.0,12,h,True,main_files/trial_di/07_di_cross_150hz_75db_250ff-30p-60.wav,1.7129,12.0,di,30,p,60,155.0
9891,12.0,1.0,12,h,True,main_files/trial_di/07_di_cross_150hz_75db_250ff-10p-100.wav,1.8156,12.0,di,10,p,100,155.0
9891,12.0,2.0,"13,12",h,True,main_files/trial_di/07_di_cross_150hz_75db_250ff-40p-100.wav,4.2231,12.0,di,40,p,100,155.0
9891,10.0,1.0,10,l,False,main_files/trial_di/07_di_cross_150hz_75db_250ff-000-80.wav,1.9468,12.0,di,0,0,0,145.0
9891,10.0,1.0,10,l,False,main_files/trial_di/07_di_cross_150hz_75db_250ff-000-120.wav,1.6733,12.0,di,0,0,0,145.0
9891,10.0,1.0,10,l,False,main_files/trial_di/07_di_cross_150hz_75db_250ff-000-60.wav,1.6286,12.0,di,0,0,0,145.0
9891,12.0,1.0,12,h,True,main_files/trial_di/07_di_cross_150hz_75db_250ff-20p-80.wav,1.6381,12.0,di,20,p,80,155.0
9891,10.0,1.0,10,l,True,main_files/trial_di/07_di_cross_150hz_75db_250ff-20n-100.wav,1.9877,12.0,di,20,n,100,145.0
9891,12.0,1.0,12,h,False,main_files/trial_di/07_di_cross_150hz_75db_250ff-10n-250.wav,1.6535,12.0,di,10,n,250,155.0
9891,10.0,1.0,10,l,True,main_files/trial_di/07_di_cross_150hz_75db_250ff-40n-60.wav,1.7618,12.0,di,40,n,60,145.0
9891,10.0,1.0,10,l,False,main_files/trial_di/07_di_cross_150hz_75db_250ff-40p-80.wav,1.704,12.0,di,40,p,80,145.0
9891,9.0,1.0,9,l,True,main_files/trial_di/07_di_cross_150hz_75db_250ff-20n-60.wav,1.9883,12.0,di,20,n,60,140.0
9891,10.0,1.0,10,l,True,main_files/trial_di/07_di_cross_150hz_75db_250ff-40n-80.wav,1.7259,12.0,di,40,n,80,145.0
9891,13.0,1.0,13,h,True,main_files/trial_di/07_di_cross_150hz_75db_250ff-20p-250.wav,1.7729,12.0,di,20,p,250,160.0
9891,9.0,2.0,"8,9",l,True,main_files/trial_di/07_di_cross_150hz_75db_250ff-10n-100.wav,4.4666,12.0,di,10,n,100,140.0
3603,11.0,0.0,,l,False,main_files/trial_tone/tone_150hz_75db_250ff-000-100.wav,0.0,41.0,tone,0,0,0,150.0
3603,7.0,4.0,"7,8,6,7",l,True,main_files/trial_tone/tone_150hz_75db_250ff-30n-120.wav,15.475,41.0,tone,30,n,120,130.0
3603,12.0,3.0,"12,11,12",h,True,main_files/trial_tone/tone_150hz_75db_250ff-10p-250.wav,10.438,41.0,tone,10,p,250,155.0
3603,11.0,2.0,"12,11",m,False,main_files/trial_tone/tone_150hz_75db_250ff-10p-80.wav,7.039,41.0,tone,10,p,80,150.0
3603,16.0,2.0,"15,16",h,True,main_files/trial_tone/tone_150hz_75db_250ff-30p-250.wav,6.37,41.0,tone,30,p,250,175.0
3603,14.0,2.0,"13,14",h,True,main_files/trial_tone/tone_150hz_75db_250ff-40p-40.wav,5.071,41.0,tone,40,p,40,165.0
3603,11.0,4.0,"12,11,12,11",m,False,main_files/trial_tone/tone_150hz_75db_250ff-10p-60.wav,14.276,41.0,tone,10,p,60,150.0
3603,8.0,1.0,8,l,True,main_files/trial_tone/tone_150hz_75db_250ff-30n-80.wav,1.885,41.0,tone,30,n,80,135.0
3603,11.0,4.0,"9,11,10,11",m,False,main_files/trial_tone/tone_150hz_75db_250ff-10n-40.wav,10.577,41.0,tone,10,n,40,150.0
3603,11.0,0.0,,l,False,main_files/trial_tone/tone_150hz_75db_250ff-10p-120.wav,0.0,41.0,tone,10,p,120,150.0
3603,8.0,1.0,8,l,True,main_files/trial_tone/tone_150hz_75db_250ff-20n-80.wav,2.256,41.0,tone,20,n,80,135.0
3603,8.0,1.0,8,l,True,main_files/trial_tone/tone_150hz_75db_250ff-20n-120.wav,3.508,41.0,tone,20,n,120,135.0
3603,8.0,3.0,"9,7,8",l,True,main_files/trial_tone/tone_150hz_75db_250ff-10n-80.wav,7.858,41.0,tone,10,n,80,135.0
3603,16.0,2.0,"15,16",h,True,main_files/trial_tone/tone_150hz_75db_250ff-30p-80.wav,4.649,41.0,tone,30,p,80,175.0
3603,11.0,2.0,"12,11",m,True,main_files/trial_tone/tone_150hz_75db_250ff-000-250.wav,5.235,41.0,tone,0,0,0,150.0
3603,8.0,4.0,"7,8,11,8",l,True,main_files/trial_tone/tone_150hz_75db_250ff-30n-40.wav,10.101,41.0,tone,30,n,40,135.0
3603,16.0,2.0,"15,16",h,True,main_files/trial_tone/tone_150hz_75db_250ff-40p-120.wav,4.454,41.0,tone,40,p,120,175.0
3603,6.0,2.0,"7,6",l,True,main_files/trial_tone/tone_150hz_75db_250ff-40n-120.wav,4.341,41.0,tone,40,n,120,125.0
3603,7.0,1.0,7,l,True,main_files/trial_tone/tone_150hz_75db_250ff-40n-40.wav,1.898,41.0,tone,40,n,40,130.0
3603,15.0,3.0,"16,17,15",h,True,main_files/trial_tone/tone_150hz_75db_250ff-20p-60.wav,6.103,41.0,tone,20,p,60,170.0
3603,15.0,1.0,15,h,True,main_files/trial_tone/tone_150hz_75db_250ff-20p-40.wav,1.925,41.0,tone,20,p,40,170.0
3603,6.0,1.0,6,l,True,main_files/trial_tone/tone_150hz_75db_250ff-40n-250.wav,2.174,41.0,tone,40,n,250,125.0
3603,12.0,5.0,"12,11,10,11,12",h,True,main_files/trial_tone/tone_150hz_75db_250ff-10p-40.wav,11.273,41.0,tone,10,p,40,155.0
3603,15.0,2.0,"16,15",h,True,main_files/trial_tone/tone_150hz_75db_250ff-40p-60.wav,4.573,41.0,tone,40,p,60,170.0
3603,9.0,1.0,9,l,True,main_files/trial_tone/tone_150hz_75db_250ff-30n-60.wav,2.774,41.0,tone,30,n,60,140.0
3603,9.0,1.0,9,l,True,main_files/trial_tone/tone_150hz_75db_250ff-10n-120.wav,2.122,41.0,tone,10,n,120,140.0
3603,15.0,1.0,15,h,True,main_files/trial_tone/tone_150hz_75db_250ff-20p-120.wav,2.637,41.0,tone,20,p,120,170.0
3603,11.0,2.0,"12,11",m,True,main_files/trial_tone/tone_150hz_75db_250ff-000-40.wav,6.037,41.0,tone,0,0,0,150.0
3603,16.0,1.0,16,h,True,main_files/trial_tone/tone_150hz_75db_250ff-40p-250.wav,2.519,41.0,tone,40,p,250,175.0
3603,7.0,2.0,"6,7",l,True,main_files/trial_tone/tone_150hz_75db_250ff-20n-250.wav,4.652,41.0,tone,20,n,250,130.0
3603,6.0,1.0,6,l,True,main_files/trial_tone/tone_150hz_75db_250ff-40n-100.wav,2.787,41.0,tone,40,n,100,125.0
3603,17.0,3.0,"16,15,17",h,True,main_files/trial_tone/tone_150hz_75db_250ff-30p-100.wav,6.214,41.0,tone,30,p,100,180.0
3603,9.0,3.0,"12,11,9",l,True,main_files/trial_tone/tone_150hz_75db_250ff-10n-60.wav,6.346,41.0,tone,10,n,60,140.0
3603,8.0,1.0,8,l,True,main_files/trial_tone/tone_150hz_75db_250ff-20n-40.wav,3.173,41.0,tone,20,n,40,135.0
3603,15.0,1.0,15,h,True,main_files/trial_tone/tone_150hz_75db_250ff-20p-100.wav,3.137,41.0,tone,20,p,100,170.0
3603,14.0,1.0,14,h,True,main_files/trial_tone/tone_150hz_75db_250ff-30p-40.wav,2.614,41.0,tone,30,p,40,165.0
3603,6.0,4.0,"7,6,7,6",l,True,main_files/trial_tone/tone_150hz_75db_250ff-30n-100.wav,11.054,41.0,tone,30,n,100,125.0
3603,17.0,5.0,"16,15,11,16,17",h,True,main_files/trial_tone/tone_150hz_75db_250ff-30p-120.wav,12.436,41.0,tone,30,p,120,180.0
3603,5.0,1.0,5,l,True,main_files/trial_tone/tone_150hz_75db_250ff-30n-250.wav,2.068,41.0,tone,30,n,250,120.0
3603,16.0,2.0,"17,16",h,True,main_files/trial_tone/tone_150hz_75db_250ff-30p-60.wav,5.685,41.0,tone,30,p,60,175.0
3603,12.0,3.0,"13,11,12",h,True,main_files/trial_tone/tone_150hz_75db_250ff-10p-100.wav,6.57,41.0,tone,10,p,100,155.0
3603,15.0,2.0,"14,15",h,True,main_files/trial_tone/tone_150hz_75db_250ff-40p-100.wav,4.553,41.0,tone,40,p,100,170.0
3603,11.0,0.0,,l,False,main_files/trial_tone/tone_150hz_75db_250ff-000-80.wav,0.0,41.0,tone,0,0,0,150.0
3603,11.0,0.0,,l,False,main_files/trial_tone/tone_150hz_75db_250ff-000-120.wav,0.0,41.0,tone,0,0,0,150.0
3603,11.0,4.0,"12,11,10,11",m,True,main_files/trial_tone/tone_150hz_75db_250ff-000-60.wav,9.973,41.0,tone,0,0,0,150.0
3603,15.0,1.0,15,h,True,main_files/trial_tone/tone_150hz_75db_250ff-20p-80.wav,3.097,41.0,tone,20,p,80,170.0
3603,7.0,1.0,7,l,True,main_files/trial_tone/tone_150hz_75db_250ff-20n-100.wav,2.372,41.0,tone,20,n,100,130.0
3603,9.0,1.0,9,l,True,main_files/trial_tone/tone_150hz_75db_250ff-10n-250.wav,2.968,41.0,tone,10,n,250,140.0
3603,7.0,1.0,7,l,True,main_files/trial_tone/tone_150hz_75db_250ff-40n-60.wav,2.535,41.0,tone,40,n,60,130.0
3603,15.0,1.0,15,h,True,main_files/trial_tone/tone_150hz_75db_250ff-40p-80.wav,2.582,41.0,tone,40,p,80,170.0
3603,6.0,2.0,"7,6",l,True,main_files/trial_tone/tone_150hz_75db_250ff-20n-60.wav,4.651,41.0,tone,20,n,60,125.0
3603,7.0,1.0,7,l,True,main_files/trial_tone/tone_150hz_75db_250ff-40n-80.wav,1.985,41.0,tone,40,n,80,130.0
3603,15.0,3.0,"15,14,15",h,True,main_files/trial_tone/tone_150hz_75db_250ff-20p-250.wav,9.488,41.0,tone,20,p,250,170.0
3603,7.0,4.0,"7,11,6,7",l,True,main_files/trial_tone/tone_150hz_75db_250ff-10n-100.wav,10.637,41.0,tone,10,n,100,130.0
3603,14.0,3.0,"14,15,14",h,True,main_files/trial_i/07_i_150hz_75db_250ff-40p-80.wav,7.831,41.0,i,40,p,80,165.0
3603,8.0,1.0,8,l,True,main_files/trial_i/07_i_150hz_75db_250ff-30n-100.wav,2.317,41.0,i,30,n,100,135.0
3603,13.0,1.0,13,h,True,main_files/trial_i/07_i_150hz_75db_250ff-20p-250.wav,2.205,41.0,i,20,p,250,160.0
3603,11.0,4.0,"12,11,12,11",m,False,main_files/trial_i/07_i_150hz_75db_250ff-10p-60.wav,10.903,41.0,i,10,p,60,150.0
3603,7.0,1.0,7,l,True,main_files/trial_i/07_i_150hz_75db_250ff-30n-250.wav,2.084,41.0,i,30,n,250,130.0
3603,15.0,3.0,"15,11,15",h,True,main_files/trial_i/07_i_150hz_75db_250ff-40p-120.wav,39.34,41.0,i,40,p,120,170.0
3603,11.0,4.0,"12,11,12,11",m,False,main_files/trial_i/07_i_150hz_75db_250ff-10p-40.wav,12.172,41.0,i,10,p,40,150.0
3603,7.0,6.0,"7,8,12,11,8,7",l,True,main_files/trial_i/07_i_150hz_75db_250ff-30n-60.wav,17.12,41.0,i,30,n,60,130.0
3603,9.0,3.0,"12,11,9",l,True,main_files/trial_i/07_i_150hz_75db_250ff-10n-40.wav,6.918,41.0,i,10,n,40,140.0
3603,14.0,2.0,"13,14",h,True,main_files/trial_i/07_i_150hz_75db_250ff-10p-250.wav,6.664,41.0,i,10,p,250,165.0
3603,9.0,3.0,"9,11,9",l,True,main_files/trial_i/07_i_150hz_75db_250ff-20n-60.wav,9.24,41.0,i,20,n,60,140.0
3603,8.0,1.0,8,l,True,main_files/trial_i/07_i_150hz_75db_250ff-20n-100.wav,3.959,41.0,i,20,n,100,135.0
3603,10.0,1.0,10,l,True,main_files/trial_i/07_i_150hz_75db_250ff-10n-80.wav,3.201,41.0,i,10,n,80,145.0
3603,15.0,5.0,"15,11,15,16,15",h,True,main_files/trial_i/07_i_150hz_75db_250ff-30p-60.wav,15.219,41.0,i,30,p,60,170.0
3603,11.0,0.0,,l,False,main_files/trial_i/07_i_150hz_75db_250ff-000-80.wav,0.0,41.0,i,0,0,0,150.0
3603,7.0,1.0,7,l,True,main_files/trial_i/07_i_150hz_75db_250ff-30n-120.wav,1.736,41.0,i,30,n,120,130.0
3603,15.0,1.0,15,h,True,main_files/trial_i/07_i_150hz_75db_250ff-40p-100.wav,1.98,41.0,i,40,p,100,170.0
3603,7.0,1.0,7,l,True,main_files/trial_i/07_i_150hz_75db_250ff-40n-100.wav,2.089,41.0,i,40,n,100,130.0
3603,7.0,3.0,"7,6,7",l,True,main_files/trial_i/07_i_150hz_75db_250ff-40n-120.wav,8.805,41.0,i,40,n,120,130.0
3603,13.0,1.0,13,h,True,main_files/trial_i/07_i_150hz_75db_250ff-20p-40.wav,4.635,41.0,i,20,p,40,160.0
3603,14.0,1.0,14,h,True,main_files/trial_i/07_i_150hz_75db_250ff-20p-120.wav,2.136,41.0,i,20,p,120,165.0
3603,16.0,2.0,"15,16",h,True,main_files/trial_i/07_i_150hz_75db_250ff-40p-250.wav,8.055,41.0,i,40,p,250,175.0
3603,13.0,1.0,13,h,True,main_files/trial_i/07_i_150hz_75db_250ff-10p-120.wav,2.267,41.0,i,10,p,120,160.0
3603,13.0,1.0,13,h,True,main_files/trial_i/07_i_150hz_75db_250ff-40p-40.wav,2.26,41.0,i,40,p,40,160.0
3603,9.0,1.0,9,l,True,main_files/trial_i/07_i_150hz_75db_250ff-30n-40.wav,2.052,41.0,i,30,n,40,140.0
3603,8.0,1.0,8,l,True,main_files/trial_i/07_i_150hz_75db_250ff-10n-120.wav,2.239,41.0,i,10,n,120,135.0
3603,14.0,2.0,"15,14",h,True,main_files/trial_i/07_i_150hz_75db_250ff-20p-100.wav,4.678,41.0,i,20,p,100,165.0
3603,11.0,2.0,"12,11",m,True,main_files/trial_i/07_i_150hz_75db_250ff-000-120.wav,5.789,41.0,i,0,0,0,150.0
3603,6.0,1.0,6,l,True,main_files/trial_i/07_i_150hz_75db_250ff-40n-250.wav,2.035,41.0,i,40,n,250,125.0
3603,7.0,1.0,7,l,True,main_files/trial_i/07_i_150hz_75db_250ff-20n-250.wav,1.82,41.0,i,20,n,250,130.0
3603,15.0,1.0,15,h,True,main_files/trial_i/07_i_150hz_75db_250ff-30p-80.wav,1.835,41.0,i,30,p,80,170.0
3603,7.0,3.0,"7,6,7",l,True,main_files/trial_i/07_i_150hz_75db_250ff-30n-80.wav,6.279,41.0,i,30,n,80,130.0
3603,11.0,4.0,"12,11,10,11",m,False,main_files/trial_i/07_i_150hz_75db_250ff-10n-60.wav,10.752,41.0,i,10,n,60,150.0
3603,6.0,2.0,"7,6",l,True,main_files/trial_i/07_i_150hz_75db_250ff-20n-120.wav,5.869,41.0,i,20,n,120,125.0
3603,7.0,1.0,7,l,True,main_files/trial_i/07_i_150hz_75db_250ff-20n-80.wav,2.473,41.0,i,20,n,80,130.0
3603,15.0,2.0,"16,15",h,True,main_files/trial_i/07_i_150hz_75db_250ff-30p-120.wav,4.043,41.0,i,30,p,120,170.0
3603,14.0,1.0,14,h,True,main_files/trial_i/07_i_150hz_75db_250ff-20p-80.wav,2.313,41.0,i,20,p,80,165.0
3603,14.0,1.0,14,h,True,main_files/trial_i/07_i_150hz_75db_250ff-30p-100.wav,2.747,41.0,i,30,p,100,165.0
3603,14.0,1.0,14,h,True,main_files/trial_i/07_i_150hz_75db_250ff-30p-250.wav,3.402,41.0,i,30,p,250,165.0
3603,11.0,4.0,"12,11,10,11",m,False,main_files/trial_i/07_i_150hz_75db_250ff-30p-40.wav,15.251,41.0,i,30,p,40,150.0
3603,11.0,0.0,,l,False,main_files/trial_i/07_i_150hz_75db_250ff-10p-100.wav,0.0,41.0,i,10,p,100,150.0
3603,6.0,2.0,"5,6",l,True,main_files/trial_i/07_i_150hz_75db_250ff-40n-80.wav,4.256,41.0,i,40,n,80,125.0
3603,11.0,0.0,,l,False,main_files/trial_i/07_i_150hz_75db_250ff-000-60.wav,0.0,41.0,i,0,0,0,150.0
3603,11.0,0.0,,l,False,main_files/trial_i/07_i_150hz_75db_250ff-000-100.wav,0.0,41.0,i,0,0,0,150.0
3603,11.0,0.0,,l,False,main_files/trial_i/07_i_150hz_75db_250ff-000-40.wav,0.0,41.0,i,0,0,0,150.0
3603,11.0,4.0,"13,11,12,11",m,False,main_files/trial_i/07_i_150hz_75db_250ff-20p-60.wav,11.129,41.0,i,20,p,60,150.0
3603,11.0,2.0,"8,11",m,False,main_files/trial_i/07_i_150hz_75db_250ff-10p-80.wav,8.553,41.0,i,10,p,80,150.0
3603,7.0,1.0,7,l,True,main_files/trial_i/07_i_150hz_75db_250ff-10n-250.wav,2.5,41.0,i,10,n,250,130.0
3603,9.0,1.0,9,l,True,main_files/trial_i/07_i_150hz_75db_250ff-40n-40.wav,2.358,41.0,i,40,n,40,140.0
3603,15.0,1.0,15,h,True,main_files/trial_i/07_i_150hz_75db_250ff-40p-60.wav,2.509,41.0,i,40,p,60,170.0
3603,9.0,1.0,9,l,True,main_files/trial_i/07_i_150hz_75db_250ff-20n-40.wav,2.47,41.0,i,20,n,40,140.0
3603,7.0,1.0,7,l,True,main_files/trial_i/07_i_150hz_75db_250ff-40n-60.wav,2.596,41.0,i,40,n,60,130.0
3603,11.0,0.0,,l,False,main_files/trial_i/07_i_150hz_75db_250ff-000-250.wav,0.0,41.0,i,0,0,0,150.0
3603,7.0,1.0,7,l,True,main_files/trial_i/07_i_150hz_75db_250ff-10n-100.wav,2.395,41.0,i,10,n,100,130.0
3603,11.0,2.0,"12,11",m,True,main_files/trial_di/07_di_cross_150hz_75db_250ff-000-100.wav,6.546,41.0,di,0,0,0,150.0
3603,7.0,3.0,"8,11,7",l,True,main_files/trial_di/07_di_cross_150hz_75db_250ff-30n-120.wav,11.786,41.0,di,30,n,120,130.0
3603,13.0,1.0,13,h,True,main_files/trial_di/07_di_cross_150hz_75db_250ff-10p-250.wav,2.502,41.0,di,10,p,250,160.0
3603,11.0,2.0,"12,11",m,False,main_files/trial_di/07_di_cross_150hz_75db_250ff-10p-80.wav,5.371,41.0,di,10,p,80,150.0
3603,17.0,1.0,17,h,True,main_files/trial_di/07_di_cross_150hz_75db_250ff-30p-250.wav,2.404,41.0,di,30,p,250,180.0
3603,11.0,4.0,"12,11,12,11",m,False,main_files/trial_di/07_di_cross_150hz_75db_250ff-40p-40.wav,12.461,41.0,di,40,p,40,150.0
3603,11.0,0.0,,l,False,main_files/trial_di/07_di_cross_150hz_75db_250ff-10p-60.wav,0.0,41.0,di,10,p,60,150.0
3603,6.0,2.0,"7,6",l,True,main_files/trial_di/07_di_cross_150hz_75db_250ff-30n-80.wav,4.707,41.0,di,30,n,80,125.0
3603,11.0,2.0,"12,11",m,False,main_files/trial_di/07_di_cross_150hz_75db_250ff-10n-40.wav,6.375,41.0,di,10,n,40,150.0
3603,11.0,4.0,"12,11,12,11",m,False,main_files/trial_di/07_di_cross_150hz_75db_250ff-10p-120.wav,12.404,41.0,di,10,p,120,150.0
3603,8.0,1.0,8,l,True,main_files/trial_di/07_di_cross_150hz_75db_250ff-20n-80.wav,2.027,41.0,di,20,n,80,135.0
3603,7.0,1.0,7,l,True,main_files/trial_di/07_di_cross_150hz_75db_250ff-20n-120.wav,2.86,41.0,di,20,n,120,130.0
3603,7.0,1.0,7,l,True,main_files/trial_di/07_di_cross_150hz_75db_250ff-10n-80.wav,3.991,41.0,di,10,n,80,130.0
3603,16.0,2.0,"15,16",h,True,main_files/trial_di/07_di_cross_150hz_75db_250ff-30p-80.wav,3.435,41.0,di,30,p,80,175.0
3603,11.0,2.0,"10,11",m,True,main_files/trial_di/07_di_cross_150hz_75db_250ff-000-250.wav,5.341,41.0,di,0,0,0,150.0
3603,8.0,1.0,8,l,True,main_files/trial_di/07_di_cross_150hz_75db_250ff-30n-40.wav,2.204,41.0,di,30,n,40,135.0
3603,16.0,1.0,16,h,True,main_files/trial_di/07_di_cross_150hz_75db_250ff-40p-120.wav,2.017,41.0,di,40,p,120,175.0
3603,6.0,1.0,6,l,True,main_files/trial_di/07_di_cross_150hz_75db_250ff-40n-120.wav,1.876,41.0,di,40,n,120,125.0
3603,7.0,1.0,7,l,True,main_files/trial_di/07_di_cross_150hz_75db_250ff-40n-40.wav,2.059,41.0,di,40,n,40,130.0
3603,13.0,1.0,13,h,True,main_files/trial_di/07_di_cross_150hz_75db_250ff-20p-60.wav,2.67,41.0,di,20,p,60,160.0
3603,12.0,3.0,"12,11,12",h,True,main_files/trial_di/07_di_cross_150hz_75db_250ff-20p-40.wav,6.927,41.0,di,20,p,40,155.0
3603,6.0,3.0,"8,7,6",l,True,main_files/trial_di/07_di_cross_150hz_75db_250ff-40n-250.wav,5.727,41.0,di,40,n,250,125.0
3603,11.0,4.0,"12,11,12,11",m,False,main_files/trial_di/07_di_cross_150hz_75db_250ff-10p-40.wav,13.976,41.0,di,10,p,40,150.0
3603,16.0,2.0,"15,16",h,True,main_files/trial_di/07_di_cross_150hz_75db_250ff-40p-60.wav,4.47,41.0,di,40,p,60,175.0
3603,7.0,1.0,7,l,True,main_files/trial_di/07_di_cross_150hz_75db_250ff-30n-60.wav,1.979,41.0,di,30,n,60,130.0
3603,8.0,1.0,8,l,True,main_files/trial_di/07_di_cross_150hz_75db_250ff-10n-120.wav,1.896,41.0,di,10,n,120,135.0
3603,15.0,1.0,15,h,True,main_files/trial_di/07_di_cross_150hz_75db_250ff-20p-120.wav,1.82,41.0,di,20,p,120,170.0
3603,11.0,6.0,"12,11,12,11,12,11",m,True,main_files/trial_di/07_di_cross_150hz_75db_250ff-000-40.wav,16.083,41.0,di,0,0,0,150.0
3603,16.0,1.0,16,h,True,main_files/trial_di/07_di_cross_150hz_75db_250ff-40p-250.wav,2.745,41.0,di,40,p,250,175.0
3603,7.0,1.0,7,l,True,main_files/trial_di/07_di_cross_150hz_75db_250ff-20n-250.wav,1.931,41.0,di,20,n,250,130.0
3603,7.0,4.0,"9,8,6,7",l,True,main_files/trial_di/07_di_cross_150hz_75db_250ff-40n-100.wav,8.524,41.0,di,40,n,100,130.0
3603,16.0,1.0,16,h,True,main_files/trial_di/07_di_cross_150hz_75db_250ff-30p-100.wav,2.123,41.0,di,30,p,100,175.0
3603,7.0,2.0,"6,7",l,True,main_files/trial_di/07_di_cross_150hz_75db_250ff-10n-60.wav,5.247,41.0,di,10,n,60,130.0
3603,8.0,1.0,8,l,True,main_files/trial_di/07_di_cross_150hz_75db_250ff-20n-40.wav,3.026,41.0,di,20,n,40,135.0
3603,16.0,2.0,"15,16",h,True,main_files/trial_di/07_di_cross_150hz_75db_250ff-20p-100.wav,3.378,41.0,di,20,p,100,175.0
3603,13.0,1.0,13,h,True,main_files/trial_di/07_di_cross_150hz_75db_250ff-30p-40.wav,2.22,41.0,di,30,p,40,160.0
3603,7.0,2.0,"6,7",l,True,main_files/trial_di/07_di_cross_150hz_75db_250ff-30n-100.wav,4.108,41.0,di,30,n,100,130.0
3603,16.0,2.0,"15,16",h,True,main_files/trial_di/07_di_cross_150hz_75db_250ff-30p-120.wav,3.91,41.0,di,30,p,120,175.0
3603,6.0,1.0,6,l,True,main_files/trial_di/07_di_cross_150hz_75db_250ff-30n-250.wav,1.769,41.0,di,30,n,250,125.0
3603,17.0,2.0,"16,17",h,True,main_files/trial_di/07_di_cross_150hz_75db_250ff-30p-60.wav,4.949,41.0,di,30,p,60,180.0
3603,11.0,2.0,"12,11",m,False,main_files/trial_di/07_di_cross_150hz_75db_250ff-10p-100.wav,8.392,41.0,di,10,p,100,150.0
3603,15.0,1.0,15,h,True,main_files/trial_di/07_di_cross_150hz_75db_250ff-40p-100.wav,2.323,41.0,di,40,p,100,170.0
3603,11.0,2.0,"12,11",m,True,main_files/trial_di/07_di_cross_150hz_75db_250ff-000-80.wav,5.07,41.0,di,0,0,0,150.0
3603,11.0,2.0,"10,11",m,True,main_files/trial_di/07_di_cross_150hz_75db_250ff-000-120.wav,7.535,41.0,di,0,0,0,150.0
3603,11.0,2.0,"6,11",m,True,main_files/trial_di/07_di_cross_150hz_75db_250ff-000-60.wav,8.857,41.0,di,0,0,0,150.0
3603,14.0,1.0,14,h,True,main_files/trial_di/07_di_cross_150hz_75db_250ff-20p-80.wav,3.323,41.0,di,20,p,80,165.0
3603,6.0,1.0,6,l,True,main_files/trial_di/07_di_cross_150hz_75db_250ff-20n-100.wav,2.587,41.0,di,20,n,100,125.0
3603,8.0,1.0,8,l,True,main_files/trial_di/07_di_cross_150hz_75db_250ff-10n-250.wav,1.691,41.0,di,10,n,250,135.0
3603,7.0,1.0,7,l,True,main_files/trial_di/07_di_cross_150hz_75db_250ff-40n-60.wav,1.541,41.0,di,40,n,60,130.0
3603,15.0,2.0,"16,15",h,True,main_files/trial_di/07_di_cross_150hz_75db_250ff-40p-80.wav,3.77,41.0,di,40,p,80,170.0
3603,7.0,2.0,"8,7",l,True,main_files/trial_di/07_di_cross_150hz_75db_250ff-20n-60.wav,3.593,41.0,di,20,n,60,130.0
3603,7.0,2.0,"8,7",l,True,main_files/trial_di/07_di_cross_150hz_75db_250ff-40n-80.wav,2.259,41.0,di,40,n,80,130.0
3603,15.0,1.0,15,h,True,main_files/trial_di/07_di_cross_150hz_75db_250ff-20p-250.wav,1.905,41.0,di,20,p,250,170.0
3603,7.0,2.0,"6,7",l,True,main_files/trial_di/07_di_cross_150hz_75db_250ff-10n-100.wav,3.996,41.0,di,10,n,100,130.0
TimoR_21_07,8.0,3.0,"10,9,8",l,False,main_files/trial_i/07_i_150hz_75db_250ff-40p-80.wav,4.4993,0.0,i,40,p,80,135.0
TimoR_21_07,9.0,2.0,"10,9",l,True,main_files/trial_i/07_i_150hz_75db_250ff-30n-100.wav,2.7303,0.0,i,30,n,100,140.0
TimoR_21_07,11.0,0.0,,m,False,main_files/trial_i/07_i_150hz_75db_250ff-20p-250.wav,2.5482,0.0,i,20,p,250,150.0
TimoR_21_07,11.0,0.0,,l,False,main_files/trial_i/07_i_150hz_75db_250ff-10p-60.wav,0.0,0.0,i,10,p,60,150.0
TimoR_21_07,7.0,2.0,"14,7",l,True,main_files/trial_i/07_i_150hz_75db_250ff-30n-250.wav,5.2767,0.0,i,30,n,250,130.0
TimoR_21_07,9.0,3.0,"14,7,9",l,False,main_files/trial_i/07_i_150hz_75db_250ff-40p-120.wav,7.5188,0.0,i,40,p,120,140.0
TimoR_21_07,11.0,0.0,,l,False,main_files/trial_i/07_i_150hz_75db_250ff-10p-40.wav,0.0,0.0,i,10,p,40,150.0
TimoR_21_07,11.0,2.0,"9,11",m,False,main_files/trial_i/07_i_150hz_75db_250ff-30n-60.wav,4.9906,0.0,i,30,n,60,150.0
TimoR_21_07,12.0,2.0,"10,12",h,False,main_files/trial_i/07_i_150hz_75db_250ff-10n-40.wav,5.185,0.0,i,10,n,40,155.0
TimoR_21_07,13.0,1.0,13,h,True,main_files/trial_i/07_i_150hz_75db_250ff-10p-250.wav,2.3409,0.0,i,10,p,250,160.0
TimoR_21_07,12.0,2.0,"9,12",h,False,main_files/trial_i/07_i_150hz_75db_250ff-20n-60.wav,8.2631,0.0,i,20,n,60,155.0
TimoR_21_07,8.0,7.0,"10,11,7,11,14,11,8",l,True,main_files/trial_i/07_i_150hz_75db_250ff-20n-100.wav,24.4274,0.0,i,20,n,100,135.0
TimoR_21_07,11.0,0.0,,l,True,main_files/trial_i/07_i_150hz_75db_250ff-10n-80.wav,0.0,0.0,i,10,n,80,150.0
TimoR_21_07,13.0,2.0,"12,13",h,True,main_files/trial_i/07_i_150hz_75db_250ff-30p-60.wav,3.4656,0.0,i,30,p,60,160.0
TimoR_21_07,12.0,1.0,12,h,False,main_files/trial_i/07_i_150hz_75db_250ff-000-80.wav,2.2209,0.0,i,0,0,0,155.0
TimoR_21_07,8.0,1.0,8,l,True,main_files/trial_i/07_i_150hz_75db_250ff-30n-120.wav,2.2739,0.0,i,30,n,120,135.0
TimoR_21_07,15.0,2.0,"13,15",h,True,main_files/trial_i/07_i_150hz_75db_250ff-40p-100.wav,2.5734,0.0,i,40,p,100,170.0
TimoR_21_07,8.0,1.0,8,l,True,main_files/trial_i/07_i_150hz_75db_250ff-40n-100.wav,3.1732,0.0,i,40,n,100,135.0
TimoR_21_07,9.0,1.0,9,l,True,main_files/trial_i/07_i_150hz_75db_250ff-40n-120.wav,2.2074,0.0,i,40,n,120,140.0
TimoR_21_07,11.0,0.0,,l,False,main_files/trial_i/07_i_150hz_75db_250ff-20p-40.wav,0.0,0.0,i,20,p,40,150.0
TimoR_21_07,8.0,2.0,"10,8",l,False,main_files/trial_i/07_i_150hz_75db_250ff-20p-120.wav,2.3753,0.0,i,20,p,120,135.0
TimoR_21_07,16.0,1.0,16,h,True,main_files/trial_i/07_i_150hz_75db_250ff-40p-250.wav,3.3483,0.0,i,40,p,250,175.0
TimoR_21_07,14.0,1.0,14,h,True,main_files/trial_i/07_i_150hz_75db_250ff-10p-120.wav,2.0806,0.0,i,10,p,120,165.0
TimoR_21_07,13.0,1.0,13,h,True,main_files/trial_i/07_i_150hz_75db_250ff-40p-40.wav,2.0571,0.0,i,40,p,40,160.0
TimoR_21_07,9.0,1.0,9,l,True,main_files/trial_i/07_i_150hz_75db_250ff-30n-40.wav,3.4176,0.0,i,30,n,40,140.0
TimoR_21_07,7.0,2.0,"9,7",l,True,main_files/trial_i/07_i_150hz_75db_250ff-10n-120.wav,16.4166,0.0,i,10,n,120,130.0
TimoR_21_07,8.0,1.0,8,l,False,main_files/trial_i/07_i_150hz_75db_250ff-20p-100.wav,4.2993,0.0,i,20,p,100,135.0
TimoR_21_07,10.0,1.0,10,l,False,main_files/trial_i/07_i_150hz_75db_250ff-000-120.wav,2.0905,0.0,i,0,0,0,145.0
TimoR_21_07,16.0,1.0,16,h,False,main_files/trial_i/07_i_150hz_75db_250ff-40n-250.wav,3.2818,0.0,i,40,n,250,175.0
TimoR_21_07,13.0,1.0,13,h,False,main_files/trial_i/07_i_150hz_75db_250ff-20n-250.wav,1.9709,0.0,i,20,n,250,160.0
TimoR_21_07,11.0,0.0,,l,False,main_files/trial_i/07_i_150hz_75db_250ff-30p-80.wav,0.0,0.0,i,30,p,80,150.0
TimoR_21_07,8.0,1.0,8,l,True,main_files/trial_i/07_i_150hz_75db_250ff-30n-80.wav,5.858,0.0,i,30,n,80,135.0
TimoR_21_07,10.0,1.0,10,l,True,main_files/trial_i/07_i_150hz_75db_250ff-10n-60.wav,1.9533,0.0,i,10,n,60,145.0
TimoR_21_07,10.0,1.0,10,l,True,main_files/trial_i/07_i_150hz_75db_250ff-20n-120.wav,2.0072,0.0,i,20,n,120,145.0
TimoR_21_07,10.0,1.0,10,l,True,main_files/trial_i/07_i_150hz_75db_250ff-20n-80.wav,2.6392,0.0,i,20,n,80,145.0
TimoR_21_07,15.0,1.0,15,h,True,main_files/trial_i/07_i_150hz_75db_250ff-30p-120.wav,7.226,0.0,i,30,p,120,170.0
TimoR_21_07,13.0,2.0,"10,13",h,True,main_files/trial_i/07_i_150hz_75db_250ff-20p-80.wav,14.3473,0.0,i,20,p,80,160.0
TimoR_21_07,12.0,1.0,12,h,True,main_files/trial_i/07_i_150hz_75db_250ff-30p-100.wav,1.7958,0.0,i,30,p,100,155.0
TimoR_21_07,11.0,0.0,,l,False,main_files/trial_i/07_i_150hz_75db_250ff-30p-250.wav,0.0,0.0,i,30,p,250,150.0
TimoR_21_07,8.0,1.0,8,l,False,main_files/trial_i/07_i_150hz_75db_250ff-30p-40.wav,2.3992,0.0,i,30,p,40,135.0
TimoR_21_07,9.0,1.0,9,l,False,main_files/trial_i/07_i_150hz_75db_250ff-10p-100.wav,1.8502,0.0,i,10,p,100,140.0
TimoR_21_07,16.0,1.0,16,h,False,main_files/trial_i/07_i_150hz_75db_250ff-40n-80.wav,5.7759,0.0,i,40,n,80,175.0
TimoR_21_07,13.0,1.0,13,h,False,main_files/trial_i/07_i_150hz_75db_250ff-000-60.wav,2.0871,0.0,i,0,0,0,160.0
TimoR_21_07,11.0,0.0,,l,False,main_files/trial_i/07_i_150hz_75db_250ff-000-100.wav,0.0,0.0,i,0,0,0,150.0
TimoR_21_07,11.0,0.0,,l,False,main_files/trial_i/07_i_150hz_75db_250ff-000-40.wav,0.0,0.0,i,0,0,0,150.0
TimoR_21_07,9.0,2.0,"13,9",l,False,main_files/trial_i/07_i_150hz_75db_250ff-20p-60.wav,7.4461,0.0,i,20,p,60,140.0
TimoR_21_07,8.0,2.0,"10,8",l,False,main_files/trial_i/07_i_150hz_75db_250ff-10p-80.wav,6.7759,0.0,i,10,p,80,135.0
TimoR_21_07,10.0,1.0,10,l,True,main_files/trial_i/07_i_150hz_75db_250ff-10n-250.wav,2.1764,0.0,i,10,n,250,145.0
TimoR_21_07,7.0,1.0,7,l,True,main_files/trial_i/07_i_150hz_75db_250ff-40n-40.wav,2.6989,0.0,i,40,n,40,130.0
TimoR_21_07,15.0,2.0,"10,15",h,True,main_files/trial_i/07_i_150hz_75db_250ff-40p-60.wav,14.4649,0.0,i,40,p,60,170.0
TimoR_21_07,13.0,1.0,13,h,False,main_files/trial_i/07_i_150hz_75db_250ff-20n-40.wav,1.6218,0.0,i,20,n,40,160.0
TimoR_21_07,9.0,1.0,9,l,True,main_files/trial_i/07_i_150hz_75db_250ff-40n-60.wav,2.7928,0.0,i,40,n,60,140.0
TimoR_21_07,9.0,1.0,9,l,False,main_files/trial_i/07_i_150hz_75db_250ff-000-250.wav,4.0218,0.0,i,0,0,0,140.0
TimoR_21_07,9.0,1.0,9,l,True,main_files/trial_i/07_i_150hz_75db_250ff-10n-100.wav,2.142,0.0,i,10,n,100,140.0
TimoR_21_07,13.0,2.0,"9,13",h,False,main_files/trial_tone/tone_150hz_75db_250ff-000-100.wav,8.0893,0.0,tone,0,0,0,160.0
TimoR_21_07,8.0,1.0,8,l,True,main_files/trial_tone/tone_150hz_75db_250ff-30n-120.wav,8.8097,0.0,tone,30,n,120,135.0
TimoR_21_07,13.0,1.0,13,h,True,main_files/trial_tone/tone_150hz_75db_250ff-10p-250.wav,3.0479,0.0,tone,10,p,250,160.0
TimoR_21_07,13.0,1.0,13,h,True,main_files/trial_tone/tone_150hz_75db_250ff-10p-80.wav,2.0088,0.0,tone,10,p,80,160.0
TimoR_21_07,13.0,1.0,13,h,True,main_files/trial_tone/tone_150hz_75db_250ff-30p-250.wav,4.2334,0.0,tone,30,p,250,160.0
TimoR_21_07,12.0,1.0,12,h,True,main_files/trial_tone/tone_150hz_75db_250ff-40p-40.wav,1.941,0.0,tone,40,p,40,155.0
TimoR_21_07,7.0,2.0,"10,7",l,False,main_files/trial_tone/tone_150hz_75db_250ff-10p-60.wav,7.7606,0.0,tone,10,p,60,130.0
TimoR_21_07,8.0,1.0,8,l,True,main_files/trial_tone/tone_150hz_75db_250ff-30n-80.wav,3.7693,0.0,tone,30,n,80,135.0
TimoR_21_07,10.0,1.0,10,l,True,main_files/trial_tone/tone_150hz_75db_250ff-10n-40.wav,1.901,0.0,tone,10,n,40,145.0
TimoR_21_07,7.0,1.0,7,l,False,main_files/trial_tone/tone_150hz_75db_250ff-10p-120.wav,5.5998,0.0,tone,10,p,120,130.0
TimoR_21_07,9.0,1.0,9,l,True,main_files/trial_tone/tone_150hz_75db_250ff-20n-80.wav,2.3987,0.0,tone,20,n,80,140.0
TimoR_21_07,14.0,4.0,"9,8,15,14",h,False,main_files/trial_tone/tone_150hz_75db_250ff-20n-120.wav,11.6391,0.0,tone,20,n,120,165.0
TimoR_21_07,8.0,3.0,"9,7,8",l,True,main_files/trial_tone/tone_150hz_75db_250ff-10n-80.wav,12.7332,0.0,tone,10,n,80,135.0
TimoR_21_07,14.0,1.0,14,h,True,main_files/trial_tone/tone_150hz_75db_250ff-30p-80.wav,3.1003,0.0,tone,30,p,80,165.0
TimoR_21_07,12.0,1.0,12,h,False,main_files/trial_tone/tone_150hz_75db_250ff-000-250.wav,1.9216,0.0,tone,0,0,0,155.0
TimoR_21_07,8.0,1.0,8,l,True,main_files/trial_tone/tone_150hz_75db_250ff-30n-40.wav,1.9821,0.0,tone,30,n,40,135.0
TimoR_21_07,14.0,1.0,14,h,True,main_files/trial_tone/tone_150hz_75db_250ff-40p-120.wav,2.1147,0.0,tone,40,p,120,165.0
TimoR_21_07,13.0,1.0,13,h,False,main_files/trial_tone/tone_150hz_75db_250ff-40n-120.wav,1.8043,0.0,tone,40,n,120,160.0
TimoR_21_07,14.0,1.0,14,h,False,main_files/trial_tone/tone_150hz_75db_250ff-40n-40.wav,1.9736,0.0,tone,40,n,40,165.0
TimoR_21_07,13.0,1.0,13,h,True,main_files/trial_tone/tone_150hz_75db_250ff-20p-60.wav,2.0674,0.0,tone,20,p,60,160.0
TimoR_21_07,8.0,1.0,8,l,False,main_files/trial_tone/tone_150hz_75db_250ff-20p-40.wav,2.7548,0.0,tone,20,p,40,135.0
TimoR_21_07,6.0,1.0,6,l,True,main_files/trial_tone/tone_150hz_75db_250ff-40n-250.wav,1.9314,0.0,tone,40,n,250,125.0
TimoR_21_07,11.0,0.0,,l,False,main_files/trial_tone/tone_150hz_75db_250ff-10p-40.wav,0.0,0.0,tone,10,p,40,150.0
TimoR_21_07,13.0,1.0,13,h,True,main_files/trial_tone/tone_150hz_75db_250ff-40p-60.wav,2.0206,0.0,tone,40,p,60,160.0
TimoR_21_07,13.0,2.0,"14,13",h,False,main_files/trial_tone/tone_150hz_75db_250ff-30n-60.wav,3.0681,0.0,tone,30,n,60,160.0
TimoR_21_07,11.0,0.0,,l,True,main_files/trial_tone/tone_150hz_75db_250ff-10n-120.wav,0.0,0.0,tone,10,n,120,150.0
TimoR_21_07,8.0,1.0,8,l,False,main_files/trial_tone/tone_150hz_75db_250ff-20p-120.wav,2.2404,0.0,tone,20,p,120,135.0
TimoR_21_07,11.0,0.0,,l,False,main_files/trial_tone/tone_150hz_75db_250ff-000-40.wav,0.0,0.0,tone,0,0,0,150.0
TimoR_21_07,7.0,2.0,"14,7",l,False,main_files/trial_tone/tone_150hz_75db_250ff-40p-250.wav,5.3206,0.0,tone,40,p,250,130.0
TimoR_21_07,5.0,1.0,5,l,True,main_files/trial_tone/tone_150hz_75db_250ff-20n-250.wav,2.8417,0.0,tone,20,n,250,120.0
TimoR_21_07,9.0,1.0,9,l,True,main_files/trial_tone/tone_150hz_75db_250ff-40n-100.wav,2.555,0.0,tone,40,n,100,140.0
TimoR_21_07,9.0,1.0,9,l,False,main_files/trial_tone/tone_150hz_75db_250ff-30p-100.wav,2.2892,0.0,tone,30,p,100,140.0
TimoR_21_07,12.0,4.0,"10,11,13,12",h,False,main_files/trial_tone/tone_150hz_75db_250ff-10n-60.wav,8.4859,0.0,tone,10,n,60,155.0
TimoR_21_07,12.0,1.0,12,h,False,main_files/trial_tone/tone_150hz_75db_250ff-20n-40.wav,2.5602,0.0,tone,20,n,40,155.0
TimoR_21_07,13.0,1.0,13,h,True,main_files/trial_tone/tone_150hz_75db_250ff-20p-100.wav,7.2256,0.0,tone,20,p,100,160.0
TimoR_21_07,13.0,1.0,13,h,True,main_files/trial_tone/tone_150hz_75db_250ff-30p-40.wav,1.7708,0.0,tone,30,p,40,160.0
TimoR_21_07,11.0,0.0,,l,True,main_files/trial_tone/tone_150hz_75db_250ff-30n-100.wav,0.0,0.0,tone,30,n,100,150.0
TimoR_21_07,7.0,1.0,7,l,False,main_files/trial_tone/tone_150hz_75db_250ff-30p-120.wav,2.1884,0.0,tone,30,p,120,130.0
TimoR_21_07,8.0,1.0,8,l,True,main_files/trial_tone/tone_150hz_75db_250ff-30n-250.wav,1.7916,0.0,tone,30,n,250,135.0
TimoR_21_07,9.0,1.0,9,l,False,main_files/trial_tone/tone_150hz_75db_250ff-30p-60.wav,1.7138,0.0,tone,30,p,60,140.0
TimoR_21_07,9.0,1.0,9,l,False,main_files/trial_tone/tone_150hz_75db_250ff-10p-100.wav,2.6895,0.0,tone,10,p,100,140.0
TimoR_21_07,14.0,1.0,14,h,True,main_files/trial_tone/tone_150hz_75db_250ff-40p-100.wav,3.1553,0.0,tone,40,p,100,165.0
TimoR_21_07,9.0,2.0,"12,9",l,False,main_files/trial_tone/tone_150hz_75db_250ff-000-80.wav,3.0899,0.0,tone,0,0,0,140.0
TimoR_21_07,11.0,0.0,,l,False,main_files/trial_tone/tone_150hz_75db_250ff-000-120.wav,0.0,0.0,tone,0,0,0,150.0
TimoR_21_07,11.0,0.0,,l,False,main_files/trial_tone/tone_150hz_75db_250ff-000-60.wav,0.0,0.0,tone,0,0,0,150.0
TimoR_21_07,13.0,5.0,"13,8,9,14,13",h,True,main_files/trial_tone/tone_150hz_75db_250ff-20p-80.wav,8.7268,0.0,tone,20,p,80,160.0
TimoR_21_07,9.0,1.0,9,l,True,main_files/trial_tone/tone_150hz_75db_250ff-20n-100.wav,1.9302,0.0,tone,20,n,100,140.0
TimoR_21_07,12.0,1.0,12,h,False,main_files/trial_tone/tone_150hz_75db_250ff-10n-250.wav,1.8635,0.0,tone,10,n,250,155.0
TimoR_21_07,13.0,1.0,13,h,False,main_files/trial_tone/tone_150hz_75db_250ff-40n-60.wav,2.2491,0.0,tone,40,n,60,160.0
TimoR_21_07,13.0,1.0,13,h,True,main_files/trial_tone/tone_150hz_75db_250ff-40p-80.wav,3.2974,0.0,tone,40,p,80,160.0
TimoR_21_07,10.0,1.0,10,l,True,main_files/trial_tone/tone_150hz_75db_250ff-20n-60.wav,1.955,0.0,tone,20,n,60,145.0
TimoR_21_07,8.0,1.0,8,l,True,main_files/trial_tone/tone_150hz_75db_250ff-40n-80.wav,1.864,0.0,tone,40,n,80,135.0
TimoR_21_07,16.0,1.0,16,h,True,main_files/trial_tone/tone_150hz_75db_250ff-20p-250.wav,2.2557,0.0,tone,20,p,250,175.0
TimoR_21_07,13.0,1.0,13,h,False,main_files/trial_tone/tone_150hz_75db_250ff-10n-100.wav,2.0383,0.0,tone,10,n,100,160.0
TimoR_21_07,10.0,3.0,"8,9,10",l,False,main_files/trial_di/07_di_cross_150hz_75db_250ff-000-100.wav,7.0669,0.0,di,0,0,0,145.0
TimoR_21_07,8.0,1.0,8,l,True,main_files/trial_di/07_di_cross_150hz_75db_250ff-30n-120.wav,18.3704,0.0,di,30,n,120,135.0
TimoR_21_07,13.0,1.0,13,h,True,main_files/trial_di/07_di_cross_150hz_75db_250ff-10p-250.wav,3.2313,0.0,di,10,p,250,160.0
TimoR_21_07,12.0,1.0,12,h,True,main_files/trial_di/07_di_cross_150hz_75db_250ff-10p-80.wav,1.8044,0.0,di,10,p,80,155.0
TimoR_21_07,13.0,1.0,13,h,True,main_files/trial_di/07_di_cross_150hz_75db_250ff-30p-250.wav,3.0046,0.0,di,30,p,250,160.0
TimoR_21_07,13.0,1.0,13,h,True,main_files/trial_di/07_di_cross_150hz_75db_250ff-40p-40.wav,3.332,0.0,di,40,p,40,160.0
TimoR_21_07,12.0,1.0,12,h,True,main_files/trial_di/07_di_cross_150hz_75db_250ff-10p-60.wav,1.833,0.0,di,10,p,60,155.0
TimoR_21_07,8.0,1.0,8,l,True,main_files/trial_di/07_di_cross_150hz_75db_250ff-30n-80.wav,3.1165,0.0,di,30,n,80,135.0
TimoR_21_07,12.0,1.0,12,h,False,main_files/trial_di/07_di_cross_150hz_75db_250ff-10n-40.wav,1.9214,0.0,di,10,n,40,155.0
TimoR_21_07,11.0,0.0,,l,False,main_files/trial_di/07_di_cross_150hz_75db_250ff-10p-120.wav,0.0,0.0,di,10,p,120,150.0
TimoR_21_07,11.0,0.0,,l,True,main_files/trial_di/07_di_cross_150hz_75db_250ff-20n-80.wav,0.0,0.0,di,20,n,80,150.0
TimoR_21_07,8.0,3.0,"9,13,8",l,True,main_files/trial_di/07_di_cross_150hz_75db_250ff-20n-120.wav,8.4208,0.0,di,20,n,120,135.0
TimoR_21_07,10.0,1.0,10,l,True,main_files/trial_di/07_di_cross_150hz_75db_250ff-10n-80.wav,2.2736,0.0,di,10,n,80,145.0
TimoR_21_07,16.0,2.0,"13,16",h,True,main_files/trial_di/07_di_cross_150hz_75db_250ff-30p-80.wav,5.8678,0.0,di,30,p,80,175.0
TimoR_21_07,13.0,1.0,13,h,False,main_files/trial_di/07_di_cross_150hz_75db_250ff-000-250.wav,1.7808,0.0,di,0,0,0,160.0
TimoR_21_07,9.0,1.0,9,l,True,main_files/trial_di/07_di_cross_150hz_75db_250ff-30n-40.wav,1.9888,0.0,di,30,n,40,140.0
TimoR_21_07,14.0,1.0,14,h,True,main_files/trial_di/07_di_cross_150hz_75db_250ff-40p-120.wav,2.5133,0.0,di,40,p,120,165.0
TimoR_21_07,8.0,1.0,8,l,True,main_files/trial_di/07_di_cross_150hz_75db_250ff-40n-120.wav,1.6756,0.0,di,40,n,120,135.0
TimoR_21_07,9.0,1.0,9,l,True,main_files/trial_di/07_di_cross_150hz_75db_250ff-40n-40.wav,1.8723,0.0,di,40,n,40,140.0
TimoR_21_07,10.0,1.0,10,l,False,main_files/trial_di/07_di_cross_150hz_75db_250ff-20p-60.wav,1.7198,0.0,di,20,p,60,145.0
TimoR_21_07,10.0,1.0,10,l,False,main_files/trial_di/07_di_cross_150hz_75db_250ff-20p-40.wav,2.0457,0.0,di,20,p,40,145.0
TimoR_21_07,8.0,1.0,8,l,True,main_files/trial_di/07_di_cross_150hz_75db_250ff-40n-250.wav,2.3974,0.0,di,40,n,250,135.0
TimoR_21_07,12.0,2.0,"13,12",h,True,main_files/trial_di/07_di_cross_150hz_75db_250ff-10p-40.wav,4.8998,0.0,di,10,p,40,155.0
TimoR_21_07,11.0,0.0,,l,False,main_files/trial_di/07_di_cross_150hz_75db_250ff-40p-60.wav,0.0,0.0,di,40,p,60,150.0
TimoR_21_07,13.0,2.0,"9,13",h,False,main_files/trial_di/07_di_cross_150hz_75db_250ff-30n-60.wav,4.3773,0.0,di,30,n,60,160.0
TimoR_21_07,10.0,1.0,10,l,True,main_files/trial_di/07_di_cross_150hz_75db_250ff-10n-120.wav,2.7503,0.0,di,10,n,120,145.0
TimoR_21_07,14.0,1.0,14,h,True,main_files/trial_di/07_di_cross_150hz_75db_250ff-20p-120.wav,6.0675,0.0,di,20,p,120,165.0
TimoR_21_07,13.0,1.0,13,h,False,main_files/trial_di/07_di_cross_150hz_75db_250ff-000-40.wav,1.831,0.0,di,0,0,0,160.0
TimoR_21_07,15.0,1.0,15,h,True,main_files/trial_di/07_di_cross_150hz_75db_250ff-40p-250.wav,6.6432,0.0,di,40,p,250,170.0
TimoR_21_07,7.0,1.0,7,l,True,main_files/trial_di/07_di_cross_150hz_75db_250ff-20n-250.wav,1.782,0.0,di,20,n,250,130.0
TimoR_21_07,9.0,1.0,9,l,True,main_files/trial_di/07_di_cross_150hz_75db_250ff-40n-100.wav,1.7146,0.0,di,40,n,100,140.0
TimoR_21_07,13.0,1.0,13,h,True,main_files/trial_di/07_di_cross_150hz_75db_250ff-30p-100.wav,1.5804,0.0,di,30,p,100,160.0
TimoR_21_07,10.0,1.0,10,l,True,main_files/trial_di/07_di_cross_150hz_75db_250ff-10n-60.wav,1.9393,0.0,di,10,n,60,145.0
TimoR_21_07,12.0,1.0,12,h,False,main_files/trial_di/07_di_cross_150hz_75db_250ff-20n-40.wav,1.8415,0.0,di,20,n,40,155.0
TimoR_21_07,10.0,2.0,"9,10",l,False,main_files/trial_di/07_di_cross_150hz_75db_250ff-20p-100.wav,3.0005,0.0,di,20,p,100,145.0
TimoR_21_07,11.0,0.0,,l,False,main_files/trial_di/07_di_cross_150hz_75db_250ff-30p-40.wav,0.0,0.0,di,30,p,40,150.0
TimoR_21_07,7.0,1.0,7,l,True,main_files/trial_di/07_di_cross_150hz_75db_250ff-30n-100.wav,1.9252,0.0,di,30,n,100,130.0
TimoR_21_07,13.0,1.0,13,h,True,main_files/trial_di/07_di_cross_150hz_75db_250ff-30p-120.wav,1.9314,0.0,di,30,p,120,160.0
TimoR_21_07,6.0,1.0,6,l,True,main_files/trial_di/07_di_cross_150hz_75db_250ff-30n-250.wav,1.7969,0.0,di,30,n,250,125.0
TimoR_21_07,13.0,1.0,13,h,True,main_files/trial_di/07_di_cross_150hz_75db_250ff-30p-60.wav,4.0588,0.0,di,30,p,60,160.0
TimoR_21_07,12.0,1.0,12,h,True,main_files/trial_di/07_di_cross_150hz_75db_250ff-10p-100.wav,1.8305,0.0,di,10,p,100,155.0
TimoR_21_07,10.0,1.0,10,l,False,main_files/trial_di/07_di_cross_150hz_75db_250ff-40p-100.wav,2.0044,0.0,di,40,p,100,145.0
TimoR_21_07,11.0,0.0,,m,True,main_files/trial_di/07_di_cross_150hz_75db_250ff-000-80.wav,1.6369,0.0,di,0,0,0,150.0
TimoR_21_07,11.0,0.0,,l,False,main_files/trial_di/07_di_cross_150hz_75db_250ff-000-120.wav,0.0,0.0,di,0,0,0,150.0
TimoR_21_07,11.0,0.0,,l,False,main_files/trial_di/07_di_cross_150hz_75db_250ff-000-60.wav,0.0,0.0,di,0,0,0,150.0
TimoR_21_07,11.0,0.0,,l,False,main_files/trial_di/07_di_cross_150hz_75db_250ff-20p-80.wav,0.0,0.0,di,20,p,80,150.0
TimoR_21_07,9.0,2.0,"10,9",l,True,main_files/trial_di/07_di_cross_150hz_75db_250ff-20n-100.wav,2.6598,0.0,di,20,n,100,140.0
TimoR_21_07,10.0,1.0,10,l,True,main_files/trial_di/07_di_cross_150hz_75db_250ff-10n-250.wav,1.7975,0.0,di,10,n,250,145.0
TimoR_21_07,12.0,1.0,12,h,False,main_files/trial_di/07_di_cross_150hz_75db_250ff-40n-60.wav,1.8311,0.0,di,40,n,60,155.0
TimoR_21_07,10.0,1.0,10,l,False,main_files/trial_di/07_di_cross_150hz_75db_250ff-40p-80.wav,1.9834,0.0,di,40,p,80,145.0
TimoR_21_07,8.0,1.0,8,l,True,main_files/trial_di/07_di_cross_150hz_75db_250ff-20n-60.wav,1.8473,0.0,di,20,n,60,135.0
TimoR_21_07,9.0,1.0,9,l,True,main_files/trial_di/07_di_cross_150hz_75db_250ff-40n-80.wav,1.6124,0.0,di,40,n,80,140.0
TimoR_21_07,13.0,2.0,"12,13",h,True,main_files/trial_di/07_di_cross_150hz_75db_250ff-20p-250.wav,2.8723,0.0,di,20,p,250,160.0
TimoR_21_07,12.0,1.0,12,h,False,main_files/trial_di/07_di_cross_150hz_75db_250ff-10n-100.wav,2.7565,0.0,di,10,n,100,155.0
260499,11.0,0.0,,l,False,main_files/trial_tone/tone_150hz_75db_250ff-000-100.wav,0.0,11.0,tone,0,0,0,150.0
260499,7.0,9.0,"12,13,14,15,14,13,7,8,7",l,True,main_files/trial_tone/tone_150hz_75db_250ff-30n-120.wav,23.5088,11.0,tone,30,n,120,130.0
260499,11.0,0.0,,l,False,main_files/trial_tone/tone_150hz_75db_250ff-10p-250.wav,0.0,11.0,tone,10,p,250,150.0
260499,11.0,0.0,,l,False,main_files/trial_tone/tone_150hz_75db_250ff-10p-80.wav,0.0,11.0,tone,10,p,80,150.0
260499,13.0,2.0,"12,13",h,True,main_files/trial_tone/tone_150hz_75db_250ff-30p-250.wav,5.3751,11.0,tone,30,p,250,160.0
260499,10.0,1.0,10,l,False,main_files/trial_tone/tone_150hz_75db_250ff-40p-40.wav,5.0281,11.0,tone,40,p,40,145.0
260499,11.0,0.0,,l,False,main_files/trial_tone/tone_150hz_75db_250ff-10p-60.wav,0.0,11.0,tone,10,p,60,150.0
260499,11.0,0.0,,l,True,main_files/trial_tone/tone_150hz_75db_250ff-30n-80.wav,0.0,11.0,tone,30,n,80,150.0
260499,11.0,0.0,,l,True,main_files/trial_tone/tone_150hz_75db_250ff-10n-40.wav,0.0,11.0,tone,10,n,40,150.0
260499,11.0,0.0,,l,False,main_files/trial_tone/tone_150hz_75db_250ff-10p-120.wav,0.0,11.0,tone,10,p,120,150.0
260499,11.0,0.0,,l,True,main_files/trial_tone/tone_150hz_75db_250ff-20n-80.wav,0.0,11.0,tone,20,n,80,150.0
260499,11.0,0.0,,l,True,main_files/trial_tone/tone_150hz_75db_250ff-20n-120.wav,0.0,11.0,tone,20,n,120,150.0
260499,11.0,0.0,,l,True,main_files/trial_tone/tone_150hz_75db_250ff-10n-80.wav,0.0,11.0,tone,10,n,80,150.0
260499,10.0,5.0,"12,13,14,9,10",l,False,main_files/trial_tone/tone_150hz_75db_250ff-30p-80.wav,12.28,11.0,tone,30,p,80,145.0
260499,11.0,0.0,,l,False,main_files/trial_tone/tone_150hz_75db_250ff-000-250.wav,0.0,11.0,tone,0,0,0,150.0
260499,11.0,3.0,"10,12,11",m,False,main_files/trial_tone/tone_150hz_75db_250ff-30n-40.wav,8.909,11.0,tone,30,n,40,150.0
260499,11.0,2.0,"12,11",m,False,main_files/trial_tone/tone_150hz_75db_250ff-40p-120.wav,4.847,11.0,tone,40,p,120,150.0
260499,11.0,3.0,"9,10,11",m,False,main_files/trial_tone/tone_150hz_75db_250ff-40n-120.wav,10.0254,11.0,tone,40,n,120,150.0
260499,11.0,0.0,,l,True,main_files/trial_tone/tone_150hz_75db_250ff-40n-40.wav,0.0,11.0,tone,40,n,40,150.0
260499,11.0,0.0,,l,False,main_files/trial_tone/tone_150hz_75db_250ff-20p-60.wav,0.0,11.0,tone,20,p,60,150.0
260499,11.0,0.0,,l,False,main_files/trial_tone/tone_150hz_75db_250ff-20p-40.wav,0.0,11.0,tone,20,p,40,150.0
260499,6.0,8.0,"9,10,9,8,7,8,9,6",l,True,main_files/trial_tone/tone_150hz_75db_250ff-40n-250.wav,18.4899,11.0,tone,40,n,250,125.0
260499,11.0,0.0,,l,False,main_files/trial_tone/tone_150hz_75db_250ff-10p-40.wav,0.0,11.0,tone,10,p,40,150.0
260499,12.0,3.0,"14,13,12",h,True,main_files/trial_tone/tone_150hz_75db_250ff-40p-60.wav,7.0506,11.0,tone,40,p,60,155.0
260499,11.0,0.0,,l,True,main_files/trial_tone/tone_150hz_75db_250ff-30n-60.wav,0.0,11.0,tone,30,n,60,150.0
260499,11.0,0.0,,l,True,main_files/trial_tone/tone_150hz_75db_250ff-10n-120.wav,0.0,11.0,tone,10,n,120,150.0
260499,12.0,2.0,"13,12",h,True,main_files/trial_tone/tone_150hz_75db_250ff-20p-120.wav,4.9549,11.0,tone,20,p,120,155.0
260499,11.0,0.0,,l,False,main_files/trial_tone/tone_150hz_75db_250ff-000-40.wav,0.0,11.0,tone,0,0,0,150.0
260499,13.0,1.0,13,h,True,main_files/trial_tone/tone_150hz_75db_250ff-40p-250.wav,2.4591,11.0,tone,40,p,250,160.0
260499,11.0,0.0,,l,True,main_files/trial_tone/tone_150hz_75db_250ff-20n-250.wav,0.0,11.0,tone,20,n,250,150.0
260499,11.0,0.0,,l,True,main_files/trial_tone/tone_150hz_75db_250ff-40n-100.wav,0.0,11.0,tone,40,n,100,150.0
260499,11.0,5.0,"13,12,10,9,11",m,False,main_files/trial_tone/tone_150hz_75db_250ff-30p-100.wav,12.7965,11.0,tone,30,p,100,150.0
260499,11.0,0.0,,l,True,main_files/trial_tone/tone_150hz_75db_250ff-10n-60.wav,0.0,11.0,tone,10,n,60,150.0
260499,11.0,0.0,,l,True,main_files/trial_tone/tone_150hz_75db_250ff-20n-40.wav,0.0,11.0,tone,20,n,40,150.0
260499,11.0,0.0,,l,False,main_files/trial_tone/tone_150hz_75db_250ff-20p-100.wav,0.0,11.0,tone,20,p,100,150.0
260499,11.0,0.0,,l,False,main_files/trial_tone/tone_150hz_75db_250ff-30p-40.wav,0.0,11.0,tone,30,p,40,150.0
260499,11.0,0.0,,l,True,main_files/trial_tone/tone_150hz_75db_250ff-30n-100.wav,0.0,11.0,tone,30,n,100,150.0
260499,11.0,0.0,,l,False,main_files/trial_tone/tone_150hz_75db_250ff-30p-120.wav,0.0,11.0,tone,30,p,120,150.0
260499,10.0,1.0,10,l,True,main_files/trial_tone/tone_150hz_75db_250ff-30n-250.wav,2.7642,11.0,tone,30,n,250,145.0
260499,11.0,0.0,,l,False,main_files/trial_tone/tone_150hz_75db_250ff-30p-60.wav,0.0,11.0,tone,30,p,60,150.0
260499,11.0,0.0,,l,False,main_files/trial_tone/tone_150hz_75db_250ff-10p-100.wav,0.0,11.0,tone,10,p,100,150.0
260499,11.0,0.0,,l,False,main_files/trial_tone/tone_150hz_75db_250ff-40p-100.wav,0.0,11.0,tone,40,p,100,150.0
260499,11.0,0.0,,l,False,main_files/trial_tone/tone_150hz_75db_250ff-000-80.wav,0.0,11.0,tone,0,0,0,150.0
260499,11.0,0.0,,l,False,main_files/trial_tone/tone_150hz_75db_250ff-000-120.wav,0.0,11.0,tone,0,0,0,150.0
260499,11.0,0.0,,l,False,main_files/trial_tone/tone_150hz_75db_250ff-000-60.wav,0.0,11.0,tone,0,0,0,150.0
260499,11.0,0.0,,l,False,main_files/trial_tone/tone_150hz_75db_250ff-20p-80.wav,0.0,11.0,tone,20,p,80,150.0
260499,11.0,0.0,,l,True,main_files/trial_tone/tone_150hz_75db_250ff-20n-100.wav,0.0,11.0,tone,20,n,100,150.0
260499,10.0,1.0,10,l,True,main_files/trial_tone/tone_150hz_75db_250ff-10n-250.wav,2.5594,11.0,tone,10,n,250,145.0
260499,11.0,0.0,,l,True,main_files/trial_tone/tone_150hz_75db_250ff-40n-60.wav,0.0,11.0,tone,40,n,60,150.0
260499,11.0,0.0,,l,False,main_files/trial_tone/tone_150hz_75db_250ff-40p-80.wav,0.0,11.0,tone,40,p,80,150.0
260499,11.0,0.0,,l,True,main_files/trial_tone/tone_150hz_75db_250ff-20n-60.wav,0.0,11.0,tone,20,n,60,150.0
260499,11.0,0.0,,l,True,main_files/trial_tone/tone_150hz_75db_250ff-40n-80.wav,0.0,11.0,tone,40,n,80,150.0
260499,12.0,1.0,12,h,True,main_files/trial_tone/tone_150hz_75db_250ff-20p-250.wav,3.3174,11.0,tone,20,p,250,155.0
260499,11.0,0.0,,l,True,main_files/trial_tone/tone_150hz_75db_250ff-10n-100.wav,0.0,11.0,tone,10,n,100,150.0
260499,10.0,1.0,10,l,False,main_files/trial_di/07_di_cross_150hz_75db_250ff-000-100.wav,7.0585,11.0,di,0,0,0,145.0
260499,11.0,4.0,"10,11,12,11",m,False,main_files/trial_di/07_di_cross_150hz_75db_250ff-30n-120.wav,13.1906,11.0,di,30,n,120,150.0
260499,11.0,0.0,,l,False,main_files/trial_di/07_di_cross_150hz_75db_250ff-10p-250.wav,0.0,11.0,di,10,p,250,150.0
260499,11.0,0.0,,l,False,main_files/trial_di/07_di_cross_150hz_75db_250ff-10p-80.wav,0.0,11.0,di,10,p,80,150.0
260499,10.0,1.0,10,l,False,main_files/trial_di/07_di_cross_150hz_75db_250ff-30p-250.wav,2.2411,11.0,di,30,p,250,145.0
260499,11.0,0.0,,l,False,main_files/trial_di/07_di_cross_150hz_75db_250ff-40p-40.wav,0.0,11.0,di,40,p,40,150.0
260499,11.0,0.0,,l,False,main_files/trial_di/07_di_cross_150hz_75db_250ff-10p-60.wav,0.0,11.0,di,10,p,60,150.0
260499,11.0,0.0,,l,True,main_files/trial_di/07_di_cross_150hz_75db_250ff-30n-80.wav,0.0,11.0,di,30,n,80,150.0
260499,11.0,0.0,,l,True,main_files/trial_di/07_di_cross_150hz_75db_250ff-10n-40.wav,0.0,11.0,di,10,n,40,150.0
260499,11.0,0.0,,l,False,main_files/trial_di/07_di_cross_150hz_75db_250ff-10p-120.wav,0.0,11.0,di,10,p,120,150.0
260499,11.0,0.0,,l,True,main_files/trial_di/07_di_cross_150hz_75db_250ff-20n-80.wav,0.0,11.0,di,20,n,80,150.0
260499,11.0,0.0,,l,True,main_files/trial_di/07_di_cross_150hz_75db_250ff-20n-120.wav,0.0,11.0,di,20,n,120,150.0
260499,11.0,0.0,,l,True,main_files/trial_di/07_di_cross_150hz_75db_250ff-10n-80.wav,0.0,11.0,di,10,n,80,150.0
260499,11.0,0.0,,l,False,main_files/trial_di/07_di_cross_150hz_75db_250ff-30p-80.wav,0.0,11.0,di,30,p,80,150.0
260499,11.0,0.0,,l,False,main_files/trial_di/07_di_cross_150hz_75db_250ff-000-250.wav,0.0,11.0,di,0,0,0,150.0
260499,11.0,0.0,,l,True,main_files/trial_di/07_di_cross_150hz_75db_250ff-30n-40.wav,0.0,11.0,di,30,n,40,150.0
260499,12.0,1.0,12,h,True,main_files/trial_di/07_di_cross_150hz_75db_250ff-40p-120.wav,3.4238,11.0,di,40,p,120,155.0
260499,11.0,0.0,,l,True,main_files/trial_di/07_di_cross_150hz_75db_250ff-40n-120.wav,0.0,11.0,di,40,n,120,150.0
260499,11.0,0.0,,l,True,main_files/trial_di/07_di_cross_150hz_75db_250ff-40n-40.wav,0.0,11.0,di,40,n,40,150.0
260499,11.0,0.0,,l,False,main_files/trial_di/07_di_cross_150hz_75db_250ff-20p-60.wav,0.0,11.0,di,20,p,60,150.0
260499,11.0,0.0,,l,False,main_files/trial_di/07_di_cross_150hz_75db_250ff-20p-40.wav,0.0,11.0,di,20,p,40,150.0
260499,10.0,1.0,10,l,True,main_files/trial_di/07_di_cross_150hz_75db_250ff-40n-250.wav,2.4025,11.0,di,40,n,250,145.0
260499,11.0,0.0,,l,False,main_files/trial_di/07_di_cross_150hz_75db_250ff-10p-40.wav,0.0,11.0,di,10,p,40,150.0
260499,11.0,0.0,,l,False,main_files/trial_di/07_di_cross_150hz_75db_250ff-40p-60.wav,0.0,11.0,di,40,p,60,150.0
260499,11.0,2.0,"10,11",m,False,main_files/trial_di/07_di_cross_150hz_75db_250ff-30n-60.wav,5.3736,11.0,di,30,n,60,150.0
260499,11.0,0.0,,l,True,main_files/trial_di/07_di_cross_150hz_75db_250ff-10n-120.wav,0.0,11.0,di,10,n,120,150.0
260499,11.0,2.0,"12,11",m,False,main_files/trial_di/07_di_cross_150hz_75db_250ff-20p-120.wav,8.2817,11.0,di,20,p,120,150.0
260499,11.0,0.0,,l,False,main_files/trial_di/07_di_cross_150hz_75db_250ff-000-40.wav,0.0,11.0,di,0,0,0,150.0
260499,12.0,1.0,12,h,True,main_files/trial_di/07_di_cross_150hz_75db_250ff-40p-250.wav,2.1429,11.0,di,40,p,250,155.0
260499,11.0,0.0,,l,True,main_files/trial_di/07_di_cross_150hz_75db_250ff-20n-250.wav,0.0,11.0,di,20,n,250,150.0
260499,11.0,0.0,,l,True,main_files/trial_di/07_di_cross_150hz_75db_250ff-40n-100.wav,0.0,11.0,di,40,n,100,150.0
260499,12.0,1.0,12,h,True,main_files/trial_di/07_di_cross_150hz_75db_250ff-30p-100.wav,2.1866,11.0,di,30,p,100,155.0
260499,11.0,0.0,,l,True,main_files/trial_di/07_di_cross_150hz_75db_250ff-10n-60.wav,0.0,11.0,di,10,n,60,150.0
260499,11.0,0.0,,l,True,main_files/trial_di/07_di_cross_150hz_75db_250ff-20n-40.wav,0.0,11.0,di,20,n,40,150.0
260499,12.0,1.0,12,h,True,main_files/trial_di/07_di_cross_150hz_75db_250ff-20p-100.wav,3.021,11.0,di,20,p,100,155.0
260499,11.0,0.0,,l,False,main_files/trial_di/07_di_cross_150hz_75db_250ff-30p-40.wav,0.0,11.0,di,30,p,40,150.0
260499,11.0,0.0,,l,True,main_files/trial_di/07_di_cross_150hz_75db_250ff-30n-100.wav,0.0,11.0,di,30,n,100,150.0
260499,12.0,1.0,12,h,True,main_files/trial_di/07_di_cross_150hz_75db_250ff-30p-120.wav,2.3613,11.0,di,30,p,120,155.0
260499,11.0,0.0,,l,True,main_files/trial_di/07_di_cross_150hz_75db_250ff-30n-250.wav,0.0,11.0,di,30,n,250,150.0
260499,11.0,0.0,,l,False,main_files/trial_di/07_di_cross_150hz_75db_250ff-30p-60.wav,0.0,11.0,di,30,p,60,150.0
260499,11.0,0.0,,l,False,main_files/trial_di/07_di_cross_150hz_75db_250ff-10p-100.wav,0.0,11.0,di,10,p,100,150.0
260499,11.0,0.0,,l,False,main_files/trial_di/07_di_cross_150hz_75db_250ff-40p-100.wav,0.0,11.0,di,40,p,100,150.0
260499,11.0,0.0,,l,False,main_files/trial_di/07_di_cross_150hz_75db_250ff-000-80.wav,0.0,11.0,di,0,0,0,150.0
260499,11.0,0.0,,l,False,main_files/trial_di/07_di_cross_150hz_75db_250ff-000-120.wav,0.0,11.0,di,0,0,0,150.0
260499,11.0,0.0,,l,False,main_files/trial_di/07_di_cross_150hz_75db_250ff-000-60.wav,0.0,11.0,di,0,0,0,150.0
260499,12.0,1.0,12,h,True,main_files/trial_di/07_di_cross_150hz_75db_250ff-20p-80.wav,2.0049,11.0,di,20,p,80,155.0
260499,11.0,0.0,,l,True,main_files/trial_di/07_di_cross_150hz_75db_250ff-20n-100.wav,0.0,11.0,di,20,n,100,150.0
260499,12.0,1.0,12,h,False,main_files/trial_di/07_di_cross_150hz_75db_250ff-10n-250.wav,3.5059,11.0,di,10,n,250,155.0
260499,11.0,0.0,,l,True,main_files/trial_di/07_di_cross_150hz_75db_250ff-40n-60.wav,0.0,11.0,di,40,n,60,150.0
260499,12.0,1.0,12,h,True,main_files/trial_di/07_di_cross_150hz_75db_250ff-40p-80.wav,2.307,11.0,di,40,p,80,155.0
260499,11.0,0.0,,l,True,main_files/trial_di/07_di_cross_150hz_75db_250ff-20n-60.wav,0.0,11.0,di,20,n,60,150.0
260499,11.0,0.0,,l,True,main_files/trial_di/07_di_cross_150hz_75db_250ff-40n-80.wav,0.0,11.0,di,40,n,80,150.0
260499,12.0,1.0,12,h,True,main_files/trial_di/07_di_cross_150hz_75db_250ff-20p-250.wav,2.3461,11.0,di,20,p,250,155.0
260499,11.0,0.0,,l,True,main_files/trial_di/07_di_cross_150hz_75db_250ff-10n-100.wav,0.0,11.0,di,10,n,100,150.0
260499,12.0,1.0,12,h,True,main_files/trial_i/07_i_150hz_75db_250ff-40p-80.wav,4.6723,11.0,i,40,p,80,155.0
260499,11.0,0.0,,l,True,main_files/trial_i/07_i_150hz_75db_250ff-30n-100.wav,0.0,11.0,i,30,n,100,150.0
260499,10.0,1.0,10,l,False,main_files/trial_i/07_i_150hz_75db_250ff-20p-250.wav,2.4911,11.0,i,20,p,250,145.0
260499,10.0,1.0,10,l,False,main_files/trial_i/07_i_150hz_75db_250ff-10p-60.wav,4.9053,11.0,i,10,p,60,145.0
260499,10.0,1.0,10,l,True,main_files/trial_i/07_i_150hz_75db_250ff-30n-250.wav,2.2202,11.0,i,30,n,250,145.0
260499,12.0,1.0,12,h,True,main_files/trial_i/07_i_150hz_75db_250ff-40p-120.wav,2.3606,11.0,i,40,p,120,155.0
260499,11.0,0.0,,l,False,main_files/trial_i/07_i_150hz_75db_250ff-10p-40.wav,0.0,11.0,i,10,p,40,150.0
260499,11.0,0.0,,l,True,main_files/trial_i/07_i_150hz_75db_250ff-30n-60.wav,0.0,11.0,i,30,n,60,150.0
260499,11.0,0.0,,l,True,main_files/trial_i/07_i_150hz_75db_250ff-10n-40.wav,0.0,11.0,i,10,n,40,150.0
260499,10.0,1.0,10,l,False,main_files/trial_i/07_i_150hz_75db_250ff-10p-250.wav,2.1267,11.0,i,10,p,250,145.0
260499,11.0,0.0,,l,True,main_files/trial_i/07_i_150hz_75db_250ff-20n-60.wav,0.0,11.0,i,20,n,60,150.0
260499,11.0,0.0,,l,True,main_files/trial_i/07_i_150hz_75db_250ff-20n-100.wav,0.0,11.0,i,20,n,100,150.0
260499,11.0,0.0,,l,True,main_files/trial_i/07_i_150hz_75db_250ff-10n-80.wav,0.0,11.0,i,10,n,80,150.0
260499,12.0,1.0,12,h,True,main_files/trial_i/07_i_150hz_75db_250ff-30p-60.wav,2.6504,11.0,i,30,p,60,155.0
260499,11.0,0.0,,l,False,main_files/trial_i/07_i_150hz_75db_250ff-000-80.wav,0.0,11.0,i,0,0,0,150.0
260499,10.0,1.0,10,l,True,main_files/trial_i/07_i_150hz_75db_250ff-30n-120.wav,2.1526,11.0,i,30,n,120,145.0
260499,12.0,1.0,12,h,True,main_files/trial_i/07_i_150hz_75db_250ff-40p-100.wav,2.0765,11.0,i,40,p,100,155.0
260499,11.0,0.0,,l,True,main_files/trial_i/07_i_150hz_75db_250ff-40n-100.wav,0.0,11.0,i,40,n,100,150.0
260499,11.0,0.0,,l,True,main_files/trial_i/07_i_150hz_75db_250ff-40n-120.wav,0.0,11.0,i,40,n,120,150.0
260499,12.0,1.0,12,h,True,main_files/trial_i/07_i_150hz_75db_250ff-20p-40.wav,2.6036,11.0,i,20,p,40,155.0
260499,12.0,1.0,12,h,True,main_files/trial_i/07_i_150hz_75db_250ff-20p-120.wav,2.9252,11.0,i,20,p,120,155.0
260499,12.0,1.0,12,h,True,main_files/trial_i/07_i_150hz_75db_250ff-40p-250.wav,5.8051,11.0,i,40,p,250,155.0
260499,11.0,0.0,,l,False,main_files/trial_i/07_i_150hz_75db_250ff-10p-120.wav,0.0,11.0,i,10,p,120,150.0
260499,11.0,0.0,,l,False,main_files/trial_i/07_i_150hz_75db_250ff-40p-40.wav,0.0,11.0,i,40,p,40,150.0
260499,11.0,0.0,,l,True,main_files/trial_i/07_i_150hz_75db_250ff-30n-40.wav,0.0,11.0,i,30,n,40,150.0
260499,11.0,0.0,,l,True,main_files/trial_i/07_i_150hz_75db_250ff-10n-120.wav,0.0,11.0,i,10,n,120,150.0
260499,12.0,1.0,12,h,True,main_files/trial_i/07_i_150hz_75db_250ff-20p-100.wav,2.4902,11.0,i,20,p,100,155.0
260499,11.0,0.0,,l,False,main_files/trial_i/07_i_150hz_75db_250ff-000-120.wav,0.0,11.0,i,0,0,0,150.0
260499,10.0,1.0,10,l,True,main_files/trial_i/07_i_150hz_75db_250ff-40n-250.wav,2.2767,11.0,i,40,n,250,145.0
260499,11.0,0.0,,l,True,main_files/trial_i/07_i_150hz_75db_250ff-20n-250.wav,0.0,11.0,i,20,n,250,150.0
260499,12.0,1.0,12,h,True,main_files/trial_i/07_i_150hz_75db_250ff-30p-80.wav,2.5638,11.0,i,30,p,80,155.0
260499,11.0,0.0,,l,True,main_files/trial_i/07_i_150hz_75db_250ff-30n-80.wav,0.0,11.0,i,30,n,80,150.0
260499,11.0,0.0,,l,True,main_files/trial_i/07_i_150hz_75db_250ff-10n-60.wav,0.0,11.0,i,10,n,60,150.0
260499,11.0,0.0,,l,True,main_files/trial_i/07_i_150hz_75db_250ff-20n-120.wav,0.0,11.0,i,20,n,120,150.0
260499,11.0,0.0,,l,True,main_files/trial_i/07_i_150hz_75db_250ff-20n-80.wav,0.0,11.0,i,20,n,80,150.0
260499,12.0,1.0,12,h,True,main_files/trial_i/07_i_150hz_75db_250ff-30p-120.wav,2.7495,11.0,i,30,p,120,155.0
260499,12.0,1.0,12,h,True,main_files/trial_i/07_i_150hz_75db_250ff-20p-80.wav,2.5804,11.0,i,20,p,80,155.0
260499,12.0,1.0,12,h,True,main_files/trial_i/07_i_150hz_75db_250ff-30p-100.wav,2.358,11.0,i,30,p,100,155.0
260499,11.0,0.0,,l,False,main_files/trial_i/07_i_150hz_75db_250ff-30p-250.wav,0.0,11.0,i,30,p,250,150.0
260499,12.0,1.0,12,h,True,main_files/trial_i/07_i_150hz_75db_250ff-30p-40.wav,4.2716,11.0,i,30,p,40,155.0
260499,11.0,0.0,,l,False,main_files/trial_i/07_i_150hz_75db_250ff-10p-100.wav,0.0,11.0,i,10,p,100,150.0
260499,11.0,0.0,,l,True,main_files/trial_i/07_i_150hz_75db_250ff-40n-80.wav,0.0,11.0,i,40,n,80,150.0
260499,11.0,0.0,,l,False,main_files/trial_i/07_i_150hz_75db_250ff-000-60.wav,0.0,11.0,i,0,0,0,150.0
260499,11.0,0.0,,l,False,main_files/trial_i/07_i_150hz_75db_250ff-000-100.wav,0.0,11.0,i,0,0,0,150.0
260499,11.0,0.0,,l,False,main_files/trial_i/07_i_150hz_75db_250ff-000-40.wav,0.0,11.0,i,0,0,0,150.0
260499,12.0,1.0,12,h,True,main_files/trial_i/07_i_150hz_75db_250ff-20p-60.wav,2.8309,11.0,i,20,p,60,155.0
260499,11.0,0.0,,l,False,main_files/trial_i/07_i_150hz_75db_250ff-10p-80.wav,0.0,11.0,i,10,p,80,150.0
260499,11.0,0.0,,l,True,main_files/trial_i/07_i_150hz_75db_250ff-10n-250.wav,0.0,11.0,i,10,n,250,150.0
260499,11.0,0.0,,l,True,main_files/trial_i/07_i_150hz_75db_250ff-40n-40.wav,0.0,11.0,i,40,n,40,150.0
260499,12.0,1.0,12,h,True,main_files/trial_i/07_i_150hz_75db_250ff-40p-60.wav,2.7718,11.0,i,40,p,60,155.0
260499,11.0,0.0,,l,True,main_files/trial_i/07_i_150hz_75db_250ff-20n-40.wav,0.0,11.0,i,20,n,40,150.0
260499,11.0,0.0,,l,True,main_files/trial_i/07_i_150hz_75db_250ff-40n-60.wav,0.0,11.0,i,40,n,60,150.0
260499,11.0,0.0,,l,False,main_files/trial_i/07_i_150hz_75db_250ff-000-250.wav,0.0,11.0,i,0,0,0,150.0
260499,11.0,0.0,,l,True,main_files/trial_i/07_i_150hz_75db_250ff-10n-100.wav,0.0,11.0,i,10,n,100,150.0
